t,bytes_sent,utility,pheromone,f1_val,agg_count,rollback
0,4160,0.0,0.0,0.9851998458175402,0,0
1,8320,0.0,0.0,0.9702058257179825,0,0
2,12480,0.0,0.0,0.9968337624308853,0,0
3,16640,0.0,0.0,0.9973891252095638,0,0
4,20800,0.0,0.0,0.9937178394398182,0,0
5,24960,0.0,0.0,0.9425541605921817,0,0
6,29120,0.0,0.0,0.9970987798847473,0,0
7,33280,0.0,0.0,0.9940522555841613,0,0
8,37440,0.0,0.0,0.960565512586952,0,0
9,41600,0.0,0.0,0.9520630579819123,0,0
10,45760,0.0,0.0,0.9482023795745659,0,0
11,49920,0.0,0.0,0.9496562437553127,0,0
12,54080,0.0,0.0,0.9472290006752687,0,0
13,58240,0.0,0.0,0.9477161062804406,0,0
14,62400,0.0,0.0,0.9477161062804406,0,0
15,66560,0.0,0.0,0.9496562437553127,0,0
16,70720,0.0,0.0,0.9477161062804406,0,0
17,74880,0.0,0.0,0.9506213946367466,0,0
18,79040,0.0,0.0,0.9614951593291542,0,0
19,83200,0.0,0.0,0.9656746014061152,0,0
20,87360,0.0,0.0,0.9612849936981271,0,0
21,91520,0.0,0.0,0.9437435302261437,0,0
22,95680,0.0,0.0,0.9345019753943689,0,0
23,99840,0.0,0.0,0.8518469845494802,0,0
24,104000,0.0,0.0,0.8482508622941559,0,0
25,108160,0.0,0.0,0.8899289342613095,0,0
26,112320,0.0,0.0,0.9562559080739996,0,0
27,116480,0.0,0.0,0.9594691068012634,0,0
28,120640,0.0,0.0,0.9371746231174689,0,0
29,124800,0.0,0.0,0.9508682320756798,0,0
30,128960,0.0,0.0,0.9491804502783675,0,0
31,133120,0.0,0.0,0.9913532756784128,0,0
32,137280,0.0,0.0,0.8798375593879488,0,0
33,141440,0.0,0.0,0.9934807235898097,0,0
34,145600,0.0,0.0,0.9548150647028367,0,0
35,149760,0.0,0.0,0.9984758593419994,0,0
36,153920,0.0,0.0,0.9487075176791597,0,0
37,158080,0.0,0.0,0.9832799464052859,0,0
38,162240,0.0,0.0,0.8600598272448374,0,0
39,166400,0.0,0.0,0.9317848410757945,0,0
40,170560,0.0,0.0,0.9494950948318673,0,0
41,174720,0.0,0.0,0.9475535188427422,0,0
42,178880,0.0,0.0,0.9557462097964483,0,0
43,183040,0.0,0.0,0.9971074568665982,0,0
44,187200,0.0,0.0,0.9650329575341674,0,0
45,191360,0.0,0.0,0.965706121499456,0,0
46,195520,0.0,0.0,0.9638717814227099,0,0
47,199680,0.0,0.0,0.9610988269531083,0,0
48,203840,0.0,0.0,0.959702506040679,0,0
49,208000,0.0,0.0,0.959702506040679,0,0
