t,bytes_sent,utility,pheromone,f1_val,agg_count,rollback
0,4160,0.0,0.0,0.9413998382766121,0,0
1,8320,0.0,0.0,0.9230060236547984,0,0
2,12480,0.0,0.0,0.9373934352164678,0,0
3,16640,0.0,0.0,0.9519873349679784,0,0
4,20800,0.0,0.0,0.9474489270936108,0,0
5,24960,0.0,0.0,0.6393542164283732,0,0
6,29120,0.0,0.0,0.9207261758103815,0,0
7,33280,0.0,0.0,0.9283031751719265,0,0
8,37440,0.0,0.0,0.9410313776390418,0,0
9,41600,0.0,0.0,0.9402655401367876,0,0
10,45760,0.0,0.0,0.9531237508766501,0,0
11,49920,0.0,0.0,0.9524778574050926,0,0
12,54080,0.0,0.0,0.9492444383809913,0,0
13,58240,0.0,0.0,0.9539302973295761,0,0
14,62400,0.0,0.0,0.9453551634371121,0,0
15,66560,0.0,0.0,0.941103941871971,0,0
16,70720,0.0,0.0,0.9151642901999724,0,0
17,74880,0.0,0.0,0.9262073013443141,0,0
18,79040,0.0,0.0,0.9226221495476457,0,0
19,83200,0.0,0.0,0.9411150579215579,0,0
20,87360,0.0,0.0,0.9412187574477018,0,0
21,91520,0.0,0.0,0.9447752653817637,0,0
22,95680,0.0,0.0,0.9495435245790141,0,0
23,99840,0.0,0.0,0.9417052538630085,0,0
24,104000,0.0,0.0,0.9538273592855916,0,0
25,108160,0.0,0.0,0.9482638536321892,0,0
26,112320,0.0,0.0,0.9421073461712761,0,0
27,116480,0.0,0.0,0.9548181335889059,0,0
28,120640,0.0,0.0,0.9468923250150407,0,0
29,124800,0.0,0.0,0.9549793970749192,0,0
30,128960,0.0,0.0,0.9495408319027647,0,0
31,133120,0.0,0.0,0.9563889061787366,0,0
32,137280,0.0,0.0,0.9481635758303576,0,0
33,141440,0.0,0.0,0.9432753243179979,0,0
34,145600,0.0,0.0,0.9432811447443515,0,0
35,149760,0.0,0.0,0.9424671440133487,0,0
36,153920,0.0,0.0,0.9523065331036304,0,0
37,158080,0.0,0.0,0.9438885683480484,0,0
38,162240,0.0,0.0,0.9558090735791087,0,0
39,166400,0.0,0.0,0.9441128123780729,0,0
40,170560,0.0,0.0,0.9530810383206706,0,0
41,174720,0.0,0.0,0.9535444504491517,0,0
42,178880,0.0,0.0,0.9553885073907666,0,0
43,183040,0.0,0.0,0.9545894125747201,0,0
44,187200,0.0,0.0,0.9539566600853755,0,0
45,191360,0.0,0.0,0.9505566369108314,0,0
46,195520,0.0,0.0,0.9536135159246353,0,0
47,199680,0.0,0.0,0.9515604786926521,0,0
48,203840,0.0,0.0,0.9531529184528229,0,0
49,208000,0.0,0.0,0.9553236906141304,0,0
