t,bytes_sent,utility,pheromone,f1_val,agg_count,rollback
0,1040,0.0,0.0,0.2625007842399147,0,0
1,2080,0.0,0.0,0.3330941561030057,0,0
2,3120,0.0,0.0,0.0,0,0
3,4160,0.0,0.0,0.0,0,0
4,5200,0.0,0.0,0.0,0,0
5,6240,0.0,0.0,0.0,0,0
6,7280,0.0,0.0,0.0,0,0
7,8320,0.0,0.0,0.0,0,0
8,9360,0.0,0.0,0.0,0,0
9,10400,0.0,0.0,0.0,0,0
10,11440,0.0,0.0,0.0,0,0
11,12480,0.0,0.0,0.0,0,0
12,13520,0.0,0.0,0.0,0,0
13,14560,0.0,0.0,0.021883186931730622,0,0
14,15600,0.0,0.0,0.18257549461992365,0,0
15,16640,0.0,0.0,0.19495479731700205,0,0
16,17680,0.0,0.0,0.17373674360573924,0,0
17,18720,0.0,0.0,0.044821583986074845,0,0
18,19760,0.0,0.0,0.0,0,0
19,20800,0.0,0.0,0.0040303461356092935,0,0
20,21840,0.0,0.0,0.024112829845313922,0,0
21,22880,0.0,0.0,0.15535420098846786,0,0
22,23920,0.0,0.0,0.17696108709079678,0,0
23,24960,0.0,0.0,0.19007407407407406,0,0
24,26000,0.0,0.0,0.21128898702732543,0,0
25,27040,0.0,0.0,0.2158380874762293,0,0
26,28080,0.0,0.0,0.2308978646771289,0,0
27,29120,0.0,0.0,0.2321382842509603,0,0
28,30160,0.0,0.0,0.24934100167745027,0,0
29,31200,0.0,0.0,0.24976076555023924,0,0
30,32240,0.0,0.0,0.3230680791656401,0,0
31,33280,0.0,0.0,0.24425427872860636,0,0
32,34320,0.0,0.0,0.33335301143267526,0,0
33,35360,0.0,0.0,0.3321474186817047,0,0
34,36400,0.0,0.0,0.3284016492845016,0,0
35,37440,0.0,0.0,0.24976076555023924,0,0
36,38480,0.0,0.0,0.33343337774182324,0,0
37,39520,0.0,0.0,0.24928092042186,0,0
38,40560,0.0,0.0,0.24995544195260588,0,0
39,41600,0.0,0.0,0.3334339051473297,0,0
40,42640,0.0,0.0,0.3333542556964646,0,0
41,43680,0.0,0.0,0.3333542556964646,0,0
42,44720,0.0,0.0,0.3328550932568149,0,0
43,45760,0.0,0.0,0.3328550932568149,0,0
44,46800,0.0,0.0,0.24964131994261118,0,0
45,47840,0.0,0.0,0.24964131994261118,0,0
46,48880,0.0,0.0,0.24964131994261118,0,0
47,49920,0.0,0.0,0.33293508562325763,0,0
48,50960,0.0,0.0,0.3333546367036017,0,0
49,52000,0.0,0.0,0.24970131421744324,0,0
