t,bytes_sent,utility,pheromone,f1_val,agg_count,rollback
0,1040,0.0,0.0,0.14035785288270378,0,0
1,2080,0.0,0.0,0.14035785288270378,0,0
2,3120,0.0,0.0,0.14035785288270378,0,0
3,4160,0.0,0.0,0.14035785288270378,0,0
4,5200,0.0,0.0,0.14035785288270378,0,0
5,6240,0.0,0.0,0.14035785288270378,0,0
6,7280,0.0,0.0,0.14035785288270378,0,0
7,8320,0.0,0.0,0.14035785288270378,0,0
8,9360,0.0,0.0,0.14035785288270378,0,0
9,10400,0.0,0.0,0.14035785288270378,0,0
10,11440,0.0,0.0,0.14035785288270378,0,0
11,12480,0.0,0.0,0.2853984523016678,0,0
12,13520,0.0,0.0,0.39656053564365834,0,0
13,14560,0.0,0.0,0.39659360338126215,0,0
14,15600,0.0,0.0,0.7008447447516055,0,0
15,16640,0.0,0.0,0.7015724725227636,0,0
16,17680,0.0,0.0,0.7018830358736575,0,0
17,18720,0.0,0.0,0.7010909186208856,0,0
18,19760,0.0,0.0,0.7019923837599092,0,0
19,20800,0.0,0.0,0.7019923837599092,0,0
20,21840,0.0,0.0,0.7021696919130598,0,0
21,22880,0.0,0.0,0.7019269709023651,0,0
22,23920,0.0,0.0,0.7021696919130598,0,0
23,24960,0.0,0.0,0.8944479292798244,0,0
24,26000,0.0,0.0,0.9487241058611927,0,0
25,27040,0.0,0.0,0.9302252994730908,0,0
26,28080,0.0,0.0,0.9477523799228142,0,0
27,29120,0.0,0.0,0.9967999159800798,0,0
28,30160,0.0,0.0,0.9837201213024451,0,0
29,31200,0.0,0.0,0.9335189349857224,0,0
30,32240,0.0,0.0,0.9971876286864827,0,0
31,33280,0.0,0.0,0.9462889004777876,0,0
32,34320,0.0,0.0,0.997240356705793,0,0
33,35360,0.0,0.0,0.965243674203689,0,0
34,36400,0.0,0.0,0.9836928812816171,0,0
35,37440,0.0,0.0,0.997240356705793,0,0
36,38480,0.0,0.0,0.9905324544260727,0,0
37,39520,0.0,0.0,0.9967774409524363,0,0
38,40560,0.0,0.0,0.9946680870156496,0,0
39,41600,0.0,0.0,0.9968226520993302,0,0
40,42640,0.0,0.0,0.9969975081576651,0,0
41,43680,0.0,0.0,0.9965798035512023,0,0
42,44720,0.0,0.0,0.9969942850194674,0,0
43,45760,0.0,0.0,0.9967774409524363,0,0
44,46800,0.0,0.0,0.9969975081576651,0,0
45,47840,0.0,0.0,0.9953280742010686,0,0
46,48880,0.0,0.0,0.9965798035512023,0,0
47,49920,0.0,0.0,0.9969975081576651,0,0
48,50960,0.0,0.0,0.9974082695017256,0,0
49,52000,0.0,0.0,0.9953280742010686,0,0
