t,bytes_sent,utility,pheromone,f1_val,agg_count,rollback
0,1040,0.0,0.0,0.10408432147562582,0,0
1,2080,0.0,0.0,0.14226190476190476,0,0
2,3120,0.0,0.0,0.14226190476190476,0,0
3,4160,0.0,0.0,0.14226190476190476,0,0
4,5200,0.0,0.0,0.14226190476190476,0,0
5,6240,0.0,0.0,0.14226190476190476,0,0
6,7280,0.0,0.0,0.14226190476190476,0,0
7,8320,0.0,0.0,0.14226190476190476,0,0
8,9360,0.0,0.0,0.14226190476190476,0,0
9,10400,0.0,0.0,0.14226190476190476,0,0
10,11440,0.0,0.0,0.41714700908202623,0,0
11,12480,0.0,0.0,0.41762898496828804,0,0
12,13520,0.0,0.0,0.4173865207428088,0,0
13,14560,0.0,0.0,0.4176671856330787,0,0
14,15600,0.0,0.0,0.41750600063402926,0,0
15,16640,0.0,0.0,0.4361733765042043,0,0
16,17680,0.0,0.0,0.437138474375561,0,0
17,18720,0.0,0.0,0.6122891425416013,0,0
18,19760,0.0,0.0,0.6497621027738647,0,0
19,20800,0.0,0.0,0.7003213174339138,0,0
20,21840,0.0,0.0,0.6519885987694636,0,0
21,22880,0.0,0.0,0.7006120034481546,0,0
22,23920,0.0,0.0,0.6629735419596058,0,0
23,24960,0.0,0.0,0.6892755678245943,0,0
24,26000,0.0,0.0,0.7003620123027798,0,0
25,27040,0.0,0.0,0.4177062138068043,0,0
26,28080,0.0,0.0,0.7003620123027798,0,0
27,29120,0.0,0.0,0.7003611031385764,0,0
28,30160,0.0,0.0,0.5928043587618056,0,0
29,31200,0.0,0.0,0.7003611031385764,0,0
30,32240,0.0,0.0,0.41860749796066304,0,0
31,33280,0.0,0.0,0.7003611031385764,0,0
32,34320,0.0,0.0,0.7003611031385764,0,0
33,35360,0.0,0.0,0.4177062138068043,0,0
34,36400,0.0,0.0,0.7006099296049884,0,0
35,37440,0.0,0.0,0.6293269384901037,0,0
36,38480,0.0,0.0,0.7003603281361598,0,0
37,39520,0.0,0.0,0.7006108994293466,0,0
38,40560,0.0,0.0,0.7006090940057808,0,0
39,41600,0.0,0.0,0.6724857510591025,0,0
40,42640,0.0,0.0,0.7003213174339138,0,0
41,43680,0.0,0.0,0.6449619217934641,0,0
42,44720,0.0,0.0,0.6290839039318248,0,0
43,45760,0.0,0.0,0.700320598491359,0,0
44,46800,0.0,0.0,0.6352184108845499,0,0
45,47840,0.0,0.0,0.7003213174339138,0,0
46,48880,0.0,0.0,0.6209723126795337,0,0
47,49920,0.0,0.0,0.7003213174339138,0,0
48,50960,0.0,0.0,0.4364221939967853,0,0
49,52000,0.0,0.0,0.7003213174339138,0,0
