t,bytes_sent,utility,pheromone,f1_val,agg_count,rollback
0,1040,0.0,0.0,0.20761960757287298,0,0
1,2080,0.0,0.0,0.13995598239295717,0,0
2,3120,0.0,0.0,0.13995598239295717,0,0
3,4160,0.0,0.0,0.13995598239295717,0,0
4,5200,0.0,0.0,0.13995598239295717,0,0
5,6240,0.0,0.0,0.13995598239295717,0,0
6,7280,0.0,0.0,0.13995598239295717,0,0
7,8320,0.0,0.0,0.13995598239295717,0,0
8,9360,0.0,0.0,0.13995598239295717,0,0
9,10400,0.0,0.0,0.13995598239295717,0,0
10,11440,0.0,0.0,0.3300314406715795,0,0
11,12480,0.0,0.0,0.41636011246908367,0,0
12,13520,0.0,0.0,0.3726652774371328,0,0
13,14560,0.0,0.0,0.3726652774371328,0,0
14,15600,0.0,0.0,0.3729988868650071,0,0
15,16640,0.0,0.0,0.37266438550987346,0,0
16,17680,0.0,0.0,0.7009112933303201,0,0
17,18720,0.0,0.0,0.709469518538146,0,0
18,19760,0.0,0.0,0.7009086045093338,0,0
19,20800,0.0,0.0,0.7009479489522377,0,0
20,21840,0.0,0.0,0.7138874667974482,0,0
21,22880,0.0,0.0,0.7009112933303201,0,0
22,23920,0.0,0.0,0.7009086045093338,0,0
23,24960,0.0,0.0,0.7009086045093338,0,0
24,26000,0.0,0.0,0.7009086045093338,0,0
25,27040,0.0,0.0,0.7009086045093338,0,0
26,28080,0.0,0.0,0.6998569671016995,0,0
27,29120,0.0,0.0,0.7000326645897077,0,0
28,30160,0.0,0.0,0.7016611563835427,0,0
29,31200,0.0,0.0,0.7913909010175785,0,0
30,32240,0.0,0.0,0.993875402538858,0,0
31,33280,0.0,0.0,0.9943653952188958,0,0
32,34320,0.0,0.0,0.9945115937032949,0,0
33,35360,0.0,0.0,0.9919623662602236,0,0
34,36400,0.0,0.0,0.993632801855294,0,0
35,37440,0.0,0.0,0.9941443971419754,0,0
36,38480,0.0,0.0,0.9941443971419754,0,0
37,39520,0.0,0.0,0.9918210737370572,0,0
38,40560,0.0,0.0,0.9919077121356012,0,0
39,41600,0.0,0.0,0.9911193550836452,0,0
40,42640,0.0,0.0,0.9943653952188958,0,0
41,43680,0.0,0.0,0.9857343450591087,0,0
42,44720,0.0,0.0,0.9939988207001527,0,0
43,45760,0.0,0.0,0.9916095488889001,0,0
44,46800,0.0,0.0,0.9943590272655265,0,0
45,47840,0.0,0.0,0.9801934008341828,0,0
46,48880,0.0,0.0,0.9921838161133336,0,0
47,49920,0.0,0.0,0.9914694512867046,0,0
48,50960,0.0,0.0,0.9943653952188958,0,0
49,52000,0.0,0.0,0.9943653952188958,0,0
