t,bytes_sent,utility,pheromone,f1_val,agg_count,rollback
0,4160,0.0,0.0,0.0,0,0
1,8320,0.0,0.0,0.24975124378109453,0,0
2,12480,0.0,0.0,0.24900249376558603,0,0
3,16640,0.0,0.0,0.49843238337382106,0,0
4,20800,0.0,0.0,0.49905800122194927,0,0
5,24960,0.0,0.0,0.4986203964402778,0,0
6,29120,0.0,0.0,0.4987455822367085,0,0
7,33280,0.0,0.0,0.4986203964402778,0,0
8,37440,0.0,0.0,0.49930737685375043,0,0
9,41600,0.0,0.0,0.49843238337382106,0,0
10,45760,0.0,0.0,0.4985577566910907,0,0
11,49920,0.0,0.0,0.4986203964402778,0,0
12,54080,0.0,0.0,0.498181260807296,0,0
13,58240,0.0,0.0,0.6642644672591035,0,0
14,62400,0.0,0.0,0.6645157780577774,0,0
15,66560,0.0,0.0,0.6646831094782292,0,0
16,70720,0.0,0.0,0.498181260807296,0,0
17,74880,0.0,0.0,0.49786665078681214,0,0
18,79040,0.0,0.0,0.6643482793895291,0,0
19,83200,0.0,0.0,0.6635910784360094,0,0
20,87360,0.0,0.0,0.6641795293473417,0,0
21,91520,0.0,0.0,0.6648495265193342,0,0
22,95680,0.0,0.0,0.6642644672591035,0,0
23,99840,0.0,0.0,0.4979925892016135,0,0
24,104000,0.0,0.0,0.6641795293473417,0,0
25,108160,0.0,0.0,0.6644310922695175,0,0
26,112320,0.0,0.0,0.6651000860753605,0,0
27,116480,0.0,0.0,0.6648495265193342,0,0
28,120640,0.0,0.0,0.6651000860753605,0,0
29,124800,0.0,0.0,0.6651000860753605,0,0
30,128960,0.0,0.0,0.498117620459428,0,0
31,133120,0.0,0.0,0.6646822782242775,0,0
32,137280,0.0,0.0,0.6649330880583167,0,0
33,141440,0.0,0.0,0.6646814461394875,0,0
34,145600,0.0,0.0,0.6646814461394875,0,0
35,149760,0.0,0.0,0.6644310922695175,0,0
36,153920,0.0,0.0,0.4976754986507803,0,0
37,158080,0.0,0.0,0.4976754986507803,0,0
38,162240,0.0,0.0,0.49710578121476373,0,0
39,166400,0.0,0.0,0.6637581209483288,0,0
40,170560,0.0,0.0,0.4982426517172424,0,0
41,174720,0.0,0.0,0.4983683392250979,0,0
42,178880,0.0,0.0,0.6649330880583167,0,0
43,183040,0.0,0.0,0.4974237408711758,0,0
44,187200,0.0,0.0,0.6635910784360094,0,0
45,191360,0.0,0.0,0.6639275886085116,0,0
46,195520,0.0,0.0,0.4978648337465965,0,0
47,199680,0.0,0.0,0.49723260759185006,0,0
48,203840,0.0,0.0,0.49824337046728734,0,0
49,208000,0.0,0.0,0.6646814461394875,0,0
