t,bytes_sent,utility,pheromone,f1_val,agg_count,rollback
0,1040,0.0,0.0,0.14205682272909165,0,0
1,2080,0.0,0.0,0.14205682272909165,0,0
2,3120,0.0,0.0,0.14205682272909165,0,0
3,4160,0.0,0.0,0.14205682272909165,0,0
4,5200,0.0,0.0,0.14205682272909165,0,0
5,6240,0.0,0.0,0.14205682272909165,0,0
6,7280,0.0,0.0,0.14205682272909165,0,0
7,8320,0.0,0.0,0.14205682272909165,0,0
8,9360,0.0,0.0,0.14205682272909165,0,0
9,10400,0.0,0.0,0.14205682272909165,0,0
10,11440,0.0,0.0,0.14205682272909165,0,0
11,12480,0.0,0.0,0.14205682272909165,0,0
12,13520,0.0,0.0,0.4170778520170104,0,0
13,14560,0.0,0.0,0.41703542715461484,0,0
14,15600,0.0,0.0,0.4169130971024577,0,0
15,16640,0.0,0.0,0.7126565824949768,0,0
16,17680,0.0,0.0,0.6603787361556867,0,0
17,18720,0.0,0.0,0.4937243232380374,0,0
18,19760,0.0,0.0,0.39371192408134814,0,0
19,20800,0.0,0.0,0.47615632323381646,0,0
20,21840,0.0,0.0,0.4698189411550111,0,0
21,22880,0.0,0.0,0.680485929540823,0,0
22,23920,0.0,0.0,0.3752785927320803,0,0
23,24960,0.0,0.0,0.6155899808670595,0,0
24,26000,0.0,0.0,0.4114696294489544,0,0
25,27040,0.0,0.0,0.5532671895285621,0,0
26,28080,0.0,0.0,0.41881828982677893,0,0
27,29120,0.0,0.0,0.5065987066522056,0,0
28,30160,0.0,0.0,0.5668891262610063,0,0
29,31200,0.0,0.0,0.5392344269657652,0,0
30,32240,0.0,0.0,0.4083276477756398,0,0
31,33280,0.0,0.0,0.6184772514312401,0,0
32,34320,0.0,0.0,0.45357134507676866,0,0
33,35360,0.0,0.0,0.6531225800133283,0,0
34,36400,0.0,0.0,0.5675426081515427,0,0
35,37440,0.0,0.0,0.48544966214888186,0,0
36,38480,0.0,0.0,0.5526213597091876,0,0
37,39520,0.0,0.0,0.5435259671034329,0,0
38,40560,0.0,0.0,0.6800721752335284,0,0
39,41600,0.0,0.0,0.3984236212727058,0,0
40,42640,0.0,0.0,0.6393473039396482,0,0
41,43680,0.0,0.0,0.5102421823610184,0,0
42,44720,0.0,0.0,0.6663300438563408,0,0
43,45760,0.0,0.0,0.4339371291017897,0,0
44,46800,0.0,0.0,0.5976728693498413,0,0
45,47840,0.0,0.0,0.5749501195201041,0,0
46,48880,0.0,0.0,0.5945626799605541,0,0
47,49920,0.0,0.0,0.5789951447483486,0,0
48,50960,0.0,0.0,0.4854720567565156,0,0
49,52000,0.0,0.0,0.6403837351878474,0,0
