t,bytes_sent,utility,pheromone,f1_val,agg_count,rollback
0,1040,0.0,0.0,0.23127572016460907,0,0
1,2080,0.0,0.0,0.3275058275058275,0,0
2,3120,0.0,0.0,0.19667541557305337,0,0
3,4160,0.0,0.0,0.19443002940667706,0,0
4,5200,0.0,0.0,0.20989729225023343,0,0
5,6240,0.0,0.0,0.22328168454509337,0,0
6,7280,0.0,0.0,0.22901385493072535,0,0
7,8320,0.0,0.0,0.2365319865319865,0,0
8,9360,0.0,0.0,0.2432900432900433,0,0
9,10400,0.0,0.0,0.23818605636787457,0,0
10,11440,0.0,0.0,0.2184645286686103,0,0
11,12480,0.0,0.0,0.21060520891886828,0,0
12,13520,0.0,0.0,0.20745662606127724,0,0
13,14560,0.0,0.0,0.20966237642230925,0,0
14,15600,0.0,0.0,0.2111987974445697,0,0
15,16640,0.0,0.0,0.21084224348152317,0,0
16,17680,0.0,0.0,0.21084224348152317,0,0
17,18720,0.0,0.0,0.21084224348152317,0,0
18,19760,0.0,0.0,0.20989729225023343,0,0
19,20800,0.0,0.0,0.2089607733779513,0,0
20,21840,0.0,0.0,0.20699815837937385,0,0
21,22880,0.0,0.0,0.20563483351628245,0,0
22,23920,0.0,0.0,0.20165052027269467,0,0
23,24960,0.0,0.0,0.20046370608168362,0,0
24,26000,0.0,0.0,0.1996093056295507,0,0
25,27040,0.0,0.0,0.19939684229199928,0,0
26,28080,0.0,0.0,0.19950301739439122,0,0
27,29120,0.0,0.0,0.1996093056295507,0,0
28,30160,0.0,0.0,0.20057102069950036,0,0
29,31200,0.0,0.0,0.20046370608168362,0,0
30,32240,0.0,0.0,0.1996093056295507,0,0
31,33280,0.0,0.0,0.19950301739439122,0,0
32,34320,0.0,0.0,0.19939684229199928,0,0
33,35360,0.0,0.0,0.19950301739439122,0,0
34,36400,0.0,0.0,0.19950301739439122,0,0
35,37440,0.0,0.0,0.19992885094272503,0,0
36,38480,0.0,0.0,0.20024942098699447,0,0
37,39520,0.0,0.0,0.20067845027673628,0,0
38,40560,0.0,0.0,0.20132545226580692,0,0
39,41600,0.0,0.0,0.20428934932751727,0,0
40,42640,0.0,0.0,0.20620069711979452,0,0
41,43680,0.0,0.0,0.20711258522203793,0,0
42,44720,0.0,0.0,0.20803257449565057,0,0
43,45760,0.0,0.0,0.20849564088295305,0,0
44,46800,0.0,0.0,0.20931098696461825,0,0
45,47840,0.0,0.0,0.21025065469509915,0,0
46,48880,0.0,0.0,0.21167608286252357,0,0
47,49920,0.0,0.0,0.2140952380952381,0,0
48,50960,0.0,0.0,0.21569756284782193,0,0
49,52000,0.0,0.0,0.21732405259087395,0,0
