t,bytes_sent,utility,pheromone,f1_val,agg_count,rollback
0,1040,0.0,0.0,0.1403857625770531,0,0
1,2080,0.0,0.0,0.1403857625770531,0,0
2,3120,0.0,0.0,0.1403857625770531,0,0
3,4160,0.0,0.0,0.1403857625770531,0,0
4,5200,0.0,0.0,0.1403857625770531,0,0
5,6240,0.0,0.0,0.1403857625770531,0,0
6,7280,0.0,0.0,0.1403857625770531,0,0
7,8320,0.0,0.0,0.1403857625770531,0,0
8,9360,0.0,0.0,0.16893290267478148,0,0
9,10400,0.0,0.0,0.3809769825594155,0,0
10,11440,0.0,0.0,0.37169029467602305,0,0
11,12480,0.0,0.0,0.37867495553966457,0,0
12,13520,0.0,0.0,0.3712545577458306,0,0
13,14560,0.0,0.0,0.37147843209589676,0,0
14,15600,0.0,0.0,0.4342175353893873,0,0
15,16640,0.0,0.0,0.643036105910263,0,0
16,17680,0.0,0.0,0.6562967260291199,0,0
17,18720,0.0,0.0,0.41424252473676454,0,0
18,19760,0.0,0.0,0.41580726865236384,0,0
19,20800,0.0,0.0,0.7118396729657227,0,0
20,21840,0.0,0.0,0.7132262943575028,0,0
21,22880,0.0,0.0,0.7114425853893016,0,0
22,23920,0.0,0.0,0.7124345433715253,0,0
23,24960,0.0,0.0,0.5757795790061494,0,0
24,26000,0.0,0.0,0.5991351092093029,0,0
25,27040,0.0,0.0,0.6136462917697253,0,0
26,28080,0.0,0.0,0.5961851885469378,0,0
27,29120,0.0,0.0,0.5674333035660064,0,0
28,30160,0.0,0.0,0.5909079129794526,0,0
29,31200,0.0,0.0,0.5815744218774553,0,0
30,32240,0.0,0.0,0.5951777554662294,0,0
31,33280,0.0,0.0,0.558982189265639,0,0
32,34320,0.0,0.0,0.5870046461520979,0,0
33,35360,0.0,0.0,0.58939375534488,0,0
34,36400,0.0,0.0,0.6457839885157916,0,0
35,37440,0.0,0.0,0.5305426466482311,0,0
36,38480,0.0,0.0,0.5713180404211093,0,0
37,39520,0.0,0.0,0.3384135622352383,0,0
38,40560,0.0,0.0,0.6162325895170504,0,0
39,41600,0.0,0.0,0.5579145776218081,0,0
40,42640,0.0,0.0,0.616403447373552,0,0
41,43680,0.0,0.0,0.6015966069874908,0,0
42,44720,0.0,0.0,0.5621338056020272,0,0
43,45760,0.0,0.0,0.6083931945524781,0,0
44,46800,0.0,0.0,0.5905186100116835,0,0
45,47840,0.0,0.0,0.6019537580209463,0,0
46,48880,0.0,0.0,0.6190441452724524,0,0
47,49920,0.0,0.0,0.6144381365016228,0,0
48,50960,0.0,0.0,0.7098977243719813,0,0
49,52000,0.0,0.0,0.6345807435571754,0,0
