t,bytes_sent,utility,pheromone,f1_val,agg_count,rollback
0,1040,0.0,0.0,0.32566176503358124,0,0
1,2080,0.0,0.0,0.14063745019920318,0,0
2,3120,0.0,0.0,0.14063745019920318,0,0
3,4160,0.0,0.0,0.14063745019920318,0,0
4,5200,0.0,0.0,0.14063745019920318,0,0
5,6240,0.0,0.0,0.14063745019920318,0,0
6,7280,0.0,0.0,0.14063745019920318,0,0
7,8320,0.0,0.0,0.14063745019920318,0,0
8,9360,0.0,0.0,0.14063745019920318,0,0
9,10400,0.0,0.0,0.41711215249276345,0,0
10,11440,0.0,0.0,0.4171583814486223,0,0
11,12480,0.0,0.0,0.4171583814486223,0,0
12,13520,0.0,0.0,0.41696372269722326,0,0
13,14560,0.0,0.0,0.43657619587376406,0,0
14,15600,0.0,0.0,0.36399394046953576,0,0
15,16640,0.0,0.0,0.379572788896309,0,0
16,17680,0.0,0.0,0.37322218303392685,0,0
17,18720,0.0,0.0,0.3922574294139748,0,0
18,19760,0.0,0.0,0.4186213326365852,0,0
19,20800,0.0,0.0,0.5574337708822406,0,0
20,21840,0.0,0.0,0.47912687292294726,0,0
21,22880,0.0,0.0,0.858778837365133,0,0
22,23920,0.0,0.0,0.8435666650432291,0,0
23,24960,0.0,0.0,0.8521085248026825,0,0
24,26000,0.0,0.0,0.931704584238617,0,0
25,27040,0.0,0.0,0.8349814630692738,0,0
26,28080,0.0,0.0,0.7648904680384014,0,0
27,29120,0.0,0.0,0.9279325027558102,0,0
28,30160,0.0,0.0,0.8447845769527947,0,0
29,31200,0.0,0.0,0.896570838274389,0,0
30,32240,0.0,0.0,0.9310953863492701,0,0
31,33280,0.0,0.0,0.9381831697495097,0,0
32,34320,0.0,0.0,0.8450396500260499,0,0
33,35360,0.0,0.0,0.8846505723773866,0,0
34,36400,0.0,0.0,0.8272455611836658,0,0
35,37440,0.0,0.0,0.8426877609619463,0,0
36,38480,0.0,0.0,0.8853152940081985,0,0
37,39520,0.0,0.0,0.904128363289582,0,0
38,40560,0.0,0.0,0.9875774194079004,0,0
39,41600,0.0,0.0,0.9325731652103847,0,0
40,42640,0.0,0.0,0.9352848673051636,0,0
41,43680,0.0,0.0,0.9306654465452777,0,0
42,44720,0.0,0.0,0.8415355373808348,0,0
43,45760,0.0,0.0,0.9764142389069947,0,0
44,46800,0.0,0.0,0.990809300899659,0,0
45,47840,0.0,0.0,0.8422348659592978,0,0
46,48880,0.0,0.0,0.8609472358297354,0,0
47,49920,0.0,0.0,0.9406469850938931,0,0
48,50960,0.0,0.0,0.9924684365565463,0,0
49,52000,0.0,0.0,0.9898362795471832,0,0
