t,bytes_sent,utility,pheromone,f1_val,agg_count,rollback
0,1040,0.0,0.0,0.35845322294207554,0,0
1,2080,0.0,0.0,0.14022662889518414,0,0
2,3120,0.0,0.0,0.14022662889518414,0,0
3,4160,0.0,0.0,0.14022662889518414,0,0
4,5200,0.0,0.0,0.14022662889518414,0,0
5,6240,0.0,0.0,0.14022662889518414,0,0
6,7280,0.0,0.0,0.14022662889518414,0,0
7,8320,0.0,0.0,0.14022662889518414,0,0
8,9360,0.0,0.0,0.41419477691946305,0,0
9,10400,0.0,0.0,0.4137521126707927,0,0
10,11440,0.0,0.0,0.3744184291218636,0,0
11,12480,0.0,0.0,0.3736908735819026,0,0
12,13520,0.0,0.0,0.37354139137246495,0,0
13,14560,0.0,0.0,0.3983260868067562,0,0
14,15600,0.0,0.0,0.522541191903594,0,0
15,16640,0.0,0.0,0.647715339101196,0,0
16,17680,0.0,0.0,0.6488682252420079,0,0
17,18720,0.0,0.0,0.6522016494128314,0,0
18,19760,0.0,0.0,0.6487200428230732,0,0
19,20800,0.0,0.0,0.9105348175314664,0,0
20,21840,0.0,0.0,0.9506418738965619,0,0
21,22880,0.0,0.0,0.9521735153679055,0,0
22,23920,0.0,0.0,0.9594933140834743,0,0
23,24960,0.0,0.0,0.9367898732793511,0,0
24,26000,0.0,0.0,0.9390387976789234,0,0
25,27040,0.0,0.0,0.9570279120048713,0,0
26,28080,0.0,0.0,0.9374852189337913,0,0
27,29120,0.0,0.0,0.9398093651265258,0,0
28,30160,0.0,0.0,0.9394119450417758,0,0
29,31200,0.0,0.0,0.9474767412513116,0,0
30,32240,0.0,0.0,0.9393104556946399,0,0
31,33280,0.0,0.0,0.9393104556946399,0,0
32,34320,0.0,0.0,0.9461510528965182,0,0
33,35360,0.0,0.0,0.9388737146360886,0,0
34,36400,0.0,0.0,0.9455254663468129,0,0
35,37440,0.0,0.0,0.9427752766209472,0,0
36,38480,0.0,0.0,0.9347488567942626,0,0
37,39520,0.0,0.0,0.9417216098705665,0,0
38,40560,0.0,0.0,0.9383880114262717,0,0
39,41600,0.0,0.0,0.939568521646772,0,0
40,42640,0.0,0.0,0.939903943838742,0,0
41,43680,0.0,0.0,0.9361020136310932,0,0
42,44720,0.0,0.0,0.9435581471271305,0,0
43,45760,0.0,0.0,0.9409995608464979,0,0
44,46800,0.0,0.0,0.6275957014123914,0,0
45,47840,0.0,0.0,0.9355167793801542,0,0
46,48880,0.0,0.0,0.9514575381354843,0,0
47,49920,0.0,0.0,0.9409721135467886,0,0
48,50960,0.0,0.0,0.9381604901879161,0,0
49,52000,0.0,0.0,0.9404228275357095,0,0
