t,bytes_sent,utility,pheromone,f1_val,agg_count,rollback
0,1040,0.0,0.0,0.1901119244543021,0,0
1,2080,0.0,0.0,0.1417771333885667,0,0
2,3120,0.0,0.0,0.1417771333885667,0,0
3,4160,0.0,0.0,0.1417771333885667,0,0
4,5200,0.0,0.0,0.1417771333885667,0,0
5,6240,0.0,0.0,0.1417771333885667,0,0
6,7280,0.0,0.0,0.1417771333885667,0,0
7,8320,0.0,0.0,0.1417771333885667,0,0
8,9360,0.0,0.0,0.1417771333885667,0,0
9,10400,0.0,0.0,0.3412380659069911,0,0
10,11440,0.0,0.0,0.4167275806938775,0,0
11,12480,0.0,0.0,0.41719065968535735,0,0
12,13520,0.0,0.0,0.6222522520663363,0,0
13,14560,0.0,0.0,0.7121575508408353,0,0
14,15600,0.0,0.0,0.676726431304159,0,0
15,16640,0.0,0.0,0.7121352625023422,0,0
16,17680,0.0,0.0,0.712379219403819,0,0
17,18720,0.0,0.0,0.6993867135117828,0,0
18,19760,0.0,0.0,0.6993000392181113,0,0
19,20800,0.0,0.0,0.7113305721569272,0,0
20,21840,0.0,0.0,0.7121280077386096,0,0
21,22880,0.0,0.0,0.7127375601765846,0,0
22,23920,0.0,0.0,0.7124951547702858,0,0
23,24960,0.0,0.0,0.7132508887549039,0,0
24,26000,0.0,0.0,0.713185176261057,0,0
25,27040,0.0,0.0,0.7133900687124283,0,0
26,28080,0.0,0.0,0.7136331455310448,0,0
27,29120,0.0,0.0,0.7006466523944179,0,0
28,30160,0.0,0.0,0.7030919804183446,0,0
29,31200,0.0,0.0,0.3982343358813947,0,0
30,32240,0.0,0.0,0.676687581152501,0,0
31,33280,0.0,0.0,0.7128676504990773,0,0
32,34320,0.0,0.0,0.6652600447599758,0,0
33,35360,0.0,0.0,0.5907961311611266,0,0
34,36400,0.0,0.0,0.7039788518161546,0,0
35,37440,0.0,0.0,0.7125635198976452,0,0
36,38480,0.0,0.0,0.7178638260748123,0,0
37,39520,0.0,0.0,0.719017511077735,0,0
38,40560,0.0,0.0,0.6823818991572135,0,0
39,41600,0.0,0.0,0.6399807174859691,0,0
40,42640,0.0,0.0,0.7014204276113987,0,0
41,43680,0.0,0.0,0.5480101896443117,0,0
42,44720,0.0,0.0,0.6487376580206337,0,0
43,45760,0.0,0.0,0.6682728405055022,0,0
44,46800,0.0,0.0,0.6731886409294925,0,0
45,47840,0.0,0.0,0.6709058055296426,0,0
46,48880,0.0,0.0,0.6890780728262871,0,0
47,49920,0.0,0.0,0.5451339773418442,0,0
48,50960,0.0,0.0,0.6604406342432276,0,0
49,52000,0.0,0.0,0.7178898689544043,0,0
