t,bytes_sent,utility,pheromone,f1_val,agg_count,rollback
0,1040,0.0,0.0,0.091597018296815,0,0
1,2080,0.0,0.0,0.14035785288270378,0,0
2,3120,0.0,0.0,0.14035785288270378,0,0
3,4160,0.0,0.0,0.14035785288270378,0,0
4,5200,0.0,0.0,0.14035785288270378,0,0
5,6240,0.0,0.0,0.14035785288270378,0,0
6,7280,0.0,0.0,0.14035785288270378,0,0
7,8320,0.0,0.0,0.14035785288270378,0,0
8,9360,0.0,0.0,0.14035785288270378,0,0
9,10400,0.0,0.0,0.14035785288270378,0,0
10,11440,0.0,0.0,0.14035785288270378,0,0
11,12480,0.0,0.0,0.14035785288270378,0,0
12,13520,0.0,0.0,0.15473132172036227,0,0
13,14560,0.0,0.0,0.39659360338126215,0,0
14,15600,0.0,0.0,0.39656053564365834,0,0
15,16640,0.0,0.0,0.3963900194967479,0,0
16,17680,0.0,0.0,0.39659360338126215,0,0
17,18720,0.0,0.0,0.3962524679149047,0,0
18,19760,0.0,0.0,0.3962524679149047,0,0
19,20800,0.0,0.0,0.691884107499579,0,0
20,21840,0.0,0.0,0.6918865711497466,0,0
21,22880,0.0,0.0,0.640507945277764,0,0
22,23920,0.0,0.0,0.9903096105035244,0,0
23,24960,0.0,0.0,0.943053633200587,0,0
24,26000,0.0,0.0,0.929134972809452,0,0
25,27040,0.0,0.0,0.9780856870647138,0,0
26,28080,0.0,0.0,0.9276991836131832,0,0
27,29120,0.0,0.0,0.9576188831015743,0,0
28,30160,0.0,0.0,0.9963605415805894,0,0
29,31200,0.0,0.0,0.9590244972387045,0,0
30,32240,0.0,0.0,0.9366756454247751,0,0
31,33280,0.0,0.0,0.9965803821790421,0,0
32,34320,0.0,0.0,0.9406914899544829,0,0
33,35360,0.0,0.0,0.9968002980424979,0,0
34,36400,0.0,0.0,0.9455893604850434,0,0
35,37440,0.0,0.0,0.9972338633037168,0,0
36,38480,0.0,0.0,0.9968002980424979,0,0
37,39520,0.0,0.0,0.9568825333100351,0,0
38,40560,0.0,0.0,0.9963375338307721,0,0
39,41600,0.0,0.0,0.9961471738646706,0,0
40,42640,0.0,0.0,0.9969975081576651,0,0
41,43680,0.0,0.0,0.9968032263876003,0,0
42,44720,0.0,0.0,0.9976516241010662,0,0
43,45760,0.0,0.0,0.997213887172758,0,0
44,46800,0.0,0.0,0.9971595416677246,0,0
45,47840,0.0,0.0,0.9955251974135692,0,0
46,48880,0.0,0.0,0.9976538428159559,0,0
47,49920,0.0,0.0,0.9974336367705932,0,0
48,50960,0.0,0.0,0.9971613684191913,0,0
49,52000,0.0,0.0,0.9982556529300721,0,0
