t,bytes_sent,utility,pheromone,f1_val,agg_count,rollback
0,1040,0.0,0.0,0.4591000569064244,0,0
1,2080,0.0,0.0,0.4004926021759574,0,0
2,3120,0.0,0.0,0.39142700823716925,0,0
3,4160,0.0,0.0,0.412586451848293,0,0
4,5200,0.0,0.0,0.42257860386146096,0,0
5,6240,0.0,0.0,0.3839025009257294,0,0
6,7280,0.0,0.0,0.13995598239295717,0,0
7,8320,0.0,0.0,0.13995598239295717,0,0
8,9360,0.0,0.0,0.13995598239295717,0,0
9,10400,0.0,0.0,0.13995598239295717,0,0
10,11440,0.0,0.0,0.41132851050915165,0,0
11,12480,0.0,0.0,0.7081318310120943,0,0
12,13520,0.0,0.0,0.7143310512866563,0,0
13,14560,0.0,0.0,0.7149042747268944,0,0
14,15600,0.0,0.0,0.7014718079256383,0,0
15,16640,0.0,0.0,0.701432261124125,0,0
16,17680,0.0,0.0,0.7011901646574596,0,0
17,18720,0.0,0.0,0.7008953601033816,0,0
18,19760,0.0,0.0,0.7009086045093338,0,0
19,20800,0.0,0.0,0.7059616773060641,0,0
20,21840,0.0,0.0,0.6998569671016995,0,0
21,22880,0.0,0.0,0.7006664070217012,0,0
22,23920,0.0,0.0,0.7009086045093338,0,0
23,24960,0.0,0.0,0.7000326645897077,0,0
24,26000,0.0,0.0,0.7141096062959231,0,0
25,27040,0.0,0.0,0.7011506828958344,0,0
26,28080,0.0,0.0,0.7011396728580639,0,0
27,29120,0.0,0.0,0.7009086045093338,0,0
28,30160,0.0,0.0,0.7009086045093338,0,0
29,31200,0.0,0.0,0.7008837410168156,0,0
30,32240,0.0,0.0,0.976358531276134,0,0
31,33280,0.0,0.0,0.9775470950489025,0,0
32,34320,0.0,0.0,0.9962031034001528,0,0
33,35360,0.0,0.0,0.9963530749356245,0,0
34,36400,0.0,0.0,0.9962031034001528,0,0
35,37440,0.0,0.0,0.9962031034001528,0,0
36,38480,0.0,0.0,0.9966398743144329,0,0
37,39520,0.0,0.0,0.9966398743144329,0,0
38,40560,0.0,0.0,0.9964900410640029,0,0
39,41600,0.0,0.0,0.993632801855294,0,0
40,42640,0.0,0.0,0.9960539056390789,0,0
41,43680,0.0,0.0,0.9964900410640029,0,0
42,44720,0.0,0.0,0.9962031034001528,0,0
43,45760,0.0,0.0,0.9953659596578323,0,0
44,46800,0.0,0.0,0.9964900410640029,0,0
45,47840,0.0,0.0,0.9940645577230776,0,0
46,48880,0.0,0.0,0.9946459649293765,0,0
47,49920,0.0,0.0,0.9935542741987232,0,0
48,50960,0.0,0.0,0.9915135233404582,0,0
49,52000,0.0,0.0,0.7139758603458082,0,0
