t,bytes_sent,utility,pheromone,f1_val,agg_count,rollback
0,1040,0.0,0.0,0.13862163754172394,0,0
1,2080,0.0,0.0,0.13862163754172394,0,0
2,3120,0.0,0.0,0.13862163754172394,0,0
3,4160,0.0,0.0,0.13862163754172394,0,0
4,5200,0.0,0.0,0.13862163754172394,0,0
5,6240,0.0,0.0,0.13862163754172394,0,0
6,7280,0.0,0.0,0.13862163754172394,0,0
7,8320,0.0,0.0,0.13862163754172394,0,0
8,9360,0.0,0.0,0.13862163754172394,0,0
9,10400,0.0,0.0,0.13862163754172394,0,0
10,11440,0.0,0.0,0.41597454042981274,0,0
11,12480,0.0,0.0,0.41895023126403463,0,0
12,13520,0.0,0.0,0.3820034654132213,0,0
13,14560,0.0,0.0,0.3880997678135817,0,0
14,15600,0.0,0.0,0.6955300020050584,0,0
15,16640,0.0,0.0,0.694660055394228,0,0
16,17680,0.0,0.0,0.6934578247052288,0,0
17,18720,0.0,0.0,0.7015047393296713,0,0
18,19760,0.0,0.0,0.6923345818082307,0,0
19,20800,0.0,0.0,0.6539793524178268,0,0
20,21840,0.0,0.0,0.6934158428401263,0,0
21,22880,0.0,0.0,0.7010599328168543,0,0
22,23920,0.0,0.0,0.7008299395798756,0,0
23,24960,0.0,0.0,0.6939704660705848,0,0
24,26000,0.0,0.0,0.6837905904122905,0,0
25,27040,0.0,0.0,0.6290649131009834,0,0
26,28080,0.0,0.0,0.7155727464271469,0,0
27,29120,0.0,0.0,0.7870731212205184,0,0
28,30160,0.0,0.0,0.8967964673092589,0,0
29,31200,0.0,0.0,0.8677352010679341,0,0
30,32240,0.0,0.0,0.9901889020128101,0,0
31,33280,0.0,0.0,0.8277041803461674,0,0
32,34320,0.0,0.0,0.8347508208173061,0,0
33,35360,0.0,0.0,0.9956096535150197,0,0
34,36400,0.0,0.0,0.9616423927020283,0,0
35,37440,0.0,0.0,0.9949675295968309,0,0
36,38480,0.0,0.0,0.9951878390193748,0,0
37,39520,0.0,0.0,0.9949675295968309,0,0
38,40560,0.0,0.0,0.985193768417155,0,0
39,41600,0.0,0.0,0.9097200102022782,0,0
40,42640,0.0,0.0,0.9956096535150197,0,0
41,43680,0.0,0.0,0.9951878390193748,0,0
42,44720,0.0,0.0,0.9951878390193748,0,0
43,45760,0.0,0.0,0.9845213357477134,0,0
44,46800,0.0,0.0,0.9956028077628096,0,0
45,47840,0.0,0.0,0.9951878390193748,0,0
46,48880,0.0,0.0,0.9951878390193748,0,0
47,49920,0.0,0.0,0.9951878390193748,0,0
48,50960,0.0,0.0,0.9951878390193748,0,0
49,52000,0.0,0.0,0.9951878390193748,0,0
