t,bytes_sent,utility,pheromone,f1_val,agg_count,rollback
0,1040,0.0,0.0,0.1921436313707362,0,0
1,2080,0.0,0.0,0.14094896331738438,0,0
2,3120,0.0,0.0,0.14094896331738438,0,0
3,4160,0.0,0.0,0.14094896331738438,0,0
4,5200,0.0,0.0,0.14094896331738438,0,0
5,6240,0.0,0.0,0.14094896331738438,0,0
6,7280,0.0,0.0,0.14094896331738438,0,0
7,8320,0.0,0.0,0.14094896331738438,0,0
8,9360,0.0,0.0,0.14094896331738438,0,0
9,10400,0.0,0.0,0.14094896331738438,0,0
10,11440,0.0,0.0,0.26724544841537423,0,0
11,12480,0.0,0.0,0.39178269178899605,0,0
12,13520,0.0,0.0,0.448625272274745,0,0
13,14560,0.0,0.0,0.482388604176273,0,0
14,15600,0.0,0.0,0.3846675732372651,0,0
15,16640,0.0,0.0,0.39538542740369353,0,0
16,17680,0.0,0.0,0.48621891482115814,0,0
17,18720,0.0,0.0,0.37434365570441874,0,0
18,19760,0.0,0.0,0.3564799245375877,0,0
19,20800,0.0,0.0,0.353901321079165,0,0
20,21840,0.0,0.0,0.3535122947932079,0,0
21,22880,0.0,0.0,0.35292368025238335,0,0
22,23920,0.0,0.0,0.5875852991867402,0,0
23,24960,0.0,0.0,0.35321810895241246,0,0
24,26000,0.0,0.0,0.3546343824245446,0,0
25,27040,0.0,0.0,0.35243828617822603,0,0
26,28080,0.0,0.0,0.39598576678131914,0,0
27,29120,0.0,0.0,0.37738058209367853,0,0
28,30160,0.0,0.0,0.6861193137161206,0,0
29,31200,0.0,0.0,0.39924160580227064,0,0
30,32240,0.0,0.0,0.39496371195114716,0,0
31,33280,0.0,0.0,0.3987174703721024,0,0
32,34320,0.0,0.0,0.3826731076724723,0,0
33,35360,0.0,0.0,0.3976573391945916,0,0
34,36400,0.0,0.0,0.38359538865396225,0,0
35,37440,0.0,0.0,0.395760584021669,0,0
36,38480,0.0,0.0,0.620603090746811,0,0
37,39520,0.0,0.0,0.6845335788260243,0,0
38,40560,0.0,0.0,0.3922004411344474,0,0
39,41600,0.0,0.0,0.5532454375728009,0,0
40,42640,0.0,0.0,0.680215591689229,0,0
41,43680,0.0,0.0,0.6750584986699001,0,0
42,44720,0.0,0.0,0.687119614013144,0,0
43,45760,0.0,0.0,0.6746019619058797,0,0
44,46800,0.0,0.0,0.6863452169723411,0,0
45,47840,0.0,0.0,0.6881347121478254,0,0
46,48880,0.0,0.0,0.6835477160166226,0,0
47,49920,0.0,0.0,0.7178124153648932,0,0
48,50960,0.0,0.0,0.6819816239451136,0,0
49,52000,0.0,0.0,0.8733868780727597,0,0
