t,bytes_sent,utility,pheromone,f1_val,agg_count,rollback
0,1040,0.0,0.0,0.06783536585365854,0,0
1,2080,0.0,0.0,0.14226190476190476,0,0
2,3120,0.0,0.0,0.14226190476190476,0,0
3,4160,0.0,0.0,0.14226190476190476,0,0
4,5200,0.0,0.0,0.14226190476190476,0,0
5,6240,0.0,0.0,0.14226190476190476,0,0
6,7280,0.0,0.0,0.14226190476190476,0,0
7,8320,0.0,0.0,0.14226190476190476,0,0
8,9360,0.0,0.0,0.14226190476190476,0,0
9,10400,0.0,0.0,0.14226190476190476,0,0
10,11440,0.0,0.0,0.14226190476190476,0,0
11,12480,0.0,0.0,0.3765937349321403,0,0
12,13520,0.0,0.0,0.41734838192522206,0,0
13,14560,0.0,0.0,0.4179091272005397,0,0
14,15600,0.0,0.0,0.4175465518408786,0,0
15,16640,0.0,0.0,0.41770670426636225,0,0
16,17680,0.0,0.0,0.4185009924371017,0,0
17,18720,0.0,0.0,0.7010644289311239,0,0
18,19760,0.0,0.0,0.42572277269172293,0,0
19,20800,0.0,0.0,0.7005691551769304,0,0
20,21840,0.0,0.0,0.43025437819035617,0,0
21,22880,0.0,0.0,0.7003213174339138,0,0
22,23920,0.0,0.0,0.42860714808524,0,0
23,24960,0.0,0.0,0.7003213174339138,0,0
24,26000,0.0,0.0,0.41786857439360237,0,0
25,27040,0.0,0.0,0.7003213174339138,0,0
26,28080,0.0,0.0,0.7003213174339138,0,0
27,29120,0.0,0.0,0.6205486721517208,0,0
28,30160,0.0,0.0,0.7003620123027798,0,0
29,31200,0.0,0.0,0.6580642851159095,0,0
30,32240,0.0,0.0,0.6666639442173882,0,0
31,33280,0.0,0.0,0.7003213174339138,0,0
32,34320,0.0,0.0,0.6962376658545413,0,0
33,35360,0.0,0.0,0.700320598491359,0,0
34,36400,0.0,0.0,0.5993519364190969,0,0
35,37440,0.0,0.0,0.6947287367924762,0,0
36,38480,0.0,0.0,0.700320598491359,0,0
37,39520,0.0,0.0,0.7004069097142683,0,0
38,40560,0.0,0.0,0.7004938661094564,0,0
39,41600,0.0,0.0,0.4171830078992953,0,0
40,42640,0.0,0.0,0.7004938661094564,0,0
41,43680,0.0,0.0,0.700407554886547,0,0
42,44720,0.0,0.0,0.6009674313315589,0,0
43,45760,0.0,0.0,0.9960975975178937,0,0
44,46800,0.0,0.0,0.5857763200948214,0,0
45,47840,0.0,0.0,0.6735994608446684,0,0
46,48880,0.0,0.0,0.76843248935503,0,0
47,49920,0.0,0.0,0.700320598491359,0,0
48,50960,0.0,0.0,0.7003213174339138,0,0
49,52000,0.0,0.0,0.700320598491359,0,0
