t,bytes_sent,utility,pheromone,f1_val,agg_count,rollback
0,1040,0.0,0.0,0.3320901320901321,0,0
1,2080,0.0,0.0,0.3320901320901321,0,0
2,3120,0.0,0.0,0.3319353836595216,0,0
3,4160,0.0,0.0,0.297827903091061,0,0
4,5200,0.0,0.0,0.2916155419222904,0,0
5,6240,0.0,0.0,0.3023748939779474,0,0
6,7280,0.0,0.0,0.3035334184759472,0,0
7,8320,0.0,0.0,0.3047008547008547,0,0
8,9360,0.0,0.0,0.3064030941125913,0,0
9,10400,0.0,0.0,0.305287946906444,0,0
10,11440,0.0,0.0,0.3041160162081467,0,0
11,12480,0.0,0.0,0.30372736954206603,0,0
12,13520,0.0,0.0,0.3024390243902439,0,0
13,14560,0.0,0.0,0.2994540109197816,0,0
14,15600,0.0,0.0,0.2974551522736754,0,0
15,16640,0.0,0.0,0.29578925534121553,0,0
16,17680,0.0,0.0,0.29536039768019884,0,0
17,18720,0.0,0.0,0.29523809523809524,0,0
18,19760,0.0,0.0,0.29317434210526316,0,0
19,20800,0.0,0.0,0.29536039768019884,0,0
20,21840,0.0,0.0,0.29523809523809524,0,0
21,22880,0.0,0.0,0.29493278179937954,0,0
22,23920,0.0,0.0,0.29359687049619104,0,0
23,24960,0.0,0.0,0.2929936305732484,0,0
24,26000,0.0,0.0,0.2928732799342781,0,0
25,27040,0.0,0.0,0.29263287502565155,0,0
26,28080,0.0,0.0,0.2923329233292333,0,0
27,29120,0.0,0.0,0.291734860883797,0,0
28,30160,0.0,0.0,0.2914963205233034,0,0
29,31200,0.0,0.0,0.29137719656722516,0,0
30,32240,0.0,0.0,0.29096102836155885,0,0
31,33280,0.0,0.0,0.2908423414236182,0,0
32,34320,0.0,0.0,0.29025035619784245,0,0
33,35360,0.0,0.0,0.29025035619784245,0,0
34,36400,0.0,0.0,0.29025035619784245,0,0
35,37440,0.0,0.0,0.2908423414236182,0,0
36,38480,0.0,0.0,0.2910204081632653,0,0
37,39520,0.0,0.0,0.291317671092952,0,0
38,40560,0.0,0.0,0.2916155419222904,0,0
39,41600,0.0,0.0,0.291734860883797,0,0
40,42640,0.0,0.0,0.2921532472853923,0,0
41,43680,0.0,0.0,0.2921532472853923,0,0
42,44720,0.0,0.0,0.2923329233292333,0,0
43,45760,0.0,0.0,0.29263287502565155,0,0
44,46800,0.0,0.0,0.2931140801644399,0,0
45,47840,0.0,0.0,0.29517698199130615,0,0
46,48880,0.0,0.0,0.29554404145077723,0,0
47,49920,0.0,0.0,0.29554404145077723,0,0
48,50960,0.0,0.0,0.29566659755339003,0,0
49,52000,0.0,0.0,0.29572791372874324,0,0
