t,bytes_sent,utility,pheromone,f1_val,agg_count,rollback
0,1040,0.0,0.0,0.14205682272909165,0,0
1,2080,0.0,0.0,0.14205682272909165,0,0
2,3120,0.0,0.0,0.14205682272909165,0,0
3,4160,0.0,0.0,0.14205682272909165,0,0
4,5200,0.0,0.0,0.14205682272909165,0,0
5,6240,0.0,0.0,0.14205682272909165,0,0
6,7280,0.0,0.0,0.14205682272909165,0,0
7,8320,0.0,0.0,0.14205682272909165,0,0
8,9360,0.0,0.0,0.14205682272909165,0,0
9,10400,0.0,0.0,0.14205682272909165,0,0
10,11440,0.0,0.0,0.14205682272909165,0,0
11,12480,0.0,0.0,0.14205682272909165,0,0
12,13520,0.0,0.0,0.14205682272909165,0,0
13,14560,0.0,0.0,0.401272987501774,0,0
14,15600,0.0,0.0,0.4170778520170104,0,0
15,16640,0.0,0.0,0.5847220072388645,0,0
16,17680,0.0,0.0,0.7144974922643522,0,0
17,18720,0.0,0.0,0.7003930035312083,0,0
18,19760,0.0,0.0,0.6795890821635991,0,0
19,20800,0.0,0.0,0.6635909351270239,0,0
20,21840,0.0,0.0,0.6473376455670016,0,0
21,22880,0.0,0.0,0.5819916984583172,0,0
22,23920,0.0,0.0,0.5643156509717228,0,0
23,24960,0.0,0.0,0.6815048230550689,0,0
24,26000,0.0,0.0,0.5934864601699807,0,0
25,27040,0.0,0.0,0.6722773561074866,0,0
26,28080,0.0,0.0,0.5553698623063369,0,0
27,29120,0.0,0.0,0.6374368165571147,0,0
28,30160,0.0,0.0,0.6787278402848275,0,0
29,31200,0.0,0.0,0.6154440994497745,0,0
30,32240,0.0,0.0,0.4908639878825853,0,0
31,33280,0.0,0.0,0.6408526550099158,0,0
32,34320,0.0,0.0,0.606780718998204,0,0
33,35360,0.0,0.0,0.5009480162478175,0,0
34,36400,0.0,0.0,0.6154440994497745,0,0
35,37440,0.0,0.0,0.628185303094641,0,0
36,38480,0.0,0.0,0.6156308336724761,0,0
37,39520,0.0,0.0,0.46964863815586966,0,0
38,40560,0.0,0.0,0.6607212508601902,0,0
39,41600,0.0,0.0,0.585393772186331,0,0
40,42640,0.0,0.0,0.6199081054907293,0,0
41,43680,0.0,0.0,0.616377120881515,0,0
42,44720,0.0,0.0,0.5641051913969437,0,0
43,45760,0.0,0.0,0.6376169883951404,0,0
44,46800,0.0,0.0,0.6323733153484896,0,0
45,47840,0.0,0.0,0.6698323621204694,0,0
46,48880,0.0,0.0,0.5481800137271468,0,0
47,49920,0.0,0.0,0.6788922646992668,0,0
48,50960,0.0,0.0,0.5617821413626662,0,0
49,52000,0.0,0.0,0.6649329296979989,0,0
