t,bytes_sent,utility,pheromone,f1_val,agg_count,rollback
0,1040,0.0,0.0,0.13995598239295717,0,0
1,2080,0.0,0.0,0.13995598239295717,0,0
2,3120,0.0,0.0,0.13995598239295717,0,0
3,4160,0.0,0.0,0.13995598239295717,0,0
4,5200,0.0,0.0,0.13995598239295717,0,0
5,6240,0.0,0.0,0.13995598239295717,0,0
6,7280,0.0,0.0,0.13995598239295717,0,0
7,8320,0.0,0.0,0.13995598239295717,0,0
8,9360,0.0,0.0,0.13995598239295717,0,0
9,10400,0.0,0.0,0.13995598239295717,0,0
10,11440,0.0,0.0,0.13995598239295717,0,0
11,12480,0.0,0.0,0.13995598239295717,0,0
12,13520,0.0,0.0,0.4160497462369297,0,0
13,14560,0.0,0.0,0.6938447523271929,0,0
14,15600,0.0,0.0,0.7142391053978291,0,0
15,16640,0.0,0.0,0.46871020035123906,0,0
16,17680,0.0,0.0,0.7009060531918208,0,0
17,18720,0.0,0.0,0.7009060531918208,0,0
18,19760,0.0,0.0,0.7011378839464277,0,0
19,20800,0.0,0.0,0.700623034636944,0,0
20,21840,0.0,0.0,0.7003784053425258,0,0
21,22880,0.0,0.0,0.7005470060236949,0,0
22,23920,0.0,0.0,0.7003732726035523,0,0
23,24960,0.0,0.0,0.7002025424693468,0,0
24,26000,0.0,0.0,0.6997470156771546,0,0
25,27040,0.0,0.0,0.6998379406977706,0,0
26,28080,0.0,0.0,0.7000053863715774,0,0
27,29120,0.0,0.0,0.7113349559791974,0,0
28,30160,0.0,0.0,0.7135131549850868,0,0
29,31200,0.0,0.0,0.8581260932850762,0,0
30,32240,0.0,0.0,0.700514868823632,0,0
31,33280,0.0,0.0,0.9910900101905721,0,0
32,34320,0.0,0.0,0.9920456787729849,0,0
33,35360,0.0,0.0,0.9920456787729849,0,0
34,36400,0.0,0.0,0.9910900101905721,0,0
35,37440,0.0,0.0,0.734187254146264,0,0
36,38480,0.0,0.0,0.9805506823773966,0,0
37,39520,0.0,0.0,0.9924128789852034,0,0
38,40560,0.0,0.0,0.9886727134413368,0,0
39,41600,0.0,0.0,0.9921686949136479,0,0
40,42640,0.0,0.0,0.9747315309751892,0,0
41,43680,0.0,0.0,0.9501617651330314,0,0
42,44720,0.0,0.0,0.9911824325629198,0,0
43,45760,0.0,0.0,0.9865324998004762,0,0
44,46800,0.0,0.0,0.9886727134413368,0,0
45,47840,0.0,0.0,0.9916993128494443,0,0
46,48880,0.0,0.0,0.9920932592674749,0,0
47,49920,0.0,0.0,0.990820193592503,0,0
48,50960,0.0,0.0,0.990820193592503,0,0
49,52000,0.0,0.0,0.9879572329959369,0,0
