t,bytes_sent,utility,pheromone,f1_val,agg_count,rollback
0,4160,0.0,0.0,0.13973365136155833,0,0
1,8320,0.0,0.0,0.09269662921348315,0,0
2,12480,0.0,0.0,0.13973365136155833,0,0
3,16640,0.0,0.0,0.13973365136155833,0,0
4,20800,0.0,0.0,0.13973365136155833,0,0
5,24960,0.0,0.0,0.13973365136155833,0,0
6,29120,0.0,0.0,0.13973365136155833,0,0
7,33280,0.0,0.0,0.13973365136155833,0,0
8,37440,0.0,0.0,0.13973365136155833,0,0
9,41600,0.0,0.0,0.13973365136155833,0,0
10,45760,0.0,0.0,0.13973365136155833,0,0
11,49920,0.0,0.0,0.13973365136155833,0,0
12,54080,0.0,0.0,0.2654074309239877,0,0
13,58240,0.0,0.0,0.43768651689845084,0,0
14,62400,0.0,0.0,0.6851079996731276,0,0
15,66560,0.0,0.0,0.6289098207899756,0,0
16,70720,0.0,0.0,0.6974683629144524,0,0
17,74880,0.0,0.0,0.6992157663577403,0,0
18,79040,0.0,0.0,0.6929484799928123,0,0
19,83200,0.0,0.0,0.6990095547029328,0,0
20,87360,0.0,0.0,0.6946560040116188,0,0
21,91520,0.0,0.0,0.6994223183055246,0,0
22,95680,0.0,0.0,0.6908652645901148,0,0
23,99840,0.0,0.0,0.6932382874228318,0,0
24,104000,0.0,0.0,0.7013484921390984,0,0
25,108160,0.0,0.0,0.6983709554774625,0,0
26,112320,0.0,0.0,0.694112843905621,0,0
27,116480,0.0,0.0,0.697518234800355,0,0
28,120640,0.0,0.0,0.7008689283875255,0,0
29,124800,0.0,0.0,0.8820202341308164,0,0
30,128960,0.0,0.0,0.6988334670748981,0,0
31,133120,0.0,0.0,0.9193448043993042,0,0
32,137280,0.0,0.0,0.8212467708718016,0,0
33,141440,0.0,0.0,0.8064820226757142,0,0
34,145600,0.0,0.0,0.8059693826487354,0,0
35,149760,0.0,0.0,0.7745595954409668,0,0
36,153920,0.0,0.0,0.9344844155432306,0,0
37,158080,0.0,0.0,0.7968349497185919,0,0
38,162240,0.0,0.0,0.9848576214171492,0,0
39,166400,0.0,0.0,0.6967559201969753,0,0
40,170560,0.0,0.0,0.9886967998175578,0,0
41,174720,0.0,0.0,0.9042170097960006,0,0
42,178880,0.0,0.0,0.747751925312068,0,0
43,183040,0.0,0.0,0.8419447197296084,0,0
44,187200,0.0,0.0,0.9045850082765959,0,0
45,191360,0.0,0.0,0.873137100344805,0,0
46,195520,0.0,0.0,0.9331438124918755,0,0
47,199680,0.0,0.0,0.8999749404238062,0,0
48,203840,0.0,0.0,0.7359264860847973,0,0
49,208000,0.0,0.0,0.9963164379542544,0,0
