t,bytes_sent,utility,pheromone,f1_val,agg_count,rollback
0,4160,0.0,0.0,0.05508893280632411,0,0
1,8320,0.0,0.0,0.09754189944134078,0,0
2,12480,0.0,0.0,0.14094896331738438,0,0
3,16640,0.0,0.0,0.14094896331738438,0,0
4,20800,0.0,0.0,0.14094896331738438,0,0
5,24960,0.0,0.0,0.14094896331738438,0,0
6,29120,0.0,0.0,0.14094896331738438,0,0
7,33280,0.0,0.0,0.14094896331738438,0,0
8,37440,0.0,0.0,0.14094896331738438,0,0
9,41600,0.0,0.0,0.14094896331738438,0,0
10,45760,0.0,0.0,0.3917427744730376,0,0
11,49920,0.0,0.0,0.3919699848134012,0,0
12,54080,0.0,0.0,0.3857395240208069,0,0
13,58240,0.0,0.0,0.3536207091334382,0,0
14,62400,0.0,0.0,0.3519909574605653,0,0
15,66560,0.0,0.0,0.35340325427492914,0,0
16,70720,0.0,0.0,0.35428631174907244,0,0
17,74880,0.0,0.0,0.3537029880445329,0,0
18,79040,0.0,0.0,0.35202988739310814,0,0
19,83200,0.0,0.0,0.34034174331280065,0,0
20,87360,0.0,0.0,0.3526314172644758,0,0
21,91520,0.0,0.0,0.3531071543603018,0,0
22,95680,0.0,0.0,0.35340325427492914,0,0
23,99840,0.0,0.0,0.35534910521491997,0,0
24,104000,0.0,0.0,0.35667007372133086,0,0
25,108160,0.0,0.0,0.3719337907620709,0,0
26,112320,0.0,0.0,0.3561489038195226,0,0
27,116480,0.0,0.0,0.3769280139478255,0,0
28,120640,0.0,0.0,0.3686017472174435,0,0
29,124800,0.0,0.0,0.3499434815846873,0,0
30,128960,0.0,0.0,0.3432221168623905,0,0
31,133120,0.0,0.0,0.3529300025253135,0,0
32,137280,0.0,0.0,0.3634670657445947,0,0
33,141440,0.0,0.0,0.36170586255289155,0,0
34,145600,0.0,0.0,0.36965082412820205,0,0
35,149760,0.0,0.0,0.34646543471755387,0,0
36,153920,0.0,0.0,0.3460132288326746,0,0
37,158080,0.0,0.0,0.3527007550489256,0,0
38,162240,0.0,0.0,0.3682232585506796,0,0
39,166400,0.0,0.0,0.37073402941118017,0,0
40,170560,0.0,0.0,0.37918222775686344,0,0
41,174720,0.0,0.0,0.49960197935562006,0,0
42,178880,0.0,0.0,0.3856886551948454,0,0
43,183040,0.0,0.0,0.35794473144595096,0,0
44,187200,0.0,0.0,0.472433307124406,0,0
45,191360,0.0,0.0,0.651328735943371,0,0
46,195520,0.0,0.0,0.8557643775826227,0,0
47,199680,0.0,0.0,0.6442680658536697,0,0
48,203840,0.0,0.0,0.6522810728157526,0,0
49,208000,0.0,0.0,0.6847333343266081,0,0
