t,bytes_sent,utility,pheromone,f1_val,agg_count,rollback
0,4160,0.0,0.0,0.14022662889518414,0,0
1,8320,0.0,0.0,0.10637591321673677,0,0
2,12480,0.0,0.0,0.14022662889518414,0,0
3,16640,0.0,0.0,0.14022662889518414,0,0
4,20800,0.0,0.0,0.14022662889518414,0,0
5,24960,0.0,0.0,0.14022662889518414,0,0
6,29120,0.0,0.0,0.14022662889518414,0,0
7,33280,0.0,0.0,0.14022662889518414,0,0
8,37440,0.0,0.0,0.14022662889518414,0,0
9,41600,0.0,0.0,0.14022662889518414,0,0
10,45760,0.0,0.0,0.6848142356204042,0,0
11,49920,0.0,0.0,0.6558714154929032,0,0
12,54080,0.0,0.0,0.3778821948326989,0,0
13,58240,0.0,0.0,0.411276876867005,0,0
14,62400,0.0,0.0,0.6602026648063413,0,0
15,66560,0.0,0.0,0.6596052074445984,0,0
16,70720,0.0,0.0,0.665984360765979,0,0
17,74880,0.0,0.0,0.6636987894538691,0,0
18,79040,0.0,0.0,0.6656260036543722,0,0
19,83200,0.0,0.0,0.6632090395577114,0,0
20,87360,0.0,0.0,0.6644375145916831,0,0
21,91520,0.0,0.0,0.6642125822368421,0,0
22,95680,0.0,0.0,0.6638179021450646,0,0
23,99840,0.0,0.0,0.6659487521015374,0,0
24,104000,0.0,0.0,0.6644563941211308,0,0
25,108160,0.0,0.0,0.6632999196834812,0,0
26,112320,0.0,0.0,0.6649573585470762,0,0
27,116480,0.0,0.0,0.9562480982917617,0,0
28,120640,0.0,0.0,0.9559486928181051,0,0
29,124800,0.0,0.0,0.9438778520100135,0,0
30,128960,0.0,0.0,0.8630632188108996,0,0
31,133120,0.0,0.0,0.9473003337581073,0,0
32,137280,0.0,0.0,0.9498858984271903,0,0
33,141440,0.0,0.0,0.9426965857247452,0,0
34,145600,0.0,0.0,0.9467394812936241,0,0
35,149760,0.0,0.0,0.943576020255921,0,0
36,153920,0.0,0.0,0.9447875796934038,0,0
37,158080,0.0,0.0,0.9440044172221205,0,0
38,162240,0.0,0.0,0.9493354806795893,0,0
39,166400,0.0,0.0,0.9498655947047401,0,0
40,170560,0.0,0.0,0.9429351687498668,0,0
41,174720,0.0,0.0,0.7658456899944651,0,0
42,178880,0.0,0.0,0.9457732000291079,0,0
43,183040,0.0,0.0,0.9569015581875696,0,0
44,187200,0.0,0.0,0.942184508333495,0,0
45,191360,0.0,0.0,0.9429651596498899,0,0
46,195520,0.0,0.0,0.943941961594073,0,0
47,199680,0.0,0.0,0.946310147562166,0,0
48,203840,0.0,0.0,0.9445380640656295,0,0
49,208000,0.0,0.0,0.9409048584765741,0,0
