t,bytes_sent,utility,pheromone,f1_val,agg_count,rollback
0,1040,0.0,0.0,0.14035785288270378,0,0
1,2080,0.0,0.0,0.29223893612382823,0,0
2,3120,0.0,0.0,0.3939827391721683,0,0
3,4160,0.0,0.0,0.39639674314244955,0,0
4,5200,0.0,0.0,0.3964292957175209,0,0
5,6240,0.0,0.0,0.14035785288270378,0,0
6,7280,0.0,0.0,0.14035785288270378,0,0
7,8320,0.0,0.0,0.14035785288270378,0,0
8,9360,0.0,0.0,0.14035785288270378,0,0
9,10400,0.0,0.0,0.14035785288270378,0,0
10,11440,0.0,0.0,0.14035785288270378,0,0
11,12480,0.0,0.0,0.15387968613775066,0,0
12,13520,0.0,0.0,0.3931502873287006,0,0
13,14560,0.0,0.0,0.39652757107859105,0,0
14,15600,0.0,0.0,0.39656053564365834,0,0
15,16640,0.0,0.0,0.5946592082747502,0,0
16,17680,0.0,0.0,0.6415553714910744,0,0
17,18720,0.0,0.0,0.7001329215948741,0,0
18,19760,0.0,0.0,0.8652036399803442,0,0
19,20800,0.0,0.0,0.9278316759457496,0,0
20,21840,0.0,0.0,0.9304672602591931,0,0
21,22880,0.0,0.0,0.9327745444020884,0,0
22,23920,0.0,0.0,0.9335184289345096,0,0
23,24960,0.0,0.0,0.9599090714225181,0,0
24,26000,0.0,0.0,0.9542517018105986,0,0
25,27040,0.0,0.0,0.9972106766655289,0,0
26,28080,0.0,0.0,0.9965992529308234,0,0
27,29120,0.0,0.0,0.9324917085484485,0,0
28,30160,0.0,0.0,0.9972336720265051,0,0
29,31200,0.0,0.0,0.9974082695017256,0,0
30,32240,0.0,0.0,0.9963808558762648,0,0
31,33280,0.0,0.0,0.9974310505072961,0,0
32,34320,0.0,0.0,0.9972085950777794,0,0
33,35360,0.0,0.0,0.997842298753406,0,0
34,36400,0.0,0.0,0.9963808558762648,0,0
35,37440,0.0,0.0,0.9980623665153463,0,0
36,38480,0.0,0.0,0.9963564044270508,0,0
37,39520,0.0,0.0,0.9971882020035234,0,0
38,40560,0.0,0.0,0.9942951036644737,0,0
39,41600,0.0,0.0,0.9965574496053289,0,0
40,42640,0.0,0.0,0.9969452255660185,0,0
41,43680,0.0,0.0,0.9971882020035234,0,0
42,44720,0.0,0.0,0.9968002980424979,0,0
43,45760,0.0,0.0,0.9970202894562089,0,0
44,46800,0.0,0.0,0.9969975081576651,0,0
45,47840,0.0,0.0,0.9969975081576651,0,0
46,48880,0.0,0.0,0.9977975102598944,0,0
47,49920,0.0,0.0,0.9974061636803785,0,0
48,50960,0.0,0.0,0.9976223066820082,0,0
49,52000,0.0,0.0,0.9575503876720517,0,0
