t,bytes_sent,utility,pheromone,f1_val,agg_count,rollback
0,1040,0.0,0.0,0.13973365136155833,0,0
1,2080,0.0,0.0,0.1136882834352969,0,0
2,3120,0.0,0.0,0.4219089768608865,0,0
3,4160,0.0,0.0,0.13973365136155833,0,0
4,5200,0.0,0.0,0.13973365136155833,0,0
5,6240,0.0,0.0,0.13973365136155833,0,0
6,7280,0.0,0.0,0.13973365136155833,0,0
7,8320,0.0,0.0,0.13973365136155833,0,0
8,9360,0.0,0.0,0.13973365136155833,0,0
9,10400,0.0,0.0,0.13973365136155833,0,0
10,11440,0.0,0.0,0.13973365136155833,0,0
11,12480,0.0,0.0,0.34329354949568625,0,0
12,13520,0.0,0.0,0.416567672447929,0,0
13,14560,0.0,0.0,0.3843040446546476,0,0
14,15600,0.0,0.0,0.4199286980935105,0,0
15,16640,0.0,0.0,0.5926738042987096,0,0
16,17680,0.0,0.0,0.700438983382814,0,0
17,18720,0.0,0.0,0.700476698815567,0,0
18,19760,0.0,0.0,0.6982197079704102,0,0
19,20800,0.0,0.0,0.7013105282640891,0,0
20,21840,0.0,0.0,0.6962316801751144,0,0
21,22880,0.0,0.0,0.7010722616442422,0,0
22,23920,0.0,0.0,0.6952642931047732,0,0
23,24960,0.0,0.0,0.7009370046096433,0,0
24,26000,0.0,0.0,0.6982059412550067,0,0
25,27040,0.0,0.0,0.6962316801751144,0,0
26,28080,0.0,0.0,0.6987927201817774,0,0
27,29120,0.0,0.0,0.7668087936445708,0,0
28,30160,0.0,0.0,0.7009169771696235,0,0
29,31200,0.0,0.0,0.750181806840677,0,0
30,32240,0.0,0.0,0.7018115559369227,0,0
31,33280,0.0,0.0,0.7010035278053174,0,0
32,34320,0.0,0.0,0.7668125120651843,0,0
33,35360,0.0,0.0,0.877041541252648,0,0
34,36400,0.0,0.0,0.7028645754240002,0,0
35,37440,0.0,0.0,0.9883978622115972,0,0
36,38480,0.0,0.0,0.7005685173021767,0,0
37,39520,0.0,0.0,0.7006335007478639,0,0
38,40560,0.0,0.0,0.9898994133182084,0,0
39,41600,0.0,0.0,0.9956743116261298,0,0
40,42640,0.0,0.0,0.6991422527772723,0,0
41,43680,0.0,0.0,0.9931337207729614,0,0
42,44720,0.0,0.0,0.7009191843683342,0,0
43,45760,0.0,0.0,0.7007438455271788,0,0
44,46800,0.0,0.0,0.9895612267236481,0,0
45,47840,0.0,0.0,0.8053387481486558,0,0
46,48880,0.0,0.0,0.7295369441378063,0,0
47,49920,0.0,0.0,0.766346948270624,0,0
48,50960,0.0,0.0,0.7003931995312309,0,0
49,52000,0.0,0.0,0.9830929000904325,0,0
