t,bytes_sent,utility,pheromone,f1_val,agg_count,rollback
0,1040,0.0,0.0,0.15098929614012327,0,0
1,2080,0.0,0.0,0.10474797479747974,0,0
2,3120,0.0,0.0,0.39629664251078706,0,0
3,4160,0.0,0.0,0.1443296804390035,0,0
4,5200,0.0,0.0,0.13984006561410703,0,0
5,6240,0.0,0.0,0.13984006561410703,0,0
6,7280,0.0,0.0,0.13984006561410703,0,0
7,8320,0.0,0.0,0.13984006561410703,0,0
8,9360,0.0,0.0,0.13984006561410703,0,0
9,10400,0.0,0.0,0.13984006561410703,0,0
10,11440,0.0,0.0,0.13984006561410703,0,0
11,12480,0.0,0.0,0.4185239952527525,0,0
12,13520,0.0,0.0,0.39629664251078706,0,0
13,14560,0.0,0.0,0.4009668676591264,0,0
14,15600,0.0,0.0,0.4010090932274478,0,0
15,16640,0.0,0.0,0.4010090932274478,0,0
16,17680,0.0,0.0,0.4010090932274478,0,0
17,18720,0.0,0.0,0.401708470248874,0,0
18,19760,0.0,0.0,0.6628033225699574,0,0
19,20800,0.0,0.0,0.7008317350254774,0,0
20,21840,0.0,0.0,0.7008317350254774,0,0
21,22880,0.0,0.0,0.6583702314366687,0,0
22,23920,0.0,0.0,0.6930047378052776,0,0
23,24960,0.0,0.0,0.6919843735146537,0,0
24,26000,0.0,0.0,0.7005014381049806,0,0
25,27040,0.0,0.0,0.6930047378052776,0,0
26,28080,0.0,0.0,0.6930047378052776,0,0
27,29120,0.0,0.0,0.7005769689796157,0,0
28,30160,0.0,0.0,0.700330919019862,0,0
29,31200,0.0,0.0,0.6630936876299869,0,0
30,32240,0.0,0.0,0.6927431640931401,0,0
31,33280,0.0,0.0,0.5821122895079165,0,0
32,34320,0.0,0.0,0.5477201714531326,0,0
33,35360,0.0,0.0,0.6408166293043921,0,0
34,36400,0.0,0.0,0.5747564592119965,0,0
35,37440,0.0,0.0,0.5493640683793533,0,0
36,38480,0.0,0.0,0.5005108400738572,0,0
37,39520,0.0,0.0,0.5758435769991352,0,0
38,40560,0.0,0.0,0.4232896639715702,0,0
39,41600,0.0,0.0,0.62844799460163,0,0
40,42640,0.0,0.0,0.6583702314366687,0,0
41,43680,0.0,0.0,0.6469816006145771,0,0
42,44720,0.0,0.0,0.6860677503005382,0,0
43,45760,0.0,0.0,0.7005769689796157,0,0
44,46800,0.0,0.0,0.6868444032883061,0,0
45,47840,0.0,0.0,0.700330919019862,0,0
46,48880,0.0,0.0,0.6847699429507723,0,0
47,49920,0.0,0.0,0.913454498754711,0,0
48,50960,0.0,0.0,0.9477068154286791,0,0
49,52000,0.0,0.0,0.960365708577172,0,0
