t,bytes_sent,utility,pheromone,f1_val,agg_count,rollback
0,1040,0.0,0.0,0.14279935275080907,0,0
1,2080,0.0,0.0,0.10457155477031801,0,0
2,3120,0.0,0.0,0.39827141570136076,0,0
3,4160,0.0,0.0,0.141397957139996,0,0
4,5200,0.0,0.0,0.141397957139996,0,0
5,6240,0.0,0.0,0.141397957139996,0,0
6,7280,0.0,0.0,0.141397957139996,0,0
7,8320,0.0,0.0,0.141397957139996,0,0
8,9360,0.0,0.0,0.141397957139996,0,0
9,10400,0.0,0.0,0.141397957139996,0,0
10,11440,0.0,0.0,0.141397957139996,0,0
11,12480,0.0,0.0,0.141397957139996,0,0
12,13520,0.0,0.0,0.43552489369712954,0,0
13,14560,0.0,0.0,0.43748137743339666,0,0
14,15600,0.0,0.0,0.4380506665450014,0,0
15,16640,0.0,0.0,0.4863496475975218,0,0
16,17680,0.0,0.0,0.7011161361989342,0,0
17,18720,0.0,0.0,0.7010401564543445,0,0
18,19760,0.0,0.0,0.7012165807733519,0,0
19,20800,0.0,0.0,0.6930983439344198,0,0
20,21840,0.0,0.0,0.7009662546266813,0,0
21,22880,0.0,0.0,0.7009662546266813,0,0
22,23920,0.0,0.0,0.7009662546266813,0,0
23,24960,0.0,0.0,0.9922262850590627,0,0
24,26000,0.0,0.0,0.9806799001164882,0,0
25,27040,0.0,0.0,0.9960207019771873,0,0
26,28080,0.0,0.0,0.9901493298847097,0,0
27,29120,0.0,0.0,0.9871446711497952,0,0
28,30160,0.0,0.0,0.9905410059937811,0,0
29,31200,0.0,0.0,0.9966605118138915,0,0
30,32240,0.0,0.0,0.9905410059937811,0,0
31,33280,0.0,0.0,0.9971029125121428,0,0
32,34320,0.0,0.0,0.9910040044536889,0,0
33,35360,0.0,0.0,0.9971029125121428,0,0
34,36400,0.0,0.0,0.9971029125121428,0,0
35,37440,0.0,0.0,0.9901493298847097,0,0
36,38480,0.0,0.0,0.994356655862817,0,0
37,39520,0.0,0.0,0.9962710290637395,0,0
38,40560,0.0,0.0,0.9962710290637395,0,0
39,41600,0.0,0.0,0.9958557717480525,0,0
40,42640,0.0,0.0,0.9971029125121428,0,0
41,43680,0.0,0.0,0.9958557717480525,0,0
42,44720,0.0,0.0,0.992684475148198,0,0
43,45760,0.0,0.0,0.9962710290637395,0,0
44,46800,0.0,0.0,0.9971029125121428,0,0
45,47840,0.0,0.0,0.9958267183641853,0,0
46,48880,0.0,0.0,0.9958601375429889,0,0
47,49920,0.0,0.0,0.9958557717480525,0,0
48,50960,0.0,0.0,0.9946069829493691,0,0
49,52000,0.0,0.0,0.9941897064172326,0,0
