t,bytes_sent,utility,pheromone,f1_val,agg_count,rollback
0,1040,0.0,0.0,0.38733287130048577,0,0
1,2080,0.0,0.0,0.13862163754172394,0,0
2,3120,0.0,0.0,0.13862163754172394,0,0
3,4160,0.0,0.0,0.13862163754172394,0,0
4,5200,0.0,0.0,0.13862163754172394,0,0
5,6240,0.0,0.0,0.13862163754172394,0,0
6,7280,0.0,0.0,0.13862163754172394,0,0
7,8320,0.0,0.0,0.13862163754172394,0,0
8,9360,0.0,0.0,0.13862163754172394,0,0
9,10400,0.0,0.0,0.13862163754172394,0,0
10,11440,0.0,0.0,0.13862163754172394,0,0
11,12480,0.0,0.0,0.16710059171597633,0,0
12,13520,0.0,0.0,0.36027534363834895,0,0
13,14560,0.0,0.0,0.4375733801558438,0,0
14,15600,0.0,0.0,0.6900884844962976,0,0
15,16640,0.0,0.0,0.2213404506640869,0,0
16,17680,0.0,0.0,0.6992064883618309,0,0
17,18720,0.0,0.0,0.6886772406151312,0,0
18,19760,0.0,0.0,0.6876906735029447,0,0
19,20800,0.0,0.0,0.6889385471580445,0,0
20,21840,0.0,0.0,0.6929839210254856,0,0
21,22880,0.0,0.0,0.6953438321008855,0,0
22,23920,0.0,0.0,0.6954765057117567,0,0
23,24960,0.0,0.0,0.6955083081194023,0,0
24,26000,0.0,0.0,0.6947008226401791,0,0
25,27040,0.0,0.0,0.7609881125612366,0,0
26,28080,0.0,0.0,0.6977722494936307,0,0
27,29120,0.0,0.0,0.8639751322540014,0,0
28,30160,0.0,0.0,0.9897339741016268,0,0
29,31200,0.0,0.0,0.9515352773663949,0,0
30,32240,0.0,0.0,0.9946059470817044,0,0
31,33280,0.0,0.0,0.9943498767848904,0,0
32,34320,0.0,0.0,0.9957455607450773,0,0
33,35360,0.0,0.0,0.995702774193066,0,0
34,36400,0.0,0.0,0.9957455607450773,0,0
35,37440,0.0,0.0,0.9949076444438805,0,0
36,38480,0.0,0.0,0.9949076444438805,0,0
37,39520,0.0,0.0,0.9957455607450773,0,0
38,40560,0.0,0.0,0.9957455607450773,0,0
39,41600,0.0,0.0,0.9957455607450773,0,0
40,42640,0.0,0.0,0.9957455607450773,0,0
41,43680,0.0,0.0,0.9957455607450773,0,0
42,44720,0.0,0.0,0.9957455607450773,0,0
43,45760,0.0,0.0,0.9957455607450773,0,0
44,46800,0.0,0.0,0.9957455607450773,0,0
45,47840,0.0,0.0,0.9954832594659523,0,0
46,48880,0.0,0.0,0.9957455607450773,0,0
47,49920,0.0,0.0,0.9957455607450773,0,0
48,50960,0.0,0.0,0.9957455607450773,0,0
49,52000,0.0,0.0,0.9957455607450773,0,0
