t,bytes_sent,utility,pheromone,f1_val,agg_count,rollback
0,1040,0.0,0.0,0.9972131247180673,0,0
1,2080,0.0,0.0,0.9977998904431125,0,0
2,3120,0.0,0.0,0.9967805075071389,0,0
3,4160,0.0,0.0,0.9977998904431125,0,0
4,5200,0.0,0.0,0.9932399359167802,0,0
5,6240,0.0,0.0,0.9982111419559175,0,0
6,7280,0.0,0.0,0.9973891252095638,0,0
7,8320,0.0,0.0,0.9728783280721126,0,0
8,9360,0.0,0.0,0.9737708143129907,0,0
9,10400,0.0,0.0,0.9834234310399234,0,0
10,11440,0.0,0.0,0.9150968884908957,0,0
11,12480,0.0,0.0,0.8710108214359037,0,0
12,13520,0.0,0.0,0.9491803697603591,0,0
13,14560,0.0,0.0,0.9834234310399234,0,0
14,15600,0.0,0.0,0.8795878830269703,0,0
15,16640,0.0,0.0,0.8748497298390149,0,0
16,17680,0.0,0.0,0.8831345010716212,0,0
17,18720,0.0,0.0,0.9314910842229027,0,0
18,19760,0.0,0.0,0.9219453862130675,0,0
19,20800,0.0,0.0,0.8945704855267291,0,0
20,21840,0.0,0.0,0.9967584991393483,0,0
21,22880,0.0,0.0,0.9640317083077665,0,0
22,23920,0.0,0.0,0.9656690455404375,0,0
23,24960,0.0,0.0,0.9590286048893651,0,0
24,26000,0.0,0.0,0.9505522018594547,0,0
25,27040,0.0,0.0,0.9799019442023107,0,0
26,28080,0.0,0.0,0.973859569788474,0,0
27,29120,0.0,0.0,0.9873106369529845,0,0
28,30160,0.0,0.0,0.883753196055983,0,0
29,31200,0.0,0.0,0.9809412758091767,0,0
30,32240,0.0,0.0,0.9845290035190901,0,0
31,33280,0.0,0.0,0.9799404466321009,0,0
32,34320,0.0,0.0,0.9273975544837527,0,0
33,35360,0.0,0.0,0.9433842752411405,0,0
34,36400,0.0,0.0,0.9085667303362777,0,0
35,37440,0.0,0.0,0.9217386159009999,0,0
36,38480,0.0,0.0,0.9166851908949731,0,0
37,39520,0.0,0.0,0.9144900837858243,0,0
38,40560,0.0,0.0,0.9043992466491608,0,0
39,41600,0.0,0.0,0.8945690316684967,0,0
40,42640,0.0,0.0,0.9028876661134985,0,0
41,43680,0.0,0.0,0.8950085026412183,0,0
42,44720,0.0,0.0,0.8949594249055506,0,0
43,45760,0.0,0.0,0.8927608041953146,0,0
44,46800,0.0,0.0,0.8940801765760817,0,0
45,47840,0.0,0.0,0.8934205681525937,0,0
46,48880,0.0,0.0,0.8914407810525407,0,0
47,49920,0.0,0.0,0.892100877547231,0,0
48,50960,0.0,0.0,0.8910260706414511,0,0
49,52000,0.0,0.0,0.8890699314052134,0,0
