t,bytes_sent,utility,pheromone,f1_val,agg_count,rollback
0,1040,0.0,0.0,0.13973365136155833,0,0
1,2080,0.0,0.0,0.13973365136155833,0,0
2,3120,0.0,0.0,0.13973365136155833,0,0
3,4160,0.0,0.0,0.13973365136155833,0,0
4,5200,0.0,0.0,0.13973365136155833,0,0
5,6240,0.0,0.0,0.13973365136155833,0,0
6,7280,0.0,0.0,0.13973365136155833,0,0
7,8320,0.0,0.0,0.13973365136155833,0,0
8,9360,0.0,0.0,0.13973365136155833,0,0
9,10400,0.0,0.0,0.13973365136155833,0,0
10,11440,0.0,0.0,0.13973365136155833,0,0
11,12480,0.0,0.0,0.34490673216781575,0,0
12,13520,0.0,0.0,0.41714217784117924,0,0
13,14560,0.0,0.0,0.41691903018686227,0,0
14,15600,0.0,0.0,0.38125281837966174,0,0
15,16640,0.0,0.0,0.4172942938756935,0,0
16,17680,0.0,0.0,0.7010049472835517,0,0
17,18720,0.0,0.0,0.699674545838913,0,0
18,19760,0.0,0.0,0.6910509523006663,0,0
19,20800,0.0,0.0,0.6974912544637621,0,0
20,21840,0.0,0.0,0.6977693792991123,0,0
21,22880,0.0,0.0,0.6986137551887466,0,0
22,23920,0.0,0.0,0.6985428045474774,0,0
23,24960,0.0,0.0,0.8814717570095311,0,0
24,26000,0.0,0.0,0.6974286371795047,0,0
25,27040,0.0,0.0,0.899956673847427,0,0
26,28080,0.0,0.0,0.6946080773351414,0,0
27,29120,0.0,0.0,0.8889324557081691,0,0
28,30160,0.0,0.0,0.6964903077972757,0,0
29,31200,0.0,0.0,0.8718283393879869,0,0
30,32240,0.0,0.0,0.7004939399891392,0,0
31,33280,0.0,0.0,0.9218993929861878,0,0
32,34320,0.0,0.0,0.6979568339917304,0,0
33,35360,0.0,0.0,0.9937662172327051,0,0
34,36400,0.0,0.0,0.7683701308363758,0,0
35,37440,0.0,0.0,0.9814404579315958,0,0
36,38480,0.0,0.0,0.9168849364407001,0,0
37,39520,0.0,0.0,0.9268318912818577,0,0
38,40560,0.0,0.0,0.8964790300352692,0,0
39,41600,0.0,0.0,0.8326756557113446,0,0
40,42640,0.0,0.0,0.9933534881906376,0,0
41,43680,0.0,0.0,0.9040393899025726,0,0
42,44720,0.0,0.0,0.7009169771696235,0,0
43,45760,0.0,0.0,0.7000400194091229,0,0
44,46800,0.0,0.0,0.9907735741621905,0,0
45,47840,0.0,0.0,0.6985518803206829,0,0
46,48880,0.0,0.0,0.8108338562739811,0,0
47,49920,0.0,0.0,0.9924478776051496,0,0
48,50960,0.0,0.0,0.6977645774244519,0,0
49,52000,0.0,0.0,0.7641008693411153,0,0
