t,bytes_sent,utility,pheromone,f1_val,agg_count,rollback
0,4160,0.0,0.0,0.1417771333885667,0,0
1,8320,0.0,0.0,0.08791994281629735,0,0
2,12480,0.0,0.0,0.1417771333885667,0,0
3,16640,0.0,0.0,0.1417771333885667,0,0
4,20800,0.0,0.0,0.1417771333885667,0,0
5,24960,0.0,0.0,0.1417771333885667,0,0
6,29120,0.0,0.0,0.1417771333885667,0,0
7,33280,0.0,0.0,0.1417771333885667,0,0
8,37440,0.0,0.0,0.1417771333885667,0,0
9,41600,0.0,0.0,0.22110531095797747,0,0
10,45760,0.0,0.0,0.4165165486077186,0,0
11,49920,0.0,0.0,0.4168984104266471,0,0
12,54080,0.0,0.0,0.4166028363164927,0,0
13,58240,0.0,0.0,0.6247188354665296,0,0
14,62400,0.0,0.0,0.6695026956812163,0,0
15,66560,0.0,0.0,0.6773106348434114,0,0
16,70720,0.0,0.0,0.7121729364304415,0,0
17,74880,0.0,0.0,0.6994105502762514,0,0
18,79040,0.0,0.0,0.6994811536951104,0,0
19,83200,0.0,0.0,0.6986087706481214,0,0
20,87360,0.0,0.0,0.6812308180018539,0,0
21,91520,0.0,0.0,0.6994294294135228,0,0
22,95680,0.0,0.0,0.7112869296257212,0,0
23,99840,0.0,0.0,0.7001327639302914,0,0
24,104000,0.0,0.0,0.6996071208487735,0,0
25,108160,0.0,0.0,0.7001440507344061,0,0
26,112320,0.0,0.0,0.7017174187921619,0,0
27,116480,0.0,0.0,0.7111499870740028,0,0
28,120640,0.0,0.0,0.7136331455310448,0,0
29,124800,0.0,0.0,0.7119926656819211,0,0
30,128960,0.0,0.0,0.7005014557975363,0,0
31,133120,0.0,0.0,0.7003153882722916,0,0
32,137280,0.0,0.0,0.7012355873321501,0,0
33,141440,0.0,0.0,0.7043040910414998,0,0
34,145600,0.0,0.0,0.7060993885041831,0,0
35,149760,0.0,0.0,0.6983737865805997,0,0
36,153920,0.0,0.0,0.7002352384419749,0,0
37,158080,0.0,0.0,0.6989914618448265,0,0
38,162240,0.0,0.0,0.6817005606636304,0,0
39,166400,0.0,0.0,0.7133060258075758,0,0
40,170560,0.0,0.0,0.6968282493413391,0,0
41,174720,0.0,0.0,0.6285087756415193,0,0
42,178880,0.0,0.0,0.6991689112422326,0,0
43,183040,0.0,0.0,0.7050498820528427,0,0
44,187200,0.0,0.0,0.6655681162325575,0,0
45,191360,0.0,0.0,0.659496451891949,0,0
46,195520,0.0,0.0,0.6753024352859329,0,0
47,199680,0.0,0.0,0.6620109219404846,0,0
48,203840,0.0,0.0,0.7019756347190588,0,0
49,208000,0.0,0.0,0.6862351075446036,0,0
