t,bytes_sent,utility,pheromone,f1_val,agg_count,rollback
0,4160,0.0,0.0,0.9697093323419335,0,0
1,8320,0.0,0.0,0.9757033821950307,0,0
2,12480,0.0,0.0,0.9113134700436863,0,0
3,16640,0.0,0.0,0.9314566570566473,0,0
4,20800,0.0,0.0,0.9575976066121127,0,0
5,24960,0.0,0.0,0.9488361529098088,0,0
6,29120,0.0,0.0,0.9284765704827171,0,0
7,33280,0.0,0.0,0.9314405930147285,0,0
8,37440,0.0,0.0,0.9344820509684771,0,0
9,41600,0.0,0.0,0.9358785443910569,0,0
10,45760,0.0,0.0,0.9392175642864408,0,0
11,49920,0.0,0.0,0.9383769227853671,0,0
12,54080,0.0,0.0,0.9344153530321593,0,0
13,58240,0.0,0.0,0.9354230584129108,0,0
14,62400,0.0,0.0,0.9126943079748022,0,0
15,66560,0.0,0.0,0.9379496297964152,0,0
16,70720,0.0,0.0,0.9388572401379166,0,0
17,74880,0.0,0.0,0.9475550048263972,0,0
18,79040,0.0,0.0,0.8261118739480958,0,0
19,83200,0.0,0.0,0.9447091779057151,0,0
20,87360,0.0,0.0,0.9534732042600161,0,0
21,91520,0.0,0.0,0.9435171672426949,0,0
22,95680,0.0,0.0,0.952499999918271,0,0
23,99840,0.0,0.0,0.9539200254563213,0,0
24,104000,0.0,0.0,0.9412483203181361,0,0
25,108160,0.0,0.0,0.9548063671076149,0,0
26,112320,0.0,0.0,0.9552474225628923,0,0
27,116480,0.0,0.0,0.9456561676224601,0,0
28,120640,0.0,0.0,0.9566251980479551,0,0
29,124800,0.0,0.0,0.9553646218632399,0,0
30,128960,0.0,0.0,0.9533167480350525,0,0
31,133120,0.0,0.0,0.9559385162924914,0,0
32,137280,0.0,0.0,0.9540336218750942,0,0
33,141440,0.0,0.0,0.9488002362237358,0,0
34,145600,0.0,0.0,0.9547932245969125,0,0
35,149760,0.0,0.0,0.9256782049284975,0,0
36,153920,0.0,0.0,0.9511971994300623,0,0
37,158080,0.0,0.0,0.9536071467705347,0,0
38,162240,0.0,0.0,0.9542046732194204,0,0
39,166400,0.0,0.0,0.9537450287958874,0,0
40,170560,0.0,0.0,0.954915158813595,0,0
41,174720,0.0,0.0,0.9519445671654488,0,0
42,178880,0.0,0.0,0.9515185048581627,0,0
43,183040,0.0,0.0,0.9540100718375664,0,0
44,187200,0.0,0.0,0.9515209127338422,0,0
45,191360,0.0,0.0,0.951916718162196,0,0
46,195520,0.0,0.0,0.9478661947803791,0,0
47,199680,0.0,0.0,0.9535076178351607,0,0
48,203840,0.0,0.0,0.9526948360419464,0,0
49,208000,0.0,0.0,0.9543989849551804,0,0
