t,bytes_sent,utility,pheromone,f1_val,agg_count,rollback
0,4160,0.0,0.0,0.33950496643340766,0,0
1,8320,0.0,0.0,0.25393520925879154,0,0
2,12480,0.0,0.0,0.1403857625770531,0,0
3,16640,0.0,0.0,0.15503807124507837,0,0
4,20800,0.0,0.0,0.1403857625770531,0,0
5,24960,0.0,0.0,0.1403857625770531,0,0
6,29120,0.0,0.0,0.1403857625770531,0,0
7,33280,0.0,0.0,0.1403857625770531,0,0
8,37440,0.0,0.0,0.1403857625770531,0,0
9,41600,0.0,0.0,0.2593895415606843,0,0
10,45760,0.0,0.0,0.4161203556905605,0,0
11,49920,0.0,0.0,0.37428447796561215,0,0
12,54080,0.0,0.0,0.3714580999949427,0,0
13,58240,0.0,0.0,0.37127078508589595,0,0
14,62400,0.0,0.0,0.37127078508589595,0,0
15,66560,0.0,0.0,0.3715055716701517,0,0
16,70720,0.0,0.0,0.3780622021448752,0,0
17,74880,0.0,0.0,0.3739233208274259,0,0
18,79040,0.0,0.0,0.4156499404539718,0,0
19,83200,0.0,0.0,0.5403911244395325,0,0
20,87360,0.0,0.0,0.68877170567594,0,0
21,91520,0.0,0.0,0.7119061509349174,0,0
22,95680,0.0,0.0,0.6817116295270033,0,0
23,99840,0.0,0.0,0.7010371539534679,0,0
24,104000,0.0,0.0,0.7115091406168195,0,0
25,108160,0.0,0.0,0.6668779212434937,0,0
26,112320,0.0,0.0,0.6704852082198957,0,0
27,116480,0.0,0.0,0.7097175058735912,0,0
28,120640,0.0,0.0,0.7132924984109341,0,0
29,124800,0.0,0.0,0.7130035227102225,0,0
30,128960,0.0,0.0,0.7128057750430625,0,0
31,133120,0.0,0.0,0.7119830384025392,0,0
32,137280,0.0,0.0,0.6529032550289281,0,0
33,141440,0.0,0.0,0.5961812799233057,0,0
34,145600,0.0,0.0,0.6964248957273529,0,0
35,149760,0.0,0.0,0.4732838864444725,0,0
36,153920,0.0,0.0,0.4320710661353229,0,0
37,158080,0.0,0.0,0.5066286365302217,0,0
38,162240,0.0,0.0,0.47977329415820646,0,0
39,166400,0.0,0.0,0.5046123050897786,0,0
40,170560,0.0,0.0,0.4977272632726769,0,0
41,174720,0.0,0.0,0.576574912562619,0,0
42,178880,0.0,0.0,0.5051369053473928,0,0
43,183040,0.0,0.0,0.5019801766868273,0,0
44,187200,0.0,0.0,0.5094915651205105,0,0
45,191360,0.0,0.0,0.494680086346002,0,0
46,195520,0.0,0.0,0.5955691003385204,0,0
47,199680,0.0,0.0,0.5030773111191276,0,0
48,203840,0.0,0.0,0.40718848271300584,0,0
49,208000,0.0,0.0,0.5098484745082399,0,0
