t,bytes_sent,utility,pheromone,f1_val,agg_count,rollback
0,4160,0.0,0.0,0.9971902149497798,0,0
1,8320,0.0,0.0,0.9976015531333403,0,0
2,12480,0.0,0.0,0.9977998904431125,0,0
3,16640,0.0,0.0,0.9971461492914482,0,0
4,20800,0.0,0.0,0.9982111419559175,0,0
5,24960,0.0,0.0,0.9971461492914482,0,0
6,29120,0.0,0.0,0.9967358680170888,0,0
7,33280,0.0,0.0,0.9967358680170888,0,0
8,37440,0.0,0.0,0.9967358680170888,0,0
9,41600,0.0,0.0,0.9982111419559175,0,0
10,45760,0.0,0.0,0.9795102985596664,0,0
11,49920,0.0,0.0,0.9777554981313531,0,0
12,54080,0.0,0.0,0.994470429891246,0,0
13,58240,0.0,0.0,0.9968118923891953,0,0
14,62400,0.0,0.0,0.9967358680170888,0,0
15,66560,0.0,0.0,0.9969788439352044,0,0
16,70720,0.0,0.0,0.992404658347029,0,0
17,74880,0.0,0.0,0.9643892962521182,0,0
18,79040,0.0,0.0,0.9306614144214664,0,0
19,83200,0.0,0.0,0.9412651552178448,0,0
20,87360,0.0,0.0,0.9343549062792418,0,0
21,91520,0.0,0.0,0.8780392484443881,0,0
22,95680,0.0,0.0,0.9782232826213212,0,0
23,99840,0.0,0.0,0.857607152891188,0,0
24,104000,0.0,0.0,0.8284873172472197,0,0
25,108160,0.0,0.0,0.8857091192329352,0,0
26,112320,0.0,0.0,0.9940522555841613,0,0
27,116480,0.0,0.0,0.8742395720784749,0,0
28,120640,0.0,0.0,0.9753475743491691,0,0
29,124800,0.0,0.0,0.964419367558213,0,0
30,128960,0.0,0.0,0.9371262305411893,0,0
31,133120,0.0,0.0,0.8958359494231584,0,0
32,137280,0.0,0.0,0.8943378657278519,0,0
33,141440,0.0,0.0,0.9000321216182028,0,0
34,145600,0.0,0.0,0.8861760355584163,0,0
35,149760,0.0,0.0,0.8852296620204194,0,0
36,153920,0.0,0.0,0.8826736384416808,0,0
37,158080,0.0,0.0,0.8720026061041752,0,0
38,162240,0.0,0.0,0.8689567463473384,0,0
39,166400,0.0,0.0,0.8678606471566255,0,0
40,170560,0.0,0.0,0.8647425345547393,0,0
41,174720,0.0,0.0,0.864776416306201,0,0
42,178880,0.0,0.0,0.9819330375260864,0,0
43,183040,0.0,0.0,0.9573821278375285,0,0
44,187200,0.0,0.0,0.9730406366308471,0,0
45,191360,0.0,0.0,0.9538296324618211,0,0
46,195520,0.0,0.0,0.9007088758161128,0,0
47,199680,0.0,0.0,0.8877457854279858,0,0
48,203840,0.0,0.0,0.8754220390466646,0,0
49,208000,0.0,0.0,0.8646100696367267,0,0
