t,bytes_sent,utility,pheromone,f1_val,agg_count,rollback
0,4160,0.0,0.0,0.06035621705863465,0,0
1,8320,0.0,0.0,0.09269662921348315,0,0
2,12480,0.0,0.0,0.13973365136155833,0,0
3,16640,0.0,0.0,0.13973365136155833,0,0
4,20800,0.0,0.0,0.13973365136155833,0,0
5,24960,0.0,0.0,0.13973365136155833,0,0
6,29120,0.0,0.0,0.13973365136155833,0,0
7,33280,0.0,0.0,0.13973365136155833,0,0
8,37440,0.0,0.0,0.13973365136155833,0,0
9,41600,0.0,0.0,0.13973365136155833,0,0
10,45760,0.0,0.0,0.13973365136155833,0,0
11,49920,0.0,0.0,0.13973365136155833,0,0
12,54080,0.0,0.0,0.4157993423538048,0,0
13,58240,0.0,0.0,0.4169508412658852,0,0
14,62400,0.0,0.0,0.38381574747486924,0,0
15,66560,0.0,0.0,0.38197049394284616,0,0
16,70720,0.0,0.0,0.47671108013518626,0,0
17,74880,0.0,0.0,0.6952282726472792,0,0
18,79040,0.0,0.0,0.6981338031394603,0,0
19,83200,0.0,0.0,0.697742482201144,0,0
20,87360,0.0,0.0,0.7003081214041257,0,0
21,91520,0.0,0.0,0.6960372590874079,0,0
22,95680,0.0,0.0,0.6990095547029328,0,0
23,99840,0.0,0.0,0.699256865225306,0,0
24,104000,0.0,0.0,0.6941356079298683,0,0
25,108160,0.0,0.0,0.6978508406827648,0,0
26,112320,0.0,0.0,0.6984653477235443,0,0
27,116480,0.0,0.0,0.6906929692728074,0,0
28,120640,0.0,0.0,0.6906834853300046,0,0
29,124800,0.0,0.0,0.7003045160716379,0,0
30,128960,0.0,0.0,0.7068572916705371,0,0
31,133120,0.0,0.0,0.7545935672169666,0,0
32,137280,0.0,0.0,0.7014606279890463,0,0
33,141440,0.0,0.0,0.7680341499957742,0,0
34,145600,0.0,0.0,0.7010056609658452,0,0
35,149760,0.0,0.0,0.6982002509830134,0,0
36,153920,0.0,0.0,0.9757528890910715,0,0
37,158080,0.0,0.0,0.697239082889915,0,0
38,162240,0.0,0.0,0.6968648933284182,0,0
39,166400,0.0,0.0,0.9882783665404316,0,0
40,170560,0.0,0.0,0.7716649838456379,0,0
41,174720,0.0,0.0,0.9844562000168705,0,0
42,178880,0.0,0.0,0.7009169771696235,0,0
43,183040,0.0,0.0,0.9891511911968958,0,0
44,187200,0.0,0.0,0.8478740778984736,0,0
45,191360,0.0,0.0,0.7008327817140446,0,0
46,195520,0.0,0.0,0.6982901427811046,0,0
47,199680,0.0,0.0,0.9850980102410978,0,0
48,203840,0.0,0.0,0.778227699773357,0,0
49,208000,0.0,0.0,0.9908003514915902,0,0
