t,bytes_sent,utility,pheromone,f1_val,agg_count,rollback
0,4160,0.0,0.0,0.10398230088495575,0,0
1,8320,0.0,0.0,0.14142628205128205,0,0
2,12480,0.0,0.0,0.14142628205128205,0,0
3,16640,0.0,0.0,0.14142628205128205,0,0
4,20800,0.0,0.0,0.14142628205128205,0,0
5,24960,0.0,0.0,0.14142628205128205,0,0
6,29120,0.0,0.0,0.14142628205128205,0,0
7,33280,0.0,0.0,0.14142628205128205,0,0
8,37440,0.0,0.0,0.14142628205128205,0,0
9,41600,0.0,0.0,0.14142628205128205,0,0
10,45760,0.0,0.0,0.14142628205128205,0,0
11,49920,0.0,0.0,0.14142628205128205,0,0
12,54080,0.0,0.0,0.14142628205128205,0,0
13,58240,0.0,0.0,0.4166544795555117,0,0
14,62400,0.0,0.0,0.4776267838677425,0,0
15,66560,0.0,0.0,0.7041506203267714,0,0
16,70720,0.0,0.0,0.5122393013355934,0,0
17,74880,0.0,0.0,0.7103954876629905,0,0
18,79040,0.0,0.0,0.7074181211325404,0,0
19,83200,0.0,0.0,0.706813651708012,0,0
20,87360,0.0,0.0,0.6964099084151669,0,0
21,91520,0.0,0.0,0.6724892812329405,0,0
22,95680,0.0,0.0,0.6481578841474713,0,0
23,99840,0.0,0.0,0.695513860279006,0,0
24,104000,0.0,0.0,0.6279241866179256,0,0
25,108160,0.0,0.0,0.6947529966047321,0,0
26,112320,0.0,0.0,0.6766468319572657,0,0
27,116480,0.0,0.0,0.680229168645597,0,0
28,120640,0.0,0.0,0.8564049723611549,0,0
29,124800,0.0,0.0,0.9377366628925218,0,0
30,128960,0.0,0.0,0.7469608324072756,0,0
31,133120,0.0,0.0,0.7926962698021611,0,0
32,137280,0.0,0.0,0.95961153109377,0,0
33,141440,0.0,0.0,0.7921253006269314,0,0
34,145600,0.0,0.0,0.9391122709619191,0,0
35,149760,0.0,0.0,0.8178078937670273,0,0
36,153920,0.0,0.0,0.961133379887945,0,0
37,158080,0.0,0.0,0.6250260529794799,0,0
38,162240,0.0,0.0,0.9601227131498851,0,0
39,166400,0.0,0.0,0.7940543308678204,0,0
40,170560,0.0,0.0,0.961032906258135,0,0
41,174720,0.0,0.0,0.9615027856097667,0,0
42,178880,0.0,0.0,0.777908817245736,0,0
43,183040,0.0,0.0,0.9524206234985197,0,0
44,187200,0.0,0.0,0.8137161468723628,0,0
45,191360,0.0,0.0,0.8396705069517965,0,0
46,195520,0.0,0.0,0.8160114667020635,0,0
47,199680,0.0,0.0,0.8201002132965407,0,0
48,203840,0.0,0.0,0.46240304063871746,0,0
49,208000,0.0,0.0,0.8202840720214609,0,0
