t,bytes_sent,utility,pheromone,f1_val,agg_count,rollback
0,4160,0.0,0.0,0.41662931103489464,0,0
1,8320,0.0,0.0,0.08845180584311019,0,0
2,12480,0.0,0.0,0.14205682272909165,0,0
3,16640,0.0,0.0,0.14205682272909165,0,0
4,20800,0.0,0.0,0.14205682272909165,0,0
5,24960,0.0,0.0,0.14205682272909165,0,0
6,29120,0.0,0.0,0.14205682272909165,0,0
7,33280,0.0,0.0,0.14205682272909165,0,0
8,37440,0.0,0.0,0.14205682272909165,0,0
9,41600,0.0,0.0,0.14205682272909165,0,0
10,45760,0.0,0.0,0.14205682272909165,0,0
11,49920,0.0,0.0,0.14205682272909165,0,0
12,54080,0.0,0.0,0.14205682272909165,0,0
13,58240,0.0,0.0,0.14205682272909165,0,0
14,62400,0.0,0.0,0.4170778520170104,0,0
15,66560,0.0,0.0,0.4169130971024577,0,0
16,70720,0.0,0.0,0.41683246609844005,0,0
17,74880,0.0,0.0,0.41671011811102343,0,0
18,79040,0.0,0.0,0.41679099637737954,0,0
19,83200,0.0,0.0,0.416587999573199,0,0
20,87360,0.0,0.0,0.7140699654073116,0,0
21,91520,0.0,0.0,0.7120780977012648,0,0
22,95680,0.0,0.0,0.3995316050099016,0,0
23,99840,0.0,0.0,0.5395034295375388,0,0
24,104000,0.0,0.0,0.6677699259837196,0,0
25,108160,0.0,0.0,0.6730886331768569,0,0
26,112320,0.0,0.0,0.37974978991024155,0,0
27,116480,0.0,0.0,0.6816307324198131,0,0
28,120640,0.0,0.0,0.3895338046902472,0,0
29,124800,0.0,0.0,0.6687333388516692,0,0
30,128960,0.0,0.0,0.46624992802714416,0,0
31,133120,0.0,0.0,0.6312610825833044,0,0
32,137280,0.0,0.0,0.5644955227026586,0,0
33,141440,0.0,0.0,0.6148835040632651,0,0
34,145600,0.0,0.0,0.6826837629912597,0,0
35,149760,0.0,0.0,0.3999836141330436,0,0
36,153920,0.0,0.0,0.631624658519783,0,0
37,158080,0.0,0.0,0.46231440020406606,0,0
38,162240,0.0,0.0,0.6696448152337477,0,0
39,166400,0.0,0.0,0.43926844523699765,0,0
40,170560,0.0,0.0,0.6816789494252908,0,0
41,174720,0.0,0.0,0.5911337375272486,0,0
42,178880,0.0,0.0,0.666159102059234,0,0
43,183040,0.0,0.0,0.542632270458292,0,0
44,187200,0.0,0.0,0.6985709984920879,0,0
45,191360,0.0,0.0,0.6860310069886668,0,0
46,195520,0.0,0.0,0.4008647389364233,0,0
47,199680,0.0,0.0,0.6968273758045008,0,0
48,203840,0.0,0.0,0.6926460765619442,0,0
49,208000,0.0,0.0,0.4440996457344737,0,0
