t,bytes_sent,utility,pheromone,f1_val,agg_count,rollback
0,4160,0.0,0.0,0.06789815277084373,0,0
1,8320,0.0,0.0,0.09046591544793414,0,0
2,12480,0.0,0.0,0.12729040460698526,0,0
3,16640,0.0,0.0,0.14561213434452872,0,0
4,20800,0.0,0.0,0.12644194756554308,0,0
5,24960,0.0,0.0,0.13062862238074008,0,0
6,29120,0.0,0.0,0.13395362575690445,0,0
7,33280,0.0,0.0,0.14231719726704464,0,0
8,37440,0.0,0.0,0.14231719726704464,0,0
9,41600,0.0,0.0,0.1450469992769342,0,0
10,45760,0.0,0.0,0.1441402288859916,0,0
11,49920,0.0,0.0,0.1453862273285642,0,0
12,54080,0.0,0.0,0.14254577157802964,0,0
13,58240,0.0,0.0,0.14231719726704464,0,0
14,62400,0.0,0.0,0.14117132867132867,0,0
15,66560,0.0,0.0,0.14013575651412305,0,0
16,70720,0.0,0.0,0.13955867309659506,0,0
17,74880,0.0,0.0,0.13851672889669817,0,0
18,79040,0.0,0.0,0.13944310458232842,0,0
19,83200,0.0,0.0,0.14013575651412305,0,0
20,87360,0.0,0.0,0.1409415537093718,0,0
21,91520,0.0,0.0,0.14163027656477437,0,0
22,95680,0.0,0.0,0.14243150933798415,0,0
23,99840,0.0,0.0,0.14231719726704464,0,0
24,104000,0.0,0.0,0.14231719726704464,0,0
25,108160,0.0,0.0,0.14231719726704464,0,0
26,112320,0.0,0.0,0.14231719726704464,0,0
27,116480,0.0,0.0,0.14220283533260633,0,0
28,120640,0.0,0.0,0.14174488830677437,0,0
29,124800,0.0,0.0,0.14220283533260633,0,0
30,128960,0.0,0.0,0.14208842350203607,0,0
31,133120,0.0,0.0,0.14220283533260633,0,0
32,137280,0.0,0.0,0.14231719726704464,0,0
33,141440,0.0,0.0,0.14231719726704464,0,0
34,145600,0.0,0.0,0.14231719726704464,0,0
35,149760,0.0,0.0,0.14231719726704464,0,0
36,153920,0.0,0.0,0.14231719726704464,0,0
37,158080,0.0,0.0,0.14231719726704464,0,0
38,162240,0.0,0.0,0.14231719726704464,0,0
39,166400,0.0,0.0,0.14231719726704464,0,0
40,170560,0.0,0.0,0.14220283533260633,0,0
41,174720,0.0,0.0,0.1418594500218245,0,0
42,178880,0.0,0.0,0.14174488830677437,0,0
43,183040,0.0,0.0,0.14220283533260633,0,0
44,187200,0.0,0.0,0.14163027656477437,0,0
45,191360,0.0,0.0,0.1415156147630487,0,0
46,195520,0.0,0.0,0.1412861408491734,0,0
47,199680,0.0,0.0,0.1412861408491734,0,0
48,203840,0.0,0.0,0.14036623622966368,0,0
49,208000,0.0,0.0,0.14059651425654487,0,0
