t,bytes_sent,utility,pheromone,f1_val,agg_count,rollback
0,1040,0.0,0.0,0.1403857625770531,0,0
1,2080,0.0,0.0,0.1403857625770531,0,0
2,3120,0.0,0.0,0.1403857625770531,0,0
3,4160,0.0,0.0,0.1403857625770531,0,0
4,5200,0.0,0.0,0.1403857625770531,0,0
5,6240,0.0,0.0,0.1403857625770531,0,0
6,7280,0.0,0.0,0.1403857625770531,0,0
7,8320,0.0,0.0,0.1403857625770531,0,0
8,9360,0.0,0.0,0.1403857625770531,0,0
9,10400,0.0,0.0,0.1403857625770531,0,0
10,11440,0.0,0.0,0.41489387956931567,0,0
11,12480,0.0,0.0,0.4161574336314925,0,0
12,13520,0.0,0.0,0.41580726865236384,0,0
13,14560,0.0,0.0,0.37238315470072925,0,0
14,15600,0.0,0.0,0.41580726865236384,0,0
15,16640,0.0,0.0,0.41580726865236384,0,0
16,17680,0.0,0.0,0.6415558613368659,0,0
17,18720,0.0,0.0,0.6878993062878982,0,0
18,19760,0.0,0.0,0.6328902163757388,0,0
19,20800,0.0,0.0,0.6356145829603848,0,0
20,21840,0.0,0.0,0.5985630680405151,0,0
21,22880,0.0,0.0,0.5710563568754357,0,0
22,23920,0.0,0.0,0.5953082515378996,0,0
23,24960,0.0,0.0,0.5606944772152543,0,0
24,26000,0.0,0.0,0.5708782171646412,0,0
25,27040,0.0,0.0,0.5872080427888506,0,0
26,28080,0.0,0.0,0.5705651203062847,0,0
27,29120,0.0,0.0,0.5509566686298422,0,0
28,30160,0.0,0.0,0.5819832974129244,0,0
29,31200,0.0,0.0,0.5824663156757399,0,0
30,32240,0.0,0.0,0.5634248453324594,0,0
31,33280,0.0,0.0,0.5221821662986408,0,0
32,34320,0.0,0.0,0.5869948274055066,0,0
33,35360,0.0,0.0,0.5574359517791172,0,0
34,36400,0.0,0.0,0.5174438442284558,0,0
35,37440,0.0,0.0,0.5645708313517267,0,0
36,38480,0.0,0.0,0.5705685371508749,0,0
37,39520,0.0,0.0,0.5216989216196919,0,0
38,40560,0.0,0.0,0.6055890397250072,0,0
39,41600,0.0,0.0,0.5950869474614726,0,0
40,42640,0.0,0.0,0.5648563160990023,0,0
41,43680,0.0,0.0,0.5273050252107441,0,0
42,44720,0.0,0.0,0.5232886516975006,0,0
43,45760,0.0,0.0,0.5951104620621754,0,0
44,46800,0.0,0.0,0.5518914540062689,0,0
45,47840,0.0,0.0,0.533875151038103,0,0
46,48880,0.0,0.0,0.5374142159412738,0,0
47,49920,0.0,0.0,0.5842253990170883,0,0
48,50960,0.0,0.0,0.5915522578671887,0,0
49,52000,0.0,0.0,0.5221810033208364,0,0
