t,bytes_sent,utility,pheromone,f1_val,agg_count,rollback
0,1040,0.0,0.0,0.10386473429951691,0,0
1,2080,0.0,0.0,0.14063745019920318,0,0
2,3120,0.0,0.0,0.14063745019920318,0,0
3,4160,0.0,0.0,0.14063745019920318,0,0
4,5200,0.0,0.0,0.14063745019920318,0,0
5,6240,0.0,0.0,0.14063745019920318,0,0
6,7280,0.0,0.0,0.14063745019920318,0,0
7,8320,0.0,0.0,0.14063745019920318,0,0
8,9360,0.0,0.0,0.14063745019920318,0,0
9,10400,0.0,0.0,0.14063745019920318,0,0
10,11440,0.0,0.0,0.14063745019920318,0,0
11,12480,0.0,0.0,0.4173069283424069,0,0
12,13520,0.0,0.0,0.41727255530994717,0,0
13,14560,0.0,0.0,0.27039567138875237,0,0
14,15600,0.0,0.0,0.4354124520890643,0,0
15,16640,0.0,0.0,0.37763042722375845,0,0
16,17680,0.0,0.0,0.40347114172791165,0,0
17,18720,0.0,0.0,0.5451002132306997,0,0
18,19760,0.0,0.0,0.4399646920982077,0,0
19,20800,0.0,0.0,0.5504634727736524,0,0
20,21840,0.0,0.0,0.4370856329520628,0,0
21,22880,0.0,0.0,0.6432925080506516,0,0
22,23920,0.0,0.0,0.6561262196323355,0,0
23,24960,0.0,0.0,0.6999871620513731,0,0
24,26000,0.0,0.0,0.6994623253697945,0,0
25,27040,0.0,0.0,0.7022370769229069,0,0
26,28080,0.0,0.0,0.8503434559236789,0,0
27,29120,0.0,0.0,0.986957217635473,0,0
28,30160,0.0,0.0,0.951492229648238,0,0
29,31200,0.0,0.0,0.9862269625844298,0,0
30,32240,0.0,0.0,0.9377442219655836,0,0
31,33280,0.0,0.0,0.9916552388182082,0,0
32,34320,0.0,0.0,0.9918313798662364,0,0
33,35360,0.0,0.0,0.9752099894872883,0,0
34,36400,0.0,0.0,0.9920398851238973,0,0
35,37440,0.0,0.0,0.9414860443098415,0,0
36,38480,0.0,0.0,0.9419034119410576,0,0
37,39520,0.0,0.0,0.9243268913183352,0,0
38,40560,0.0,0.0,0.9933143176533279,0,0
39,41600,0.0,0.0,0.9929682834285696,0,0
40,42640,0.0,0.0,0.9931673086796463,0,0
41,43680,0.0,0.0,0.9429212791928218,0,0
42,44720,0.0,0.0,0.9107840622332601,0,0
43,45760,0.0,0.0,0.9888122351957638,0,0
44,46800,0.0,0.0,0.992729206564174,0,0
45,47840,0.0,0.0,0.992749258058351,0,0
46,48880,0.0,0.0,0.9185260061893407,0,0
47,49920,0.0,0.0,0.859105919232134,0,0
48,50960,0.0,0.0,0.992749258058351,0,0
49,52000,0.0,0.0,0.9931436324833557,0,0
