t,bytes_sent,utility,pheromone,f1_val,agg_count,rollback
0,1040,0.0,0.0,0.08258878230742453,0,0
1,2080,0.0,0.0,0.14022662889518414,0,0
2,3120,0.0,0.0,0.14022662889518414,0,0
3,4160,0.0,0.0,0.14022662889518414,0,0
4,5200,0.0,0.0,0.14022662889518414,0,0
5,6240,0.0,0.0,0.14022662889518414,0,0
6,7280,0.0,0.0,0.14022662889518414,0,0
7,8320,0.0,0.0,0.14022662889518414,0,0
8,9360,0.0,0.0,0.14022662889518414,0,0
9,10400,0.0,0.0,0.14022662889518414,0,0
10,11440,0.0,0.0,0.4154217366275759,0,0
11,12480,0.0,0.0,0.37490500111503056,0,0
12,13520,0.0,0.0,0.3747827655098471,0,0
13,14560,0.0,0.0,0.3740274556469897,0,0
14,15600,0.0,0.0,0.39917248602802985,0,0
15,16640,0.0,0.0,0.662461983922492,0,0
16,17680,0.0,0.0,0.6665811474101742,0,0
17,18720,0.0,0.0,0.6667444232707072,0,0
18,19760,0.0,0.0,0.6653795100560385,0,0
19,20800,0.0,0.0,0.6668071501422065,0,0
20,21840,0.0,0.0,0.6680147070055327,0,0
21,22880,0.0,0.0,0.6671506053606212,0,0
22,23920,0.0,0.0,0.666807522418264,0,0
23,24960,0.0,0.0,0.6676690497662994,0,0
24,26000,0.0,0.0,0.6664620698013212,0,0
25,27040,0.0,0.0,0.6639266618703229,0,0
26,28080,0.0,0.0,0.6201592401618733,0,0
27,29120,0.0,0.0,0.6168959947700925,0,0
28,30160,0.0,0.0,0.6673163998617483,0,0
29,31200,0.0,0.0,0.6243880371001408,0,0
30,32240,0.0,0.0,0.949861004525039,0,0
31,33280,0.0,0.0,0.620601273582605,0,0
32,34320,0.0,0.0,0.9500352348329567,0,0
33,35360,0.0,0.0,0.9434083388884723,0,0
34,36400,0.0,0.0,0.9483413837675432,0,0
35,37440,0.0,0.0,0.9536759880813486,0,0
36,38480,0.0,0.0,0.9427581693700102,0,0
37,39520,0.0,0.0,0.943994982260359,0,0
38,40560,0.0,0.0,0.9422681937133789,0,0
39,41600,0.0,0.0,0.956391888419144,0,0
40,42640,0.0,0.0,0.9435904502264855,0,0
41,43680,0.0,0.0,0.9470352571582064,0,0
42,44720,0.0,0.0,0.9432422225670866,0,0
43,45760,0.0,0.0,0.9330182290341765,0,0
44,46800,0.0,0.0,0.9410266361882587,0,0
45,47840,0.0,0.0,0.9274010776159456,0,0
46,48880,0.0,0.0,0.9533042897533327,0,0
47,49920,0.0,0.0,0.9486987252782975,0,0
48,50960,0.0,0.0,0.9448351924943599,0,0
49,52000,0.0,0.0,0.9505155409266139,0,0
