t,bytes_sent,utility,pheromone,f1_val,agg_count,rollback
0,1040,0.0,0.0,0.2957813270459144,0,0
1,2080,0.0,0.0,0.13973365136155833,0,0
2,3120,0.0,0.0,0.13973365136155833,0,0
3,4160,0.0,0.0,0.13973365136155833,0,0
4,5200,0.0,0.0,0.13973365136155833,0,0
5,6240,0.0,0.0,0.13973365136155833,0,0
6,7280,0.0,0.0,0.13973365136155833,0,0
7,8320,0.0,0.0,0.13973365136155833,0,0
8,9360,0.0,0.0,0.13973365136155833,0,0
9,10400,0.0,0.0,0.13973365136155833,0,0
10,11440,0.0,0.0,0.3727715647414118,0,0
11,12480,0.0,0.0,0.41721256679040153,0,0
12,13520,0.0,0.0,0.6927040235508637,0,0
13,14560,0.0,0.0,0.7009507343981287,0,0
14,15600,0.0,0.0,0.444692203309658,0,0
15,16640,0.0,0.0,0.5756431833076024,0,0
16,17680,0.0,0.0,0.7008567685988757,0,0
17,18720,0.0,0.0,0.6973921601658231,0,0
18,19760,0.0,0.0,0.6989065220450476,0,0
19,20800,0.0,0.0,0.6960678132309888,0,0
20,21840,0.0,0.0,0.7001328874902011,0,0
21,22880,0.0,0.0,0.6561000494771645,0,0
22,23920,0.0,0.0,0.6093572662532731,0,0
23,24960,0.0,0.0,0.7005930428506155,0,0
24,26000,0.0,0.0,0.6937744688290474,0,0
25,27040,0.0,0.0,0.6885966650795703,0,0
26,28080,0.0,0.0,0.70059539784097,0,0
27,29120,0.0,0.0,0.6902420585167912,0,0
28,30160,0.0,0.0,0.6934853755256778,0,0
29,31200,0.0,0.0,0.697618455001596,0,0
30,32240,0.0,0.0,0.6924360694552761,0,0
31,33280,0.0,0.0,0.6986448106669939,0,0
32,34320,0.0,0.0,0.6208240205664219,0,0
33,35360,0.0,0.0,0.6947935446658813,0,0
34,36400,0.0,0.0,0.6959343504773781,0,0
35,37440,0.0,0.0,0.6084418072910889,0,0
36,38480,0.0,0.0,0.6919165163907531,0,0
37,39520,0.0,0.0,0.9013402102905761,0,0
38,40560,0.0,0.0,0.7007928147235954,0,0
39,41600,0.0,0.0,0.6963916249028353,0,0
40,42640,0.0,0.0,0.6425745631929485,0,0
41,43680,0.0,0.0,0.6921150642688648,0,0
42,44720,0.0,0.0,0.9842056669275292,0,0
43,45760,0.0,0.0,0.6939239631203102,0,0
44,46800,0.0,0.0,0.6629875100222826,0,0
45,47840,0.0,0.0,0.6369579049458548,0,0
46,48880,0.0,0.0,0.7653064970423744,0,0
47,49920,0.0,0.0,0.7667235969874177,0,0
48,50960,0.0,0.0,0.7557829843275606,0,0
49,52000,0.0,0.0,0.8283636951595048,0,0
