t,bytes_sent,utility,pheromone,f1_val,agg_count,rollback
0,1040,0.0,0.0,0.14169837772882035,0,0
1,2080,0.0,0.0,0.14205682272909165,0,0
2,3120,0.0,0.0,0.14205682272909165,0,0
3,4160,0.0,0.0,0.14205682272909165,0,0
4,5200,0.0,0.0,0.14205682272909165,0,0
5,6240,0.0,0.0,0.14205682272909165,0,0
6,7280,0.0,0.0,0.14205682272909165,0,0
7,8320,0.0,0.0,0.14205682272909165,0,0
8,9360,0.0,0.0,0.14205682272909165,0,0
9,10400,0.0,0.0,0.14205682272909165,0,0
10,11440,0.0,0.0,0.14205682272909165,0,0
11,12480,0.0,0.0,0.14205682272909165,0,0
12,13520,0.0,0.0,0.14205682272909165,0,0
13,14560,0.0,0.0,0.4172807768329403,0,0
14,15600,0.0,0.0,0.41703542715461484,0,0
15,16640,0.0,0.0,0.41683246609844005,0,0
16,17680,0.0,0.0,0.41683246609844005,0,0
17,18720,0.0,0.0,0.41671011811102343,0,0
18,19760,0.0,0.0,0.41671011811102343,0,0
19,20800,0.0,0.0,0.41671011811102343,0,0
20,21840,0.0,0.0,0.6209273036228153,0,0
21,22880,0.0,0.0,0.6158956617438149,0,0
22,23920,0.0,0.0,0.37559664931184866,0,0
23,24960,0.0,0.0,0.41339614161503,0,0
24,26000,0.0,0.0,0.6650104396211407,0,0
25,27040,0.0,0.0,0.37559664931184866,0,0
26,28080,0.0,0.0,0.681635098381042,0,0
27,29120,0.0,0.0,0.3755932042479355,0,0
28,30160,0.0,0.0,0.5649116649329958,0,0
29,31200,0.0,0.0,0.42173249089447706,0,0
30,32240,0.0,0.0,0.5707689887414764,0,0
31,33280,0.0,0.0,0.3884573954585797,0,0
32,34320,0.0,0.0,0.45285280318054555,0,0
33,35360,0.0,0.0,0.6786692599611732,0,0
34,36400,0.0,0.0,0.37680815485771496,0,0
35,37440,0.0,0.0,0.6728255710806633,0,0
36,38480,0.0,0.0,0.3963914750463909,0,0
37,39520,0.0,0.0,0.49774056242257236,0,0
38,40560,0.0,0.0,0.6292577936352503,0,0
39,41600,0.0,0.0,0.6463751258249402,0,0
40,42640,0.0,0.0,0.6164301560515568,0,0
41,43680,0.0,0.0,0.6094278390667085,0,0
42,44720,0.0,0.0,0.6239581012241499,0,0
43,45760,0.0,0.0,0.5373032443374177,0,0
44,46800,0.0,0.0,0.6780210811804561,0,0
45,47840,0.0,0.0,0.5257479701068193,0,0
46,48880,0.0,0.0,0.6705932176040604,0,0
47,49920,0.0,0.0,0.5848053342467467,0,0
48,50960,0.0,0.0,0.6827978866151292,0,0
49,52000,0.0,0.0,0.4102291904112005,0,0
