t,bytes_sent,utility,pheromone,f1_val,agg_count,rollback
0,1040,0.0,0.0,0.1403857625770531,0,0
1,2080,0.0,0.0,0.1403857625770531,0,0
2,3120,0.0,0.0,0.1403857625770531,0,0
3,4160,0.0,0.0,0.1403857625770531,0,0
4,5200,0.0,0.0,0.1403857625770531,0,0
5,6240,0.0,0.0,0.1403857625770531,0,0
6,7280,0.0,0.0,0.1403857625770531,0,0
7,8320,0.0,0.0,0.1403857625770531,0,0
8,9360,0.0,0.0,0.1403857625770531,0,0
9,10400,0.0,0.0,0.1403857625770531,0,0
10,11440,0.0,0.0,0.1403857625770531,0,0
11,12480,0.0,0.0,0.1403857625770531,0,0
12,13520,0.0,0.0,0.4156839344320697,0,0
13,14560,0.0,0.0,0.4160038662657951,0,0
14,15600,0.0,0.0,0.37169029467602305,0,0
15,16640,0.0,0.0,0.41580726865236384,0,0
16,17680,0.0,0.0,0.41476828335343974,0,0
17,18720,0.0,0.0,0.34472415953089863,0,0
18,19760,0.0,0.0,0.3503928870353642,0,0
19,20800,0.0,0.0,0.3648126759131964,0,0
20,21840,0.0,0.0,0.5632827612014164,0,0
21,22880,0.0,0.0,0.3835078302995012,0,0
22,23920,0.0,0.0,0.5799088835371614,0,0
23,24960,0.0,0.0,0.5786152822448609,0,0
24,26000,0.0,0.0,0.5919270169660076,0,0
25,27040,0.0,0.0,0.5858302423602648,0,0
26,28080,0.0,0.0,0.5985228457470632,0,0
27,29120,0.0,0.0,0.5998885992662051,0,0
28,30160,0.0,0.0,0.6003616854388151,0,0
29,31200,0.0,0.0,0.5840253261731414,0,0
30,32240,0.0,0.0,0.6098708919170314,0,0
31,33280,0.0,0.0,0.5955749314653649,0,0
32,34320,0.0,0.0,0.5980211546300512,0,0
33,35360,0.0,0.0,0.584861367066845,0,0
34,36400,0.0,0.0,0.5954161233341657,0,0
35,37440,0.0,0.0,0.6003641318771821,0,0
36,38480,0.0,0.0,0.5537831348188622,0,0
37,39520,0.0,0.0,0.549064467297993,0,0
38,40560,0.0,0.0,0.5669587387372053,0,0
39,41600,0.0,0.0,0.6025276860064241,0,0
40,42640,0.0,0.0,0.5601954033334354,0,0
41,43680,0.0,0.0,0.564185727704264,0,0
42,44720,0.0,0.0,0.5549875192595001,0,0
43,45760,0.0,0.0,0.5604336995649736,0,0
44,46800,0.0,0.0,0.6129337690261791,0,0
45,47840,0.0,0.0,0.5611657208687562,0,0
46,48880,0.0,0.0,0.5195805654754481,0,0
47,49920,0.0,0.0,0.5923192398491974,0,0
48,50960,0.0,0.0,0.611053373915679,0,0
49,52000,0.0,0.0,0.544590531885431,0,0
