t,bytes_sent,utility,pheromone,f1_val,agg_count,rollback
0,1040,0.0,0.0,0.2443095831538725,0,0
1,2080,0.0,0.0,0.14022662889518414,0,0
2,3120,0.0,0.0,0.14022662889518414,0,0
3,4160,0.0,0.0,0.14022662889518414,0,0
4,5200,0.0,0.0,0.14022662889518414,0,0
5,6240,0.0,0.0,0.14022662889518414,0,0
6,7280,0.0,0.0,0.14022662889518414,0,0
7,8320,0.0,0.0,0.14022662889518414,0,0
8,9360,0.0,0.0,0.14022662889518414,0,0
9,10400,0.0,0.0,0.6852245281143665,0,0
10,11440,0.0,0.0,0.6615423124668274,0,0
11,12480,0.0,0.0,0.6559237592373263,0,0
12,13520,0.0,0.0,0.6680116319059363,0,0
13,14560,0.0,0.0,0.6706582807180062,0,0
14,15600,0.0,0.0,0.6716919072333198,0,0
15,16640,0.0,0.0,0.6686458602680261,0,0
16,17680,0.0,0.0,0.668997672212382,0,0
17,18720,0.0,0.0,0.6690214817532014,0,0
18,19760,0.0,0.0,0.6687501816466397,0,0
19,20800,0.0,0.0,0.6685053674902697,0,0
20,21840,0.0,0.0,0.6688029538464111,0,0
21,22880,0.0,0.0,0.668133085799132,0,0
22,23920,0.0,0.0,0.6682580775020678,0,0
23,24960,0.0,0.0,0.6686782860724569,0,0
24,26000,0.0,0.0,0.6684571568924437,0,0
25,27040,0.0,0.0,0.667816233035583,0,0
26,28080,0.0,0.0,0.6681113832766192,0,0
27,29120,0.0,0.0,0.9580909529763139,0,0
28,30160,0.0,0.0,0.6684571568924437,0,0
29,31200,0.0,0.0,0.9589967950126229,0,0
30,32240,0.0,0.0,0.9581482783253338,0,0
31,33280,0.0,0.0,0.9526964896621954,0,0
32,34320,0.0,0.0,0.9541764519904392,0,0
33,35360,0.0,0.0,0.9546256472092561,0,0
34,36400,0.0,0.0,0.9573680108849428,0,0
35,37440,0.0,0.0,0.953100910283656,0,0
36,38480,0.0,0.0,0.9542731317892958,0,0
37,39520,0.0,0.0,0.9543135477805553,0,0
38,40560,0.0,0.0,0.9518230135500411,0,0
39,41600,0.0,0.0,0.9537934224945169,0,0
40,42640,0.0,0.0,0.951702056778174,0,0
41,43680,0.0,0.0,0.9534038272456449,0,0
42,44720,0.0,0.0,0.9596506719474361,0,0
43,45760,0.0,0.0,0.9498039245654458,0,0
44,46800,0.0,0.0,0.946649904695809,0,0
45,47840,0.0,0.0,0.9574758738326206,0,0
46,48880,0.0,0.0,0.957111057447823,0,0
47,49920,0.0,0.0,0.9486573636353547,0,0
48,50960,0.0,0.0,0.9471848102067084,0,0
49,52000,0.0,0.0,0.9513978363551847,0,0
