t,bytes_sent,utility,pheromone,f1_val,agg_count,rollback
0,1040,0.0,0.0,0.24970117140808032,0,0
1,2080,0.0,0.0,0.4123527706311524,0,0
2,3120,0.0,0.0,0.31909364315177147,0,0
3,4160,0.0,0.0,0.25015199965154233,0,0
4,5200,0.0,0.0,0.24991435998562567,0,0
5,6240,0.0,0.0,0.24281501775272257,0,0
6,7280,0.0,0.0,0.23722738135926294,0,0
7,8320,0.0,0.0,0.23552714831375654,0,0
8,9360,0.0,0.0,0.23163639375832523,0,0
9,10400,0.0,0.0,0.2333323299575572,0,0
10,11440,0.0,0.0,0.2330737710649605,0,0
11,12480,0.0,0.0,0.23184064403873,0,0
12,13520,0.0,0.0,0.2314325040256352,0,0
13,14560,0.0,0.0,0.2315938923675397,0,0
14,15600,0.0,0.0,0.2315938923675397,0,0
15,16640,0.0,0.0,0.2351754447380361,0,0
16,17680,0.0,0.0,0.2418982963483215,0,0
17,18720,0.0,0.0,0.2464426888697599,0,0
18,19760,0.0,0.0,0.24854708384157162,0,0
19,20800,0.0,0.0,0.2506446290465329,0,0
20,21840,0.0,0.0,0.2541328027531771,0,0
21,22880,0.0,0.0,0.25585020139743864,0,0
22,23920,0.0,0.0,0.25384536336539587,0,0
23,24960,0.0,0.0,0.2536088552616133,0,0
24,26000,0.0,0.0,0.2539169983704218,0,0
25,27040,0.0,0.0,0.2568283745613558,0,0
26,28080,0.0,0.0,0.25907524474223587,0,0
27,29120,0.0,0.0,0.2591270716763467,0,0
28,30160,0.0,0.0,0.25928269102249946,0,0
29,31200,0.0,0.0,0.2598995851389832,0,0
30,32240,0.0,0.0,0.26056712206621513,0,0
31,33280,0.0,0.0,0.26151405287236107,0,0
32,34320,0.0,0.0,0.26095243405122975,0,0
33,35360,0.0,0.0,0.2574504373318109,0,0
34,36400,0.0,0.0,0.2553936336519428,0,0
35,37440,0.0,0.0,0.2551058479516461,0,0
36,38480,0.0,0.0,0.25476577282236257,0,0
37,39520,0.0,0.0,0.2572946098456499,0,0
38,40560,0.0,0.0,0.2537954714179658,0,0
39,41600,0.0,0.0,0.2514175465277913,0,0
40,42640,0.0,0.0,0.24960628341303473,0,0
41,43680,0.0,0.0,0.24757506090721715,0,0
42,44720,0.0,0.0,0.24846284208454067,0,0
43,45760,0.0,0.0,0.24752334914403684,0,0
44,46800,0.0,0.0,0.24627096653170968,0,0
45,47840,0.0,0.0,0.24381886106095105,0,0
46,48880,0.0,0.0,0.24296125147363382,0,0
47,49920,0.0,0.0,0.24386218885725564,0,0
48,50960,0.0,0.0,0.23830307813733229,0,0
49,52000,0.0,0.0,0.23656353757611903,0,0
