t,bytes_sent,utility,pheromone,f1_val,agg_count,rollback
0,4160,0.0,0.0,0.12845942933140855,0,0
1,8320,0.0,0.0,0.10408432147562582,0,0
2,12480,0.0,0.0,0.14226190476190476,0,0
3,16640,0.0,0.0,0.14226190476190476,0,0
4,20800,0.0,0.0,0.14226190476190476,0,0
5,24960,0.0,0.0,0.14226190476190476,0,0
6,29120,0.0,0.0,0.14226190476190476,0,0
7,33280,0.0,0.0,0.14226190476190476,0,0
8,37440,0.0,0.0,0.14226190476190476,0,0
9,41600,0.0,0.0,0.14226190476190476,0,0
10,45760,0.0,0.0,0.14226190476190476,0,0
11,49920,0.0,0.0,0.14226190476190476,0,0
12,54080,0.0,0.0,0.40298223238473674,0,0
13,58240,0.0,0.0,0.41778996331732404,0,0
14,62400,0.0,0.0,0.41827481165975944,0,0
15,66560,0.0,0.0,0.7148635441655908,0,0
16,70720,0.0,0.0,0.6883415424248753,0,0
17,74880,0.0,0.0,0.7009903122607499,0,0
18,79040,0.0,0.0,0.7009040847113137,0,0
19,83200,0.0,0.0,0.7008569501491988,0,0
20,87360,0.0,0.0,0.6603649370169502,0,0
21,91520,0.0,0.0,0.42606851815409186,0,0
22,95680,0.0,0.0,0.7006090940057808,0,0
23,99840,0.0,0.0,0.5804322416213972,0,0
24,104000,0.0,0.0,0.66824816895316,0,0
25,108160,0.0,0.0,0.700320598491359,0,0
26,112320,0.0,0.0,0.700320598491359,0,0
27,116480,0.0,0.0,0.700320598491359,0,0
28,120640,0.0,0.0,0.700320598491359,0,0
29,124800,0.0,0.0,0.6757318357101922,0,0
30,128960,0.0,0.0,0.6532071564989395,0,0
31,133120,0.0,0.0,0.700320598491359,0,0
32,137280,0.0,0.0,0.700320598491359,0,0
33,141440,0.0,0.0,0.700320598491359,0,0
34,145600,0.0,0.0,0.700320598491359,0,0
35,149760,0.0,0.0,0.700320598491359,0,0
36,153920,0.0,0.0,0.6636734247147617,0,0
37,158080,0.0,0.0,0.6319305531453919,0,0
38,162240,0.0,0.0,0.6757318357101922,0,0
39,166400,0.0,0.0,0.700320598491359,0,0
40,170560,0.0,0.0,0.700320598491359,0,0
41,174720,0.0,0.0,0.9153182265454549,0,0
42,178880,0.0,0.0,0.4216858747024279,0,0
43,183040,0.0,0.0,0.4171435078150064,0,0
44,187200,0.0,0.0,0.9961420887187077,0,0
45,191360,0.0,0.0,0.547663970104435,0,0
46,195520,0.0,0.0,0.7004938661094564,0,0
47,199680,0.0,0.0,0.7004932948021524,0,0
48,203840,0.0,0.0,0.6059670430050899,0,0
49,208000,0.0,0.0,0.7004932948021524,0,0
