t,bytes_sent,utility,pheromone,f1_val,agg_count,rollback
0,1040,0.0,0.0,0.3947578448350991,0,0
1,2080,0.0,0.0,0.40182795910514074,0,0
2,3120,0.0,0.0,0.16711458587832886,0,0
3,4160,0.0,0.0,0.1417771333885667,0,0
4,5200,0.0,0.0,0.1417771333885667,0,0
5,6240,0.0,0.0,0.1417771333885667,0,0
6,7280,0.0,0.0,0.1417771333885667,0,0
7,8320,0.0,0.0,0.1417771333885667,0,0
8,9360,0.0,0.0,0.1417771333885667,0,0
9,10400,0.0,0.0,0.1417771333885667,0,0
10,11440,0.0,0.0,0.16079398637538173,0,0
11,12480,0.0,0.0,0.16723674566332764,0,0
12,13520,0.0,0.0,0.36999336946287703,0,0
13,14560,0.0,0.0,0.6901031794032538,0,0
14,15600,0.0,0.0,0.7005973585876605,0,0
15,16640,0.0,0.0,0.7010364462786205,0,0
16,17680,0.0,0.0,0.7010294082631245,0,0
17,18720,0.0,0.0,0.7015518916411856,0,0
18,19760,0.0,0.0,0.7012126786154055,0,0
19,20800,0.0,0.0,0.7012126786154055,0,0
20,21840,0.0,0.0,0.7013141837391442,0,0
21,22880,0.0,0.0,0.7013141837391442,0,0
22,23920,0.0,0.0,0.7013120848906231,0,0
23,24960,0.0,0.0,0.7013141837391442,0,0
24,26000,0.0,0.0,0.7001518608087532,0,0
25,27040,0.0,0.0,0.6836603691302015,0,0
26,28080,0.0,0.0,0.7013120848906231,0,0
27,29120,0.0,0.0,0.7013120848906231,0,0
28,30160,0.0,0.0,0.6909590907441554,0,0
29,31200,0.0,0.0,0.7006932708401883,0,0
30,32240,0.0,0.0,0.7013120848906231,0,0
31,33280,0.0,0.0,0.7074409624649397,0,0
32,34320,0.0,0.0,0.8257299198524984,0,0
33,35360,0.0,0.0,0.8271099107795572,0,0
34,36400,0.0,0.0,0.7083828019459864,0,0
35,37440,0.0,0.0,0.7610135913799557,0,0
36,38480,0.0,0.0,0.6638210434039032,0,0
37,39520,0.0,0.0,0.5506049977282624,0,0
38,40560,0.0,0.0,0.7113686743354952,0,0
39,41600,0.0,0.0,0.7308730967519086,0,0
40,42640,0.0,0.0,0.5422867446580898,0,0
41,43680,0.0,0.0,0.8018995646782415,0,0
42,44720,0.0,0.0,0.7080319684584623,0,0
43,45760,0.0,0.0,0.8268127369279497,0,0
44,46800,0.0,0.0,0.7478409128681905,0,0
45,47840,0.0,0.0,0.7833603260978328,0,0
46,48880,0.0,0.0,0.6878153781662577,0,0
47,49920,0.0,0.0,0.8146963503791131,0,0
48,50960,0.0,0.0,0.7549274745104638,0,0
49,52000,0.0,0.0,0.7371159624303787,0,0
