t,bytes_sent,utility,pheromone,f1_val,agg_count,rollback
0,1040,0.0,0.0,0.14226190476190476,0,0
1,2080,0.0,0.0,0.14226190476190476,0,0
2,3120,0.0,0.0,0.14226190476190476,0,0
3,4160,0.0,0.0,0.14226190476190476,0,0
4,5200,0.0,0.0,0.14226190476190476,0,0
5,6240,0.0,0.0,0.14226190476190476,0,0
6,7280,0.0,0.0,0.14226190476190476,0,0
7,8320,0.0,0.0,0.14226190476190476,0,0
8,9360,0.0,0.0,0.14226190476190476,0,0
9,10400,0.0,0.0,0.14226190476190476,0,0
10,11440,0.0,0.0,0.14226190476190476,0,0
11,12480,0.0,0.0,0.14226190476190476,0,0
12,13520,0.0,0.0,0.41694544507090897,0,0
13,14560,0.0,0.0,0.41782980503278466,0,0
14,15600,0.0,0.0,0.41778804395810054,0,0
15,16640,0.0,0.0,0.4183544144322735,0,0
16,17680,0.0,0.0,0.41774624146170947,0,0
17,18720,0.0,0.0,0.4255676975766991,0,0
18,19760,0.0,0.0,0.6378303599232981,0,0
19,20800,0.0,0.0,0.7008162875368863,0,0
20,21840,0.0,0.0,0.7005691551769304,0,0
21,22880,0.0,0.0,0.7008569501491988,0,0
22,23920,0.0,0.0,0.7008569501491988,0,0
23,24960,0.0,0.0,0.690814757610049,0,0
24,26000,0.0,0.0,0.7006090940057808,0,0
25,27040,0.0,0.0,0.7048400529050918,0,0
26,28080,0.0,0.0,0.7006090940057808,0,0
27,29120,0.0,0.0,0.7006090940057808,0,0
28,30160,0.0,0.0,0.7006083926626743,0,0
29,31200,0.0,0.0,0.7006099296049884,0,0
30,32240,0.0,0.0,0.41786857439360237,0,0
31,33280,0.0,0.0,0.7003213174339138,0,0
32,34320,0.0,0.0,0.7006090940057808,0,0
33,35360,0.0,0.0,0.7045319585746821,0,0
34,36400,0.0,0.0,0.7006953490578625,0,0
35,37440,0.0,0.0,0.6913552548331979,0,0
36,38480,0.0,0.0,0.6641428881734913,0,0
37,39520,0.0,0.0,0.7005685100046517,0,0
38,40560,0.0,0.0,0.681838220500608,0,0
39,41600,0.0,0.0,0.700407554886547,0,0
40,42640,0.0,0.0,0.7005672661245418,0,0
41,43680,0.0,0.0,0.7004932948021524,0,0
42,44720,0.0,0.0,0.6906592617427405,0,0
43,45760,0.0,0.0,0.6681916469949076,0,0
44,46800,0.0,0.0,0.6396086453041084,0,0
45,47840,0.0,0.0,0.7004938661094564,0,0
46,48880,0.0,0.0,0.7006947214685414,0,0
47,49920,0.0,0.0,0.7005679112968205,0,0
48,50960,0.0,0.0,0.7004932948021524,0,0
49,52000,0.0,0.0,0.7001507139374898,0,0
