t,bytes_sent,utility,pheromone,f1_val,agg_count,rollback
0,4160,0.0,0.0,0.19213675213675216,0,0
1,8320,0.0,0.0,0.2175764614789005,0,0
2,12480,0.0,0.0,0.29997331198291965,0,0
3,16640,0.0,0.0,0.2651568766218448,0,0
4,20800,0.0,0.0,0.23042230422304222,0,0
5,24960,0.0,0.0,0.221565148827124,0,0
6,29120,0.0,0.0,0.2131209708001517,0,0
7,33280,0.0,0.0,0.19865676917638742,0,0
8,37440,0.0,0.0,0.19432918395573998,0,0
9,41600,0.0,0.0,0.19392684610075914,0,0
10,45760,0.0,0.0,0.19392684610075914,0,0
11,49920,0.0,0.0,0.19392684610075914,0,0
12,54080,0.0,0.0,0.19332645338837287,0,0
13,58240,0.0,0.0,0.19282895865500085,0,0
14,62400,0.0,0.0,0.1918416111964499,0,0
15,66560,0.0,0.0,0.1901861252115059,0,0
16,70720,0.0,0.0,0.18960863697705801,0,0
17,74880,0.0,0.0,0.1913517194416071,0,0
18,79040,0.0,0.0,0.1918416111964499,0,0
19,83200,0.0,0.0,0.19213675213675216,0,0
20,87360,0.0,0.0,0.19213675213675216,0,0
21,91520,0.0,0.0,0.19253168893456662,0,0
22,95680,0.0,0.0,0.19253168893456662,0,0
23,99840,0.0,0.0,0.19253168893456662,0,0
24,104000,0.0,0.0,0.19253168893456662,0,0
25,108160,0.0,0.0,0.1922353343595006,0,0
26,112320,0.0,0.0,0.19213675213675216,0,0
27,116480,0.0,0.0,0.19213675213675216,0,0
28,120640,0.0,0.0,0.192038270972151,0,0
29,124800,0.0,0.0,0.1918416111964499,0,0
30,128960,0.0,0.0,0.19174343227567384,0,0
31,133120,0.0,0.0,0.19174343227567384,0,0
32,137280,0.0,0.0,0.19174343227567384,0,0
33,141440,0.0,0.0,0.19144949753023335,0,0
34,145600,0.0,0.0,0.1913517194416071,0,0
35,149760,0.0,0.0,0.19115646258503402,0,0
36,153920,0.0,0.0,0.19105898351181372,0,0
37,158080,0.0,0.0,0.19076714188730481,0,0
38,162240,0.0,0.0,0.19037940379403795,0,0
39,166400,0.0,0.0,0.19037940379403795,0,0
40,170560,0.0,0.0,0.1902827154223802,0,0
41,174720,0.0,0.0,0.1902827154223802,0,0
42,178880,0.0,0.0,0.1901861252115059,0,0
43,183040,0.0,0.0,0.1901861252115059,0,0
44,187200,0.0,0.0,0.1901861252115059,0,0
45,191360,0.0,0.0,0.18960863697705801,0,0
46,195520,0.0,0.0,0.1892255892255892,0,0
47,199680,0.0,0.0,0.18865391070829138,0,0
48,203840,0.0,0.0,0.18836936483995306,0,0
49,208000,0.0,0.0,0.18799130289346044,0,0
