t,bytes_sent,utility,pheromone,f1_val,agg_count,rollback
0,1040,0.0,0.0,0.34127921442433695,0,0
1,2080,0.0,0.0,0.14022662889518414,0,0
2,3120,0.0,0.0,0.14022662889518414,0,0
3,4160,0.0,0.0,0.14022662889518414,0,0
4,5200,0.0,0.0,0.14022662889518414,0,0
5,6240,0.0,0.0,0.14022662889518414,0,0
6,7280,0.0,0.0,0.14022662889518414,0,0
7,8320,0.0,0.0,0.14022662889518414,0,0
8,9360,0.0,0.0,0.14022662889518414,0,0
9,10400,0.0,0.0,0.2521835532479496,0,0
10,11440,0.0,0.0,0.4132730015082956,0,0
11,12480,0.0,0.0,0.37500660758238213,0,0
12,13520,0.0,0.0,0.3767395785263805,0,0
13,14560,0.0,0.0,0.3860107313005265,0,0
14,15600,0.0,0.0,0.40560863148794585,0,0
15,16640,0.0,0.0,0.39926239891631915,0,0
16,17680,0.0,0.0,0.4395054512741005,0,0
17,18720,0.0,0.0,0.517661227020017,0,0
18,19760,0.0,0.0,0.6889471806847155,0,0
19,20800,0.0,0.0,0.6938066392166562,0,0
20,21840,0.0,0.0,0.6936309817134764,0,0
21,22880,0.0,0.0,0.6686234978318947,0,0
22,23920,0.0,0.0,0.6690548240480958,0,0
23,24960,0.0,0.0,0.6685741401284988,0,0
24,26000,0.0,0.0,0.9528342431592061,0,0
25,27040,0.0,0.0,0.9562449048971053,0,0
26,28080,0.0,0.0,0.939291946892261,0,0
27,29120,0.0,0.0,0.9534398479754528,0,0
28,30160,0.0,0.0,0.9522474992218926,0,0
29,31200,0.0,0.0,0.9516105642802858,0,0
30,32240,0.0,0.0,0.9471941127844001,0,0
31,33280,0.0,0.0,0.9419931190062474,0,0
32,34320,0.0,0.0,0.9414746788846992,0,0
33,35360,0.0,0.0,0.9414746788846992,0,0
34,36400,0.0,0.0,0.9412560055279364,0,0
35,37440,0.0,0.0,0.9421128767305633,0,0
36,38480,0.0,0.0,0.9411563572528735,0,0
37,39520,0.0,0.0,0.9417026463527757,0,0
38,40560,0.0,0.0,0.9394710382937981,0,0
39,41600,0.0,0.0,0.9468670600578553,0,0
40,42640,0.0,0.0,0.9464615437611676,0,0
41,43680,0.0,0.0,0.945397975853377,0,0
42,44720,0.0,0.0,0.947000764187623,0,0
43,45760,0.0,0.0,0.9489077356349367,0,0
44,46800,0.0,0.0,0.943963274194036,0,0
45,47840,0.0,0.0,0.9388801559613464,0,0
46,48880,0.0,0.0,0.9397685923165962,0,0
47,49920,0.0,0.0,0.9465431812265741,0,0
48,50960,0.0,0.0,0.9402832493774451,0,0
49,52000,0.0,0.0,0.9427560703470058,0,0
