t,bytes_sent,utility,pheromone,f1_val,agg_count,rollback
0,1040,0.0,0.0,0.3687705109895312,0,0
1,2080,0.0,0.0,0.14497098646034817,0,0
2,3120,0.0,0.0,0.14022662889518414,0,0
3,4160,0.0,0.0,0.14022662889518414,0,0
4,5200,0.0,0.0,0.14022662889518414,0,0
5,6240,0.0,0.0,0.14022662889518414,0,0
6,7280,0.0,0.0,0.14022662889518414,0,0
7,8320,0.0,0.0,0.14022662889518414,0,0
8,9360,0.0,0.0,0.14022662889518414,0,0
9,10400,0.0,0.0,0.14022662889518414,0,0
10,11440,0.0,0.0,0.4104732086188435,0,0
11,12480,0.0,0.0,0.36879581218113455,0,0
12,13520,0.0,0.0,0.37524689017941304,0,0
13,14560,0.0,0.0,0.37681584263620027,0,0
14,15600,0.0,0.0,0.37572193755087296,0,0
15,16640,0.0,0.0,0.38555245593587073,0,0
16,17680,0.0,0.0,0.43346188313331235,0,0
17,18720,0.0,0.0,0.597845558598886,0,0
18,19760,0.0,0.0,0.6671825117835439,0,0
19,20800,0.0,0.0,0.6692627271892022,0,0
20,21840,0.0,0.0,0.6632732914227266,0,0
21,22880,0.0,0.0,0.6629989633030611,0,0
22,23920,0.0,0.0,0.6649058170924544,0,0
23,24960,0.0,0.0,0.6640922892548415,0,0
24,26000,0.0,0.0,0.6658405879151528,0,0
25,27040,0.0,0.0,0.6643437732797898,0,0
26,28080,0.0,0.0,0.6661413218145569,0,0
27,29120,0.0,0.0,0.9556340408800154,0,0
28,30160,0.0,0.0,0.9570089774941428,0,0
29,31200,0.0,0.0,0.9547468483426991,0,0
30,32240,0.0,0.0,0.9513755963207126,0,0
31,33280,0.0,0.0,0.9579123022617794,0,0
32,34320,0.0,0.0,0.9413612903198092,0,0
33,35360,0.0,0.0,0.9436939760820264,0,0
34,36400,0.0,0.0,0.9414671452060538,0,0
35,37440,0.0,0.0,0.9414540804014693,0,0
36,38480,0.0,0.0,0.9576429553483714,0,0
37,39520,0.0,0.0,0.9394624341065798,0,0
38,40560,0.0,0.0,0.931933465243644,0,0
39,41600,0.0,0.0,0.9545925571099878,0,0
40,42640,0.0,0.0,0.9508466813708525,0,0
41,43680,0.0,0.0,0.7934851235038825,0,0
42,44720,0.0,0.0,0.9403919714686275,0,0
43,45760,0.0,0.0,0.9404044336861767,0,0
44,46800,0.0,0.0,0.9389784263763967,0,0
45,47840,0.0,0.0,0.9409900165393754,0,0
46,48880,0.0,0.0,0.9387193004605485,0,0
47,49920,0.0,0.0,0.9419635395021101,0,0
48,50960,0.0,0.0,0.9424305299033634,0,0
49,52000,0.0,0.0,0.9471151112721955,0,0
