t,bytes_sent,utility,pheromone,f1_val,agg_count,rollback
0,1040,0.0,0.0,0.34985717709132425,0,0
1,2080,0.0,0.0,0.14142628205128205,0,0
2,3120,0.0,0.0,0.14142628205128205,0,0
3,4160,0.0,0.0,0.14142628205128205,0,0
4,5200,0.0,0.0,0.14142628205128205,0,0
5,6240,0.0,0.0,0.14142628205128205,0,0
6,7280,0.0,0.0,0.14142628205128205,0,0
7,8320,0.0,0.0,0.14142628205128205,0,0
8,9360,0.0,0.0,0.14142628205128205,0,0
9,10400,0.0,0.0,0.14142628205128205,0,0
10,11440,0.0,0.0,0.4164535851642239,0,0
11,12480,0.0,0.0,0.41705570454086727,0,0
12,13520,0.0,0.0,0.41701593381884106,0,0
13,14560,0.0,0.0,0.41693552313656757,0,0
14,15600,0.0,0.0,0.41693470025384477,0,0
15,16640,0.0,0.0,0.5887607141478579,0,0
16,17680,0.0,0.0,0.7071331295848956,0,0
17,18720,0.0,0.0,0.6310548919722058,0,0
18,19760,0.0,0.0,0.6968696599643629,0,0
19,20800,0.0,0.0,0.6945844115479899,0,0
20,21840,0.0,0.0,0.6992120982696717,0,0
21,22880,0.0,0.0,0.694499125201874,0,0
22,23920,0.0,0.0,0.6949108321370373,0,0
23,24960,0.0,0.0,0.6989581879769219,0,0
24,26000,0.0,0.0,0.6949587089361113,0,0
25,27040,0.0,0.0,0.6955932177136216,0,0
26,28080,0.0,0.0,0.695221152442649,0,0
27,29120,0.0,0.0,0.6982366461616709,0,0
28,30160,0.0,0.0,0.6965648170686219,0,0
29,31200,0.0,0.0,0.6947922671880238,0,0
30,32240,0.0,0.0,0.6955932177136216,0,0
31,33280,0.0,0.0,0.9549677238562883,0,0
32,34320,0.0,0.0,0.9594026257546167,0,0
33,35360,0.0,0.0,0.9605266581196481,0,0
34,36400,0.0,0.0,0.7653809303708456,0,0
35,37440,0.0,0.0,0.7868950763919105,0,0
36,38480,0.0,0.0,0.82329937781252,0,0
37,39520,0.0,0.0,0.7200756580541834,0,0
38,40560,0.0,0.0,0.7996302155553608,0,0
39,41600,0.0,0.0,0.8264242994842319,0,0
40,42640,0.0,0.0,0.8006799599833246,0,0
41,43680,0.0,0.0,0.7854689859392652,0,0
42,44720,0.0,0.0,0.7439869093927195,0,0
43,45760,0.0,0.0,0.8108537899965528,0,0
44,46800,0.0,0.0,0.7707887714418755,0,0
45,47840,0.0,0.0,0.49186941611922075,0,0
46,48880,0.0,0.0,0.8092176525236177,0,0
47,49920,0.0,0.0,0.7329808169476413,0,0
48,50960,0.0,0.0,0.6078030158767566,0,0
49,52000,0.0,0.0,0.8023251175372614,0,0
