t,bytes_sent,utility,pheromone,f1_val,agg_count,rollback
0,1040,0.0,0.0,0.13862163754172394,0,0
1,2080,0.0,0.0,0.14515044994814377,0,0
2,3120,0.0,0.0,0.13862163754172394,0,0
3,4160,0.0,0.0,0.13862163754172394,0,0
4,5200,0.0,0.0,0.13862163754172394,0,0
5,6240,0.0,0.0,0.13862163754172394,0,0
6,7280,0.0,0.0,0.13862163754172394,0,0
7,8320,0.0,0.0,0.13862163754172394,0,0
8,9360,0.0,0.0,0.13862163754172394,0,0
9,10400,0.0,0.0,0.31998404951783666,0,0
10,11440,0.0,0.0,0.41689270364329833,0,0
11,12480,0.0,0.0,0.3863567887635595,0,0
12,13520,0.0,0.0,0.4362122795063972,0,0
13,14560,0.0,0.0,0.43635472825261945,0,0
14,15600,0.0,0.0,0.5631281530001105,0,0
15,16640,0.0,0.0,0.4387410587799938,0,0
16,17680,0.0,0.0,0.5698998845989007,0,0
17,18720,0.0,0.0,0.7008320870207522,0,0
18,19760,0.0,0.0,0.7008320870207522,0,0
19,20800,0.0,0.0,0.5819445369898482,0,0
20,21840,0.0,0.0,0.6990449796007819,0,0
21,22880,0.0,0.0,0.7007369552209808,0,0
22,23920,0.0,0.0,0.8992866680195877,0,0
23,24960,0.0,0.0,0.9939338690605257,0,0
24,26000,0.0,0.0,0.9927846863417626,0,0
25,27040,0.0,0.0,0.9936630829261488,0,0
26,28080,0.0,0.0,0.9952874294957619,0,0
27,29120,0.0,0.0,0.9948251637653346,0,0
28,30160,0.0,0.0,0.9959061634377839,0,0
29,31200,0.0,0.0,0.9946523407900573,0,0
30,32240,0.0,0.0,0.995028851053536,0,0
31,33280,0.0,0.0,0.9954832594659523,0,0
32,34320,0.0,0.0,0.995702774193066,0,0
33,35360,0.0,0.0,0.9943563983784213,0,0
34,36400,0.0,0.0,0.9956867236463709,0,0
35,37440,0.0,0.0,0.9946220143540194,0,0
36,38480,0.0,0.0,0.9946059470817044,0,0
37,39520,0.0,0.0,0.9954832594659523,0,0
38,40560,0.0,0.0,0.9954832594659523,0,0
39,41600,0.0,0.0,0.9941677348444804,0,0
40,42640,0.0,0.0,0.9939487387271932,0,0
41,43680,0.0,0.0,0.9946059470817044,0,0
42,44720,0.0,0.0,0.9957455607450773,0,0
43,45760,0.0,0.0,0.9957455607450773,0,0
44,46800,0.0,0.0,0.9957455607450773,0,0
45,47840,0.0,0.0,0.9957455607450773,0,0
46,48880,0.0,0.0,0.9957455607450773,0,0
47,49920,0.0,0.0,0.9957455607450773,0,0
48,50960,0.0,0.0,0.9955259082574451,0,0
49,52000,0.0,0.0,0.9955259082574451,0,0
