t,bytes_sent,utility,pheromone,f1_val,agg_count,rollback
0,1040,0.0,0.0,0.14094896331738438,0,0
1,2080,0.0,0.0,0.14094896331738438,0,0
2,3120,0.0,0.0,0.14094896331738438,0,0
3,4160,0.0,0.0,0.14094896331738438,0,0
4,5200,0.0,0.0,0.14094896331738438,0,0
5,6240,0.0,0.0,0.14094896331738438,0,0
6,7280,0.0,0.0,0.14094896331738438,0,0
7,8320,0.0,0.0,0.14094896331738438,0,0
8,9360,0.0,0.0,0.14094896331738438,0,0
9,10400,0.0,0.0,0.17373323189678833,0,0
10,11440,0.0,0.0,0.37086668283612256,0,0
11,12480,0.0,0.0,0.3881772742696669,0,0
12,13520,0.0,0.0,0.35262278616445103,0,0
13,14560,0.0,0.0,0.3509539347973072,0,0
14,15600,0.0,0.0,0.3520340455881617,0,0
15,16640,0.0,0.0,0.35213015805913717,0,0
16,17680,0.0,0.0,0.35198297272450974,0,0
17,18720,0.0,0.0,0.35168841911095355,0,0
18,19760,0.0,0.0,0.3515410505917937,0,0
19,20800,0.0,0.0,0.33621230230041776,0,0
20,21840,0.0,0.0,0.33387508427236834,0,0
21,22880,0.0,0.0,0.33387508427236834,0,0
22,23920,0.0,0.0,0.3340316429295036,0,0
23,24960,0.0,0.0,0.3512967443255317,0,0
24,26000,0.0,0.0,0.36046318535703115,0,0
25,27040,0.0,0.0,0.6398983778219312,0,0
26,28080,0.0,0.0,0.3733814925611746,0,0
27,29120,0.0,0.0,0.3761585874286648,0,0
28,30160,0.0,0.0,0.38166316439304687,0,0
29,31200,0.0,0.0,0.3846643664443551,0,0
30,32240,0.0,0.0,0.3902072134324812,0,0
31,33280,0.0,0.0,0.3893745271701269,0,0
32,34320,0.0,0.0,0.39232311658826874,0,0
33,35360,0.0,0.0,0.39664028406557783,0,0
34,36400,0.0,0.0,0.39230935861295996,0,0
35,37440,0.0,0.0,0.44967221797625784,0,0
36,38480,0.0,0.0,0.40074663853135273,0,0
37,39520,0.0,0.0,0.4272365919918498,0,0
38,40560,0.0,0.0,0.40545200888409905,0,0
39,41600,0.0,0.0,0.6136565203114622,0,0
40,42640,0.0,0.0,0.3966391986467519,0,0
41,43680,0.0,0.0,0.39305639789207747,0,0
42,44720,0.0,0.0,0.4165114259037715,0,0
43,45760,0.0,0.0,0.40172229140155136,0,0
44,46800,0.0,0.0,0.6006180733456667,0,0
45,47840,0.0,0.0,0.5492776606269256,0,0
46,48880,0.0,0.0,0.38407906911701756,0,0
47,49920,0.0,0.0,0.4073261956978209,0,0
48,50960,0.0,0.0,0.6388023538518185,0,0
49,52000,0.0,0.0,0.37557360279542074,0,0
