t,bytes_sent,utility,pheromone,f1_val,agg_count,rollback
0,1040,0.0,0.0,0.7006809596653347,0,0
1,2080,0.0,0.0,0.8716518870060073,0,0
2,3120,0.0,0.0,0.9610750853994537,0,0
3,4160,0.0,0.0,0.8580958203911789,0,0
4,5200,0.0,0.0,0.9592197244710826,0,0
5,6240,0.0,0.0,0.9610352511054436,0,0
6,7280,0.0,0.0,0.8755852021061106,0,0
7,8320,0.0,0.0,0.9577455385901139,0,0
8,9360,0.0,0.0,0.9579977520744829,0,0
9,10400,0.0,0.0,0.929097627062303,0,0
10,11440,0.0,0.0,0.960995754132836,0,0
11,12480,0.0,0.0,0.9601059790903541,0,0
12,13520,0.0,0.0,0.9608296089712303,0,0
13,14560,0.0,0.0,0.810701315777434,0,0
14,15600,0.0,0.0,0.7187782803161126,0,0
15,16640,0.0,0.0,0.788277366780204,0,0
16,17680,0.0,0.0,0.7820364597008724,0,0
17,18720,0.0,0.0,0.7466852289392928,0,0
18,19760,0.0,0.0,0.7742791558225876,0,0
19,20800,0.0,0.0,0.7765816989774382,0,0
20,21840,0.0,0.0,0.7497139450060095,0,0
21,22880,0.0,0.0,0.7379313426118551,0,0
22,23920,0.0,0.0,0.739495113542492,0,0
23,24960,0.0,0.0,0.7379313426118551,0,0
24,26000,0.0,0.0,0.7299858930240133,0,0
25,27040,0.0,0.0,0.7331897511251632,0,0
26,28080,0.0,0.0,0.7262036459145993,0,0
27,29120,0.0,0.0,0.7218210295978517,0,0
28,30160,0.0,0.0,0.7218210295978517,0,0
29,31200,0.0,0.0,0.7212686122143946,0,0
30,32240,0.0,0.0,0.7179322976533679,0,0
31,33280,0.0,0.0,0.7173725750247049,0,0
32,34320,0.0,0.0,0.7151230582543151,0,0
33,35360,0.0,0.0,0.715687039104514,0,0
34,36400,0.0,0.0,0.7139918699002638,0,0
35,37440,0.0,0.0,0.7151230582543151,0,0
36,38480,0.0,0.0,0.7128563531778559,0,0
37,39520,0.0,0.0,0.7128563531778559,0,0
38,40560,0.0,0.0,0.7128563531778559,0,0
39,41600,0.0,0.0,0.7128563531778559,0,0
40,42640,0.0,0.0,0.7128563531778559,0,0
41,43680,0.0,0.0,0.7128563531778559,0,0
42,44720,0.0,0.0,0.7128563531778559,0,0
43,45760,0.0,0.0,0.7117164764446386,0,0
44,46800,0.0,0.0,0.7128563531778559,0,0
45,47840,0.0,0.0,0.7111448931080401,0,0
46,48880,0.0,0.0,0.7111448931080401,0,0
47,49920,0.0,0.0,0.7111448931080401,0,0
48,50960,0.0,0.0,0.7122869618013219,0,0
49,52000,0.0,0.0,0.7099984164060335,0,0
