t,bytes_sent,utility,pheromone,f1_val,agg_count,rollback
0,1040,0.0,0.0,0.6173379022531097,0,0
1,2080,0.0,0.0,0.9365737332730213,0,0
2,3120,0.0,0.0,0.9416966176301753,0,0
3,4160,0.0,0.0,0.9419544768026632,0,0
4,5200,0.0,0.0,0.9428972081677348,0,0
5,6240,0.0,0.0,0.9344096861681275,0,0
6,7280,0.0,0.0,0.9296086238480387,0,0
7,8320,0.0,0.0,0.9459805129167718,0,0
8,9360,0.0,0.0,0.6270139830465082,0,0
9,10400,0.0,0.0,0.9476185222207332,0,0
10,11440,0.0,0.0,0.9455308803782416,0,0
11,12480,0.0,0.0,0.9414773798117703,0,0
12,13520,0.0,0.0,0.9516241728786521,0,0
13,14560,0.0,0.0,0.9476762371128076,0,0
14,15600,0.0,0.0,0.9416462245693684,0,0
15,16640,0.0,0.0,0.9452884607585132,0,0
16,17680,0.0,0.0,0.9525053184288144,0,0
17,18720,0.0,0.0,0.953397941222318,0,0
18,19760,0.0,0.0,0.9452573751709006,0,0
19,20800,0.0,0.0,0.945518054940624,0,0
20,21840,0.0,0.0,0.934172932889128,0,0
21,22880,0.0,0.0,0.9492842353205548,0,0
22,23920,0.0,0.0,0.9370848660402926,0,0
23,24960,0.0,0.0,0.9370316019991237,0,0
24,26000,0.0,0.0,0.9376303505576633,0,0
25,27040,0.0,0.0,0.9361568884791773,0,0
26,28080,0.0,0.0,0.9358713363748105,0,0
27,29120,0.0,0.0,0.9345300876401607,0,0
28,30160,0.0,0.0,0.9365448708787248,0,0
29,31200,0.0,0.0,0.9411750702436874,0,0
30,32240,0.0,0.0,0.9333984364478033,0,0
31,33280,0.0,0.0,0.9461395760200266,0,0
32,34320,0.0,0.0,0.9555775533034865,0,0
33,35360,0.0,0.0,0.9479899002971971,0,0
34,36400,0.0,0.0,0.9526909892913402,0,0
35,37440,0.0,0.0,0.9315715440273231,0,0
36,38480,0.0,0.0,0.9384535815360103,0,0
37,39520,0.0,0.0,0.9373243051044088,0,0
38,40560,0.0,0.0,0.9388311113361278,0,0
39,41600,0.0,0.0,0.9387689529216177,0,0
40,42640,0.0,0.0,0.9392100476836869,0,0
41,43680,0.0,0.0,0.9376837012162651,0,0
42,44720,0.0,0.0,0.9379683482638915,0,0
43,45760,0.0,0.0,0.9520521682920877,0,0
44,46800,0.0,0.0,0.9168583554109175,0,0
45,47840,0.0,0.0,0.9307213377240473,0,0
46,48880,0.0,0.0,0.9358835454151073,0,0
47,49920,0.0,0.0,0.933391109600192,0,0
48,50960,0.0,0.0,0.9353769767354655,0,0
49,52000,0.0,0.0,0.9335817304929279,0,0
