t,bytes_sent,utility,pheromone,f1_val,agg_count,rollback
0,1040,0.0,0.0,0.42257860386146096,0,0
1,2080,0.0,0.0,0.13995598239295717,0,0
2,3120,0.0,0.0,0.13995598239295717,0,0
3,4160,0.0,0.0,0.13995598239295717,0,0
4,5200,0.0,0.0,0.13995598239295717,0,0
5,6240,0.0,0.0,0.13995598239295717,0,0
6,7280,0.0,0.0,0.13995598239295717,0,0
7,8320,0.0,0.0,0.13995598239295717,0,0
8,9360,0.0,0.0,0.13995598239295717,0,0
9,10400,0.0,0.0,0.13995598239295717,0,0
10,11440,0.0,0.0,0.416084496488008,0,0
11,12480,0.0,0.0,0.3726652774371328,0,0
12,13520,0.0,0.0,0.37306606018310795,0,0
13,14560,0.0,0.0,0.3728657005221765,0,0
14,15600,0.0,0.0,0.3729322731464855,0,0
15,16640,0.0,0.0,0.3727318090052443,0,0
16,17680,0.0,0.0,0.4062571752447689,0,0
17,18720,0.0,0.0,0.5631908892904307,0,0
18,19760,0.0,0.0,0.7140170479737811,0,0
19,20800,0.0,0.0,0.7009086045093338,0,0
20,21840,0.0,0.0,0.7009268439604946,0,0
21,22880,0.0,0.0,0.7009060531918208,0,0
22,23920,0.0,0.0,0.7140170479737811,0,0
23,24960,0.0,0.0,0.7009086045093338,0,0
24,26000,0.0,0.0,0.7057293678977744,0,0
25,27040,0.0,0.0,0.7104719536723149,0,0
26,28080,0.0,0.0,0.7140170479737811,0,0
27,29120,0.0,0.0,0.9963530749356245,0,0
28,30160,0.0,0.0,0.9958289931947908,0,0
29,31200,0.0,0.0,0.9949381543534395,0,0
30,32240,0.0,0.0,0.7140170479737811,0,0
31,33280,0.0,0.0,0.9947267123181514,0,0
32,34320,0.0,0.0,0.9950949602617258,0,0
33,35360,0.0,0.0,0.9938350575535473,0,0
34,36400,0.0,0.0,0.9932593276801964,0,0
35,37440,0.0,0.0,0.9942226369520374,0,0
36,38480,0.0,0.0,0.9936566772467331,0,0
37,39520,0.0,0.0,0.9843044951922839,0,0
38,40560,0.0,0.0,0.7139758603458082,0,0
39,41600,0.0,0.0,0.9882077600002297,0,0
40,42640,0.0,0.0,0.9916639743166928,0,0
41,43680,0.0,0.0,0.9929205408612032,0,0
42,44720,0.0,0.0,0.9918008107316822,0,0
43,45760,0.0,0.0,0.993122746315827,0,0
44,46800,0.0,0.0,0.992027843503252,0,0
45,47840,0.0,0.0,0.9914375510364866,0,0
46,48880,0.0,0.0,0.9843044951922839,0,0
47,49920,0.0,0.0,0.9921866555464717,0,0
48,50960,0.0,0.0,0.9921776990995944,0,0
49,52000,0.0,0.0,0.9861132963230042,0,0
