t,bytes_sent,utility,pheromone,f1_val,agg_count,rollback
0,4160,0.0,0.0,0.13247171121594858,0,0
1,8320,0.0,0.0,0.3661950495418278,0,0
2,12480,0.0,0.0,0.14035785288270378,0,0
3,16640,0.0,0.0,0.14035785288270378,0,0
4,20800,0.0,0.0,0.14035785288270378,0,0
5,24960,0.0,0.0,0.14035785288270378,0,0
6,29120,0.0,0.0,0.14035785288270378,0,0
7,33280,0.0,0.0,0.14035785288270378,0,0
8,37440,0.0,0.0,0.14035785288270378,0,0
9,41600,0.0,0.0,0.14035785288270378,0,0
10,45760,0.0,0.0,0.15394679459223726,0,0
11,49920,0.0,0.0,0.1539803707742639,0,0
12,54080,0.0,0.0,0.4981504210441048,0,0
13,58240,0.0,0.0,0.6313511368311678,0,0
14,62400,0.0,0.0,0.6423864387234957,0,0
15,66560,0.0,0.0,0.5698639872076557,0,0
16,70720,0.0,0.0,0.7018235541867383,0,0
17,74880,0.0,0.0,0.7023047375160051,0,0
18,79040,0.0,0.0,0.701819167019819,0,0
19,83200,0.0,0.0,0.933787510394962,0,0
20,87360,0.0,0.0,0.991134627690468,0,0
21,91520,0.0,0.0,0.9766599824465292,0,0
22,95680,0.0,0.0,0.9974055297193176,0,0
23,99840,0.0,0.0,0.9688604865045884,0,0
24,104000,0.0,0.0,0.9949727033316377,0,0
25,108160,0.0,0.0,0.9388554119502449,0,0
26,112320,0.0,0.0,0.9691015004311239,0,0
27,116480,0.0,0.0,0.9330326038824146,0,0
28,120640,0.0,0.0,0.9391141802165967,0,0
29,124800,0.0,0.0,0.9722179639703227,0,0
30,128960,0.0,0.0,0.9973159669197958,0,0
31,133120,0.0,0.0,0.9522990345348272,0,0
32,137280,0.0,0.0,0.9537658767585036,0,0
33,141440,0.0,0.0,0.9523341305394458,0,0
34,145600,0.0,0.0,0.9870465201288174,0,0
35,149760,0.0,0.0,0.9234578264684914,0,0
36,153920,0.0,0.0,0.9388728550838632,0,0
37,158080,0.0,0.0,0.9965536345053762,0,0
38,162240,0.0,0.0,0.9982111419559175,0,0
39,166400,0.0,0.0,0.9975569145249968,0,0
40,170560,0.0,0.0,0.995062261950327,0,0
41,174720,0.0,0.0,0.9979681660378019,0,0
42,178880,0.0,0.0,0.9975569145249968,0,0
43,183040,0.0,0.0,0.9971461492914482,0,0
44,187200,0.0,0.0,0.9975569145249968,0,0
45,191360,0.0,0.0,0.9979681660378019,0,0
46,195520,0.0,0.0,0.9973585766958354,0,0
47,199680,0.0,0.0,0.9626736421933959,0,0
48,203840,0.0,0.0,0.9975569145249968,0,0
49,208000,0.0,0.0,0.9975578655995834,0,0
