t,bytes_sent,utility,pheromone,f1_val,agg_count,rollback
0,1040,0.0,0.0,0.3258286429018136,0,0
1,2080,0.0,0.0,0.33302780323861897,0,0
2,3120,0.0,0.0,0.3327228327228327,0,0
3,4160,0.0,0.0,0.3333333333333333,0,0
4,5200,0.0,0.0,0.3274198568316215,0,0
5,6240,0.0,0.0,0.325508607198748,0,0
6,7280,0.0,0.0,0.3104575163398693,0,0
7,8320,0.0,0.0,0.2924819773429454,0,0
8,9360,0.0,0.0,0.28137150936726757,0,0
9,10400,0.0,0.0,0.28661087866108786,0,0
10,11440,0.0,0.0,0.3004032258064516,0,0
11,12480,0.0,0.0,0.3079960513326752,0,0
12,13520,0.0,0.0,0.3090551181102362,0,0
13,14560,0.0,0.0,0.3108063989552726,0,0
14,15600,0.0,0.0,0.3118489583333333,0,0
15,16640,0.0,0.0,0.3118489583333333,0,0
16,17680,0.0,0.0,0.3121951219512195,0,0
17,18720,0.0,0.0,0.3166345536287733,0,0
18,19760,0.0,0.0,0.3169714469040744,0,0
19,20800,0.0,0.0,0.3179782469609725,0,0
20,21840,0.0,0.0,0.3179782469609725,0,0
21,22880,0.0,0.0,0.3189792663476874,0,0
22,23920,0.0,0.0,0.31964342566061765,0,0
23,24960,0.0,0.0,0.3186462324393359,0,0
24,26000,0.0,0.0,0.3193116634799235,0,0
25,27040,0.0,0.0,0.3176432917066923,0,0
26,28080,0.0,0.0,0.3162970106075217,0,0
27,29120,0.0,0.0,0.315958815958816,0,0
28,30160,0.0,0.0,0.31561996779388085,0,0
29,31200,0.0,0.0,0.31561996779388085,0,0
30,32240,0.0,0.0,0.3125406107862248,0,0
31,33280,0.0,0.0,0.3118489583333333,0,0
32,34320,0.0,0.0,0.3118489583333333,0,0
33,35360,0.0,0.0,0.31150211795373084,0,0
34,36400,0.0,0.0,0.31150211795373084,0,0
35,37440,0.0,0.0,0.3111545988258317,0,0
36,38480,0.0,0.0,0.31150211795373084,0,0
37,39520,0.0,0.0,0.3111545988258317,0,0
38,40560,0.0,0.0,0.3111545988258317,0,0
39,41600,0.0,0.0,0.3108063989552726,0,0
40,42640,0.0,0.0,0.3104575163398693,0,0
41,43680,0.0,0.0,0.310107948969578,0,0
42,44720,0.0,0.0,0.310107948969578,0,0
43,45760,0.0,0.0,0.3097576948264571,0,0
44,46800,0.0,0.0,0.3097576948264571,0,0
45,47840,0.0,0.0,0.309406751884628,0,0
46,48880,0.0,0.0,0.3097576948264571,0,0
47,49920,0.0,0.0,0.309406751884628,0,0
48,50960,0.0,0.0,0.309406751884628,0,0
49,52000,0.0,0.0,0.3097576948264571,0,0
