t,bytes_sent,utility,pheromone,f1_val,agg_count,rollback
0,1040,0.0,0.0,0.2731193926846101,0,0
1,2080,0.0,0.0,0.0,0,0
2,3120,0.0,0.0,0.0,0,0
3,4160,0.0,0.0,0.0,0,0
4,5200,0.0,0.0,0.0,0,0
5,6240,0.0,0.0,0.0,0,0
6,7280,0.0,0.0,0.0,0,0
7,8320,0.0,0.0,0.0,0,0
8,9360,0.0,0.0,0.0,0,0
9,10400,0.0,0.0,0.0,0,0
10,11440,0.0,0.0,0.0,0,0
11,12480,0.0,0.0,0.0,0,0
12,13520,0.0,0.0,0.0,0,0
13,14560,0.0,0.0,0.0,0,0
14,15600,0.0,0.0,0.0,0,0
15,16640,0.0,0.0,0.0,0,0
16,17680,0.0,0.0,0.0,0,0
17,18720,0.0,0.0,0.0,0,0
18,19760,0.0,0.0,0.0,0,0
19,20800,0.0,0.0,0.0,0,0
20,21840,0.0,0.0,0.0,0,0
21,22880,0.0,0.0,0.0,0,0
22,23920,0.0,0.0,0.0,0,0
23,24960,0.0,0.0,0.0,0,0
24,26000,0.0,0.0,0.0,0,0
25,27040,0.0,0.0,0.0,0,0
26,28080,0.0,0.0,0.0,0,0
27,29120,0.0,0.0,0.0,0,0
28,30160,0.0,0.0,0.0,0,0
29,31200,0.0,0.0,0.0,0,0
30,32240,0.0,0.0,0.0,0,0
31,33280,0.0,0.0,0.0,0,0
32,34320,0.0,0.0,0.051811288963774224,0,0
33,35360,0.0,0.0,0.08714596949891068,0,0
34,36400,0.0,0.0,0.13192612137203166,0,0
35,37440,0.0,0.0,0.1150855365474339,0,0
36,38480,0.0,0.0,0.13192612137203166,0,0
37,39520,0.0,0.0,0.13232893910860014,0,0
38,40560,0.0,0.0,0.12102564102564102,0,0
39,41600,0.0,0.0,0.10791650256006302,0,0
40,42640,0.0,0.0,0.12477718360071301,0,0
41,43680,0.0,0.0,0.1345336334083521,0,0
42,44720,0.0,0.0,0.13533083645443197,0,0
43,45760,0.0,0.0,0.1351317597102535,0,0
44,46800,0.0,0.0,0.13493253373313344,0,0
45,47840,0.0,0.0,0.1351317597102535,0,0
46,48880,0.0,0.0,0.1351317597102535,0,0
47,49920,0.0,0.0,0.1347331583552056,0,0
48,50960,0.0,0.0,0.13393415946927026,0,0
49,52000,0.0,0.0,0.13393415946927026,0,0
