t,bytes_sent,utility,pheromone,f1_val,agg_count,rollback
0,1040,0.0,0.0,0.0,0,0
1,2080,0.0,0.0,0.0,0,0
2,3120,0.0,0.0,0.0,0,0
3,4160,0.0,0.0,0.0,0,0
4,5200,0.0,0.0,0.0,0,0
5,6240,0.0,0.0,0.0,0,0
6,7280,0.0,0.0,0.0,0,0
7,8320,0.0,0.0,0.0,0,0
8,9360,0.0,0.0,0.0,0,0
9,10400,0.0,0.0,0.0,0,0
10,11440,0.0,0.0,0.0,0,0
11,12480,0.0,0.0,0.0,0,0
12,13520,0.0,0.0,0.0,0,0
13,14560,0.0,0.0,0.0,0,0
14,15600,0.0,0.0,0.0,0,0
15,16640,0.0,0.0,0.0,0,0
16,17680,0.0,0.0,0.0,0,0
17,18720,0.0,0.0,0.0,0,0
18,19760,0.0,0.0,0.0,0,0
19,20800,0.0,0.0,0.0,0,0
20,21840,0.0,0.0,0.0,0,0
21,22880,0.0,0.0,0.0,0,0
22,23920,0.0,0.0,0.0,0,0
23,24960,0.0,0.0,0.0,0,0
24,26000,0.0,0.0,0.0,0,0
25,27040,0.0,0.0,0.0,0,0
26,28080,0.0,0.0,0.0,0,0
27,29120,0.0,0.0,0.008701787394167451,0,0
28,30160,0.0,0.0,0.0635185959047221,0,0
29,31200,0.0,0.0,0.04665798611111111,0,0
30,32240,0.0,0.0,0.06587697423108894,0,0
31,33280,0.0,0.0,0.04308836395450569,0,0
32,34320,0.0,0.0,0.07280163599182005,0,0
33,35360,0.0,0.0,0.01954921803127875,0,0
34,36400,0.0,0.0,0.1518987341772152,0,0
35,37440,0.0,0.0,0.011294117647058823,0,0
36,38480,0.0,0.0,0.10836145481814773,0,0
37,39520,0.0,0.0,0.007572172266919072,0,0
38,40560,0.0,0.0,0.14655172413793102,0,0
39,41600,0.0,0.0,0.1571522309711286,0,0
40,42640,0.0,0.0,0.03287119856887299,0,0
41,43680,0.0,0.0,0.1460521856997628,0,0
42,44720,0.0,0.0,0.04208680403331872,0,0
43,45760,0.0,0.0,0.031193895870736087,0,0
44,46800,0.0,0.0,0.1390614216701173,0,0
45,47840,0.0,0.0,0.0486171132238548,0,0
46,48880,0.0,0.0,0.12018181818181818,0,0
47,49920,0.0,0.0,0.06892282294676022,0,0
48,50960,0.0,0.0,0.00474158368895211,0,0
49,52000,0.0,0.0,0.11253244345569151,0,0
