t,bytes_sent,utility,pheromone,f1_val,agg_count,rollback
0,1040,0.0,0.0,0.33301481127568083,0,0
1,2080,0.0,0.0,0.33301496338745623,0,0
2,3120,0.0,0.0,0.33301496338745623,0,0
3,4160,0.0,0.0,0.24976122254059216,0,0
4,5200,0.0,0.0,0.24892908138981437,0,0
5,6240,0.0,0.0,0.24045977011494252,0,0
6,7280,0.0,0.0,0.2389764679003884,0,0
7,8320,0.0,0.0,0.23510901326140707,0,0
8,9360,0.0,0.0,0.2329621380846325,0,0
9,10400,0.0,0.0,0.23182624113475178,0,0
10,11440,0.0,0.0,0.22968818620992534,0,0
11,12480,0.0,0.0,0.22828459188127456,0,0
12,13520,0.0,0.0,0.22863387978142077,0,0
13,14560,0.0,0.0,0.22843415592924218,0,0
14,15600,0.0,0.0,0.22734188219952184,0,0
15,16640,0.0,0.0,0.22538246067657833,0,0
16,17680,0.0,0.0,0.2225531914893617,0,0
17,18720,0.0,0.0,0.22104818258664413,0,0
18,19760,0.0,0.0,0.22021052631578947,0,0
19,20800,0.0,0.0,0.2188284518828452,0,0
20,21840,0.0,0.0,0.21979407438537507,0,0
21,22880,0.0,0.0,0.2205820328975116,0,0
22,23920,0.0,0.0,0.22104818258664413,0,0
23,24960,0.0,0.0,0.2215163066497247,0,0
24,26000,0.0,0.0,0.22179813401187448,0,0
25,27040,0.0,0.0,0.2221278403057974,0,0
26,28080,0.0,0.0,0.2225531914893617,0,0
27,29120,0.0,0.0,0.2225531914893617,0,0
28,30160,0.0,0.0,0.22245852828583582,0,0
29,31200,0.0,0.0,0.2225531914893617,0,0
30,32240,0.0,0.0,0.2227427597955707,0,0
31,33280,0.0,0.0,0.22260055330921472,0,0
32,34320,0.0,0.0,0.22283766510438857,0,0
33,35360,0.0,0.0,0.22288514809290433,0,0
34,36400,0.0,0.0,0.22288514809290433,0,0
35,37440,0.0,0.0,0.2229326513213981,0,0
36,38480,0.0,0.0,0.2230277185501066,0,0
37,39520,0.0,0.0,0.2230277185501066,0,0
38,40560,0.0,0.0,0.22307528257624226,0,0
39,41600,0.0,0.0,0.2230277185501066,0,0
40,42640,0.0,0.0,0.22307528257624226,0,0
41,43680,0.0,0.0,0.22307528257624226,0,0
42,44720,0.0,0.0,0.22321809645753307,0,0
43,45760,0.0,0.0,0.2229801748028139,0,0
44,46800,0.0,0.0,0.2230277185501066,0,0
45,47840,0.0,0.0,0.2229326513213981,0,0
46,48880,0.0,0.0,0.22307528257624226,0,0
47,49920,0.0,0.0,0.2230277185501066,0,0
48,50960,0.0,0.0,0.22312286689419794,0,0
49,52000,0.0,0.0,0.2229801748028139,0,0
