t,bytes_sent,utility,pheromone,f1_val,agg_count,rollback
0,1040,0.0,0.0,0.1522581895716224,0,0
1,2080,0.0,0.0,0.20281435579654014,0,0
2,3120,0.0,0.0,0.4676846122981401,0,0
3,4160,0.0,0.0,0.5269022927513821,0,0
4,5200,0.0,0.0,0.5079633433781018,0,0
5,6240,0.0,0.0,0.5089487053604467,0,0
6,7280,0.0,0.0,0.5999788600869617,0,0
7,8320,0.0,0.0,0.5799265487244802,0,0
8,9360,0.0,0.0,0.4692368014991659,0,0
9,10400,0.0,0.0,0.6417799219194714,0,0
10,11440,0.0,0.0,0.6363935080602379,0,0
11,12480,0.0,0.0,0.5243874518510162,0,0
12,13520,0.0,0.0,0.6003499956207968,0,0
13,14560,0.0,0.0,0.5463472321147812,0,0
14,15600,0.0,0.0,0.596923782971067,0,0
15,16640,0.0,0.0,0.5941662531090955,0,0
16,17680,0.0,0.0,0.5933597705006949,0,0
17,18720,0.0,0.0,0.5505943324083762,0,0
18,19760,0.0,0.0,0.5836579762878809,0,0
19,20800,0.0,0.0,0.5332371544250262,0,0
20,21840,0.0,0.0,0.5895613584511286,0,0
21,22880,0.0,0.0,0.5025522801993458,0,0
22,23920,0.0,0.0,0.5964152062868946,0,0
23,24960,0.0,0.0,0.5947371981852941,0,0
24,26000,0.0,0.0,0.5975929534178541,0,0
25,27040,0.0,0.0,0.6071029145116223,0,0
26,28080,0.0,0.0,0.6537669978555719,0,0
27,29120,0.0,0.0,0.6374127009015522,0,0
28,30160,0.0,0.0,0.650507702123781,0,0
29,31200,0.0,0.0,0.6466070984270945,0,0
30,32240,0.0,0.0,0.6502353579406518,0,0
31,33280,0.0,0.0,0.5082268436859647,0,0
32,34320,0.0,0.0,0.6123572333312827,0,0
33,35360,0.0,0.0,0.6373975215402293,0,0
34,36400,0.0,0.0,0.6443730968646911,0,0
35,37440,0.0,0.0,0.6467933775206061,0,0
36,38480,0.0,0.0,0.6240812203963743,0,0
37,39520,0.0,0.0,0.6488436354241705,0,0
38,40560,0.0,0.0,0.649876974056927,0,0
39,41600,0.0,0.0,0.6506237091748948,0,0
40,42640,0.0,0.0,0.6510828641137619,0,0
41,43680,0.0,0.0,0.6508104416461552,0,0
42,44720,0.0,0.0,0.6509971937762562,0,0
43,45760,0.0,0.0,0.651268115658696,0,0
44,46800,0.0,0.0,0.6511825323429382,0,0
45,47840,0.0,0.0,0.6513693415187185,0,0
46,48880,0.0,0.0,0.6513693415187185,0,0
47,49920,0.0,0.0,0.6513693415187185,0,0
48,50960,0.0,0.0,0.6511825323429382,0,0
49,52000,0.0,0.0,0.6511825323429382,0,0
