t,bytes_sent,utility,pheromone,f1_val,agg_count,rollback
0,1040,0.0,0.0,0.13973365136155833,0,0
1,2080,0.0,0.0,0.103651869669801,0,0
2,3120,0.0,0.0,0.103651869669801,0,0
3,4160,0.0,0.0,0.13973365136155833,0,0
4,5200,0.0,0.0,0.13973365136155833,0,0
5,6240,0.0,0.0,0.13973365136155833,0,0
6,7280,0.0,0.0,0.13973365136155833,0,0
7,8320,0.0,0.0,0.13973365136155833,0,0
8,9360,0.0,0.0,0.13973365136155833,0,0
9,10400,0.0,0.0,0.13973365136155833,0,0
10,11440,0.0,0.0,0.4157993423538048,0,0
11,12480,0.0,0.0,0.416567672447929,0,0
12,13520,0.0,0.0,0.41691903018686227,0,0
13,14560,0.0,0.0,0.7011567899119449,0,0
14,15600,0.0,0.0,0.7013506818496502,0,0
15,16640,0.0,0.0,0.7003014670278098,0,0
16,17680,0.0,0.0,0.6934322128722656,0,0
17,18720,0.0,0.0,0.6972582496422661,0,0
18,19760,0.0,0.0,0.6928884892212138,0,0
19,20800,0.0,0.0,0.7011100234866573,0,0
20,21840,0.0,0.0,0.6971553146573165,0,0
21,22880,0.0,0.0,0.6939325987722396,0,0
22,23920,0.0,0.0,0.6940653927428362,0,0
23,24960,0.0,0.0,0.6932810980293446,0,0
24,26000,0.0,0.0,0.6954658825962772,0,0
25,27040,0.0,0.0,0.700957864484732,0,0
26,28080,0.0,0.0,0.6902278480923858,0,0
27,29120,0.0,0.0,0.6947646795673075,0,0
28,30160,0.0,0.0,0.7010691361715489,0,0
29,31200,0.0,0.0,0.7885206239225526,0,0
30,32240,0.0,0.0,0.7002153901428951,0,0
31,33280,0.0,0.0,0.750181806840677,0,0
32,34320,0.0,0.0,0.6934759307335637,0,0
33,35360,0.0,0.0,0.6989679423132961,0,0
34,36400,0.0,0.0,0.7905416795399824,0,0
35,37440,0.0,0.0,0.780943111844199,0,0
36,38480,0.0,0.0,0.8314992028339685,0,0
37,39520,0.0,0.0,0.8208216988028039,0,0
38,40560,0.0,0.0,0.8755411400852825,0,0
39,41600,0.0,0.0,0.9909399665141364,0,0
40,42640,0.0,0.0,0.7568859800970419,0,0
41,43680,0.0,0.0,0.9963324108488076,0,0
42,44720,0.0,0.0,0.7007438455271788,0,0
43,45760,0.0,0.0,0.7644071553881522,0,0
44,46800,0.0,0.0,0.9324751069221118,0,0
45,47840,0.0,0.0,0.9794239928264752,0,0
46,48880,0.0,0.0,0.9698826622599892,0,0
47,49920,0.0,0.0,0.7002178920523103,0,0
48,50960,0.0,0.0,0.9557948396628284,0,0
49,52000,0.0,0.0,0.7734715563303229,0,0
