t,bytes_sent,utility,pheromone,f1_val,agg_count,rollback
0,1040,0.0,0.0,0.24945869718963,0,0
1,2080,0.0,0.0,0.10386473429951691,0,0
2,3120,0.0,0.0,0.2360912201137765,0,0
3,4160,0.0,0.0,0.16544635313996056,0,0
4,5200,0.0,0.0,0.1669425396074722,0,0
5,6240,0.0,0.0,0.14063745019920318,0,0
6,7280,0.0,0.0,0.14063745019920318,0,0
7,8320,0.0,0.0,0.14063745019920318,0,0
8,9360,0.0,0.0,0.14063745019920318,0,0
9,10400,0.0,0.0,0.4148762816002004,0,0
10,11440,0.0,0.0,0.4171583814486223,0,0
11,12480,0.0,0.0,0.41688961959344656,0,0
12,13520,0.0,0.0,0.4169319506711395,0,0
13,14560,0.0,0.0,0.34999500073836354,0,0
14,15600,0.0,0.0,0.4296125675336197,0,0
15,16640,0.0,0.0,0.3732722320846527,0,0
16,17680,0.0,0.0,0.40245093720930086,0,0
17,18720,0.0,0.0,0.5433062794177067,0,0
18,19760,0.0,0.0,0.42475551253457994,0,0
19,20800,0.0,0.0,0.5530152587233086,0,0
20,21840,0.0,0.0,0.5520996521576021,0,0
21,22880,0.0,0.0,0.4945784741925987,0,0
22,23920,0.0,0.0,0.7749583627492831,0,0
23,24960,0.0,0.0,0.602400482868402,0,0
24,26000,0.0,0.0,0.7437182821727906,0,0
25,27040,0.0,0.0,0.8687222123526757,0,0
26,28080,0.0,0.0,0.9031658249903042,0,0
27,29120,0.0,0.0,0.884159091863052,0,0
28,30160,0.0,0.0,0.8809426663068862,0,0
29,31200,0.0,0.0,0.8631967256445354,0,0
30,32240,0.0,0.0,0.8322890291984326,0,0
31,33280,0.0,0.0,0.936136396087434,0,0
32,34320,0.0,0.0,0.9166538322982334,0,0
33,35360,0.0,0.0,0.842827267789162,0,0
34,36400,0.0,0.0,0.8614883604231411,0,0
35,37440,0.0,0.0,0.9138299384078847,0,0
36,38480,0.0,0.0,0.9081827499786738,0,0
37,39520,0.0,0.0,0.9846104852048416,0,0
38,40560,0.0,0.0,0.9225873448576272,0,0
39,41600,0.0,0.0,0.8295183838450212,0,0
40,42640,0.0,0.0,0.9233393789890554,0,0
41,43680,0.0,0.0,0.974072555682347,0,0
42,44720,0.0,0.0,0.933004203293405,0,0
43,45760,0.0,0.0,0.914645464227868,0,0
44,46800,0.0,0.0,0.9184026515022286,0,0
45,47840,0.0,0.0,0.933212609258397,0,0
46,48880,0.0,0.0,0.9306829004960786,0,0
47,49920,0.0,0.0,0.8953425917624975,0,0
48,50960,0.0,0.0,0.883191698746006,0,0
49,52000,0.0,0.0,0.9050035111604446,0,0
