t,bytes_sent,utility,pheromone,f1_val,agg_count,rollback
0,1040,0.0,0.0,0.393616424676508,0,0
1,2080,0.0,0.0,0.582387482772447,0,0
2,3120,0.0,0.0,0.39161330242790915,0,0
3,4160,0.0,0.0,0.14226190476190476,0,0
4,5200,0.0,0.0,0.14226190476190476,0,0
5,6240,0.0,0.0,0.14226190476190476,0,0
6,7280,0.0,0.0,0.14226190476190476,0,0
7,8320,0.0,0.0,0.14226190476190476,0,0
8,9360,0.0,0.0,0.14226190476190476,0,0
9,10400,0.0,0.0,0.41714700908202623,0,0
10,11440,0.0,0.0,0.4175873768787894,0,0
11,12480,0.0,0.0,0.584401879078159,0,0
12,13520,0.0,0.0,0.6733638834750377,0,0
13,14560,0.0,0.0,0.3714307974260302,0,0
14,15600,0.0,0.0,0.714986591715879,0,0
15,16640,0.0,0.0,0.7064039302032868,0,0
16,17680,0.0,0.0,0.7091721274141649,0,0
17,18720,0.0,0.0,0.7008168588441903,0,0
18,19760,0.0,0.0,0.7008563225598777,0,0
19,20800,0.0,0.0,0.7008563225598777,0,0
20,21840,0.0,0.0,0.7005685100046517,0,0
21,22880,0.0,0.0,0.7005691551769304,0,0
22,23920,0.0,0.0,0.7008563225598777,0,0
23,24960,0.0,0.0,0.7007274985363465,0,0
24,26000,0.0,0.0,0.7008569501491988,0,0
25,27040,0.0,0.0,0.6313780295281026,0,0
26,28080,0.0,0.0,0.7006083926626743,0,0
27,29120,0.0,0.0,0.7006090940057808,0,0
28,30160,0.0,0.0,0.5772522203104063,0,0
29,31200,0.0,0.0,0.7006090940057808,0,0
30,32240,0.0,0.0,0.6126958416951486,0,0
31,33280,0.0,0.0,0.7006083926626743,0,0
32,34320,0.0,0.0,0.6758117497209261,0,0
33,35360,0.0,0.0,0.6095675971341563,0,0
34,36400,0.0,0.0,0.7006947214685414,0,0
35,37440,0.0,0.0,0.6310606208301927,0,0
36,38480,0.0,0.0,0.7006947214685414,0,0
37,39520,0.0,0.0,0.700781124122831,0,0
38,40560,0.0,0.0,0.6327499252296539,0,0
39,41600,0.0,0.0,0.6303640292601197,0,0
40,42640,0.0,0.0,0.7006947214685414,0,0
41,43680,0.0,0.0,0.7007816778637295,0,0
42,44720,0.0,0.0,0.7006536512124258,0,0
43,45760,0.0,0.0,0.8942872406753435,0,0
44,46800,0.0,0.0,0.6500725237997699,0,0
45,47840,0.0,0.0,0.7007406076076139,0,0
46,48880,0.0,0.0,0.7006536512124258,0,0
47,49920,0.0,0.0,0.7007401102601454,0,0
48,50960,0.0,0.0,0.7007401102601454,0,0
49,52000,0.0,0.0,0.6306814464485847,0,0
