t,bytes_sent,utility,pheromone,f1_val,agg_count,rollback
0,1040,0.0,0.0,0.10637591321673677,0,0
1,2080,0.0,0.0,0.14022662889518414,0,0
2,3120,0.0,0.0,0.14022662889518414,0,0
3,4160,0.0,0.0,0.14022662889518414,0,0
4,5200,0.0,0.0,0.14022662889518414,0,0
5,6240,0.0,0.0,0.14022662889518414,0,0
6,7280,0.0,0.0,0.14022662889518414,0,0
7,8320,0.0,0.0,0.14022662889518414,0,0
8,9360,0.0,0.0,0.14022662889518414,0,0
9,10400,0.0,0.0,0.4150135411368775,0,0
10,11440,0.0,0.0,0.4150502382047354,0,0
11,12480,0.0,0.0,0.41390996828498405,0,0
12,13520,0.0,0.0,0.41279749626485407,0,0
13,14560,0.0,0.0,0.6829445641026001,0,0
14,15600,0.0,0.0,0.6660147413458755,0,0
15,16640,0.0,0.0,0.6630645637036127,0,0
16,17680,0.0,0.0,0.6646219087597197,0,0
17,18720,0.0,0.0,0.6732291321563998,0,0
18,19760,0.0,0.0,0.6607898980296928,0,0
19,20800,0.0,0.0,0.8271451572963306,0,0
20,21840,0.0,0.0,0.6639836275121354,0,0
21,22880,0.0,0.0,0.9468474060557405,0,0
22,23920,0.0,0.0,0.6677806369438168,0,0
23,24960,0.0,0.0,0.9548344977431997,0,0
24,26000,0.0,0.0,0.9518639017781121,0,0
25,27040,0.0,0.0,0.9511470133698801,0,0
26,28080,0.0,0.0,0.9510424784136886,0,0
27,29120,0.0,0.0,0.9447239933991239,0,0
28,30160,0.0,0.0,0.9492317860069879,0,0
29,31200,0.0,0.0,0.9560197762427017,0,0
30,32240,0.0,0.0,0.944182381641371,0,0
31,33280,0.0,0.0,0.9457753321932266,0,0
32,34320,0.0,0.0,0.943603448636766,0,0
33,35360,0.0,0.0,0.9395994619196728,0,0
34,36400,0.0,0.0,0.9409467687935914,0,0
35,37440,0.0,0.0,0.9384063942004572,0,0
36,38480,0.0,0.0,0.9404740896691791,0,0
37,39520,0.0,0.0,0.9419932896265846,0,0
38,40560,0.0,0.0,0.9419932896265846,0,0
39,41600,0.0,0.0,0.9436224065199624,0,0
40,42640,0.0,0.0,0.9407799399745767,0,0
41,43680,0.0,0.0,0.9388748311418351,0,0
42,44720,0.0,0.0,0.9407799399745767,0,0
43,45760,0.0,0.0,0.9450986293797425,0,0
44,46800,0.0,0.0,0.9409987772347482,0,0
45,47840,0.0,0.0,0.9483738671436366,0,0
46,48880,0.0,0.0,0.945845554438749,0,0
47,49920,0.0,0.0,0.9419040820855982,0,0
48,50960,0.0,0.0,0.9513491147157489,0,0
49,52000,0.0,0.0,0.938404713457073,0,0
