t,bytes_sent,utility,pheromone,f1_val,agg_count,rollback
0,1040,0.0,0.0,0.09148694665153236,0,0
1,2080,0.0,0.0,0.13995598239295717,0,0
2,3120,0.0,0.0,0.13995598239295717,0,0
3,4160,0.0,0.0,0.13995598239295717,0,0
4,5200,0.0,0.0,0.13995598239295717,0,0
5,6240,0.0,0.0,0.13995598239295717,0,0
6,7280,0.0,0.0,0.13995598239295717,0,0
7,8320,0.0,0.0,0.13995598239295717,0,0
8,9360,0.0,0.0,0.13995598239295717,0,0
9,10400,0.0,0.0,0.13995598239295717,0,0
10,11440,0.0,0.0,0.3188973521944142,0,0
11,12480,0.0,0.0,0.4162799983110498,0,0
12,13520,0.0,0.0,0.7144610111876308,0,0
13,14560,0.0,0.0,0.3728657005221765,0,0
14,15600,0.0,0.0,0.3727983816295533,0,0
15,16640,0.0,0.0,0.7033956358625224,0,0
16,17680,0.0,0.0,0.7008992245294026,0,0
17,18720,0.0,0.0,0.7066691148147152,0,0
18,19760,0.0,0.0,0.7011506828958344,0,0
19,20800,0.0,0.0,0.7141096062959231,0,0
20,21840,0.0,0.0,0.7009086045093338,0,0
21,22880,0.0,0.0,0.7009086045093338,0,0
22,23920,0.0,0.0,0.7011415995054135,0,0
23,24960,0.0,0.0,0.6996812786542299,0,0
24,26000,0.0,0.0,0.7140170479737811,0,0
25,27040,0.0,0.0,0.7012354443608507,0,0
26,28080,0.0,0.0,0.7011436638604759,0,0
27,29120,0.0,0.0,0.7003811776962134,0,0
28,30160,0.0,0.0,0.7007989074325169,0,0
29,31200,0.0,0.0,0.9839059396635483,0,0
30,32240,0.0,0.0,0.9944762566777277,0,0
31,33280,0.0,0.0,0.9941380936044745,0,0
32,34320,0.0,0.0,0.7835530343927624,0,0
33,35360,0.0,0.0,0.9930382012516658,0,0
34,36400,0.0,0.0,0.7142391053978291,0,0
35,37440,0.0,0.0,0.9931832866490584,0,0
36,38480,0.0,0.0,0.9918109678295097,0,0
37,39520,0.0,0.0,0.7139758603458082,0,0
38,40560,0.0,0.0,0.9936910743895857,0,0
39,41600,0.0,0.0,0.9871370762874481,0,0
40,42640,0.0,0.0,0.9936910743895857,0,0
41,43680,0.0,0.0,0.9918109678295097,0,0
42,44720,0.0,0.0,0.9921646161217188,0,0
43,45760,0.0,0.0,0.9098150490135827,0,0
44,46800,0.0,0.0,0.9739937082122831,0,0
45,47840,0.0,0.0,0.9932593276801964,0,0
46,48880,0.0,0.0,0.994792642153961,0,0
47,49920,0.0,0.0,0.9928938724649488,0,0
48,50960,0.0,0.0,0.9910860494090681,0,0
49,52000,0.0,0.0,0.9918109678295097,0,0
