t,bytes_sent,utility,pheromone,f1_val,agg_count,rollback
0,1040,0.0,0.0,0.960995754132836,0,0
1,2080,0.0,0.0,0.9969898462029754,0,0
2,3120,0.0,0.0,0.6915509031839028,0,0
3,4160,0.0,0.0,0.9652902376794625,0,0
4,5200,0.0,0.0,0.9849005391234495,0,0
5,6240,0.0,0.0,0.9907561349049521,0,0
6,7280,0.0,0.0,0.9754968394305334,0,0
7,8320,0.0,0.0,0.9610352511054436,0,0
8,9360,0.0,0.0,0.9610352511054436,0,0
9,10400,0.0,0.0,0.963845097981865,0,0
10,11440,0.0,0.0,0.8423613297999212,0,0
11,12480,0.0,0.0,0.9470533482420347,0,0
12,13520,0.0,0.0,0.9580007861914006,0,0
13,14560,0.0,0.0,0.9773815447411264,0,0
14,15600,0.0,0.0,0.8847245600316389,0,0
15,16640,0.0,0.0,0.6694515200160784,0,0
16,17680,0.0,0.0,0.8154962665749667,0,0
17,18720,0.0,0.0,0.8255917278726483,0,0
18,19760,0.0,0.0,0.8084235750496065,0,0
19,20800,0.0,0.0,0.8063632003969999,0,0
20,21840,0.0,0.0,0.8063331093760219,0,0
21,22880,0.0,0.0,0.8042031847779845,0,0
22,23920,0.0,0.0,0.8020278491855362,0,0
23,24960,0.0,0.0,0.8024641541485423,0,0
24,26000,0.0,0.0,0.7981934929192975,0,0
25,27040,0.0,0.0,0.7986699479384749,0,0
26,28080,0.0,0.0,0.7969094113122658,0,0
27,29120,0.0,0.0,0.7948833625839179,0,0
28,30160,0.0,0.0,0.7958311039031044,0,0
29,31200,0.0,0.0,0.79463712573054,0,0
30,32240,0.0,0.0,0.7940365492044723,0,0
31,33280,0.0,0.0,0.7934499343267734,0,0
32,34320,0.0,0.0,0.7880367410144573,0,0
33,35360,0.0,0.0,0.7854993804386603,0,0
34,36400,0.0,0.0,0.783365797888514,0,0
35,37440,0.0,0.0,0.7820199505246612,0,0
36,38480,0.0,0.0,0.7797789426644051,0,0
37,39520,0.0,0.0,0.7738027489277977,0,0
38,40560,0.0,0.0,0.7725768501248735,0,0
39,41600,0.0,0.0,0.7754257502301218,0,0
40,42640,0.0,0.0,0.773044666824804,0,0
41,43680,0.0,0.0,0.7669724672479047,0,0
42,44720,0.0,0.0,0.7625297637202463,0,0
43,45760,0.0,0.0,0.763902362761557,0,0
44,46800,0.0,0.0,0.7495296276023745,0,0
45,47840,0.0,0.0,0.7533986488845357,0,0
46,48880,0.0,0.0,0.75380895664649,0,0
47,49920,0.0,0.0,0.7509984410338162,0,0
48,50960,0.0,0.0,0.7457693483299823,0,0
49,52000,0.0,0.0,0.752491536095278,0,0
