t,bytes_sent,utility,pheromone,f1_val,agg_count,rollback
0,1040,0.0,0.0,0.1945639468561659,0,0
1,2080,0.0,0.0,0.39337183790074315,0,0
2,3120,0.0,0.0,0.5486723141205715,0,0
3,4160,0.0,0.0,0.3260445800491567,0,0
4,5200,0.0,0.0,0.46279025026734155,0,0
5,6240,0.0,0.0,0.5775643816917894,0,0
6,7280,0.0,0.0,0.43554415825096315,0,0
7,8320,0.0,0.0,0.5820946183534618,0,0
8,9360,0.0,0.0,0.9733216322948661,0,0
9,10400,0.0,0.0,0.6449876963410989,0,0
10,11440,0.0,0.0,0.6420259946464495,0,0
11,12480,0.0,0.0,0.4796673118677205,0,0
12,13520,0.0,0.0,0.65102938838315,0,0
13,14560,0.0,0.0,0.6502098987161191,0,0
14,15600,0.0,0.0,0.6480504787246352,0,0
15,16640,0.0,0.0,0.9702581369248036,0,0
16,17680,0.0,0.0,0.6477782008389094,0,0
17,18720,0.0,0.0,0.9669130429906123,0,0
18,19760,0.0,0.0,0.9680241445757449,0,0
19,20800,0.0,0.0,0.9621841648291101,0,0
20,21840,0.0,0.0,0.9552321075324777,0,0
21,22880,0.0,0.0,0.9632932550577824,0,0
22,23920,0.0,0.0,0.8952247353000233,0,0
23,24960,0.0,0.0,0.9245141643878161,0,0
24,26000,0.0,0.0,0.9413794258533481,0,0
25,27040,0.0,0.0,0.9388882261470493,0,0
26,28080,0.0,0.0,0.9286598076044186,0,0
27,29120,0.0,0.0,0.9491367531983604,0,0
28,30160,0.0,0.0,0.26371395167055917,0,0
29,31200,0.0,0.0,0.4021997417187341,0,0
30,32240,0.0,0.0,0.4890330040604223,0,0
31,33280,0.0,0.0,0.5243315088800679,0,0
32,34320,0.0,0.0,0.5252446817746322,0,0
33,35360,0.0,0.0,0.5217731707857293,0,0
34,36400,0.0,0.0,0.511259189680879,0,0
35,37440,0.0,0.0,0.5020747757214371,0,0
36,38480,0.0,0.0,0.5278451573415535,0,0
37,39520,0.0,0.0,0.5771161667900458,0,0
38,40560,0.0,0.0,0.5786597027406565,0,0
39,41600,0.0,0.0,0.5809428767907913,0,0
40,42640,0.0,0.0,0.5826391152842086,0,0
41,43680,0.0,0.0,0.5826391152842086,0,0
42,44720,0.0,0.0,0.5842508005066432,0,0
43,45760,0.0,0.0,0.5813624619355436,0,0
44,46800,0.0,0.0,0.5842285689872208,0,0
45,47840,0.0,0.0,0.5829291917033245,0,0
46,48880,0.0,0.0,0.5803529574481318,0,0
47,49920,0.0,0.0,0.5836717666435506,0,0
48,50960,0.0,0.0,0.5831148541056165,0,0
49,52000,0.0,0.0,0.5858983381016792,0,0
