t,bytes_sent,utility,pheromone,f1_val,agg_count,rollback
0,1040,0.0,0.0,0.09576103667911268,0,0
1,2080,0.0,0.0,0.4162153112687605,0,0
2,3120,0.0,0.0,0.13862163754172394,0,0
3,4160,0.0,0.0,0.13862163754172394,0,0
4,5200,0.0,0.0,0.13862163754172394,0,0
5,6240,0.0,0.0,0.13862163754172394,0,0
6,7280,0.0,0.0,0.13862163754172394,0,0
7,8320,0.0,0.0,0.13862163754172394,0,0
8,9360,0.0,0.0,0.13862163754172394,0,0
9,10400,0.0,0.0,0.41615846728099787,0,0
10,11440,0.0,0.0,0.3994676647312514,0,0
11,12480,0.0,0.0,0.4592705467745237,0,0
12,13520,0.0,0.0,0.3872669370954186,0,0
13,14560,0.0,0.0,0.39531764624621524,0,0
14,15600,0.0,0.0,0.6842557194156516,0,0
15,16640,0.0,0.0,0.6980063836389666,0,0
16,17680,0.0,0.0,0.5652066568538064,0,0
17,18720,0.0,0.0,0.5654853863012859,0,0
18,19760,0.0,0.0,0.6955300020050584,0,0
19,20800,0.0,0.0,0.6861570484498953,0,0
20,21840,0.0,0.0,0.5779337815391034,0,0
21,22880,0.0,0.0,0.6520067913230883,0,0
22,23920,0.0,0.0,0.6952064200383821,0,0
23,24960,0.0,0.0,0.6138727439720767,0,0
24,26000,0.0,0.0,0.694279934375263,0,0
25,27040,0.0,0.0,0.6577771608018693,0,0
26,28080,0.0,0.0,0.7556715393740859,0,0
27,29120,0.0,0.0,0.7955041923331108,0,0
28,30160,0.0,0.0,0.8541443055317346,0,0
29,31200,0.0,0.0,0.984247815582477,0,0
30,32240,0.0,0.0,0.9950868285240967,0,0
31,33280,0.0,0.0,0.9550391230655294,0,0
32,34320,0.0,0.0,0.8140765863080726,0,0
33,35360,0.0,0.0,0.7883735240290044,0,0
34,36400,0.0,0.0,0.8706709853611103,0,0
35,37440,0.0,0.0,0.9869829950451314,0,0
36,38480,0.0,0.0,0.9951878390193748,0,0
37,39520,0.0,0.0,0.7406485218472495,0,0
38,40560,0.0,0.0,0.9864231149886179,0,0
39,41600,0.0,0.0,0.9350464301651614,0,0
40,42640,0.0,0.0,0.9951878390193748,0,0
41,43680,0.0,0.0,0.9951878390193748,0,0
42,44720,0.0,0.0,0.9951878390193748,0,0
43,45760,0.0,0.0,0.9449518858557053,0,0
44,46800,0.0,0.0,0.93747048302845,0,0
45,47840,0.0,0.0,0.9612041388918138,0,0
46,48880,0.0,0.0,0.9593667403315485,0,0
47,49920,0.0,0.0,0.9953231205637304,0,0
48,50960,0.0,0.0,0.9824092350258279,0,0
49,52000,0.0,0.0,0.9352972124198954,0,0
