t,bytes_sent,utility,pheromone,f1_val,agg_count,rollback
0,1040,0.0,0.0,0.09718183851487364,0,0
1,2080,0.0,0.0,0.14094896331738438,0,0
2,3120,0.0,0.0,0.14094896331738438,0,0
3,4160,0.0,0.0,0.14094896331738438,0,0
4,5200,0.0,0.0,0.14094896331738438,0,0
5,6240,0.0,0.0,0.14094896331738438,0,0
6,7280,0.0,0.0,0.14094896331738438,0,0
7,8320,0.0,0.0,0.14094896331738438,0,0
8,9360,0.0,0.0,0.14094896331738438,0,0
9,10400,0.0,0.0,0.390293954821021,0,0
10,11440,0.0,0.0,0.3651230892040217,0,0
11,12480,0.0,0.0,0.2948509402580062,0,0
12,13520,0.0,0.0,0.3542151178141799,0,0
13,14560,0.0,0.0,0.3537721729919471,0,0
14,15600,0.0,0.0,0.3541714723609486,0,0
15,16640,0.0,0.0,0.3523681580561281,0,0
16,17680,0.0,0.0,0.3525844685111543,0,0
17,18720,0.0,0.0,0.35270160789494487,0,0
18,19760,0.0,0.0,0.35262349161927115,0,0
19,20800,0.0,0.0,0.3544878893716103,0,0
20,21840,0.0,0.0,0.38758279379387306,0,0
21,22880,0.0,0.0,0.38909231403398714,0,0
22,23920,0.0,0.0,0.41818295277317313,0,0
23,24960,0.0,0.0,0.39232968235367216,0,0
24,26000,0.0,0.0,0.38947824880316384,0,0
25,27040,0.0,0.0,0.3896130251558626,0,0
26,28080,0.0,0.0,0.4017827453304249,0,0
27,29120,0.0,0.0,0.39294905652895096,0,0
28,30160,0.0,0.0,0.40002194012910114,0,0
29,31200,0.0,0.0,0.41984979754273977,0,0
30,32240,0.0,0.0,0.40072445410952806,0,0
31,33280,0.0,0.0,0.47426377069654785,0,0
32,34320,0.0,0.0,0.4137404218976495,0,0
33,35360,0.0,0.0,0.4207102486705394,0,0
34,36400,0.0,0.0,0.41751369387498005,0,0
35,37440,0.0,0.0,0.41924882586968426,0,0
36,38480,0.0,0.0,0.5422388210762558,0,0
37,39520,0.0,0.0,0.49308388871712566,0,0
38,40560,0.0,0.0,0.6282232250262954,0,0
39,41600,0.0,0.0,0.6579066889658026,0,0
40,42640,0.0,0.0,0.5685494068722221,0,0
41,43680,0.0,0.0,0.5816432666048728,0,0
42,44720,0.0,0.0,0.6841738426357155,0,0
43,45760,0.0,0.0,0.5984394876113668,0,0
44,46800,0.0,0.0,0.640967253474638,0,0
45,47840,0.0,0.0,0.5818063775063739,0,0
46,48880,0.0,0.0,0.6001481761059134,0,0
47,49920,0.0,0.0,0.6114900562744339,0,0
48,50960,0.0,0.0,0.5912902654009702,0,0
49,52000,0.0,0.0,0.5854978445538987,0,0
