t,bytes_sent,utility,pheromone,f1_val,agg_count,rollback
0,1040,0.0,0.0,0.14041368337311058,0,0
1,2080,0.0,0.0,0.24960606668703794,0,0
2,3120,0.0,0.0,0.39980249298696596,0,0
3,4160,0.0,0.0,0.14041368337311058,0,0
4,5200,0.0,0.0,0.14041368337311058,0,0
5,6240,0.0,0.0,0.14041368337311058,0,0
6,7280,0.0,0.0,0.14041368337311058,0,0
7,8320,0.0,0.0,0.14041368337311058,0,0
8,9360,0.0,0.0,0.14041368337311058,0,0
9,10400,0.0,0.0,0.14041368337311058,0,0
10,11440,0.0,0.0,0.14041368337311058,0,0
11,12480,0.0,0.0,0.4223876636418746,0,0
12,13520,0.0,0.0,0.4151419553975044,0,0
13,14560,0.0,0.0,0.39651855440916606,0,0
14,15600,0.0,0.0,0.7018246587012323,0,0
15,16640,0.0,0.0,0.7020007759458987,0,0
16,17680,0.0,0.0,0.7020007759458987,0,0
17,18720,0.0,0.0,0.7019353166316534,0,0
18,19760,0.0,0.0,0.7019353166316534,0,0
19,20800,0.0,0.0,0.7016934795869249,0,0
20,21840,0.0,0.0,0.7019353166316534,0,0
21,22880,0.0,0.0,0.7052609576735984,0,0
22,23920,0.0,0.0,0.8437520367689065,0,0
23,24960,0.0,0.0,0.9440203621065427,0,0
24,26000,0.0,0.0,0.9582699758185035,0,0
25,27040,0.0,0.0,0.9576492863673274,0,0
26,28080,0.0,0.0,0.957891123412056,0,0
27,29120,0.0,0.0,0.9583643774808218,0,0
28,30160,0.0,0.0,0.9588053434165477,0,0
29,31200,0.0,0.0,0.9965470045135896,0,0
30,32240,0.0,0.0,0.9965268648289654,0,0
31,33280,0.0,0.0,0.9969406902828911,0,0
32,34320,0.0,0.0,0.9965470045135896,0,0
33,35360,0.0,0.0,0.9910367510315338,0,0
34,36400,0.0,0.0,0.9962850284706224,0,0
35,37440,0.0,0.0,0.9965268648289654,0,0
36,38480,0.0,0.0,0.9929462385309543,0,0
37,39520,0.0,0.0,0.996305167468861,0,0
38,40560,0.0,0.0,0.9908025021134367,0,0
39,41600,0.0,0.0,0.9965509216617638,0,0
40,42640,0.0,0.0,0.9965470045135896,0,0
41,43680,0.0,0.0,0.9916805231154705,0,0
42,44720,0.0,0.0,0.9854950176677827,0,0
43,45760,0.0,0.0,0.9543355428356814,0,0
44,46800,0.0,0.0,0.9867887974601326,0,0
45,47840,0.0,0.0,0.9924681679715006,0,0
46,48880,0.0,0.0,0.9965509216617638,0,0
47,49920,0.0,0.0,0.991040668179708,0,0
48,50960,0.0,0.0,0.9965470045135896,0,0
49,52000,0.0,0.0,0.9962419185632914,0,0
