t,bytes_sent,utility,pheromone,f1_val,agg_count,rollback
0,1040,0.0,0.0,0.05498154981549815,0,0
1,2080,0.0,0.0,0.1038107752956636,0,0
2,3120,0.0,0.0,0.1038107752956636,0,0
3,4160,0.0,0.0,0.10397016889668786,0,0
4,5200,0.0,0.0,0.3963642933907763,0,0
5,6240,0.0,0.0,0.39639674314244955,0,0
6,7280,0.0,0.0,0.1495129182549767,0,0
7,8320,0.0,0.0,0.14035785288270378,0,0
8,9360,0.0,0.0,0.14035785288270378,0,0
9,10400,0.0,0.0,0.14035785288270378,0,0
10,11440,0.0,0.0,0.14035785288270378,0,0
11,12480,0.0,0.0,0.15384615384615385,0,0
12,13520,0.0,0.0,0.15794314921327643,0,0
13,14560,0.0,0.0,0.39652757107859105,0,0
14,15600,0.0,0.0,0.520066899761713,0,0
15,16640,0.0,0.0,0.5269928528024528,0,0
16,17680,0.0,0.0,0.701576189693488,0,0
17,18720,0.0,0.0,0.7019943617210709,0,0
18,19760,0.0,0.0,0.701751512821432,0,0
19,20800,0.0,0.0,0.9047088874552176,0,0
20,21840,0.0,0.0,0.8689485969601748,0,0
21,22880,0.0,0.0,0.9301838527314599,0,0
22,23920,0.0,0.0,0.9573223154717229,0,0
23,24960,0.0,0.0,0.9591989392924253,0,0
24,26000,0.0,0.0,0.9959410534892938,0,0
25,27040,0.0,0.0,0.9457993910193792,0,0
26,28080,0.0,0.0,0.9947363892425176,0,0
27,29120,0.0,0.0,0.963378059887745,0,0
28,30160,0.0,0.0,0.9942505641904226,0,0
29,31200,0.0,0.0,0.9923815106746894,0,0
30,32240,0.0,0.0,0.9647581046448663,0,0
31,33280,0.0,0.0,0.9969942850194674,0,0
32,34320,0.0,0.0,0.9940755032987544,0,0
33,35360,0.0,0.0,0.9967774409524363,0,0
34,36400,0.0,0.0,0.9969975081576651,0,0
35,37440,0.0,0.0,0.9950850976971015,0,0
36,38480,0.0,0.0,0.9971660554268293,0,0
37,39520,0.0,0.0,0.9975773038923221,0,0
38,40560,0.0,0.0,0.995895031877837,0,0
39,41600,0.0,0.0,0.9971652929977585,0,0
40,42640,0.0,0.0,0.9965344645149313,0,0
41,43680,0.0,0.0,0.9906880499145175,0,0
42,44720,0.0,0.0,0.9967552940827689,0,0
43,45760,0.0,0.0,0.9967584991393483,0,0
44,46800,0.0,0.0,0.9967325241656609,0,0
45,47840,0.0,0.0,0.996754531653698,0,0
46,48880,0.0,0.0,0.9969478118293155,0,0
47,49920,0.0,0.0,0.9967552940827689,0,0
48,50960,0.0,0.0,0.9969981421187261,0,0
49,52000,0.0,0.0,0.9973862616479148,0,0
