t,bytes_sent,utility,pheromone,f1_val,agg_count,rollback
0,4160,0.0,0.0,0.1581930323863734,0,0
1,8320,0.0,0.0,0.21449110692528436,0,0
2,12480,0.0,0.0,0.1403857625770531,0,0
3,16640,0.0,0.0,0.1403857625770531,0,0
4,20800,0.0,0.0,0.1403857625770531,0,0
5,24960,0.0,0.0,0.1403857625770531,0,0
6,29120,0.0,0.0,0.1403857625770531,0,0
7,33280,0.0,0.0,0.1403857625770531,0,0
8,37440,0.0,0.0,0.1403857625770531,0,0
9,41600,0.0,0.0,0.1403857625770531,0,0
10,45760,0.0,0.0,0.27627379663198204,0,0
11,49920,0.0,0.0,0.41607788054795825,0,0
12,54080,0.0,0.0,0.41592377599636055,0,0
13,58240,0.0,0.0,0.4160038662657951,0,0
14,62400,0.0,0.0,0.41580726865236384,0,0
15,66560,0.0,0.0,0.37207767559995597,0,0
16,70720,0.0,0.0,0.5894073977370221,0,0
17,74880,0.0,0.0,0.6879239552906066,0,0
18,79040,0.0,0.0,0.7105148220552504,0,0
19,83200,0.0,0.0,0.6618945743304752,0,0
20,87360,0.0,0.0,0.6590366332905383,0,0
21,91520,0.0,0.0,0.7009377425558018,0,0
22,95680,0.0,0.0,0.6415896655610757,0,0
23,99840,0.0,0.0,0.6270130839961875,0,0
24,104000,0.0,0.0,0.6110790634243662,0,0
25,108160,0.0,0.0,0.6011957788338855,0,0
26,112320,0.0,0.0,0.6750647575978445,0,0
27,116480,0.0,0.0,0.607036209703823,0,0
28,120640,0.0,0.0,0.6317331724133937,0,0
29,124800,0.0,0.0,0.6146992633083666,0,0
30,128960,0.0,0.0,0.5828167996030005,0,0
31,133120,0.0,0.0,0.6324185374438462,0,0
32,137280,0.0,0.0,0.6126480757669193,0,0
33,141440,0.0,0.0,0.6197831424255165,0,0
34,145600,0.0,0.0,0.6626037245288974,0,0
35,149760,0.0,0.0,0.6097998102583612,0,0
36,153920,0.0,0.0,0.6038647775373246,0,0
37,158080,0.0,0.0,0.6209941815306339,0,0
38,162240,0.0,0.0,0.6041700558429451,0,0
39,166400,0.0,0.0,0.6191991913015846,0,0
40,170560,0.0,0.0,0.6207275195350812,0,0
41,174720,0.0,0.0,0.6150865387535343,0,0
42,178880,0.0,0.0,0.609735220419962,0,0
43,183040,0.0,0.0,0.6107113314677151,0,0
44,187200,0.0,0.0,0.5991532746506856,0,0
45,191360,0.0,0.0,0.6117968900009524,0,0
46,195520,0.0,0.0,0.5993381994368312,0,0
47,199680,0.0,0.0,0.5971374472953477,0,0
48,203840,0.0,0.0,0.5886220900361363,0,0
49,208000,0.0,0.0,0.6104459686885089,0,0
