t,bytes_sent,utility,pheromone,f1_val,agg_count,rollback
0,4160,0.0,0.0,0.14063745019920318,0,0
1,8320,0.0,0.0,0.09148550724637682,0,0
2,12480,0.0,0.0,0.16702228544333808,0,0
3,16640,0.0,0.0,0.16682453232299313,0,0
4,20800,0.0,0.0,0.14063745019920318,0,0
5,24960,0.0,0.0,0.14063745019920318,0,0
6,29120,0.0,0.0,0.14063745019920318,0,0
7,33280,0.0,0.0,0.14063745019920318,0,0
8,37440,0.0,0.0,0.28314419068725505,0,0
9,41600,0.0,0.0,0.4169255670501281,0,0
10,45760,0.0,0.0,0.4240771380939846,0,0
11,49920,0.0,0.0,0.40698440899318356,0,0
12,54080,0.0,0.0,0.3266597822472203,0,0
13,58240,0.0,0.0,0.4059267576613291,0,0
14,62400,0.0,0.0,0.43680871145376143,0,0
15,66560,0.0,0.0,0.5486535419759276,0,0
16,70720,0.0,0.0,0.44313182515300975,0,0
17,74880,0.0,0.0,0.5771972414051196,0,0
18,79040,0.0,0.0,0.6542022552068439,0,0
19,83200,0.0,0.0,0.865641117158821,0,0
20,87360,0.0,0.0,0.918001184101111,0,0
21,91520,0.0,0.0,0.8789863305633034,0,0
22,95680,0.0,0.0,0.9889657515463428,0,0
23,99840,0.0,0.0,0.9848366546263277,0,0
24,104000,0.0,0.0,0.8609250176043186,0,0
25,108160,0.0,0.0,0.8857781809769021,0,0
26,112320,0.0,0.0,0.8796092182542299,0,0
27,116480,0.0,0.0,0.9907237767477616,0,0
28,120640,0.0,0.0,0.9915293093038144,0,0
29,124800,0.0,0.0,0.9509582057921895,0,0
30,128960,0.0,0.0,0.9450786531968346,0,0
31,133120,0.0,0.0,0.9813500237965486,0,0
32,137280,0.0,0.0,0.8746627393750214,0,0
33,141440,0.0,0.0,0.9689433624764403,0,0
34,145600,0.0,0.0,0.8940474232183666,0,0
35,149760,0.0,0.0,0.9373546974510202,0,0
36,153920,0.0,0.0,0.8935601714317725,0,0
37,158080,0.0,0.0,0.9369283275992727,0,0
38,162240,0.0,0.0,0.9319300821918335,0,0
39,166400,0.0,0.0,0.9337766400062049,0,0
40,170560,0.0,0.0,0.938575256773827,0,0
41,174720,0.0,0.0,0.9024724197351036,0,0
42,178880,0.0,0.0,0.8836480448455619,0,0
43,183040,0.0,0.0,0.9477733623319968,0,0
44,187200,0.0,0.0,0.9904590015160591,0,0
45,191360,0.0,0.0,0.9906780676239617,0,0
46,195520,0.0,0.0,0.9883253122215072,0,0
47,199680,0.0,0.0,0.9145795751653685,0,0
48,203840,0.0,0.0,0.9904691091860218,0,0
49,208000,0.0,0.0,0.9904691091860218,0,0
