t,bytes_sent,utility,pheromone,f1_val,agg_count,rollback
0,4160,0.0,0.0,0.13995598239295717,0,0
1,8320,0.0,0.0,0.10450549450549451,0,0
2,12480,0.0,0.0,0.13995598239295717,0,0
3,16640,0.0,0.0,0.13995598239295717,0,0
4,20800,0.0,0.0,0.13995598239295717,0,0
5,24960,0.0,0.0,0.13995598239295717,0,0
6,29120,0.0,0.0,0.13995598239295717,0,0
7,33280,0.0,0.0,0.13995598239295717,0,0
8,37440,0.0,0.0,0.13995598239295717,0,0
9,41600,0.0,0.0,0.13995598239295717,0,0
10,45760,0.0,0.0,0.41636011246908367,0,0
11,49920,0.0,0.0,0.688996736428262,0,0
12,54080,0.0,0.0,0.3728657005221765,0,0
13,58240,0.0,0.0,0.3727983816295533,0,0
14,62400,0.0,0.0,0.3727983816295533,0,0
15,66560,0.0,0.0,0.37273099922839503,0,0
16,70720,0.0,0.0,0.6741394859105941,0,0
17,74880,0.0,0.0,0.7009383421906512,0,0
18,79040,0.0,0.0,0.7009036394045793,0,0
19,83200,0.0,0.0,0.8845417173254524,0,0
20,87360,0.0,0.0,0.7057293678977744,0,0
21,91520,0.0,0.0,0.7057293678977744,0,0
22,95680,0.0,0.0,0.8240848428823572,0,0
23,99840,0.0,0.0,0.9961297039822733,0,0
24,104000,0.0,0.0,0.9811940089655057,0,0
25,108160,0.0,0.0,0.7405920493124022,0,0
26,112320,0.0,0.0,0.9962031034001528,0,0
27,116480,0.0,0.0,0.9962031034001528,0,0
28,120640,0.0,0.0,0.9963530749356245,0,0
29,124800,0.0,0.0,0.7140170479737811,0,0
30,128960,0.0,0.0,0.9962031034001528,0,0
31,133120,0.0,0.0,0.9962031034001528,0,0
32,137280,0.0,0.0,0.9954643576581512,0,0
33,141440,0.0,0.0,0.9941380936044745,0,0
34,145600,0.0,0.0,0.9962454113599893,0,0
35,149760,0.0,0.0,0.9962031034001528,0,0
36,153920,0.0,0.0,0.9865652694888498,0,0
37,158080,0.0,0.0,0.9950949602617258,0,0
38,162240,0.0,0.0,0.9936253371144965,0,0
39,166400,0.0,0.0,0.9946393943175413,0,0
40,170560,0.0,0.0,0.992174240363445,0,0
41,174720,0.0,0.0,0.994019414655678,0,0
42,178880,0.0,0.0,0.9942164279160668,0,0
43,183040,0.0,0.0,0.9929361822751569,0,0
44,187200,0.0,0.0,0.9928938724649488,0,0
45,191360,0.0,0.0,0.9942226369520374,0,0
46,195520,0.0,0.0,0.9914482382097267,0,0
47,199680,0.0,0.0,0.993841890298642,0,0
48,203840,0.0,0.0,0.993122746315827,0,0
49,208000,0.0,0.0,0.9313635088658483,0,0
