t,bytes_sent,utility,pheromone,f1_val,agg_count,rollback
0,1040,0.0,0.0,0.09874649436774663,0,0
1,2080,0.0,0.0,0.13862163754172394,0,0
2,3120,0.0,0.0,0.13862163754172394,0,0
3,4160,0.0,0.0,0.13862163754172394,0,0
4,5200,0.0,0.0,0.13862163754172394,0,0
5,6240,0.0,0.0,0.13862163754172394,0,0
6,7280,0.0,0.0,0.13862163754172394,0,0
7,8320,0.0,0.0,0.13862163754172394,0,0
8,9360,0.0,0.0,0.1416084887731905,0,0
9,10400,0.0,0.0,0.21397201495355034,0,0
10,11440,0.0,0.0,0.3986592194139364,0,0
11,12480,0.0,0.0,0.38606531465016714,0,0
12,13520,0.0,0.0,0.38610662554053643,0,0
13,14560,0.0,0.0,0.38637972123051023,0,0
14,15600,0.0,0.0,0.5427441515773938,0,0
15,16640,0.0,0.0,0.6975084080158966,0,0
16,17680,0.0,0.0,0.7011968147504745,0,0
17,18720,0.0,0.0,0.699194253214318,0,0
18,19760,0.0,0.0,0.6996640466857562,0,0
19,20800,0.0,0.0,0.6892616419956012,0,0
20,21840,0.0,0.0,0.6161191524489964,0,0
21,22880,0.0,0.0,0.6393579209527545,0,0
22,23920,0.0,0.0,0.8147001623395212,0,0
23,24960,0.0,0.0,0.9565416758266782,0,0
24,26000,0.0,0.0,0.9927651881057827,0,0
25,27040,0.0,0.0,0.8110848437622638,0,0
26,28080,0.0,0.0,0.769435218524895,0,0
27,29120,0.0,0.0,0.9833163924195254,0,0
28,30160,0.0,0.0,0.9943334156967715,0,0
29,31200,0.0,0.0,0.9930492168183594,0,0
30,32240,0.0,0.0,0.8879521126875648,0,0
31,33280,0.0,0.0,0.9927344652802075,0,0
32,34320,0.0,0.0,0.9947486092193725,0,0
33,35360,0.0,0.0,0.9951704237150173,0,0
34,36400,0.0,0.0,0.9942095620893685,0,0
35,37440,0.0,0.0,0.9939487387271932,0,0
36,38480,0.0,0.0,0.9935679896985945,0,0
37,39520,0.0,0.0,0.9543687400780693,0,0
38,40560,0.0,0.0,0.9929532433629917,0,0
39,41600,0.0,0.0,0.9940903254969471,0,0
40,42640,0.0,0.0,0.9561498952030736,0,0
41,43680,0.0,0.0,0.993871046050545,0,0
42,44720,0.0,0.0,0.973187537376967,0,0
43,45760,0.0,0.0,0.993871046050545,0,0
44,46800,0.0,0.0,0.993871046050545,0,0
45,47840,0.0,0.0,0.9947486092193725,0,0
46,48880,0.0,0.0,0.9951878390193748,0,0
47,49920,0.0,0.0,0.9947486092193725,0,0
48,50960,0.0,0.0,0.9951878390193748,0,0
49,52000,0.0,0.0,0.9947486092193725,0,0
