t,bytes_sent,utility,pheromone,f1_val,agg_count,rollback
0,1040,0.0,0.0,0.41535487806367977,0,0
1,2080,0.0,0.0,0.14063745019920318,0,0
2,3120,0.0,0.0,0.14063745019920318,0,0
3,4160,0.0,0.0,0.14063745019920318,0,0
4,5200,0.0,0.0,0.14063745019920318,0,0
5,6240,0.0,0.0,0.14063745019920318,0,0
6,7280,0.0,0.0,0.14063745019920318,0,0
7,8320,0.0,0.0,0.14063745019920318,0,0
8,9360,0.0,0.0,0.14063745019920318,0,0
9,10400,0.0,0.0,0.3794097650323962,0,0
10,11440,0.0,0.0,0.41711215249276345,0,0
11,12480,0.0,0.0,0.3838979209919362,0,0
12,13520,0.0,0.0,0.38310839362645066,0,0
13,14560,0.0,0.0,0.35762998974497684,0,0
14,15600,0.0,0.0,0.38449041532766814,0,0
15,16640,0.0,0.0,0.386308275034002,0,0
16,17680,0.0,0.0,0.5152607167967568,0,0
17,18720,0.0,0.0,0.6525295658384134,0,0
18,19760,0.0,0.0,0.5437156113913688,0,0
19,20800,0.0,0.0,0.4947145295292359,0,0
20,21840,0.0,0.0,0.6362213182335198,0,0
21,22880,0.0,0.0,0.662497101372744,0,0
22,23920,0.0,0.0,0.6502734692793107,0,0
23,24960,0.0,0.0,0.6990836738342813,0,0
24,26000,0.0,0.0,0.8661776758273274,0,0
25,27040,0.0,0.0,0.9643114593160427,0,0
26,28080,0.0,0.0,0.9886607544101498,0,0
27,29120,0.0,0.0,0.9912514276283728,0,0
28,30160,0.0,0.0,0.9364772510186812,0,0
29,31200,0.0,0.0,0.9909649264399384,0,0
30,32240,0.0,0.0,0.9912403300984741,0,0
31,33280,0.0,0.0,0.9920903855376682,0,0
32,34320,0.0,0.0,0.9914592074506072,0,0
33,35360,0.0,0.0,0.9918030861041743,0,0
34,36400,0.0,0.0,0.9913911623724447,0,0
35,37440,0.0,0.0,0.9925150171654223,0,0
36,38480,0.0,0.0,0.9913911623724447,0,0
37,39520,0.0,0.0,0.9274237535050209,0,0
38,40560,0.0,0.0,0.9850744419338114,0,0
39,41600,0.0,0.0,0.9084420031929252,0,0
40,42640,0.0,0.0,0.9900601565251115,0,0
41,43680,0.0,0.0,0.9907349396801206,0,0
42,44720,0.0,0.0,0.9914215611523162,0,0
43,45760,0.0,0.0,0.992295791725843,0,0
44,46800,0.0,0.0,0.9913911623724447,0,0
45,47840,0.0,0.0,0.9913911623724447,0,0
46,48880,0.0,0.0,0.9918575635958341,0,0
47,49920,0.0,0.0,0.9915707040172096,0,0
48,50960,0.0,0.0,0.9911822109888503,0,0
49,52000,0.0,0.0,0.9913911623724447,0,0
