t,bytes_sent,utility,pheromone,f1_val,agg_count,rollback
0,1040,0.0,0.0,0.10637591321673677,0,0
1,2080,0.0,0.0,0.14022662889518414,0,0
2,3120,0.0,0.0,0.14022662889518414,0,0
3,4160,0.0,0.0,0.14022662889518414,0,0
4,5200,0.0,0.0,0.14022662889518414,0,0
5,6240,0.0,0.0,0.14022662889518414,0,0
6,7280,0.0,0.0,0.14022662889518414,0,0
7,8320,0.0,0.0,0.14022662889518414,0,0
8,9360,0.0,0.0,0.14697925420911984,0,0
9,10400,0.0,0.0,0.3688019458798064,0,0
10,11440,0.0,0.0,0.37507480230555823,0,0
11,12480,0.0,0.0,0.37171111010603597,0,0
12,13520,0.0,0.0,0.36983307598261517,0,0
13,14560,0.0,0.0,0.37154007080785323,0,0
14,15600,0.0,0.0,0.37144647065690667,0,0
15,16640,0.0,0.0,0.371913908510117,0,0
16,17680,0.0,0.0,0.37374118213791674,0,0
17,18720,0.0,0.0,0.3734722130631219,0,0
18,19760,0.0,0.0,0.40083085705174787,0,0
19,20800,0.0,0.0,0.39963642679453115,0,0
20,21840,0.0,0.0,0.6665539408104577,0,0
21,22880,0.0,0.0,0.6651146569616304,0,0
22,23920,0.0,0.0,0.6679028875088721,0,0
23,24960,0.0,0.0,0.6635557013688876,0,0
24,26000,0.0,0.0,0.6674085037850356,0,0
25,27040,0.0,0.0,0.6681275291330884,0,0
26,28080,0.0,0.0,0.9467840903402185,0,0
27,29120,0.0,0.0,0.6637674573148349,0,0
28,30160,0.0,0.0,0.944969387017962,0,0
29,31200,0.0,0.0,0.9537318353326778,0,0
30,32240,0.0,0.0,0.9447630025995815,0,0
31,33280,0.0,0.0,0.9440866651198878,0,0
32,34320,0.0,0.0,0.9420547601634792,0,0
33,35360,0.0,0.0,0.8885770479819999,0,0
34,36400,0.0,0.0,0.9484624517028881,0,0
35,37440,0.0,0.0,0.9432501923649345,0,0
36,38480,0.0,0.0,0.9372188468109706,0,0
37,39520,0.0,0.0,0.9487653295740046,0,0
38,40560,0.0,0.0,0.9473055125986899,0,0
39,41600,0.0,0.0,0.9400497027681469,0,0
40,42640,0.0,0.0,0.9460207062289832,0,0
41,43680,0.0,0.0,0.8027696247705948,0,0
42,44720,0.0,0.0,0.9392553804421508,0,0
43,45760,0.0,0.0,0.943576958545197,0,0
44,46800,0.0,0.0,0.9457723470953543,0,0
45,47840,0.0,0.0,0.9442161041400172,0,0
46,48880,0.0,0.0,0.9537700453717588,0,0
47,49920,0.0,0.0,0.9425802595207691,0,0
48,50960,0.0,0.0,0.9439271536492264,0,0
49,52000,0.0,0.0,0.9407831598122487,0,0
