t,bytes_sent,utility,pheromone,f1_val,agg_count,rollback
0,1040,0.0,0.0,0.16729902774484232,0,0
1,2080,0.0,0.0,0.14142628205128205,0,0
2,3120,0.0,0.0,0.14142628205128205,0,0
3,4160,0.0,0.0,0.14142628205128205,0,0
4,5200,0.0,0.0,0.14142628205128205,0,0
5,6240,0.0,0.0,0.14142628205128205,0,0
6,7280,0.0,0.0,0.14142628205128205,0,0
7,8320,0.0,0.0,0.14142628205128205,0,0
8,9360,0.0,0.0,0.14142628205128205,0,0
9,10400,0.0,0.0,0.14142628205128205,0,0
10,11440,0.0,0.0,0.26324201253889135,0,0
11,12480,0.0,0.0,0.40489016303923864,0,0
12,13520,0.0,0.0,0.41584976944180807,0,0
13,14560,0.0,0.0,0.4173360362516195,0,0
14,15600,0.0,0.0,0.4172560359570804,0,0
15,16640,0.0,0.0,0.41572398475555894,0,0
16,17680,0.0,0.0,0.6791530330235267,0,0
17,18720,0.0,0.0,0.6947834263824794,0,0
18,19760,0.0,0.0,0.69521238896492,0,0
19,20800,0.0,0.0,0.6942935036888245,0,0
20,21840,0.0,0.0,0.694284688041451,0,0
21,22880,0.0,0.0,0.6957005462274061,0,0
22,23920,0.0,0.0,0.695719928896851,0,0
23,24960,0.0,0.0,0.7071331295848956,0,0
24,26000,0.0,0.0,0.6563959086604413,0,0
25,27040,0.0,0.0,0.6754736623194337,0,0
26,28080,0.0,0.0,0.6796055802473528,0,0
27,29120,0.0,0.0,0.705717886741206,0,0
28,30160,0.0,0.0,0.6985717779408168,0,0
29,31200,0.0,0.0,0.6962745930927235,0,0
30,32240,0.0,0.0,0.8256637697803952,0,0
31,33280,0.0,0.0,0.960895252195429,0,0
32,34320,0.0,0.0,0.6956558594262449,0,0
33,35360,0.0,0.0,0.8923298054992305,0,0
34,36400,0.0,0.0,0.8324789160740859,0,0
35,37440,0.0,0.0,0.8124363974939052,0,0
36,38480,0.0,0.0,0.6426911308649548,0,0
37,39520,0.0,0.0,0.9608904776937213,0,0
38,40560,0.0,0.0,0.7012328297365006,0,0
39,41600,0.0,0.0,0.8558867292868486,0,0
40,42640,0.0,0.0,0.8217224892494851,0,0
41,43680,0.0,0.0,0.8312295607484592,0,0
42,44720,0.0,0.0,0.8375375483985653,0,0
43,45760,0.0,0.0,0.8268607063854655,0,0
44,46800,0.0,0.0,0.7985446219907664,0,0
45,47840,0.0,0.0,0.7234324391534137,0,0
46,48880,0.0,0.0,0.8812787044510021,0,0
47,49920,0.0,0.0,0.7532416151761535,0,0
48,50960,0.0,0.0,0.6903517476485481,0,0
49,52000,0.0,0.0,0.9858399179755101,0,0
