t,bytes_sent,utility,pheromone,f1_val,agg_count,rollback
0,4160,0.0,0.0,0.13312624805857556,0,0
1,8320,0.0,0.0,0.14583784564291388,0,0
2,12480,0.0,0.0,0.16190876014553596,0,0
3,16640,0.0,0.0,0.0,0,0
4,20800,0.0,0.0,0.0,0,0
5,24960,0.0,0.0,0.1934933753115571,0,0
6,29120,0.0,0.0,0.1934933753115571,0,0
7,33280,0.0,0.0,0.16159070223342434,0,0
8,37440,0.0,0.0,0.1628605349535582,0,0
9,41600,0.0,0.0,0.15251942128144821,0,0
10,45760,0.0,0.0,0.15064377682403432,0,0
11,49920,0.0,0.0,0.14886592018374964,0,0
12,54080,0.0,0.0,0.1516384664810452,0,0
13,58240,0.0,0.0,0.15383521717494847,0,0
14,62400,0.0,0.0,0.15470867929884322,0,0
15,66560,0.0,0.0,0.1554705215419501,0,0
16,70720,0.0,0.0,0.1557963317045535,0,0
17,74880,0.0,0.0,0.1557963317045535,0,0
18,79040,0.0,0.0,0.1566631318487098,0,0
19,83200,0.0,0.0,0.15720338983050847,0,0
20,87360,0.0,0.0,0.1583879377157754,0,0
21,91520,0.0,0.0,0.15978077571669477,0,0
22,95680,0.0,0.0,0.16020780679584387,0,0
23,99840,0.0,0.0,0.16105971404541633,0,0
24,104000,0.0,0.0,0.16105971404541633,0,0
25,108160,0.0,0.0,0.16137844084891784,0,0
26,112320,0.0,0.0,0.16159070223342434,0,0
27,116480,0.0,0.0,0.1616967660646787,0,0
28,120640,0.0,0.0,0.1616967660646787,0,0
29,124800,0.0,0.0,0.16190876014553596,0,0
30,128960,0.0,0.0,0.16190876014553596,0,0
31,133120,0.0,0.0,0.16190876014553596,0,0
32,137280,0.0,0.0,0.16180278535936735,0,0
33,141440,0.0,0.0,0.16190876014553596,0,0
34,145600,0.0,0.0,0.16190876014553596,0,0
35,149760,0.0,0.0,0.16190876014553596,0,0
36,153920,0.0,0.0,0.16201469045120673,0,0
37,158080,0.0,0.0,0.16201469045120673,0,0
38,162240,0.0,0.0,0.16212057630437823,0,0
39,166400,0.0,0.0,0.16243796742853148,0,0
40,170560,0.0,0.0,0.16243796742853148,0,0
41,174720,0.0,0.0,0.1628605349535582,0,0
42,178880,0.0,0.0,0.1632823948084572,0,0
43,183040,0.0,0.0,0.16380872717133696,0,0
44,187200,0.0,0.0,0.16464857341684064,0,0
45,191360,0.0,0.0,0.16506744541788346,0,0
46,195520,0.0,0.0,0.16611157368859283,0,0
47,199680,0.0,0.0,0.16777316735822959,0,0
48,203840,0.0,0.0,0.1691151113869922,0,0
49,208000,0.0,0.0,0.16942376619795974,0,0
