t,bytes_sent,utility,pheromone,f1_val,agg_count,rollback
0,1040,0.0,0.0,0.3121116005980113,0,0
1,2080,0.0,0.0,0.13862163754172394,0,0
2,3120,0.0,0.0,0.13862163754172394,0,0
3,4160,0.0,0.0,0.13862163754172394,0,0
4,5200,0.0,0.0,0.13862163754172394,0,0
5,6240,0.0,0.0,0.13862163754172394,0,0
6,7280,0.0,0.0,0.13862163754172394,0,0
7,8320,0.0,0.0,0.13862163754172394,0,0
8,9360,0.0,0.0,0.13862163754172394,0,0
9,10400,0.0,0.0,0.30093488865323437,0,0
10,11440,0.0,0.0,0.4168455130671376,0,0
11,12480,0.0,0.0,0.38867670237126606,0,0
12,13520,0.0,0.0,0.38867670237126606,0,0
13,14560,0.0,0.0,0.6222874378707577,0,0
14,15600,0.0,0.0,0.635405142290419,0,0
15,16640,0.0,0.0,0.3866459855205295,0,0
16,17680,0.0,0.0,0.6964212390301814,0,0
17,18720,0.0,0.0,0.3944413708798306,0,0
18,19760,0.0,0.0,0.6980459206499647,0,0
19,20800,0.0,0.0,0.6955418682854808,0,0
20,21840,0.0,0.0,0.635529493659672,0,0
21,22880,0.0,0.0,0.6520425998304703,0,0
22,23920,0.0,0.0,0.6951781246066491,0,0
23,24960,0.0,0.0,0.7003821928009799,0,0
24,26000,0.0,0.0,0.7365203072808233,0,0
25,27040,0.0,0.0,0.7876023584164216,0,0
26,28080,0.0,0.0,0.9907259676391068,0,0
27,29120,0.0,0.0,0.7870056692284827,0,0
28,30160,0.0,0.0,0.9575145028935474,0,0
29,31200,0.0,0.0,0.994316567455205,0,0
30,32240,0.0,0.0,0.9345796112681901,0,0
31,33280,0.0,0.0,0.8649652500512962,0,0
32,34320,0.0,0.0,0.9417132792834084,0,0
33,35360,0.0,0.0,0.9955259082574451,0,0
34,36400,0.0,0.0,0.9939487387271932,0,0
35,37440,0.0,0.0,0.9943096789853013,0,0
36,38480,0.0,0.0,0.9943096789853013,0,0
37,39520,0.0,0.0,0.9940893726106423,0,0
38,40560,0.0,0.0,0.9940903254969471,0,0
39,41600,0.0,0.0,0.993391017001491,0,0
40,42640,0.0,0.0,0.993391017001491,0,0
41,43680,0.0,0.0,0.993705525296829,0,0
42,44720,0.0,0.0,0.9950868285240967,0,0
43,45760,0.0,0.0,0.9950868285240967,0,0
44,46800,0.0,0.0,0.9939904298799414,0,0
45,47840,0.0,0.0,0.9942493251185391,0,0
46,48880,0.0,0.0,0.991794344039753,0,0
47,49920,0.0,0.0,0.9935679896985945,0,0
48,50960,0.0,0.0,0.982848688116085,0,0
49,52000,0.0,0.0,0.9944277418446242,0,0
