t,bytes_sent,utility,pheromone,f1_val,agg_count,rollback
0,1040,0.0,0.0,0.14034021871202917,0,0
1,2080,0.0,0.0,0.14022662889518414,0,0
2,3120,0.0,0.0,0.14022662889518414,0,0
3,4160,0.0,0.0,0.14022662889518414,0,0
4,5200,0.0,0.0,0.14022662889518414,0,0
5,6240,0.0,0.0,0.14022662889518414,0,0
6,7280,0.0,0.0,0.14022662889518414,0,0
7,8320,0.0,0.0,0.14022662889518414,0,0
8,9360,0.0,0.0,0.14022662889518414,0,0
9,10400,0.0,0.0,0.14022662889518414,0,0
10,11440,0.0,0.0,0.41521773740003826,0,0
11,12480,0.0,0.0,0.6668108704164635,0,0
12,13520,0.0,0.0,0.37847613778820643,0,0
13,14560,0.0,0.0,0.3715406243623852,0,0
14,15600,0.0,0.0,0.6576882396644432,0,0
15,16640,0.0,0.0,0.6641588021883315,0,0
16,17680,0.0,0.0,0.6635851150754819,0,0
17,18720,0.0,0.0,0.666134511642216,0,0
18,19760,0.0,0.0,0.6647405953817765,0,0
19,20800,0.0,0.0,0.6650814295399806,0,0
20,21840,0.0,0.0,0.6647877922566215,0,0
21,22880,0.0,0.0,0.6643419123787018,0,0
22,23920,0.0,0.0,0.9556891291754344,0,0
23,24960,0.0,0.0,0.9553698206260717,0,0
24,26000,0.0,0.0,0.9533401331658136,0,0
25,27040,0.0,0.0,0.9550394219864797,0,0
26,28080,0.0,0.0,0.9519610164138074,0,0
27,29120,0.0,0.0,0.9490175184026977,0,0
28,30160,0.0,0.0,0.9529439650779351,0,0
29,31200,0.0,0.0,0.9499513010177135,0,0
30,32240,0.0,0.0,0.9464120750970094,0,0
31,33280,0.0,0.0,0.9517743759578101,0,0
32,34320,0.0,0.0,0.9434645703044703,0,0
33,35360,0.0,0.0,0.9521136253063004,0,0
34,36400,0.0,0.0,0.9537814439582502,0,0
35,37440,0.0,0.0,0.8229779788765731,0,0
36,38480,0.0,0.0,0.9480303748467775,0,0
37,39520,0.0,0.0,0.9390898535636327,0,0
38,40560,0.0,0.0,0.9465926661238806,0,0
39,41600,0.0,0.0,0.9512454661091233,0,0
40,42640,0.0,0.0,0.9526590724606715,0,0
41,43680,0.0,0.0,0.9528346665982942,0,0
42,44720,0.0,0.0,0.9484512211151246,0,0
43,45760,0.0,0.0,0.9449053552905327,0,0
44,46800,0.0,0.0,0.9476458101509513,0,0
45,47840,0.0,0.0,0.9403532840960904,0,0
46,48880,0.0,0.0,0.9553762814125648,0,0
47,49920,0.0,0.0,0.8796299709867272,0,0
48,50960,0.0,0.0,0.9418144819863917,0,0
49,52000,0.0,0.0,0.9556246872719614,0,0
