t,bytes_sent,utility,pheromone,f1_val,agg_count,rollback
0,4160,0.0,0.0,0.1038107752956636,0,0
1,8320,0.0,0.0,0.14035785288270378,0,0
2,12480,0.0,0.0,0.14035785288270378,0,0
3,16640,0.0,0.0,0.14035785288270378,0,0
4,20800,0.0,0.0,0.14035785288270378,0,0
5,24960,0.0,0.0,0.14035785288270378,0,0
6,29120,0.0,0.0,0.14035785288270378,0,0
7,33280,0.0,0.0,0.14035785288270378,0,0
8,37440,0.0,0.0,0.14035785288270378,0,0
9,41600,0.0,0.0,0.14035785288270378,0,0
10,45760,0.0,0.0,0.1403857625770531,0,0
11,49920,0.0,0.0,0.39659360338126215,0,0
12,54080,0.0,0.0,0.6926529796120422,0,0
13,58240,0.0,0.0,0.6927312403814507,0,0
14,62400,0.0,0.0,0.6914007391413795,0,0
15,66560,0.0,0.0,0.686044108717493,0,0
16,70720,0.0,0.0,0.6915911982363213,0,0
17,74880,0.0,0.0,0.39659360338126215,0,0
18,79040,0.0,0.0,0.6341073234392641,0,0
19,83200,0.0,0.0,0.645566445190343,0,0
20,87360,0.0,0.0,0.6915911982363213,0,0
21,91520,0.0,0.0,0.6998335166830457,0,0
22,95680,0.0,0.0,0.9922972767973313,0,0
23,99840,0.0,0.0,0.9536596745874948,0,0
24,104000,0.0,0.0,0.99727647169645,0,0
25,108160,0.0,0.0,0.9461489010984783,0,0
26,112320,0.0,0.0,0.9936379177335937,0,0
27,116480,0.0,0.0,0.9749723896536764,0,0
28,120640,0.0,0.0,0.9402445367244752,0,0
29,124800,0.0,0.0,0.9969682102907778,0,0
30,128960,0.0,0.0,0.9961471738646706,0,0
31,133120,0.0,0.0,0.9966100132760906,0,0
32,137280,0.0,0.0,0.9963900223018398,0,0
33,141440,0.0,0.0,0.994934808751637,0,0
34,145600,0.0,0.0,0.9338277345037929,0,0
35,149760,0.0,0.0,0.9969682102907778,0,0
36,153920,0.0,0.0,0.9969975081576651,0,0
37,158080,0.0,0.0,0.9967774409524363,0,0
38,162240,0.0,0.0,0.9970202894562089,0,0
39,166400,0.0,0.0,0.9965574496053289,0,0
40,170560,0.0,0.0,0.9966100132760906,0,0
41,174720,0.0,0.0,0.997240356705793,0,0
42,178880,0.0,0.0,0.9967774409524363,0,0
43,183040,0.0,0.0,0.9971882020035234,0,0
44,187200,0.0,0.0,0.9955709227491966,0,0
45,191360,0.0,0.0,0.9961701069502772,0,0
46,195520,0.0,0.0,0.9963671647723179,0,0
47,199680,0.0,0.0,0.9968300801588782,0,0
48,203840,0.0,0.0,0.9963671647723179,0,0
49,208000,0.0,0.0,0.9963403242578577,0,0
