t,bytes_sent,utility,pheromone,f1_val,agg_count,rollback
0,4160,0.0,0.0,0.14063745019920318,0,0
1,8320,0.0,0.0,0.15415984241512107,0,0
2,12480,0.0,0.0,0.14063745019920318,0,0
3,16640,0.0,0.0,0.14063745019920318,0,0
4,20800,0.0,0.0,0.14063745019920318,0,0
5,24960,0.0,0.0,0.14063745019920318,0,0
6,29120,0.0,0.0,0.14063745019920318,0,0
7,33280,0.0,0.0,0.14063745019920318,0,0
8,37440,0.0,0.0,0.14063745019920318,0,0
9,41600,0.0,0.0,0.14063745019920318,0,0
10,45760,0.0,0.0,0.41715761842766974,0,0
11,49920,0.0,0.0,0.4283168644175187,0,0
12,54080,0.0,0.0,0.2677072456478844,0,0
13,58240,0.0,0.0,0.34932920674389323,0,0
14,62400,0.0,0.0,0.31991425472203566,0,0
15,66560,0.0,0.0,0.35249789002659154,0,0
16,70720,0.0,0.0,0.39865211085796376,0,0
17,74880,0.0,0.0,0.5050344416172802,0,0
18,79040,0.0,0.0,0.4795844326216543,0,0
19,83200,0.0,0.0,0.5302296004862616,0,0
20,87360,0.0,0.0,0.5857172689755421,0,0
21,91520,0.0,0.0,0.6509492823300137,0,0
22,95680,0.0,0.0,0.6473756462027136,0,0
23,99840,0.0,0.0,0.6485822785788691,0,0
24,104000,0.0,0.0,0.689266816655429,0,0
25,108160,0.0,0.0,0.9107140774011296,0,0
26,112320,0.0,0.0,0.9390012267967305,0,0
27,116480,0.0,0.0,0.9900546033852196,0,0
28,120640,0.0,0.0,0.9284223184738222,0,0
29,124800,0.0,0.0,0.9075065862610551,0,0
30,128960,0.0,0.0,0.9923773251812797,0,0
31,133120,0.0,0.0,0.9911176923816719,0,0
32,137280,0.0,0.0,0.981939761097621,0,0
33,141440,0.0,0.0,0.9746664802001703,0,0
34,145600,0.0,0.0,0.8870833515511636,0,0
35,149760,0.0,0.0,0.9373244160217564,0,0
36,153920,0.0,0.0,0.9400724474965697,0,0
37,158080,0.0,0.0,0.9281594678856459,0,0
38,162240,0.0,0.0,0.9722981902328948,0,0
39,166400,0.0,0.0,0.9899283617707233,0,0
40,170560,0.0,0.0,0.8985046296139148,0,0
41,174720,0.0,0.0,0.93878994231548,0,0
42,178880,0.0,0.0,0.9735299210590357,0,0
43,183040,0.0,0.0,0.9212805398492526,0,0
44,187200,0.0,0.0,0.9425195254376846,0,0
45,191360,0.0,0.0,0.9408808942207253,0,0
46,195520,0.0,0.0,0.9444331234885317,0,0
47,199680,0.0,0.0,0.9919375283196077,0,0
48,203840,0.0,0.0,0.9919375283196077,0,0
49,208000,0.0,0.0,0.9919179974956791,0,0
