t,bytes_sent,utility,pheromone,f1_val,agg_count,rollback
0,1040,0.0,0.0,0.9481158841765328,0,0
1,2080,0.0,0.0,0.9418657659256908,0,0
2,3120,0.0,0.0,0.9283782212372513,0,0
3,4160,0.0,0.0,0.9405548329191693,0,0
4,5200,0.0,0.0,0.6289094644596288,0,0
5,6240,0.0,0.0,0.939361463014552,0,0
6,7280,0.0,0.0,0.9470736995346885,0,0
7,8320,0.0,0.0,0.9534057186076329,0,0
8,9360,0.0,0.0,0.9462151356102798,0,0
9,10400,0.0,0.0,0.9220149776758904,0,0
10,11440,0.0,0.0,0.91714331437956,0,0
11,12480,0.0,0.0,0.9415078057667874,0,0
12,13520,0.0,0.0,0.9481014679758737,0,0
13,14560,0.0,0.0,0.9463078486713619,0,0
14,15600,0.0,0.0,0.9377120622591028,0,0
15,16640,0.0,0.0,0.9351543267170047,0,0
16,17680,0.0,0.0,0.9350471131235584,0,0
17,18720,0.0,0.0,0.943355810735737,0,0
18,19760,0.0,0.0,0.949328228849011,0,0
19,20800,0.0,0.0,0.9541051309349833,0,0
20,21840,0.0,0.0,0.9506451119251426,0,0
21,22880,0.0,0.0,0.9443843638796128,0,0
22,23920,0.0,0.0,0.9497759351381111,0,0
23,24960,0.0,0.0,0.9544553966698891,0,0
24,26000,0.0,0.0,0.9530121372851282,0,0
25,27040,0.0,0.0,0.9541193535170078,0,0
26,28080,0.0,0.0,0.9508104840693102,0,0
27,29120,0.0,0.0,0.945053857319642,0,0
28,30160,0.0,0.0,0.9430478230155567,0,0
29,31200,0.0,0.0,0.9528796064972576,0,0
30,32240,0.0,0.0,0.9530611451643904,0,0
31,33280,0.0,0.0,0.9513217218555836,0,0
32,34320,0.0,0.0,0.9528719848915235,0,0
33,35360,0.0,0.0,0.9541859878291368,0,0
34,36400,0.0,0.0,0.9517335053164094,0,0
35,37440,0.0,0.0,0.9533610381169457,0,0
36,38480,0.0,0.0,0.9514196917557435,0,0
37,39520,0.0,0.0,0.9522071234671184,0,0
38,40560,0.0,0.0,0.9422056128523671,0,0
39,41600,0.0,0.0,0.9553230443891906,0,0
40,42640,0.0,0.0,0.9529158980895867,0,0
41,43680,0.0,0.0,0.9510734430277136,0,0
42,44720,0.0,0.0,0.9522828577448166,0,0
43,45760,0.0,0.0,0.9526390431615689,0,0
44,46800,0.0,0.0,0.9488810448486664,0,0
45,47840,0.0,0.0,0.951853491957525,0,0
46,48880,0.0,0.0,0.9522654466795236,0,0
47,49920,0.0,0.0,0.9526336719758126,0,0
48,50960,0.0,0.0,0.9519508036582318,0,0
49,52000,0.0,0.0,0.9533187125499439,0,0
