t,bytes_sent,utility,pheromone,f1_val,agg_count,rollback
0,1040,0.0,0.0,0.7009427252141673,0,0
1,2080,0.0,0.0,0.9975086222760589,0,0
2,3120,0.0,0.0,0.9963338119635569,0,0
3,4160,0.0,0.0,0.9967019684784577,0,0
4,5200,0.0,0.0,0.9967019684784577,0,0
5,6240,0.0,0.0,0.9963338119635569,0,0
6,7280,0.0,0.0,0.9929945554273436,0,0
7,8320,0.0,0.0,0.9963338119635569,0,0
8,9360,0.0,0.0,0.9963338119635569,0,0
9,10400,0.0,0.0,0.9963338119635569,0,0
10,11440,0.0,0.0,0.9963338119635569,0,0
11,12480,0.0,0.0,0.8019830723359594,0,0
12,13520,0.0,0.0,0.9962633185437604,0,0
13,14560,0.0,0.0,0.9967019684784577,0,0
14,15600,0.0,0.0,0.7144377451253945,0,0
15,16640,0.0,0.0,0.9960402158980539,0,0
16,17680,0.0,0.0,0.996186023309311,0,0
17,18720,0.0,0.0,0.9960402158980539,0,0
18,19760,0.0,0.0,0.9960402158980539,0,0
19,20800,0.0,0.0,0.9960402158980539,0,0
20,21840,0.0,0.0,0.9960402158980539,0,0
21,22880,0.0,0.0,0.9960402158980539,0,0
22,23920,0.0,0.0,0.9960402158980539,0,0
23,24960,0.0,0.0,0.9960402158980539,0,0
24,26000,0.0,0.0,0.9960402158980539,0,0
25,27040,0.0,0.0,0.995895166894551,0,0
26,28080,0.0,0.0,0.995895166894551,0,0
27,29120,0.0,0.0,0.9960402158980539,0,0
28,30160,0.0,0.0,0.9367656633963846,0,0
29,31200,0.0,0.0,0.9971438833963069,0,0
30,32240,0.0,0.0,0.9974365845193254,0,0
31,33280,0.0,0.0,0.9971410286679584,0,0
32,34320,0.0,0.0,0.9977266338198842,0,0
33,35360,0.0,0.0,0.9980195382902922,0,0
34,36400,0.0,0.0,0.9983871318983927,0,0
35,37440,0.0,0.0,0.9988266088139107,0,0
36,38480,0.0,0.0,0.9983871318983927,0,0
37,39520,0.0,0.0,0.9828266355764301,0,0
38,40560,0.0,0.0,0.9972156028069179,0,0
39,41600,0.0,0.0,0.9979490863428351,0,0
40,42640,0.0,0.0,0.9961879342400611,0,0
41,43680,0.0,0.0,0.9968480168309709,0,0
42,44720,0.0,0.0,0.9972868779730919,0,0
43,45760,0.0,0.0,0.9976544681056985,0,0
44,46800,0.0,0.0,0.9976604115674631,0,0
45,47840,0.0,0.0,0.9980239078618035,0,0
46,48880,0.0,0.0,0.9983879578465924,0,0
47,49920,0.0,0.0,0.9976544681056985,0,0
48,50960,0.0,0.0,0.9976544681056985,0,0
49,52000,0.0,0.0,0.9984607708466726,0,0
