t,bytes_sent,utility,pheromone,f1_val,agg_count,rollback
0,1040,0.0,0.0,0.7540378300334867,0,0
1,2080,0.0,0.0,0.6358345029148155,0,0
2,3120,0.0,0.0,0.657649306464247,0,0
3,4160,0.0,0.0,0.6040028373326921,0,0
4,5200,0.0,0.0,0.7161934291766554,0,0
5,6240,0.0,0.0,0.9291322551923256,0,0
6,7280,0.0,0.0,0.8802550689762421,0,0
7,8320,0.0,0.0,0.8729536634642168,0,0
8,9360,0.0,0.0,0.498075277486334,0,0
9,10400,0.0,0.0,0.9827137894143603,0,0
10,11440,0.0,0.0,0.93687633250145,0,0
11,12480,0.0,0.0,0.8999926843926165,0,0
12,13520,0.0,0.0,0.9127061979237199,0,0
13,14560,0.0,0.0,0.9081340431558248,0,0
14,15600,0.0,0.0,0.9147792100063539,0,0
15,16640,0.0,0.0,0.8055916972736874,0,0
16,17680,0.0,0.0,0.9178500638473295,0,0
17,18720,0.0,0.0,0.9064334869088774,0,0
18,19760,0.0,0.0,0.8741898465696949,0,0
19,20800,0.0,0.0,0.8958785238948952,0,0
20,21840,0.0,0.0,0.8425214993760377,0,0
21,22880,0.0,0.0,0.7666638490050685,0,0
22,23920,0.0,0.0,0.7694231634323402,0,0
23,24960,0.0,0.0,0.7669488680787293,0,0
24,26000,0.0,0.0,0.7678769575524999,0,0
25,27040,0.0,0.0,0.7673044001506498,0,0
26,28080,0.0,0.0,0.7635633397458556,0,0
27,29120,0.0,0.0,0.8982682769225667,0,0
28,30160,0.0,0.0,0.8081004352122008,0,0
29,31200,0.0,0.0,0.8070907486752222,0,0
30,32240,0.0,0.0,0.8122820561235052,0,0
31,33280,0.0,0.0,0.8139901559275684,0,0
32,34320,0.0,0.0,0.8137056514972524,0,0
33,35360,0.0,0.0,0.8113452380880233,0,0
34,36400,0.0,0.0,0.8119151909167258,0,0
35,37440,0.0,0.0,0.8110601484156063,0,0
36,38480,0.0,0.0,0.810489738837548,0,0
37,39520,0.0,0.0,0.8114270136223856,0,0
38,40560,0.0,0.0,0.8099190173208749,0,0
39,41600,0.0,0.0,0.810204417443824,0,0
40,42640,0.0,0.0,0.8082049215120531,0,0
41,43680,0.0,0.0,0.8067742064148575,0,0
42,44720,0.0,0.0,0.8056280602068444,0,0
43,45760,0.0,0.0,0.8059147309396724,0,0
44,46800,0.0,0.0,0.8053412987665871,0,0
45,47840,0.0,0.0,0.8053412987665871,0,0
46,48880,0.0,0.0,0.8039061045821005,0,0
47,49920,0.0,0.0,0.8047675007515183,0,0
48,50960,0.0,0.0,0.8039061045821005,0,0
49,52000,0.0,0.0,0.803618783066441,0,0
