t,bytes_sent,utility,pheromone,f1_val,agg_count,rollback
0,1040,0.0,0.0,0.20345744782490724,0,0
1,2080,0.0,0.0,0.30380970798684975,0,0
2,3120,0.0,0.0,0.3060124359905949,0,0
3,4160,0.0,0.0,0.613126861413968,0,0
4,5200,0.0,0.0,0.6532036616589971,0,0
5,6240,0.0,0.0,0.7839116164922585,0,0
6,7280,0.0,0.0,0.8322278233013047,0,0
7,8320,0.0,0.0,0.8744440956780435,0,0
8,9360,0.0,0.0,0.8333554737788733,0,0
9,10400,0.0,0.0,0.8683307324589127,0,0
10,11440,0.0,0.0,0.863321141916671,0,0
11,12480,0.0,0.0,0.8468422329068219,0,0
12,13520,0.0,0.0,0.8683307324589127,0,0
13,14560,0.0,0.0,0.8694429938110424,0,0
14,15600,0.0,0.0,0.8527188653239073,0,0
15,16640,0.0,0.0,0.8755545953286676,0,0
16,17680,0.0,0.0,0.878052158705964,0,0
17,18720,0.0,0.0,0.8730555457604587,0,0
18,19760,0.0,0.0,0.8822117157981066,0,0
19,20800,0.0,0.0,0.8529983769149714,0,0
20,21840,0.0,0.0,0.8827660543832161,0,0
21,22880,0.0,0.0,0.8869217502679357,0,0
22,23920,0.0,0.0,0.9283788674308473,0,0
23,24960,0.0,0.0,0.8883063062173069,0,0
24,26000,0.0,0.0,0.8885831795332024,0,0
25,27040,0.0,0.0,0.8888600405228642,0,0
26,28080,0.0,0.0,0.8858138705895164,0,0
27,29120,0.0,0.0,0.8883063062173069,0,0
28,30160,0.0,0.0,0.9769628336838333,0,0
29,31200,0.0,0.0,0.9621841648291101,0,0
30,32240,0.0,0.0,0.9552363520611173,0,0
31,33280,0.0,0.0,0.9458062713876667,0,0
32,34320,0.0,0.0,0.8963283417607089,0,0
33,35360,0.0,0.0,0.8941156771559513,0,0
34,36400,0.0,0.0,0.9018511348636308,0,0
35,37440,0.0,0.0,0.899643229983724,0,0
36,38480,0.0,0.0,0.8946688983520129,0,0
37,39520,0.0,0.0,0.891902398147304,0,0
38,40560,0.0,0.0,0.8910722467645864,0,0
39,41600,0.0,0.0,0.8946662311470966,0,0
40,42640,0.0,0.0,0.8858104161182349,0,0
41,43680,0.0,0.0,0.8966020429435064,0,0
42,44720,0.0,0.0,0.897705034691336,0,0
43,45760,0.0,0.0,0.8990872367980384,0,0
44,46800,0.0,0.0,0.9024038421806176,0,0
45,47840,0.0,0.0,0.9057196658780358,0,0
46,48880,0.0,0.0,0.9090349287482775,0,0
47,49920,0.0,0.0,0.9090349287482775,0,0
48,50960,0.0,0.0,0.9109686609686609,0,0
49,52000,0.0,0.0,0.9134547888234235,0,0
