t,bytes_sent,utility,pheromone,f1_val,agg_count,rollback
0,1040,0.0,0.0,0.2976190476190476,0,0
1,2080,0.0,0.0,0.293747687754347,0,0
2,3120,0.0,0.0,0.29784120014635934,0,0
3,4160,0.0,0.0,0.3009769651339966,0,0
4,5200,0.0,0.0,0.3098076617389922,0,0
5,6240,0.0,0.0,0.30191404839292163,0,0
6,7280,0.0,0.0,0.3023088023088023,0,0
7,8320,0.0,0.0,0.3024407817706926,0,0
8,9360,0.0,0.0,0.30275229357798167,0,0
9,10400,0.0,0.0,0.30275229357798167,0,0
10,11440,0.0,0.0,0.30275229357798167,0,0
11,12480,0.0,0.0,0.3023423423423423,0,0
12,13520,0.0,0.0,0.30263750112521376,0,0
13,14560,0.0,0.0,0.30275229357798167,0,0
14,15600,0.0,0.0,0.3026706231454006,0,0
15,16640,0.0,0.0,0.3026706231454006,0,0
16,17680,0.0,0.0,0.30258899676375406,0,0
17,18720,0.0,0.0,0.3025074143974117,0,0
18,19760,0.0,0.0,0.30226293103448276,0,0
19,20800,0.0,0.0,0.3022796625381439,0,0
20,21840,0.0,0.0,0.3021169716541084,0,0
21,22880,0.0,0.0,0.30197132616487454,0,0
22,23920,0.0,0.0,0.30197132616487454,0,0
23,24960,0.0,0.0,0.3018090632276554,0,0
24,26000,0.0,0.0,0.3018090632276554,0,0
25,27040,0.0,0.0,0.3018090632276554,0,0
26,28080,0.0,0.0,0.3018090632276554,0,0
27,29120,0.0,0.0,0.30172799713492704,0,0
28,30160,0.0,0.0,0.3016469745793054,0,0
29,31200,0.0,0.0,0.30148505993916624,0,0
30,32240,0.0,0.0,0.3012425136318942,0,0
31,33280,0.0,0.0,0.30125971589386225,0,0
32,34320,0.0,0.0,0.30119621496161403,0,0
33,35360,0.0,0.0,0.30106951871657756,0,0
34,36400,0.0,0.0,0.30128205128205127,0,0
35,37440,0.0,0.0,0.30096051227321235,0,0
36,38480,0.0,0.0,0.3007371880273559,0,0
37,39520,0.0,0.0,0.3004694835680751,0,0
38,40560,0.0,0.0,0.2997265590544236,0,0
39,41600,0.0,0.0,0.2996393067651975,0,0
40,42640,0.0,0.0,0.2996057818659658,0,0
41,43680,0.0,0.0,0.29979035639413,0,0
42,44720,0.0,0.0,0.29946896491686253,0,0
43,45760,0.0,0.0,0.29969578444154715,0,0
44,46800,0.0,0.0,0.2998007105103544,0,0
45,47840,0.0,0.0,0.29991386735572784,0,0
46,48880,0.0,0.0,0.30043803143519715,0,0
47,49920,0.0,0.0,0.3016157989228007,0,0
48,50960,0.0,0.0,0.30236515228858263,0,0
49,52000,0.0,0.0,0.30407576526297986,0,0
