t,bytes_sent,utility,pheromone,f1_val,agg_count,rollback
0,1040,0.0,0.0,0.9418819959272338,0,0
1,2080,0.0,0.0,0.936592995370173,0,0
2,3120,0.0,0.0,0.9304397279919397,0,0
3,4160,0.0,0.0,0.9230000854779261,0,0
4,5200,0.0,0.0,0.9415263600817916,0,0
5,6240,0.0,0.0,0.945458893881989,0,0
6,7280,0.0,0.0,0.9212037944811703,0,0
7,8320,0.0,0.0,0.9468607289848886,0,0
8,9360,0.0,0.0,0.9423432108439513,0,0
9,10400,0.0,0.0,0.9502999319008769,0,0
10,11440,0.0,0.0,0.9420250613870607,0,0
11,12480,0.0,0.0,0.9335698780207851,0,0
12,13520,0.0,0.0,0.942097890380026,0,0
13,14560,0.0,0.0,0.9431833759123289,0,0
14,15600,0.0,0.0,0.9126972693224524,0,0
15,16640,0.0,0.0,0.9415489559370284,0,0
16,17680,0.0,0.0,0.9436800672914852,0,0
17,18720,0.0,0.0,0.9433089139575236,0,0
18,19760,0.0,0.0,0.9467846506769122,0,0
19,20800,0.0,0.0,0.9339572867159818,0,0
20,21840,0.0,0.0,0.9460743739244644,0,0
21,22880,0.0,0.0,0.9439636672309779,0,0
22,23920,0.0,0.0,0.9305820398948913,0,0
23,24960,0.0,0.0,0.9315932734674088,0,0
24,26000,0.0,0.0,0.9314383365575041,0,0
25,27040,0.0,0.0,0.9153538529900132,0,0
26,28080,0.0,0.0,0.9186428176545445,0,0
27,29120,0.0,0.0,0.9456858409114748,0,0
28,30160,0.0,0.0,0.9365526121540362,0,0
29,31200,0.0,0.0,0.9370669800895077,0,0
30,32240,0.0,0.0,0.9363322873759833,0,0
31,33280,0.0,0.0,0.9370051979272632,0,0
32,34320,0.0,0.0,0.9361432243122817,0,0
33,35360,0.0,0.0,0.9376785554286194,0,0
34,36400,0.0,0.0,0.9322591798690801,0,0
35,37440,0.0,0.0,0.9369403250836009,0,0
36,38480,0.0,0.0,0.9376320634816128,0,0
37,39520,0.0,0.0,0.9344039827755451,0,0
38,40560,0.0,0.0,0.928125464047728,0,0
39,41600,0.0,0.0,0.936272219810337,0,0
40,42640,0.0,0.0,0.8744620007328194,0,0
41,43680,0.0,0.0,0.9268051761819285,0,0
42,44720,0.0,0.0,0.9262716968327913,0,0
43,45760,0.0,0.0,0.9379370391691226,0,0
44,46800,0.0,0.0,0.931011742283073,0,0
45,47840,0.0,0.0,0.951468373744694,0,0
46,48880,0.0,0.0,0.9544249262205348,0,0
47,49920,0.0,0.0,0.9498440572757234,0,0
48,50960,0.0,0.0,0.9545733538592847,0,0
49,52000,0.0,0.0,0.9540514876762403,0,0
