t,bytes_sent,utility,pheromone,f1_val,agg_count,rollback
0,1040,0.0,0.0,0.8292685005964593,0,0
1,2080,0.0,0.0,0.9653051537069912,0,0
2,3120,0.0,0.0,0.868555389371677,0,0
3,4160,0.0,0.0,0.7902216822544859,0,0
4,5200,0.0,0.0,0.5971011778237387,0,0
5,6240,0.0,0.0,0.9681479769983311,0,0
6,7280,0.0,0.0,0.8306188786759201,0,0
7,8320,0.0,0.0,0.8201288032705083,0,0
8,9360,0.0,0.0,0.8188872330236698,0,0
9,10400,0.0,0.0,0.7677302751535581,0,0
10,11440,0.0,0.0,0.7811293101192335,0,0
11,12480,0.0,0.0,0.7979365664077065,0,0
12,13520,0.0,0.0,0.7629575003195741,0,0
13,14560,0.0,0.0,0.7953981791157398,0,0
14,15600,0.0,0.0,0.8001840771510336,0,0
15,16640,0.0,0.0,0.8286819789510375,0,0
16,17680,0.0,0.0,0.8006079226491745,0,0
17,18720,0.0,0.0,0.8046394350319829,0,0
18,19760,0.0,0.0,0.7972273544316066,0,0
19,20800,0.0,0.0,0.7952654248411613,0,0
20,21840,0.0,0.0,0.7943971178420021,0,0
21,22880,0.0,0.0,0.7970467010990674,0,0
22,23920,0.0,0.0,0.7972454687166103,0,0
23,24960,0.0,0.0,0.7958871995812757,0,0
24,26000,0.0,0.0,0.7955970345156456,0,0
25,27040,0.0,0.0,0.7962214615903107,0,0
26,28080,0.0,0.0,0.7956408814468243,0,0
27,29120,0.0,0.0,0.7930223298974918,0,0
28,30160,0.0,0.0,0.7921472535039613,0,0
29,31200,0.0,0.0,0.7915632326573483,0,0
30,32240,0.0,0.0,0.7915632326573483,0,0
31,33280,0.0,0.0,0.7921472535039613,0,0
32,34320,0.0,0.0,0.7903936348121497,0,0
33,35360,0.0,0.0,0.7909786951974886,0,0
34,36400,0.0,0.0,0.7897345698694296,0,0
35,37440,0.0,0.0,0.7897345698694296,0,0
36,38480,0.0,0.0,0.789808045174804,0,0
37,39520,0.0,0.0,0.7895150499056232,0,0
38,40560,0.0,0.0,0.7886352527651237,0,0
39,41600,0.0,0.0,0.7882298417281672,0,0
40,42640,0.0,0.0,0.7894417084982832,0,0
41,43680,0.0,0.0,0.7888555832678776,0,0
42,44720,0.0,0.0,0.78793650627902,0,0
43,45760,0.0,0.0,0.78793650627902,0,0
44,46800,0.0,0.0,0.7841103795526992,0,0
45,47840,0.0,0.0,0.7870556742462858,0,0
46,48880,0.0,0.0,0.787349423336475,0,0
47,49920,0.0,0.0,0.7870556742462858,0,0
48,50960,0.0,0.0,0.7876430337477613,0,0
49,52000,0.0,0.0,0.787349423336475,0,0
