t,bytes_sent,utility,pheromone,f1_val,agg_count,rollback
0,1040,0.0,0.0,0.3333333333333333,0,0
1,2080,0.0,0.0,0.33301496338745623,0,0
2,3120,0.0,0.0,0.33376403267543137,0,0
3,4160,0.0,0.0,0.28823482222699354,0,0
4,5200,0.0,0.0,0.2706857449088188,0,0
5,6240,0.0,0.0,0.2930415503235289,0,0
6,7280,0.0,0.0,0.29335803265803734,0,0
7,8320,0.0,0.0,0.2959712155264167,0,0
8,9360,0.0,0.0,0.2744570378515264,0,0
9,10400,0.0,0.0,0.2712517720748796,0,0
10,11440,0.0,0.0,0.2688868994047444,0,0
11,12480,0.0,0.0,0.2592285404416727,0,0
12,13520,0.0,0.0,0.25160041594566707,0,0
13,14560,0.0,0.0,0.23568208472604132,0,0
14,15600,0.0,0.0,0.2208773114710323,0,0
15,16640,0.0,0.0,0.21293765659437303,0,0
16,17680,0.0,0.0,0.2058388985387892,0,0
17,18720,0.0,0.0,0.20209311706735733,0,0
18,19760,0.0,0.0,0.2011151701595847,0,0
19,20800,0.0,0.0,0.20065221561480914,0,0
20,21840,0.0,0.0,0.19984715322888805,0,0
21,22880,0.0,0.0,0.1993520106727654,0,0
22,23920,0.0,0.0,0.19923809523809524,0,0
23,24960,0.0,0.0,0.19874596237887138,0,0
24,26000,0.0,0.0,0.19814358780071983,0,0
25,27040,0.0,0.0,0.197395735044348,0,0
26,28080,0.0,0.0,0.196875588179936,0,0
27,29120,0.0,0.0,0.19680150517403575,0,0
28,30160,0.0,0.0,0.19650572985158746,0,0
29,31200,0.0,0.0,0.19602698650674663,0,0
30,32240,0.0,0.0,0.19599025669851977,0,0
31,33280,0.0,0.0,0.19566030677141788,0,0
32,34320,0.0,0.0,0.19562371423227978,0,0
33,35360,0.0,0.0,0.1955140186915888,0,0
34,36400,0.0,0.0,0.19540444610498786,0,0
35,37440,0.0,0.0,0.19507646400596793,0,0
36,38480,0.0,0.0,0.19482212702551685,0,0
37,39520,0.0,0.0,0.1942072038618641,0,0
38,40560,0.0,0.0,0.1938832252085264,0,0
39,41600,0.0,0.0,0.1936319881525361,0,0
40,42640,0.0,0.0,0.19316712834718375,0,0
41,43680,0.0,0.0,0.19256259204712814,0,0
42,44720,0.0,0.0,0.19182101595452045,0,0
43,45760,0.0,0.0,0.19125982812214298,0,0
44,46800,0.0,0.0,0.19084108739281153,0,0
45,47840,0.0,0.0,0.19028561033290886,0,0
46,48880,0.0,0.0,0.18938982437081298,0,0
47,49920,0.0,0.0,0.18921852387843704,0,0
48,50960,0.0,0.0,0.18891096261513454,0,0
49,52000,0.0,0.0,0.18870647663720008,0,0
