t,bytes_sent,utility,pheromone,f1_val,agg_count,rollback
0,1040,0.0,0.0,0.6173880521999302,0,0
1,2080,0.0,0.0,0.6163342951580373,0,0
2,3120,0.0,0.0,0.6163342951580373,0,0
3,4160,0.0,0.0,0.6163342951580373,0,0
4,5200,0.0,0.0,0.6163342951580373,0,0
5,6240,0.0,0.0,0.6161950003225232,0,0
6,7280,0.0,0.0,0.6163342951580373,0,0
7,8320,0.0,0.0,0.6161950003225232,0,0
8,9360,0.0,0.0,0.6161135207492845,0,0
9,10400,0.0,0.0,0.6161135207492845,0,0
10,11440,0.0,0.0,0.6161135207492845,0,0
11,12480,0.0,0.0,0.6153009126549395,0,0
12,13520,0.0,0.0,0.6153009126549395,0,0
13,14560,0.0,0.0,0.6151388668251473,0,0
14,15600,0.0,0.0,0.6151388668251473,0,0
15,16640,0.0,0.0,0.6151388668251473,0,0
16,17680,0.0,0.0,0.6141699029263519,0,0
17,18720,0.0,0.0,0.6146536767413534,0,0
18,19760,0.0,0.0,0.6137678354841384,0,0
19,20800,0.0,0.0,0.6128068475452196,0,0
20,21840,0.0,0.0,0.6115341878423274,0,0
21,22880,0.0,0.0,0.6121692868816817,0,0
22,23920,0.0,0.0,0.6114549728354888,0,0
23,24960,0.0,0.0,0.6116927326049281,0,0
24,26000,0.0,0.0,0.6112777894947298,0,0
25,27040,0.0,0.0,0.6111197791308833,0,0
26,28080,0.0,0.0,0.6110408310336292,0,0
27,29120,0.0,0.0,0.6108830488710381,0,0
28,30160,0.0,0.0,0.6107254185680836,0,0
29,31200,0.0,0.0,0.6101749052424398,0,0
30,32240,0.0,0.0,0.6093135435066901,0,0
31,33280,0.0,0.0,0.608689944722998,0,0
32,34320,0.0,0.0,0.6080687272234441,0,0
33,35360,0.0,0.0,0.6069103153998111,0,0
34,36400,0.0,0.0,0.6062192268083033,0,0
35,37440,0.0,0.0,0.6046181097133777,0,0
36,38480,0.0,0.0,0.6041635600830334,0,0
37,39520,0.0,0.0,0.602882626129822,0,0
38,40560,0.0,0.0,0.6025078251131691,0,0
39,41600,0.0,0.0,0.6000560192447356,0,0
40,42640,0.0,0.0,0.5993204671316072,0,0
41,43680,0.0,0.0,0.6011657905829035,0,0
42,44720,0.0,0.0,0.5993938685689592,0,0
43,45760,0.0,0.0,0.5994673041147857,0,0
44,46800,0.0,0.0,0.5994673041147857,0,0
45,47840,0.0,0.0,0.6006469310729318,0,0
46,48880,0.0,0.0,0.604921859021231,0,0
47,49920,0.0,0.0,0.6055310838939557,0,0
48,50960,0.0,0.0,0.6056837509418411,0,0
49,52000,0.0,0.0,0.6066028000412288,0,0
