t,bytes_sent,utility,pheromone,f1_val,agg_count,rollback
0,4160,0.0,0.0,0.9972435617623723,0,0
1,8320,0.0,0.0,0.9969975081576651,0,0
2,12480,0.0,0.0,0.9967584991393483,0,0
3,16640,0.0,0.0,0.9971432857297993,0,0
4,20800,0.0,0.0,0.9966353596684744,0,0
5,24960,0.0,0.0,0.9977998904431125,0,0
6,29120,0.0,0.0,0.9973862616479148,0,0
7,33280,0.0,0.0,0.9976262314423188,0,0
8,37440,0.0,0.0,0.9973891252095638,0,0
9,41600,0.0,0.0,0.9977975102598944,0,0
10,45760,0.0,0.0,0.9980403583402068,0,0
11,49920,0.0,0.0,0.9977975102598944,0,0
12,54080,0.0,0.0,0.9980403583402068,0,0
13,58240,0.0,0.0,0.9977975102598944,0,0
14,62400,0.0,0.0,0.9977975102598944,0,0
15,66560,0.0,0.0,0.9975112565615465,0,0
16,70720,0.0,0.0,0.9844271730490783,0,0
17,74880,0.0,0.0,0.9834234310399234,0,0
18,79040,0.0,0.0,0.9368005423252292,0,0
19,83200,0.0,0.0,0.9418147936222995,0,0
20,87360,0.0,0.0,0.9591655205481913,0,0
21,91520,0.0,0.0,0.954924922505961,0,0
22,95680,0.0,0.0,0.9715347216991717,0,0
23,99840,0.0,0.0,0.9741381848140882,0,0
24,104000,0.0,0.0,0.993548159909938,0,0
25,108160,0.0,0.0,0.9775125222132376,0,0
26,112320,0.0,0.0,0.9973833833620065,0,0
27,116480,0.0,0.0,0.9973833833620065,0,0
28,120640,0.0,0.0,0.9395864288925543,0,0
29,124800,0.0,0.0,0.9954789004650738,0,0
30,128960,0.0,0.0,0.9977975102598944,0,0
31,133120,0.0,0.0,0.9969788439352044,0,0
32,137280,0.0,0.0,0.9889234395991062,0,0
33,141440,0.0,0.0,0.9443257591143908,0,0
34,145600,0.0,0.0,0.9812554061266638,0,0
35,149760,0.0,0.0,0.9899015608702646,0,0
36,153920,0.0,0.0,0.8629067172234601,0,0
37,158080,0.0,0.0,0.9755950843525274,0,0
38,162240,0.0,0.0,0.9714314834198237,0,0
39,166400,0.0,0.0,0.891495011611302,0,0
40,170560,0.0,0.0,0.9804362240457816,0,0
41,174720,0.0,0.0,0.9382567652283427,0,0
42,178880,0.0,0.0,0.9364859846877668,0,0
43,183040,0.0,0.0,0.9307458545769876,0,0
44,187200,0.0,0.0,0.9072689699315004,0,0
45,191360,0.0,0.0,0.905978970193392,0,0
46,195520,0.0,0.0,0.8903845250216738,0,0
47,199680,0.0,0.0,0.8793527386043262,0,0
48,203840,0.0,0.0,0.9659010275596973,0,0
49,208000,0.0,0.0,0.9107629977831075,0,0
