t,bytes_sent,utility,pheromone,f1_val,agg_count,rollback
0,4160,0.0,0.0,0.14063745019920318,0,0
1,8320,0.0,0.0,0.10386473429951691,0,0
2,12480,0.0,0.0,0.14063745019920318,0,0
3,16640,0.0,0.0,0.14063745019920318,0,0
4,20800,0.0,0.0,0.14063745019920318,0,0
5,24960,0.0,0.0,0.14063745019920318,0,0
6,29120,0.0,0.0,0.14063745019920318,0,0
7,33280,0.0,0.0,0.14063745019920318,0,0
8,37440,0.0,0.0,0.14063745019920318,0,0
9,41600,0.0,0.0,0.14063745019920318,0,0
10,45760,0.0,0.0,0.4158588189228392,0,0
11,49920,0.0,0.0,0.41727255530994717,0,0
12,54080,0.0,0.0,0.4171583814486223,0,0
13,58240,0.0,0.0,0.3842828298035612,0,0
14,62400,0.0,0.0,0.3849997964490477,0,0
15,66560,0.0,0.0,0.38564439360997477,0,0
16,70720,0.0,0.0,0.43752092479463833,0,0
17,74880,0.0,0.0,0.4448082508616359,0,0
18,79040,0.0,0.0,0.6285706720110978,0,0
19,83200,0.0,0.0,0.5310706337642311,0,0
20,87360,0.0,0.0,0.5591474432277131,0,0
21,91520,0.0,0.0,0.6454040041027411,0,0
22,95680,0.0,0.0,0.6964042358694611,0,0
23,99840,0.0,0.0,0.5290663563641241,0,0
24,104000,0.0,0.0,0.6542318139463799,0,0
25,108160,0.0,0.0,0.6807004683598518,0,0
26,112320,0.0,0.0,0.9023731312287534,0,0
27,116480,0.0,0.0,0.8476538489297281,0,0
28,120640,0.0,0.0,0.9909160326224751,0,0
29,124800,0.0,0.0,0.8938646431497992,0,0
30,128960,0.0,0.0,0.9188280399982338,0,0
31,133120,0.0,0.0,0.9231815036518192,0,0
32,137280,0.0,0.0,0.9923839220173097,0,0
33,141440,0.0,0.0,0.9903115089204455,0,0
34,145600,0.0,0.0,0.9906321843106889,0,0
35,149760,0.0,0.0,0.8610884319852885,0,0
36,153920,0.0,0.0,0.9911520112052127,0,0
37,158080,0.0,0.0,0.9898761968404821,0,0
38,162240,0.0,0.0,0.9873600478769364,0,0
39,166400,0.0,0.0,0.9920144870514954,0,0
40,170560,0.0,0.0,0.7646773815557935,0,0
41,174720,0.0,0.0,0.9913361711213216,0,0
42,178880,0.0,0.0,0.9412805145703222,0,0
43,183040,0.0,0.0,0.9380255477847308,0,0
44,187200,0.0,0.0,0.9332538139129409,0,0
45,191360,0.0,0.0,0.9896182392834068,0,0
46,195520,0.0,0.0,0.9919912764769869,0,0
47,199680,0.0,0.0,0.9919912764769869,0,0
48,203840,0.0,0.0,0.8472056979273084,0,0
49,208000,0.0,0.0,0.9246162976532528,0,0
