t,bytes_sent,utility,pheromone,f1_val,agg_count,rollback
0,4160,0.0,0.0,0.16673407258558118,0,0
1,8320,0.0,0.0,0.43504777968690517,0,0
2,12480,0.0,0.0,0.36878382938157805,0,0
3,16640,0.0,0.0,0.4147655686485733,0,0
4,20800,0.0,0.0,0.14159059035220026,0,0
5,24960,0.0,0.0,0.14022662889518414,0,0
6,29120,0.0,0.0,0.14022662889518414,0,0
7,33280,0.0,0.0,0.14022662889518414,0,0
8,37440,0.0,0.0,0.14631148057546248,0,0
9,41600,0.0,0.0,0.41500763179523303,0,0
10,45760,0.0,0.0,0.3749387785509547,0,0
11,49920,0.0,0.0,0.3719561715745231,0,0
12,54080,0.0,0.0,0.3735127783612081,0,0
13,58240,0.0,0.0,0.3749538621552944,0,0
14,62400,0.0,0.0,0.40654802038244686,0,0
15,66560,0.0,0.0,0.6650441846818737,0,0
16,70720,0.0,0.0,0.6639145662906064,0,0
17,74880,0.0,0.0,0.6639145662906064,0,0
18,79040,0.0,0.0,0.6645479276896136,0,0
19,83200,0.0,0.0,0.6628990317413628,0,0
20,87360,0.0,0.0,0.6641205979098602,0,0
21,91520,0.0,0.0,0.6684308116489974,0,0
22,95680,0.0,0.0,0.6649656681997127,0,0
23,99840,0.0,0.0,0.6619572289284268,0,0
24,104000,0.0,0.0,0.9565000298442473,0,0
25,108160,0.0,0.0,0.9543464917721038,0,0
26,112320,0.0,0.0,0.9430512100392525,0,0
27,116480,0.0,0.0,0.952931048810654,0,0
28,120640,0.0,0.0,0.9406218689002367,0,0
29,124800,0.0,0.0,0.9554544356804626,0,0
30,128960,0.0,0.0,0.9470656690256941,0,0
31,133120,0.0,0.0,0.9416049672333361,0,0
32,137280,0.0,0.0,0.9400359201386123,0,0
33,141440,0.0,0.0,0.9414053068156396,0,0
34,145600,0.0,0.0,0.9484559076156228,0,0
35,149760,0.0,0.0,0.9376184376714773,0,0
36,153920,0.0,0.0,0.9420532936215509,0,0
37,158080,0.0,0.0,0.9420944490427655,0,0
38,162240,0.0,0.0,0.9410218467212041,0,0
39,166400,0.0,0.0,0.94100591289131,0,0
40,170560,0.0,0.0,0.9457807736013354,0,0
41,174720,0.0,0.0,0.9410950475738726,0,0
42,178880,0.0,0.0,0.9478418373363736,0,0
43,183040,0.0,0.0,0.9392821761223544,0,0
44,187200,0.0,0.0,0.9392557279700353,0,0
45,191360,0.0,0.0,0.9450745080148324,0,0
46,195520,0.0,0.0,0.9571091466510117,0,0
47,199680,0.0,0.0,0.9393291266353483,0,0
48,203840,0.0,0.0,0.6252271007595653,0,0
49,208000,0.0,0.0,0.9396905111758228,0,0
