t,bytes_sent,utility,pheromone,f1_val,agg_count,rollback
0,4160,0.0,0.0,0.10398230088495575,0,0
1,8320,0.0,0.0,0.14142628205128205,0,0
2,12480,0.0,0.0,0.14142628205128205,0,0
3,16640,0.0,0.0,0.14142628205128205,0,0
4,20800,0.0,0.0,0.14142628205128205,0,0
5,24960,0.0,0.0,0.14142628205128205,0,0
6,29120,0.0,0.0,0.14142628205128205,0,0
7,33280,0.0,0.0,0.14142628205128205,0,0
8,37440,0.0,0.0,0.14142628205128205,0,0
9,41600,0.0,0.0,0.14142628205128205,0,0
10,45760,0.0,0.0,0.14142628205128205,0,0
11,49920,0.0,0.0,0.2964354478494022,0,0
12,54080,0.0,0.0,0.4168551858772006,0,0
13,58240,0.0,0.0,0.4172560359570804,0,0
14,62400,0.0,0.0,0.4171358730402079,0,0
15,66560,0.0,0.0,0.4166942084536144,0,0
16,70720,0.0,0.0,0.41693552313656757,0,0
17,74880,0.0,0.0,0.7101760316715006,0,0
18,79040,0.0,0.0,0.6190657802598101,0,0
19,83200,0.0,0.0,0.7007009711902763,0,0
20,87360,0.0,0.0,0.7075105653958144,0,0
21,91520,0.0,0.0,0.6956287775597387,0,0
22,95680,0.0,0.0,0.6989978473625873,0,0
23,99840,0.0,0.0,0.7079394718648842,0,0
24,104000,0.0,0.0,0.6974779426612627,0,0
25,108160,0.0,0.0,0.7045852726897788,0,0
26,112320,0.0,0.0,0.7061283994528336,0,0
27,116480,0.0,0.0,0.6972439981008844,0,0
28,120640,0.0,0.0,0.6969863238869007,0,0
29,124800,0.0,0.0,0.6125606109224777,0,0
30,128960,0.0,0.0,0.6989799951202313,0,0
31,133120,0.0,0.0,0.6965042784927447,0,0
32,137280,0.0,0.0,0.7050792932777447,0,0
33,141440,0.0,0.0,0.6746531619137566,0,0
34,145600,0.0,0.0,0.6987886257261285,0,0
35,149760,0.0,0.0,0.7075365143577863,0,0
36,153920,0.0,0.0,0.6980864004939373,0,0
37,158080,0.0,0.0,0.6987736735897068,0,0
38,162240,0.0,0.0,0.5767812106243758,0,0
39,166400,0.0,0.0,0.8648709109440805,0,0
40,170560,0.0,0.0,0.8033357049867819,0,0
41,174720,0.0,0.0,0.5920909864613384,0,0
42,178880,0.0,0.0,0.8006420272061342,0,0
43,183040,0.0,0.0,0.9791094251570305,0,0
44,187200,0.0,0.0,0.4788276148881761,0,0
45,191360,0.0,0.0,0.7774733916680256,0,0
46,195520,0.0,0.0,0.9814749015298887,0,0
47,199680,0.0,0.0,0.63943374302607,0,0
48,203840,0.0,0.0,0.5522115357083316,0,0
49,208000,0.0,0.0,0.8120875290992868,0,0
