t,bytes_sent,utility,pheromone,f1_val,agg_count,rollback
0,4160,0.0,0.0,0.6996966332726405,0,0
1,8320,0.0,0.0,0.8406191842257765,0,0
2,12480,0.0,0.0,0.5946045558200713,0,0
3,16640,0.0,0.0,0.6913039256297487,0,0
4,20800,0.0,0.0,0.6678310986457368,0,0
5,24960,0.0,0.0,0.6501865773751798,0,0
6,29120,0.0,0.0,0.67471690636684,0,0
7,33280,0.0,0.0,0.6220360877388456,0,0
8,37440,0.0,0.0,0.7088153377707053,0,0
9,41600,0.0,0.0,0.9058898168751882,0,0
10,45760,0.0,0.0,0.8177636145350918,0,0
11,49920,0.0,0.0,0.5575939391297591,0,0
12,54080,0.0,0.0,0.7846955365639742,0,0
13,58240,0.0,0.0,0.8157418880260104,0,0
14,62400,0.0,0.0,0.9130040121017173,0,0
15,66560,0.0,0.0,0.7092369119599711,0,0
16,70720,0.0,0.0,0.8941060945627428,0,0
17,74880,0.0,0.0,0.8785636175851483,0,0
18,79040,0.0,0.0,0.7685918032315494,0,0
19,83200,0.0,0.0,0.8401499567642177,0,0
20,87360,0.0,0.0,0.774581627912269,0,0
21,91520,0.0,0.0,0.8313536046454978,0,0
22,95680,0.0,0.0,0.8007020029837741,0,0
23,99840,0.0,0.0,0.8204398201420294,0,0
24,104000,0.0,0.0,0.8109490830809237,0,0
25,108160,0.0,0.0,0.8101694381680649,0,0
26,112320,0.0,0.0,0.821157783875342,0,0
27,116480,0.0,0.0,0.8112489866060515,0,0
28,120640,0.0,0.0,0.8144270939374223,0,0
29,124800,0.0,0.0,0.8119739916951179,0,0
30,128960,0.0,0.0,0.812393619000557,0,0
31,133120,0.0,0.0,0.8049060865965916,0,0
32,137280,0.0,0.0,0.800991221245536,0,0
33,141440,0.0,0.0,0.8047054126902351,0,0
34,145600,0.0,0.0,0.8009868545224794,0,0
35,149760,0.0,0.0,0.8086064983247377,0,0
36,153920,0.0,0.0,0.8096811695454433,0,0
37,158080,0.0,0.0,0.807534583379931,0,0
38,162240,0.0,0.0,0.8083958523463759,0,0
39,166400,0.0,0.0,0.8086143778220917,0,0
40,170560,0.0,0.0,0.8083958523463759,0,0
41,174720,0.0,0.0,0.8156417422102089,0,0
42,178880,0.0,0.0,0.8103532414242031,0,0
43,183040,0.0,0.0,0.8109918144099761,0,0
44,187200,0.0,0.0,0.8152409454600894,0,0
45,191360,0.0,0.0,0.8154593288196151,0,0
46,195520,0.0,0.0,0.8133365288834313,0,0
47,199680,0.0,0.0,0.8094875512523503,0,0
48,203840,0.0,0.0,0.8097108782684249,0,0
49,208000,0.0,0.0,0.8101414634764489,0,0
