t,bytes_sent,utility,pheromone,f1_val,agg_count,rollback
0,4160,0.0,0.0,0.13995598239295717,0,0
1,8320,0.0,0.0,0.13995598239295717,0,0
2,12480,0.0,0.0,0.13995598239295717,0,0
3,16640,0.0,0.0,0.13995598239295717,0,0
4,20800,0.0,0.0,0.13995598239295717,0,0
5,24960,0.0,0.0,0.13995598239295717,0,0
6,29120,0.0,0.0,0.13995598239295717,0,0
7,33280,0.0,0.0,0.13995598239295717,0,0
8,37440,0.0,0.0,0.13995598239295717,0,0
9,41600,0.0,0.0,0.13995598239295717,0,0
10,45760,0.0,0.0,0.13995598239295717,0,0
11,49920,0.0,0.0,0.4158888197469405,0,0
12,54080,0.0,0.0,0.4160497462369297,0,0
13,58240,0.0,0.0,0.4158203383005801,0,0
14,62400,0.0,0.0,0.4734476118703898,0,0
15,66560,0.0,0.0,0.4158203383005801,0,0
16,70720,0.0,0.0,0.7008926542249772,0,0
17,74880,0.0,0.0,0.7009086045093338,0,0
18,79040,0.0,0.0,0.7140811771777171,0,0
19,83200,0.0,0.0,0.7006546555093404,0,0
20,87360,0.0,0.0,0.7005517165721462,0,0
21,91520,0.0,0.0,0.7005428453419471,0,0
22,95680,0.0,0.0,0.7005428453419471,0,0
23,99840,0.0,0.0,0.6996812786542299,0,0
24,104000,0.0,0.0,0.7000187549511698,0,0
25,108160,0.0,0.0,0.6988029663388644,0,0
26,112320,0.0,0.0,0.7129225948459229,0,0
27,116480,0.0,0.0,0.6972224987427417,0,0
28,120640,0.0,0.0,0.7001450981836279,0,0
29,124800,0.0,0.0,0.6993145564792621,0,0
30,128960,0.0,0.0,0.6996594967291768,0,0
31,133120,0.0,0.0,0.6996617395995097,0,0
32,137280,0.0,0.0,0.6987994005507062,0,0
33,141440,0.0,0.0,0.7002636013233752,0,0
34,145600,0.0,0.0,0.9916738376586803,0,0
35,149760,0.0,0.0,0.9923652907733383,0,0
36,153920,0.0,0.0,0.9898302050780079,0,0
37,158080,0.0,0.0,0.9922164873423569,0,0
38,162240,0.0,0.0,0.9919854688626717,0,0
39,166400,0.0,0.0,0.9923167377520978,0,0
40,170560,0.0,0.0,0.9922069265978078,0,0
41,174720,0.0,0.0,0.9923498862294302,0,0
42,178880,0.0,0.0,0.992174240363445,0,0
43,183040,0.0,0.0,0.9918109678295097,0,0
44,187200,0.0,0.0,0.9926893257804144,0,0
45,191360,0.0,0.0,0.9602410295974764,0,0
46,195520,0.0,0.0,0.9346307179406441,0,0
47,199680,0.0,0.0,0.991943296303656,0,0
48,203840,0.0,0.0,0.9896426608072839,0,0
49,208000,0.0,0.0,0.9923498862294302,0,0
