t,bytes_sent,utility,pheromone,f1_val,agg_count,rollback
0,1040,0.0,0.0,0.15234678044996122,0,0
1,2080,0.0,0.0,0.30380970798684975,0,0
2,3120,0.0,0.0,0.3866030137990619,0,0
3,4160,0.0,0.0,0.43618956247126783,0,0
4,5200,0.0,0.0,0.5214670106786021,0,0
5,6240,0.0,0.0,0.8630426101232562,0,0
6,7280,0.0,0.0,0.826862909321691,0,0
7,8320,0.0,0.0,0.8761097345526061,0,0
8,9360,0.0,0.0,0.8496422982864889,0,0
9,10400,0.0,0.0,0.8490825325075129,0,0
10,11440,0.0,0.0,0.8496422982864889,0,0
11,12480,0.0,0.0,0.8605347218535114,0,0
12,13520,0.0,0.0,0.8763872769637197,0,0
13,14560,0.0,0.0,0.7455743475759046,0,0
14,15600,0.0,0.0,0.5958613611633198,0,0
15,16640,0.0,0.0,0.593846878779772,0,0
16,17680,0.0,0.0,0.890518757693558,0,0
17,18720,0.0,0.0,0.648284254945869,0,0
18,19760,0.0,0.0,0.5822331364433813,0,0
19,20800,0.0,0.0,0.5868057693359985,0,0
20,21840,0.0,0.0,0.5804823280024155,0,0
21,22880,0.0,0.0,0.5745912373139952,0,0
22,23920,0.0,0.0,0.6193660790262862,0,0
23,24960,0.0,0.0,0.6332357025701413,0,0
24,26000,0.0,0.0,0.5930395348131619,0,0
25,27040,0.0,0.0,0.5920672241266393,0,0
26,28080,0.0,0.0,0.5928054216199482,0,0
27,29120,0.0,0.0,0.5934593734774786,0,0
28,30160,0.0,0.0,0.6103425027803397,0,0
29,31200,0.0,0.0,0.6119058982180672,0,0
30,32240,0.0,0.0,0.6167042647499696,0,0
31,33280,0.0,0.0,0.623616605526363,0,0
32,34320,0.0,0.0,0.6216774218575738,0,0
33,35360,0.0,0.0,0.6192773770282965,0,0
34,36400,0.0,0.0,0.7102100202429149,0,0
35,37440,0.0,0.0,0.9527381976582725,0,0
36,38480,0.0,0.0,0.9494095883115963,0,0
37,39520,0.0,0.0,0.9471918505942275,0,0
38,40560,0.0,0.0,0.9477461896128708,0,0
39,41600,0.0,0.0,0.9233999823123595,0,0
40,42640,0.0,0.0,0.9391603571119589,0,0
41,43680,0.0,0.0,0.9435901079762283,0,0
42,44720,0.0,0.0,0.9444210624312682,0,0
43,45760,0.0,0.0,0.946360457724094,0,0
44,46800,0.0,0.0,0.9485778164203205,0,0
45,47840,0.0,0.0,0.950241508831511,0,0
46,48880,0.0,0.0,0.9519058099521419,0,0
47,49920,0.0,0.0,0.9535707482039742,0,0
48,50960,0.0,0.0,0.9552363520611173,0,0
49,52000,0.0,0.0,0.9560694125045635,0,0
