t,bytes_sent,utility,pheromone,f1_val,agg_count,rollback
0,1040,0.0,0.0,0.2650856389986825,0,0
1,2080,0.0,0.0,0.3049167634533488,0,0
2,3120,0.0,0.0,0.2580976204220384,0,0
3,4160,0.0,0.0,0.2509510445899595,0,0
4,5200,0.0,0.0,0.3641628959276018,0,0
5,6240,0.0,0.0,0.3641628959276018,0,0
6,7280,0.0,0.0,0.3641628959276018,0,0
7,8320,0.0,0.0,0.3641628959276018,0,0
8,9360,0.0,0.0,0.3641628959276018,0,0
9,10400,0.0,0.0,0.3641628959276018,0,0
10,11440,0.0,0.0,0.3641628959276018,0,0
11,12480,0.0,0.0,0.3641628959276018,0,0
12,13520,0.0,0.0,0.3641628959276018,0,0
13,14560,0.0,0.0,0.3641628959276018,0,0
14,15600,0.0,0.0,0.3641628959276018,0,0
15,16640,0.0,0.0,0.3641628959276018,0,0
16,17680,0.0,0.0,0.3641628959276018,0,0
17,18720,0.0,0.0,0.3641628959276018,0,0
18,19760,0.0,0.0,0.3641628959276018,0,0
19,20800,0.0,0.0,0.3641628959276018,0,0
20,21840,0.0,0.0,0.3641628959276018,0,0
21,22880,0.0,0.0,0.3641628959276018,0,0
22,23920,0.0,0.0,0.3641628959276018,0,0
23,24960,0.0,0.0,0.3641628959276018,0,0
24,26000,0.0,0.0,0.24281921313058172,0,0
25,27040,0.0,0.0,0.2429511561915112,0,0
26,28080,0.0,0.0,0.24312730348619419,0,0
27,29120,0.0,0.0,0.2432595816708983,0,0
28,30160,0.0,0.0,0.243347847121432,0,0
29,31200,0.0,0.0,0.24348036546257637,0,0
30,32240,0.0,0.0,0.2436130282116479,0,0
31,33280,0.0,0.0,0.24379013691990792,0,0
32,34320,0.0,0.0,0.2438787878787879,0,0
33,35360,0.0,0.0,0.2441006976038823,0,0
34,36400,0.0,0.0,0.24441205053449952,0,0
35,37440,0.0,0.0,0.24472419874718723,0,0
36,38480,0.0,0.0,0.24548560273304051,0,0
37,39520,0.0,0.0,0.24611620795107034,0,0
38,40560,0.0,0.0,0.24661396089967516,0,0
39,41600,0.0,0.0,0.2471592654013881,0,0
40,42640,0.0,0.0,0.24729596853490657,0,0
41,43680,0.0,0.0,0.24798175879706663,0,0
42,44720,0.0,0.0,0.248948280128681,0,0
43,45760,0.0,0.0,0.2495503875968992,0,0
44,46800,0.0,0.0,0.2499223650704925,0,0
45,47840,0.0,0.0,0.2500621426795923,0,0
46,48880,0.0,0.0,0.2501087699670583,0,0
47,49920,0.0,0.0,0.2501087699670583,0,0
48,50960,0.0,0.0,0.2502020767269788,0,0
49,52000,0.0,0.0,0.25038889925953584,0,0
