t,bytes_sent,utility,pheromone,f1_val,agg_count,rollback
0,4160,0.0,0.0,0.9976543488671686,0,0
1,8320,0.0,0.0,0.9974109942678281,0,0
2,12480,0.0,0.0,0.9973862616479148,0,0
3,16640,0.0,0.0,0.9973585766958354,0,0
4,20800,0.0,0.0,0.9982111419559175,0,0
5,24960,0.0,0.0,0.9961612027526012,0,0
6,29120,0.0,0.0,0.9972116069810506,0,0
7,33280,0.0,0.0,0.9957445751558393,0,0
8,37440,0.0,0.0,0.9950769515870903,0,0
9,41600,0.0,0.0,0.8961069231702272,0,0
10,45760,0.0,0.0,0.9689130048382835,0,0
11,49920,0.0,0.0,0.9969788439352044,0,0
12,54080,0.0,0.0,0.9632892665728678,0,0
13,58240,0.0,0.0,0.972336119496015,0,0
14,62400,0.0,0.0,0.9383151228952389,0,0
15,66560,0.0,0.0,0.9739731150733292,0,0
16,70720,0.0,0.0,0.9969687589007382,0,0
17,74880,0.0,0.0,0.9980403583402068,0,0
18,79040,0.0,0.0,0.994182843026397,0,0
19,83200,0.0,0.0,0.9732414151691631,0,0
20,87360,0.0,0.0,0.9965212918194031,0,0
21,91520,0.0,0.0,0.9929185608793851,0,0
22,95680,0.0,0.0,0.9982111419559175,0,0
23,99840,0.0,0.0,0.9953173708559041,0,0
24,104000,0.0,0.0,0.9926793303948395,0,0
25,108160,0.0,0.0,0.8766836232173383,0,0
26,112320,0.0,0.0,0.9820287858254959,0,0
27,116480,0.0,0.0,0.9980403583402068,0,0
28,120640,0.0,0.0,0.9534172746515843,0,0
29,124800,0.0,0.0,0.960393117228295,0,0
30,128960,0.0,0.0,0.989770095186261,0,0
31,133120,0.0,0.0,0.9988888590993144,0,0
32,137280,0.0,0.0,0.9972167361736899,0,0
33,141440,0.0,0.0,0.916640705153612,0,0
34,145600,0.0,0.0,0.989964530938215,0,0
35,149760,0.0,0.0,0.9860651815512075,0,0
36,153920,0.0,0.0,0.9865991291732077,0,0
37,158080,0.0,0.0,0.9807068076994445,0,0
38,162240,0.0,0.0,0.9788345898748576,0,0
39,166400,0.0,0.0,0.9691018763715364,0,0
40,170560,0.0,0.0,0.9723289508534266,0,0
41,174720,0.0,0.0,0.9656619071523507,0,0
42,178880,0.0,0.0,0.9707133682738753,0,0
43,183040,0.0,0.0,0.9597391539138556,0,0
44,187200,0.0,0.0,0.9534116362193884,0,0
45,191360,0.0,0.0,0.9495927567752949,0,0
46,195520,0.0,0.0,0.9520619442549507,0,0
47,199680,0.0,0.0,0.9431129022346334,0,0
48,203840,0.0,0.0,0.9395542894050251,0,0
49,208000,0.0,0.0,0.9382224969983692,0,0
