t,bytes_sent,utility,pheromone,f1_val,agg_count,rollback
0,4160,0.0,0.0,0.8279254771057284,0,0
1,8320,0.0,0.0,0.7012627888822722,0,0
2,12480,0.0,0.0,0.9218926671169869,0,0
3,16640,0.0,0.0,0.9682616989930181,0,0
4,20800,0.0,0.0,0.983271404408759,0,0
5,24960,0.0,0.0,0.9627849853920603,0,0
6,29120,0.0,0.0,0.9696155723403876,0,0
7,33280,0.0,0.0,0.967809070316488,0,0
8,37440,0.0,0.0,0.9677990932698507,0,0
9,41600,0.0,0.0,0.964160569324291,0,0
10,45760,0.0,0.0,0.9548659902819004,0,0
11,49920,0.0,0.0,0.9529713836814611,0,0
12,54080,0.0,0.0,0.9586188599494718,0,0
13,58240,0.0,0.0,0.9581523570108323,0,0
14,62400,0.0,0.0,0.9590846285793972,0,0
15,66560,0.0,0.0,0.9590846285793972,0,0
16,70720,0.0,0.0,0.9581523570108323,0,0
17,74880,0.0,0.0,0.9604775621421981,0,0
18,79040,0.0,0.0,0.9558087089970259,0,0
19,83200,0.0,0.0,0.9534461902646267,0,0
20,87360,0.0,0.0,0.9558087089970259,0,0
21,91520,0.0,0.0,0.9534461902646267,0,0
22,95680,0.0,0.0,0.9501061256173376,0,0
23,99840,0.0,0.0,0.9472121548451631,0,0
24,104000,0.0,0.0,0.9429697048691696,0,0
25,108160,0.0,0.0,0.938503678601178,0,0
26,112320,0.0,0.0,0.938503678601178,0,0
27,116480,0.0,0.0,0.9380030451125898,0,0
28,120640,0.0,0.0,0.9364957479454817,0,0
29,124800,0.0,0.0,0.9359915027406247,0,0
30,128960,0.0,0.0,0.9359915027406247,0,0
31,133120,0.0,0.0,0.9349802678407482,0,0
32,137280,0.0,0.0,0.9344732696498762,0,0
33,141440,0.0,0.0,0.9349802678407482,0,0
34,145600,0.0,0.0,0.9344732696498762,0,0
35,149760,0.0,0.0,0.9344732696498762,0,0
36,153920,0.0,0.0,0.9349802678407482,0,0
37,158080,0.0,0.0,0.9359915027406247,0,0
38,162240,0.0,0.0,0.9359915027406247,0,0
39,166400,0.0,0.0,0.9354863441181553,0,0
40,170560,0.0,0.0,0.9354863441181553,0,0
41,174720,0.0,0.0,0.9359915027406247,0,0
42,178880,0.0,0.0,0.9354863441181553,0,0
43,183040,0.0,0.0,0.9359915027406247,0,0
44,187200,0.0,0.0,0.9364957479454817,0,0
45,191360,0.0,0.0,0.9359915027406247,0,0
46,195520,0.0,0.0,0.9359915027406247,0,0
47,199680,0.0,0.0,0.9375015149465051,0,0
48,203840,0.0,0.0,0.9364957479454817,0,0
49,208000,0.0,0.0,0.9364957479454817,0,0
