t,bytes_sent,utility,pheromone,f1_val,agg_count,rollback
0,4160,0.0,0.0,0.9120980758088393,0,0
1,8320,0.0,0.0,0.9349376012286383,0,0
2,12480,0.0,0.0,0.7479917626030287,0,0
3,16640,0.0,0.0,0.94100591289131,0,0
4,20800,0.0,0.0,0.9367933701582843,0,0
5,24960,0.0,0.0,0.9399830955375164,0,0
6,29120,0.0,0.0,0.946382692245916,0,0
7,33280,0.0,0.0,0.6472699023599662,0,0
8,37440,0.0,0.0,0.7609836366864571,0,0
9,41600,0.0,0.0,0.9405761844902838,0,0
10,45760,0.0,0.0,0.8907634360800887,0,0
11,49920,0.0,0.0,0.949446552725058,0,0
12,54080,0.0,0.0,0.9362248030190476,0,0
13,58240,0.0,0.0,0.9406011565858143,0,0
14,62400,0.0,0.0,0.9415984015407837,0,0
15,66560,0.0,0.0,0.9426067883150206,0,0
16,70720,0.0,0.0,0.9494054461429275,0,0
17,74880,0.0,0.0,0.9530522599915745,0,0
18,79040,0.0,0.0,0.9556693748107294,0,0
19,83200,0.0,0.0,0.9538063186585012,0,0
20,87360,0.0,0.0,0.9558387188775644,0,0
21,91520,0.0,0.0,0.9481711792788643,0,0
22,95680,0.0,0.0,0.9509773641366955,0,0
23,99840,0.0,0.0,0.9439429947378781,0,0
24,104000,0.0,0.0,0.9450392530039526,0,0
25,108160,0.0,0.0,0.951724602869259,0,0
26,112320,0.0,0.0,0.9552045191476115,0,0
27,116480,0.0,0.0,0.9570958909103058,0,0
28,120640,0.0,0.0,0.9477927921544461,0,0
29,124800,0.0,0.0,0.9499060228534685,0,0
30,128960,0.0,0.0,0.955021838347753,0,0
31,133120,0.0,0.0,0.9489650352503545,0,0
32,137280,0.0,0.0,0.9574728827301078,0,0
33,141440,0.0,0.0,0.9493688626978246,0,0
34,145600,0.0,0.0,0.9581337583281153,0,0
35,149760,0.0,0.0,0.9491321661692365,0,0
36,153920,0.0,0.0,0.9561147571077955,0,0
37,158080,0.0,0.0,0.9552643562636295,0,0
38,162240,0.0,0.0,0.9514692155651103,0,0
39,166400,0.0,0.0,0.9536683298313224,0,0
40,170560,0.0,0.0,0.9550673039610104,0,0
41,174720,0.0,0.0,0.9507964308097501,0,0
42,178880,0.0,0.0,0.9468560952865002,0,0
43,183040,0.0,0.0,0.9515187588458411,0,0
44,187200,0.0,0.0,0.9534287324912363,0,0
45,191360,0.0,0.0,0.9537474114540208,0,0
46,195520,0.0,0.0,0.9563165868934126,0,0
47,199680,0.0,0.0,0.9106674555914602,0,0
48,203840,0.0,0.0,0.9297581853267443,0,0
49,208000,0.0,0.0,0.9461680287590049,0,0
