t,bytes_sent,utility,pheromone,f1_val,agg_count,rollback
0,4160,0.0,0.0,0.3332503939620138,0,0
1,8320,0.0,0.0,0.3330019880715706,0,0
2,12480,0.0,0.0,0.24950248756218907,0,0
3,16640,0.0,0.0,0.3330019880715706,0,0
4,20800,0.0,0.0,0.24894409937888198,0,0
5,24960,0.0,0.0,0.21469895007499465,0,0
6,29120,0.0,0.0,0.2485014985014985,0,0
7,33280,0.0,0.0,0.4794424325674326,0,0
8,37440,0.0,0.0,0.4818553492360711,0,0
9,41600,0.0,0.0,0.6655773316590636,0,0
10,45760,0.0,0.0,0.665161395565352,0,0
11,49920,0.0,0.0,0.6656603947486558,0,0
12,54080,0.0,0.0,0.6072596500006268,0,0
13,58240,0.0,0.0,0.6652446656398898,0,0
14,62400,0.0,0.0,0.6655773316590636,0,0
15,66560,0.0,0.0,0.6656603947486558,0,0
16,70720,0.0,0.0,0.49849508567674305,0,0
17,74880,0.0,0.0,0.4986830049476947,0,0
18,79040,0.0,0.0,0.4987455822367085,0,0
19,83200,0.0,0.0,0.4988076932269964,0,0
20,87360,0.0,0.0,0.49893275445229807,0,0
21,91520,0.0,0.0,0.4987451158216696,0,0
22,95680,0.0,0.0,0.4987451158216696,0,0
23,99840,0.0,0.0,0.6655164390783787,0,0
24,104000,0.0,0.0,0.4984939011396405,0,0
25,108160,0.0,0.0,0.664513946555946,0,0
26,112320,0.0,0.0,0.6657431691383339,0,0
27,116480,0.0,0.0,0.6657664152307446,0,0
28,120640,0.0,0.0,0.665182941898594,0,0
29,124800,0.0,0.0,0.665577001469956,0,0
30,128960,0.0,0.0,0.6647429282061997,0,0
31,133120,0.0,0.0,0.6650159435604391,0,0
32,137280,0.0,0.0,0.6650159435604391,0,0
33,141440,0.0,0.0,0.6644928663451836,0,0
34,145600,0.0,0.0,0.6648264897451823,0,0
35,149760,0.0,0.0,0.6650159435604391,0,0
36,153920,0.0,0.0,0.6656829384177629,0,0
37,158080,0.0,0.0,0.6650994635678418,0,0
38,162240,0.0,0.0,0.6660984617753206,0,0
39,166400,0.0,0.0,0.6659323765617545,0,0
40,170560,0.0,0.0,0.6659323765617545,0,0
41,174720,0.0,0.0,0.6653497736548654,0,0
42,178880,0.0,0.0,0.6648487783907777,0,0
43,183040,0.0,0.0,0.6652663785838832,0,0
44,187200,0.0,0.0,0.6660984617753206,0,0
45,191360,0.0,0.0,0.6658492719211518,0,0
46,195520,0.0,0.0,0.6657661258834677,0,0
47,199680,0.0,0.0,0.6658492719211518,0,0
48,203840,0.0,0.0,0.6659323765617545,0,0
49,208000,0.0,0.0,0.6660984617753206,0,0
