t,bytes_sent,utility,pheromone,f1_val,agg_count,rollback
0,4160,0.0,0.0,0.15741482965931863,0,0
1,8320,0.0,0.0,0.1549764542870339,0,0
2,12480,0.0,0.0,0.36986610068547804,0,0
3,16640,0.0,0.0,0.6124293552367686,0,0
4,20800,0.0,0.0,0.6598008626478126,0,0
5,24960,0.0,0.0,0.816372009688536,0,0
6,29120,0.0,0.0,0.8206322989981589,0,0
7,33280,0.0,0.0,0.8409516209309891,0,0
8,37440,0.0,0.0,0.838984766664254,0,0
9,41600,0.0,0.0,0.8180773449878985,0,0
10,45760,0.0,0.0,0.5566595508261822,0,0
11,49920,0.0,0.0,0.5851179676126722,0,0
12,54080,0.0,0.0,0.5830209321170897,0,0
13,58240,0.0,0.0,0.5843989364156515,0,0
14,62400,0.0,0.0,0.23163871517952075,0,0
15,66560,0.0,0.0,0.5892741033161342,0,0
16,70720,0.0,0.0,0.5966844991444534,0,0
17,74880,0.0,0.0,0.5912628376395731,0,0
18,79040,0.0,0.0,0.5906526396033943,0,0
19,83200,0.0,0.0,0.5961149993363496,0,0
20,87360,0.0,0.0,0.5926031442004033,0,0
21,91520,0.0,0.0,0.5922333175319899,0,0
22,95680,0.0,0.0,0.5935614960791803,0,0
23,99840,0.0,0.0,0.5958613611633198,0,0
24,104000,0.0,0.0,0.8907955077958716,0,0
25,108160,0.0,0.0,0.5952231513434797,0,0
26,112320,0.0,0.0,0.5947697814457543,0,0
27,116480,0.0,0.0,0.8941156771559513,0,0
28,120640,0.0,0.0,0.8988169364881693,0,0
29,124800,0.0,0.0,0.9032363008461262,0,0
30,128960,0.0,0.0,0.6010139443456183,0,0
31,133120,0.0,0.0,0.6319464891340095,0,0
32,137280,0.0,0.0,0.891902398147304,0,0
33,141440,0.0,0.0,0.8943922924901186,0,0
34,145600,0.0,0.0,0.8860908605974396,0,0
35,149760,0.0,0.0,0.8860908605974396,0,0
36,153920,0.0,0.0,0.8860908605974396,0,0
37,158080,0.0,0.0,0.8858121786296982,0,0
38,162240,0.0,0.0,0.8860891375651168,0,0
39,166400,0.0,0.0,0.8869199350383892,0,0
40,170560,0.0,0.0,0.8869199350383892,0,0
41,174720,0.0,0.0,0.8869199350383892,0,0
42,178880,0.0,0.0,0.8869199350383892,0,0
43,183040,0.0,0.0,0.8877506161984876,0,0
44,187200,0.0,0.0,0.8877506161984876,0,0
45,191360,0.0,0.0,0.8877506161984876,0,0
46,195520,0.0,0.0,0.8880274846680314,0,0
47,199680,0.0,0.0,0.8880274846680314,0,0
48,203840,0.0,0.0,0.8883043407254785,0,0
49,208000,0.0,0.0,0.8883043407254785,0,0
