t,bytes_sent,utility,pheromone,f1_val,agg_count,rollback
0,1040,0.0,0.0,0.3328550932568149,0,0
1,2080,0.0,0.0,0.3325377883850437,0,0
2,3120,0.0,0.0,0.31517069862084557,0,0
3,4160,0.0,0.0,0.30718378140149843,0,0
4,5200,0.0,0.0,0.29914163090128754,0,0
5,6240,0.0,0.0,0.29646958740961293,0,0
6,7280,0.0,0.0,0.2946686386365237,0,0
7,8320,0.0,0.0,0.2934904601571268,0,0
8,9360,0.0,0.0,0.29250559284116334,0,0
9,10400,0.0,0.0,0.29219917592010614,0,0
10,11440,0.0,0.0,0.2904345411634041,0,0
11,12480,0.0,0.0,0.28977075974790495,0,0
12,13520,0.0,0.0,0.2859681498188777,0,0
13,14560,0.0,0.0,0.2787660736891199,0,0
14,15600,0.0,0.0,0.2755169234821546,0,0
15,16640,0.0,0.0,0.27282211789254046,0,0
16,17680,0.0,0.0,0.2714415466459063,0,0
17,18720,0.0,0.0,0.2708090614886732,0,0
18,19760,0.0,0.0,0.270127187035961,0,0
19,20800,0.0,0.0,0.26991806980194827,0,0
20,21840,0.0,0.0,0.2688773215089005,0,0
21,22880,0.0,0.0,0.26753628748641217,0,0
22,23920,0.0,0.0,0.26625938653430065,0,0
23,24960,0.0,0.0,0.26590403558945025,0,0
24,26000,0.0,0.0,0.265499079890856,0,0
25,27040,0.0,0.0,0.26514575411913816,0,0
26,28080,0.0,0.0,0.2653980336187758,0,0
27,29120,0.0,0.0,0.26494427558257344,0,0
28,30160,0.0,0.0,0.2642915798117617,0,0
29,31200,0.0,0.0,0.26394145849104217,0,0
30,32240,0.0,0.0,0.2633434038267875,0,0
31,33280,0.0,0.0,0.2629957885473631,0,0
32,34320,0.0,0.0,0.26210612040343295,0,0
33,35360,0.0,0.0,0.26112463333957436,0,0
34,36400,0.0,0.0,0.2602475586241214,0,0
35,37440,0.0,0.0,0.25865479723046486,0,0
36,38480,0.0,0.0,0.2575086164451009,0,0
37,39520,0.0,0.0,0.2567501227295042,0,0
38,40560,0.0,0.0,0.25604308181873814,0,0
39,41600,0.0,0.0,0.2551063959514664,0,0
40,42640,0.0,0.0,0.25422287033661445,0,0
41,43680,0.0,0.0,0.2528860682985796,0,0
42,44720,0.0,0.0,0.2518812834868461,0,0
43,45760,0.0,0.0,0.2505689304108277,0,0
44,46800,0.0,0.0,0.249003154198655,0,0
45,47840,0.0,0.0,0.24732517585860378,0,0
46,48880,0.0,0.0,0.2446783625730994,0,0
47,49920,0.0,0.0,0.2428463636891288,0,0
48,50960,0.0,0.0,0.24217167332291487,0,0
49,52000,0.0,0.0,0.24196160074022668,0,0
