subject,mean_ASILO,mean_FedAvg,mean_DFedSAM,mean_DeceFL,max_ASILO,max_FedAvg,max_DFedSAM,max_DeceFL
S10,1.0,0.9799727148703957,0.9198908594815824,1.0,1.0,1.0,1.0,1.0
S11,0.20273439275333194,0.32880548359506206,0.22445685123692216,0.30757251357660076,0.2115565593826463,0.3306854957340394,0.3026386645126548,0.3304347826086957
S13,1.0,1.0,1.0,1.0,1.0,1.0,1.0,1.0
S14,0.33311330677550155,0.3325766695998504,0.3323321699463994,0.2926602155304544,0.3333333333333333,0.3330278032386189,0.3327228327228327,0.3302752293577982
S15,1.0,1.0,1.0,1.0,1.0,1.0,1.0,1.0
S16,0.17209794712462365,0.19643100371913338,0.2065269083035247,0.22145779410536856,0.2344680851063829,0.2344680851063829,0.2344680851063829,0.2372881355932203
S17,0.4054714721631483,0.3649035641614903,0.41924956391174795,0.32768167684352145,0.4907801418439716,0.4864091559370529,0.4915014164305949,0.4339622641509434
Average,0.5876310169738008,0.600384205135133,0.5860651932685966,0.5927674571508493,0.6100197313809048,0.6263700771451564,0.6230472855389236,0.6188514873872367
