t,bytes_sent,utility,pheromone,f1_val,agg_count,rollback
0,1040,0.0,0.0,0.2042315512763505,0,0
1,2080,0.0,0.0,0.2013574926844015,0,0
2,3120,0.0,0.0,0.21327457909199812,0,0
3,4160,0.0,0.0,0.46687683188594403,0,0
4,5200,0.0,0.0,0.43442925648045466,0,0
5,6240,0.0,0.0,0.8115311114615044,0,0
6,7280,0.0,0.0,0.8160876265055503,0,0
7,8320,0.0,0.0,0.8200648435053126,0,0
8,9360,0.0,0.0,0.6907687799905767,0,0
9,10400,0.0,0.0,0.8186454261944689,0,0
10,11440,0.0,0.0,0.8163833794916087,0,0
11,12480,0.0,0.0,0.5751226574770383,0,0
12,13520,0.0,0.0,0.8518835406935459,0,0
13,14560,0.0,0.0,0.86582785670804,0,0
14,15600,0.0,0.0,0.8655495799813324,0,0
15,16640,0.0,0.0,0.8454456502401708,0,0
16,17680,0.0,0.0,0.8237501812732635,0,0
17,18720,0.0,0.0,0.8661069786104509,0,0
18,19760,0.0,0.0,0.4008466297622924,0,0
19,20800,0.0,0.0,0.5560268153369142,0,0
20,21840,0.0,0.0,0.7833728897048946,0,0
21,22880,0.0,0.0,0.8206425674973139,0,0
22,23920,0.0,0.0,0.8195182138987687,0,0
23,24960,0.0,0.0,0.7389593720208769,0,0
24,26000,0.0,0.0,0.7966676711217509,0,0
25,27040,0.0,0.0,0.8118413139330114,0,0
26,28080,0.0,0.0,0.8052742712818917,0,0
27,29120,0.0,0.0,0.8373100821166932,0,0
28,30160,0.0,0.0,0.7940585120036674,0,0
29,31200,0.0,0.0,0.8243350952666598,0,0
30,32240,0.0,0.0,0.7868332049089908,0,0
31,33280,0.0,0.0,0.8135502170718605,0,0
32,34320,0.0,0.0,0.7458740772990635,0,0
33,35360,0.0,0.0,0.9794700315191263,0,0
34,36400,0.0,0.0,0.9769517251071604,0,0
35,37440,0.0,0.0,0.9761128429299987,0,0
36,38480,0.0,0.0,0.9741595535220248,0,0
37,39520,0.0,0.0,0.9741595535220248,0,0
38,40560,0.0,0.0,0.9733216322948661,0,0
39,41600,0.0,0.0,0.9699724771092757,0,0
40,42640,0.0,0.0,0.8891348357039857,0,0
41,43680,0.0,0.0,0.9162213250746343,0,0
42,44720,0.0,0.0,0.9195364047111574,0,0
43,45760,0.0,0.0,0.8977080361271003,0,0
44,46800,0.0,0.0,0.8916256918124909,0,0
45,47840,0.0,0.0,0.8899652235768342,0,0
46,48880,0.0,0.0,0.8927299697766535,0,0
47,49920,0.0,0.0,0.6492662022073786,0,0
48,50960,0.0,0.0,0.6459302168476815,0,0
49,52000,0.0,0.0,0.6401597834690791,0,0
