t,bytes_sent,utility,pheromone,f1_val,agg_count,rollback
0,1040,0.0,0.0,0.373170974239193,0,0
1,2080,0.0,0.0,0.13984006561410703,0,0
2,3120,0.0,0.0,0.13984006561410703,0,0
3,4160,0.0,0.0,0.13984006561410703,0,0
4,5200,0.0,0.0,0.13984006561410703,0,0
5,6240,0.0,0.0,0.13984006561410703,0,0
6,7280,0.0,0.0,0.13984006561410703,0,0
7,8320,0.0,0.0,0.13984006561410703,0,0
8,9360,0.0,0.0,0.13984006561410703,0,0
9,10400,0.0,0.0,0.13984006561410703,0,0
10,11440,0.0,0.0,0.4165244682356134,0,0
11,12480,0.0,0.0,0.396483704974271,0,0
12,13520,0.0,0.0,0.39198607308901745,0,0
13,14560,0.0,0.0,0.4030601308942061,0,0
14,15600,0.0,0.0,0.5720751929943879,0,0
15,16640,0.0,0.0,0.6650197009360158,0,0
16,17680,0.0,0.0,0.7008362290767893,0,0
17,18720,0.0,0.0,0.7007562037352997,0,0
18,19760,0.0,0.0,0.7006809596653347,0,0
19,20800,0.0,0.0,0.7006809596653347,0,0
20,21840,0.0,0.0,0.7006809596653347,0,0
21,22880,0.0,0.0,0.7003512381127298,0,0
22,23920,0.0,0.0,0.7006809596653347,0,0
23,24960,0.0,0.0,0.7006809596653347,0,0
24,26000,0.0,0.0,0.7003512381127298,0,0
25,27040,0.0,0.0,0.7006809596653347,0,0
26,28080,0.0,0.0,0.7006060025002057,0,0
27,29120,0.0,0.0,0.7006809596653347,0,0
28,30160,0.0,0.0,0.7006060025002057,0,0
29,31200,0.0,0.0,0.7006060025002057,0,0
30,32240,0.0,0.0,0.7006060025002057,0,0
31,33280,0.0,0.0,0.7004261945879899,0,0
32,34320,0.0,0.0,0.7006809596653347,0,0
33,35360,0.0,0.0,0.7006809596653347,0,0
34,36400,0.0,0.0,0.7006809596653347,0,0
35,37440,0.0,0.0,0.7006809596653347,0,0
36,38480,0.0,0.0,0.8656149865342326,0,0
37,39520,0.0,0.0,0.9307578479511782,0,0
38,40560,0.0,0.0,0.9872687231472141,0,0
39,41600,0.0,0.0,0.9510880668422745,0,0
40,42640,0.0,0.0,0.9978100342676263,0,0
41,43680,0.0,0.0,0.9973982357793907,0,0
42,44720,0.0,0.0,0.9605709740356257,0,0
43,45760,0.0,0.0,0.9973982357793907,0,0
44,46800,0.0,0.0,0.9730587947070551,0,0
45,47840,0.0,0.0,0.9622871890880055,0,0
46,48880,0.0,0.0,0.9607804860280988,0,0
47,49920,0.0,0.0,0.9973956967430226,0,0
48,50960,0.0,0.0,0.9464270027576929,0,0
49,52000,0.0,0.0,0.9607804860280988,0,0
