t,bytes_sent,utility,pheromone,f1_val,agg_count,rollback
0,1040,0.0,0.0,0.19266147796981348,0,0
1,2080,0.0,0.0,0.12845799957238824,0,0
2,3120,0.0,0.0,0.21192231785699558,0,0
3,4160,0.0,0.0,0.40169216617290965,0,0
4,5200,0.0,0.0,0.14022662889518414,0,0
5,6240,0.0,0.0,0.14022662889518414,0,0
6,7280,0.0,0.0,0.14022662889518414,0,0
7,8320,0.0,0.0,0.14022662889518414,0,0
8,9360,0.0,0.0,0.14022662889518414,0,0
9,10400,0.0,0.0,0.14022662889518414,0,0
10,11440,0.0,0.0,0.5167245814775506,0,0
11,12480,0.0,0.0,0.6862938140296941,0,0
12,13520,0.0,0.0,0.6732318289166762,0,0
13,14560,0.0,0.0,0.67095994984733,0,0
14,15600,0.0,0.0,0.6755307956760628,0,0
15,16640,0.0,0.0,0.6675487554396509,0,0
16,17680,0.0,0.0,0.6670721399024598,0,0
17,18720,0.0,0.0,0.6669828970758334,0,0
18,19760,0.0,0.0,0.666858754270077,0,0
19,20800,0.0,0.0,0.6663399476863681,0,0
20,21840,0.0,0.0,0.6670578196143713,0,0
21,22880,0.0,0.0,0.6703083943827128,0,0
22,23920,0.0,0.0,0.6667742645423862,0,0
23,24960,0.0,0.0,0.6700070244583013,0,0
24,26000,0.0,0.0,0.9557281271493221,0,0
25,27040,0.0,0.0,0.9536962775618707,0,0
26,28080,0.0,0.0,0.955309634924767,0,0
27,29120,0.0,0.0,0.9562542092225119,0,0
28,30160,0.0,0.0,0.9514088685242242,0,0
29,31200,0.0,0.0,0.9522022414032617,0,0
30,32240,0.0,0.0,0.9534097679764777,0,0
31,33280,0.0,0.0,0.9550767988993102,0,0
32,34320,0.0,0.0,0.9456815993075123,0,0
33,35360,0.0,0.0,0.939638988999917,0,0
34,36400,0.0,0.0,0.9415349935090539,0,0
35,37440,0.0,0.0,0.9423175280560221,0,0
36,38480,0.0,0.0,0.9404956520434492,0,0
37,39520,0.0,0.0,0.9489175159900104,0,0
38,40560,0.0,0.0,0.9531775177727381,0,0
39,41600,0.0,0.0,0.9486293499051258,0,0
40,42640,0.0,0.0,0.9415770196948811,0,0
41,43680,0.0,0.0,0.9408710699411205,0,0
42,44720,0.0,0.0,0.9393138580286686,0,0
43,45760,0.0,0.0,0.9430655554000471,0,0
44,46800,0.0,0.0,0.9505124574858239,0,0
45,47840,0.0,0.0,0.9455308715696207,0,0
46,48880,0.0,0.0,0.9392796017009556,0,0
47,49920,0.0,0.0,0.9405756622420376,0,0
48,50960,0.0,0.0,0.9417407706960491,0,0
49,52000,0.0,0.0,0.9488261912300722,0,0
