t,bytes_sent,utility,pheromone,f1_val,agg_count,rollback
0,1040,0.0,0.0,0.14063745019920318,0,0
1,2080,0.0,0.0,0.14063745019920318,0,0
2,3120,0.0,0.0,0.14063745019920318,0,0
3,4160,0.0,0.0,0.14063745019920318,0,0
4,5200,0.0,0.0,0.14063745019920318,0,0
5,6240,0.0,0.0,0.14063745019920318,0,0
6,7280,0.0,0.0,0.14063745019920318,0,0
7,8320,0.0,0.0,0.14063745019920318,0,0
8,9360,0.0,0.0,0.14063745019920318,0,0
9,10400,0.0,0.0,0.4144820245979186,0,0
10,11440,0.0,0.0,0.41727255530994717,0,0
11,12480,0.0,0.0,0.3841793844163214,0,0
12,13520,0.0,0.0,0.3843760062322359,0,0
13,14560,0.0,0.0,0.38428620665811863,0,0
14,15600,0.0,0.0,0.3844651092205997,0,0
15,16640,0.0,0.0,0.38012286048590255,0,0
16,17680,0.0,0.0,0.40379693378690246,0,0
17,18720,0.0,0.0,0.5339617340274951,0,0
18,19760,0.0,0.0,0.5474432302084398,0,0
19,20800,0.0,0.0,0.5262116047157891,0,0
20,21840,0.0,0.0,0.6548169264558937,0,0
21,22880,0.0,0.0,0.8268437265908368,0,0
22,23920,0.0,0.0,0.8411119572066961,0,0
23,24960,0.0,0.0,0.8708321205556872,0,0
24,26000,0.0,0.0,0.8508656951760304,0,0
25,27040,0.0,0.0,0.9361561346726981,0,0
26,28080,0.0,0.0,0.8310448265558419,0,0
27,29120,0.0,0.0,0.8502978147554563,0,0
28,30160,0.0,0.0,0.9377704857902807,0,0
29,31200,0.0,0.0,0.9587478114494079,0,0
30,32240,0.0,0.0,0.9424382013480258,0,0
31,33280,0.0,0.0,0.9368023132258745,0,0
32,34320,0.0,0.0,0.9587317822247223,0,0
33,35360,0.0,0.0,0.9432230241720732,0,0
34,36400,0.0,0.0,0.9215312431476019,0,0
35,37440,0.0,0.0,0.8535567141881591,0,0
36,38480,0.0,0.0,0.9891166565662026,0,0
37,39520,0.0,0.0,0.9452947609722049,0,0
38,40560,0.0,0.0,0.9895591571897655,0,0
39,41600,0.0,0.0,0.9407173870444158,0,0
40,42640,0.0,0.0,0.9342518181634445,0,0
41,43680,0.0,0.0,0.9411083132102643,0,0
42,44720,0.0,0.0,0.8928023911214321,0,0
43,45760,0.0,0.0,0.8565876878102714,0,0
44,46800,0.0,0.0,0.9648466875621026,0,0
45,47840,0.0,0.0,0.8743018765869148,0,0
46,48880,0.0,0.0,0.98823107863829,0,0
47,49920,0.0,0.0,0.9904330264443972,0,0
48,50960,0.0,0.0,0.9899764845261607,0,0
49,52000,0.0,0.0,0.9873600478769364,0,0
