t,bytes_sent,utility,pheromone,f1_val,agg_count,rollback
0,1040,0.0,0.0,0.0,0,0
1,2080,0.0,0.0,0.0,0,0
2,3120,0.0,0.0,0.0,0,0
3,4160,0.0,0.0,0.0,0,0
4,5200,0.0,0.0,0.0,0,0
5,6240,0.0,0.0,0.0,0,0
6,7280,0.0,0.0,0.0,0,0
7,8320,0.0,0.0,0.0,0,0
8,9360,0.0,0.0,0.0,0,0
9,10400,0.0,0.0,0.0,0,0
10,11440,0.0,0.0,0.0,0,0
11,12480,0.0,0.0,0.0,0,0
12,13520,0.0,0.0,0.0,0,0
13,14560,0.0,0.0,0.0,0,0
14,15600,0.0,0.0,0.0,0,0
15,16640,0.0,0.0,0.0,0,0
16,17680,0.0,0.0,0.2562479714378449,0,0
17,18720,0.0,0.0,0.0003248862897985705,0,0
18,19760,0.0,0.0,0.0004848093083387201,0,0
19,20800,0.0,0.0,0.2128319180482545,0,0
20,21840,0.0,0.0,0.021429577639611046,0,0
21,22880,0.0,0.0,0.07635037906729039,0,0
22,23920,0.0,0.0,0.36862371091098206,0,0
23,24960,0.0,0.0,0.4030453541327293,0,0
24,26000,0.0,0.0,0.43019700190362137,0,0
25,27040,0.0,0.0,0.5055440093051072,0,0
26,28080,0.0,0.0,0.6606356111275601,0,0
27,29120,0.0,0.0,0.6644217178016131,0,0
28,30160,0.0,0.0,0.6653182276033807,0,0
29,31200,0.0,0.0,0.6644633969403333,0,0
30,32240,0.0,0.0,0.6649418419610661,0,0
31,33280,0.0,0.0,0.6649418419610661,0,0
32,34320,0.0,0.0,0.6651911526866084,0,0
33,35360,0.0,0.0,0.6648367547798922,0,0
34,36400,0.0,0.0,0.6651689209933521,0,0
35,37440,0.0,0.0,0.6639198858760688,0,0
36,38480,0.0,0.0,0.6640034450920304,0,0
37,39520,0.0,0.0,0.6652518595686002,0,0
38,40560,0.0,0.0,0.9988708350860451,0,0
39,41600,0.0,0.0,0.9988708350860451,0,0
40,42640,0.0,0.0,0.9988708350860451,0,0
41,43680,0.0,0.0,0.9988708350860451,0,0
42,44720,0.0,0.0,0.6658312796670844,0,0
43,45760,0.0,0.0,0.9988708350860451,0,0
44,46800,0.0,0.0,0.9988708350860451,0,0
45,47840,0.0,0.0,0.9988708350860451,0,0
46,48880,0.0,0.0,0.9988708350860451,0,0
47,49920,0.0,0.0,0.9988708350860451,0,0
48,50960,0.0,0.0,0.9988708350860451,0,0
49,52000,0.0,0.0,0.9988708350860451,0,0
