t,bytes_sent,utility,pheromone,f1_val,agg_count,rollback
0,1040,0.0,0.0,0.11814411029800978,0,0
1,2080,0.0,0.0,0.14035785288270378,0,0
2,3120,0.0,0.0,0.14035785288270378,0,0
3,4160,0.0,0.0,0.14035785288270378,0,0
4,5200,0.0,0.0,0.14035785288270378,0,0
5,6240,0.0,0.0,0.14035785288270378,0,0
6,7280,0.0,0.0,0.14035785288270378,0,0
7,8320,0.0,0.0,0.14035785288270378,0,0
8,9360,0.0,0.0,0.14035785288270378,0,0
9,10400,0.0,0.0,0.14035785288270378,0,0
10,11440,0.0,0.0,0.39656053564365834,0,0
11,12480,0.0,0.0,0.39656053564365834,0,0
12,13520,0.0,0.0,0.39656053564365834,0,0
13,14560,0.0,0.0,0.39656053564365834,0,0
14,15600,0.0,0.0,0.39659360338126215,0,0
15,16640,0.0,0.0,0.6243773432992419,0,0
16,17680,0.0,0.0,0.6801081676613558,0,0
17,18720,0.0,0.0,0.9267294881127357,0,0
18,19760,0.0,0.0,0.996907324403405,0,0
19,20800,0.0,0.0,0.9828678575505488,0,0
20,21840,0.0,0.0,0.9976649253852314,0,0
21,22880,0.0,0.0,0.9976511180498535,0,0
22,23920,0.0,0.0,0.9909167489097961,0,0
23,24960,0.0,0.0,0.9431342646521796,0,0
24,26000,0.0,0.0,0.9549544018702595,0,0
25,27040,0.0,0.0,0.9554686778334531,0,0
26,28080,0.0,0.0,0.9886188459091937,0,0
27,29120,0.0,0.0,0.9403967043032362,0,0
28,30160,0.0,0.0,0.9695845011138104,0,0
29,31200,0.0,0.0,0.9383533965195194,0,0
30,32240,0.0,0.0,0.9530828805443972,0,0
31,33280,0.0,0.0,0.9980133756024814,0,0
32,34320,0.0,0.0,0.9792958619948045,0,0
33,35360,0.0,0.0,0.9975503344123414,0,0
34,36400,0.0,0.0,0.9936575828575416,0,0
35,37440,0.0,0.0,0.9944043525820826,0,0
36,38480,0.0,0.0,0.9383702220236954,0,0
37,39520,0.0,0.0,0.9971141976935189,0,0
38,40560,0.0,0.0,0.9977705276331279,0,0
39,41600,0.0,0.0,0.9847151653678929,0,0
40,42640,0.0,0.0,0.9722187263993937,0,0
41,43680,0.0,0.0,0.9900473918030487,0,0
42,44720,0.0,0.0,0.9973592763401687,0,0
43,45760,0.0,0.0,0.9969485114736489,0,0
44,46800,0.0,0.0,0.9658895854922448,0,0
45,47840,0.0,0.0,0.9416102426589854,0,0
46,48880,0.0,0.0,0.9973592763401687,0,0
47,49920,0.0,0.0,0.9977998904431125,0,0
48,50960,0.0,0.0,0.996705535710706,0,0
49,52000,0.0,0.0,0.9973365694278762,0,0
