t,bytes_sent,utility,pheromone,f1_val,agg_count,rollback
0,1040,0.0,0.0,0.1417771333885667,0,0
1,2080,0.0,0.0,0.1417771333885667,0,0
2,3120,0.0,0.0,0.1417771333885667,0,0
3,4160,0.0,0.0,0.1417771333885667,0,0
4,5200,0.0,0.0,0.1417771333885667,0,0
5,6240,0.0,0.0,0.1417771333885667,0,0
6,7280,0.0,0.0,0.1417771333885667,0,0
7,8320,0.0,0.0,0.1417771333885667,0,0
8,9360,0.0,0.0,0.1417771333885667,0,0
9,10400,0.0,0.0,0.1417771333885667,0,0
10,11440,0.0,0.0,0.4158821818019893,0,0
11,12480,0.0,0.0,0.41714901250782,0,0
12,13520,0.0,0.0,0.41698068739424143,0,0
13,14560,0.0,0.0,0.6383732207614095,0,0
14,15600,0.0,0.0,0.7143056238584355,0,0
15,16640,0.0,0.0,0.7142115100804223,0,0
16,17680,0.0,0.0,0.701213531195378,0,0
17,18720,0.0,0.0,0.7013938903161618,0,0
18,19760,0.0,0.0,0.7010472986067986,0,0
19,20800,0.0,0.0,0.7010509272518727,0,0
20,21840,0.0,0.0,0.6693211072458095,0,0
21,22880,0.0,0.0,0.7010529594768992,0,0
22,23920,0.0,0.0,0.7004121111663436,0,0
23,24960,0.0,0.0,0.7013066604552667,0,0
24,26000,0.0,0.0,0.6843087263519826,0,0
25,27040,0.0,0.0,0.700872521881148,0,0
26,28080,0.0,0.0,0.6320148567567418,0,0
27,29120,0.0,0.0,0.7036288554640102,0,0
28,30160,0.0,0.0,0.7033576914292378,0,0
29,31200,0.0,0.0,0.628766217610299,0,0
30,32240,0.0,0.0,0.7006371396128865,0,0
31,33280,0.0,0.0,0.5690743199275039,0,0
32,34320,0.0,0.0,0.6398631709882686,0,0
33,35360,0.0,0.0,0.6872074996780093,0,0
34,36400,0.0,0.0,0.7214467130520015,0,0
35,37440,0.0,0.0,0.7180981989143917,0,0
36,38480,0.0,0.0,0.6307388934403011,0,0
37,39520,0.0,0.0,0.7213793156133814,0,0
38,40560,0.0,0.0,0.5680479834989103,0,0
39,41600,0.0,0.0,0.7174293595032804,0,0
40,42640,0.0,0.0,0.6254559460401837,0,0
41,43680,0.0,0.0,0.7188399181111483,0,0
42,44720,0.0,0.0,0.655008103350335,0,0
43,45760,0.0,0.0,0.7213793156133814,0,0
44,46800,0.0,0.0,0.5714985544549025,0,0
45,47840,0.0,0.0,0.6416607983657521,0,0
46,48880,0.0,0.0,0.6659071139985504,0,0
47,49920,0.0,0.0,0.6990655280734187,0,0
48,50960,0.0,0.0,0.6296022684522894,0,0
49,52000,0.0,0.0,0.7033141311846801,0,0
