t,bytes_sent,utility,pheromone,f1_val,agg_count,rollback
0,1040,0.0,0.0,0.09754189944134078,0,0
1,2080,0.0,0.0,0.2520151883502775,0,0
2,3120,0.0,0.0,0.14094896331738438,0,0
3,4160,0.0,0.0,0.14094896331738438,0,0
4,5200,0.0,0.0,0.14094896331738438,0,0
5,6240,0.0,0.0,0.14094896331738438,0,0
6,7280,0.0,0.0,0.14094896331738438,0,0
7,8320,0.0,0.0,0.14094896331738438,0,0
8,9360,0.0,0.0,0.14094896331738438,0,0
9,10400,0.0,0.0,0.14094896331738438,0,0
10,11440,0.0,0.0,0.14094896331738438,0,0
11,12480,0.0,0.0,0.14094896331738438,0,0
12,13520,0.0,0.0,0.38325842540765864,0,0
13,14560,0.0,0.0,0.35750889230664384,0,0
14,15600,0.0,0.0,0.33581820356161723,0,0
15,16640,0.0,0.0,0.3063720385190351,0,0
16,17680,0.0,0.0,0.3334057971014493,0,0
17,18720,0.0,0.0,0.33857468941313396,0,0
18,19760,0.0,0.0,0.3437449490915725,0,0
19,20800,0.0,0.0,0.34116742805648026,0,0
20,21840,0.0,0.0,0.33736751528099224,0,0
21,22880,0.0,0.0,0.3355294667680239,0,0
22,23920,0.0,0.0,0.33365335354011927,0,0
23,24960,0.0,0.0,0.33690485688735394,0,0
24,26000,0.0,0.0,0.35167512762161407,0,0
25,27040,0.0,0.0,0.3715701864194607,0,0
26,28080,0.0,0.0,0.3740602852525102,0,0
27,29120,0.0,0.0,0.3728386247517904,0,0
28,30160,0.0,0.0,0.3604506131799368,0,0
29,31200,0.0,0.0,0.4030047689054946,0,0
30,32240,0.0,0.0,0.4758723000640923,0,0
31,33280,0.0,0.0,0.33866128997707945,0,0
32,34320,0.0,0.0,0.3374011547865329,0,0
33,35360,0.0,0.0,0.33552281419142715,0,0
34,36400,0.0,0.0,0.3349798378444875,0,0
35,37440,0.0,0.0,0.3557871456555598,0,0
36,38480,0.0,0.0,0.49271923179574684,0,0
37,39520,0.0,0.0,0.34020342395834063,0,0
38,40560,0.0,0.0,0.3564077133447271,0,0
39,41600,0.0,0.0,0.4033935297380876,0,0
40,42640,0.0,0.0,0.3498651040386735,0,0
41,43680,0.0,0.0,0.3881741629109163,0,0
42,44720,0.0,0.0,0.39420081536875606,0,0
43,45760,0.0,0.0,0.432441765759606,0,0
44,46800,0.0,0.0,0.4000330261811494,0,0
45,47840,0.0,0.0,0.4424301856867404,0,0
46,48880,0.0,0.0,0.3979782929812311,0,0
47,49920,0.0,0.0,0.43513286015238173,0,0
48,50960,0.0,0.0,0.42732327494202327,0,0
49,52000,0.0,0.0,0.43919085226978827,0,0
