t,bytes_sent,utility,pheromone,f1_val,agg_count,rollback
0,4160,0.0,0.0,0.249813386414531,0,0
1,8320,0.0,0.0,0.33316757831924415,0,0
2,12480,0.0,0.0,0.33308476261496395,0,0
3,16640,0.0,0.0,0.33308476261496395,0,0
4,20800,0.0,0.0,0.2495022399203584,0,0
5,24960,0.0,0.0,0.24868979286249066,0,0
6,29120,0.0,0.0,0.24875249500998003,0,0
7,33280,0.0,0.0,0.24749121926743603,0,0
8,37440,0.0,0.0,0.24887724550898205,0,0
9,41600,0.0,0.0,0.24931540950958428,0,0
10,45760,0.0,0.0,0.24950248756218907,0,0
11,49920,0.0,0.0,0.24962705121829937,0,0
12,54080,0.0,0.0,0.3330019880715706,0,0
13,58240,0.0,0.0,0.3330019880715706,0,0
14,62400,0.0,0.0,0.24962705121829937,0,0
15,66560,0.0,0.0,0.3330019880715706,0,0
16,70720,0.0,0.0,0.3330019880715706,0,0
17,74880,0.0,0.0,0.24937779990044798,0,0
18,79040,0.0,0.0,0.30032555991424204,0,0
19,83200,0.0,0.0,0.3824764288291389,0,0
20,87360,0.0,0.0,0.24894041386187982,0,0
21,91520,0.0,0.0,0.2488778054862843,0,0
22,95680,0.0,0.0,0.3721510305215361,0,0
23,99840,0.0,0.0,0.42351401500838864,0,0
24,104000,0.0,0.0,0.24862637362637363,0,0
25,108160,0.0,0.0,0.46463233755523553,0,0
26,112320,0.0,0.0,0.6657434165338773,0,0
27,116480,0.0,0.0,0.35976373724718097,0,0
28,120640,0.0,0.0,0.6628094320992012,0,0
29,124800,0.0,0.0,0.4969153025345471,0,0
30,128960,0.0,0.0,0.4978017536670786,0,0
31,133120,0.0,0.0,0.498053884555482,0,0
32,137280,0.0,0.0,0.4979278822386935,0,0
33,141440,0.0,0.0,0.2474252700326551,0,0
34,145600,0.0,0.0,0.4054491289658203,0,0
35,149760,0.0,0.0,0.49799089916708983,0,0
36,153920,0.0,0.0,0.3877963350910636,0,0
37,158080,0.0,0.0,0.49830551118210864,0,0
38,162240,0.0,0.0,0.49817976080692106,0,0
39,166400,0.0,0.0,0.6651597802707486,0,0
40,170560,0.0,0.0,0.6633988226660813,0,0
41,174720,0.0,0.0,0.6631457422202268,0,0
42,178880,0.0,0.0,0.6624689943747367,0,0
43,183040,0.0,0.0,0.6642396810758947,0,0
44,187200,0.0,0.0,0.6639878655561198,0,0
45,191360,0.0,0.0,0.23213992305777753,0,0
46,195520,0.0,0.0,0.22056602965831346,0,0
47,199680,0.0,0.0,0.37625943543940477,0,0
48,203840,0.0,0.0,0.24891422647578088,0,0
49,208000,0.0,0.0,0.48089023102557255,0,0
