t,bytes_sent,utility,pheromone,f1_val,agg_count,rollback
0,1040,0.0,0.0,0.12424570683668923,0,0
1,2080,0.0,0.0,0.17351569608919304,0,0
2,3120,0.0,0.0,0.14094896331738438,0,0
3,4160,0.0,0.0,0.14094896331738438,0,0
4,5200,0.0,0.0,0.14094896331738438,0,0
5,6240,0.0,0.0,0.14094896331738438,0,0
6,7280,0.0,0.0,0.14094896331738438,0,0
7,8320,0.0,0.0,0.14094896331738438,0,0
8,9360,0.0,0.0,0.14094896331738438,0,0
9,10400,0.0,0.0,0.24485158700711707,0,0
10,11440,0.0,0.0,0.39039135800616265,0,0
11,12480,0.0,0.0,0.48683389447047964,0,0
12,13520,0.0,0.0,0.36309049450260455,0,0
13,14560,0.0,0.0,0.3527069475339793,0,0
14,15600,0.0,0.0,0.3488925389477876,0,0
15,16640,0.0,0.0,0.340188148960934,0,0
16,17680,0.0,0.0,0.33771057093724777,0,0
17,18720,0.0,0.0,0.3375709455379785,0,0
18,19760,0.0,0.0,0.3337056559130087,0,0
19,20800,0.0,0.0,0.3332971329278888,0,0
20,21840,0.0,0.0,0.38634744352124806,0,0
21,22880,0.0,0.0,0.341108228572811,0,0
22,23920,0.0,0.0,0.37667387698767096,0,0
23,24960,0.0,0.0,0.3908858847862784,0,0
24,26000,0.0,0.0,0.3908858847862784,0,0
25,27040,0.0,0.0,0.37470113806035,0,0
26,28080,0.0,0.0,0.3564808935902705,0,0
27,29120,0.0,0.0,0.3545860276527186,0,0
28,30160,0.0,0.0,0.34947250126141005,0,0
29,31200,0.0,0.0,0.3675993500859884,0,0
30,32240,0.0,0.0,0.35412108176283097,0,0
31,33280,0.0,0.0,0.35399039781768177,0,0
32,34320,0.0,0.0,0.3589734940774968,0,0
33,35360,0.0,0.0,0.3501951967355762,0,0
34,36400,0.0,0.0,0.20271978448646205,0,0
35,37440,0.0,0.0,0.3590141422532954,0,0
36,38480,0.0,0.0,0.4031582602897207,0,0
37,39520,0.0,0.0,0.3688478884926548,0,0
38,40560,0.0,0.0,0.36187476778814653,0,0
39,41600,0.0,0.0,0.37205209317482235,0,0
40,42640,0.0,0.0,0.3689550734363042,0,0
41,43680,0.0,0.0,0.36739649767968274,0,0
42,44720,0.0,0.0,0.3979145581137255,0,0
43,45760,0.0,0.0,0.5896255635500027,0,0
44,46800,0.0,0.0,0.654161914953017,0,0
45,47840,0.0,0.0,0.6423988895731081,0,0
46,48880,0.0,0.0,0.67616904439132,0,0
47,49920,0.0,0.0,0.6213770642155251,0,0
48,50960,0.0,0.0,0.6346945798731902,0,0
49,52000,0.0,0.0,0.6657990734641044,0,0
