t,bytes_sent,utility,pheromone,f1_val,agg_count,rollback
0,1040,0.0,0.0,0.14142628205128205,0,0
1,2080,0.0,0.0,0.14142628205128205,0,0
2,3120,0.0,0.0,0.14142628205128205,0,0
3,4160,0.0,0.0,0.14142628205128205,0,0
4,5200,0.0,0.0,0.14142628205128205,0,0
5,6240,0.0,0.0,0.14142628205128205,0,0
6,7280,0.0,0.0,0.14142628205128205,0,0
7,8320,0.0,0.0,0.14142628205128205,0,0
8,9360,0.0,0.0,0.14142628205128205,0,0
9,10400,0.0,0.0,0.14142628205128205,0,0
10,11440,0.0,0.0,0.14142628205128205,0,0
11,12480,0.0,0.0,0.14142628205128205,0,0
12,13520,0.0,0.0,0.14142628205128205,0,0
13,14560,0.0,0.0,0.14672299902145675,0,0
14,15600,0.0,0.0,0.6199145346570964,0,0
15,16640,0.0,0.0,0.5498478773090603,0,0
16,17680,0.0,0.0,0.3795624113060202,0,0
17,18720,0.0,0.0,0.3902104262606136,0,0
18,19760,0.0,0.0,0.3748284992132865,0,0
19,20800,0.0,0.0,0.41152915088726716,0,0
20,21840,0.0,0.0,0.5902096685912036,0,0
21,22880,0.0,0.0,0.7012304176382789,0,0
22,23920,0.0,0.0,0.6994968952078255,0,0
23,24960,0.0,0.0,0.6982425939036058,0,0
24,26000,0.0,0.0,0.6989321045481681,0,0
25,27040,0.0,0.0,0.6954859634755013,0,0
26,28080,0.0,0.0,0.7055603386340145,0,0
27,29120,0.0,0.0,0.6989804902407568,0,0
28,30160,0.0,0.0,0.6795753386227119,0,0
29,31200,0.0,0.0,0.6989807548722324,0,0
30,32240,0.0,0.0,0.6994826202958138,0,0
31,33280,0.0,0.0,0.6480971943386784,0,0
32,34320,0.0,0.0,0.6735067424980307,0,0
33,35360,0.0,0.0,0.6816614908825688,0,0
34,36400,0.0,0.0,0.6990155882668765,0,0
35,37440,0.0,0.0,0.6994793494725756,0,0
36,38480,0.0,0.0,0.7123444187211553,0,0
37,39520,0.0,0.0,0.6733728005128411,0,0
38,40560,0.0,0.0,0.6994893415522445,0,0
39,41600,0.0,0.0,0.6989811500071705,0,0
40,42640,0.0,0.0,0.9206575540298872,0,0
41,43680,0.0,0.0,0.5968120115028361,0,0
42,44720,0.0,0.0,0.9214944516645442,0,0
43,45760,0.0,0.0,0.9591827557496838,0,0
44,46800,0.0,0.0,0.5208393874203422,0,0
45,47840,0.0,0.0,0.755765545706842,0,0
46,48880,0.0,0.0,0.9595998562689346,0,0
47,49920,0.0,0.0,0.8694625115054111,0,0
48,50960,0.0,0.0,0.8760596732559173,0,0
49,52000,0.0,0.0,0.9255408965336509,0,0
