t,bytes_sent,utility,pheromone,f1_val,agg_count,rollback
0,4160,0.0,0.0,0.07668308702791461,0,0
1,8320,0.0,0.0,0.0892742453436095,0,0
2,12480,0.0,0.0,0.08939175092280532,0,0
3,16640,0.0,0.0,0.1262558104663368,0,0
4,20800,0.0,0.0,0.12258454106280194,0,0
5,24960,0.0,0.0,0.1268343815513627,0,0
6,29120,0.0,0.0,0.1430646332607117,0,0
7,33280,0.0,0.0,0.1632823948084572,0,0
8,37440,0.0,0.0,0.1598876009834914,0,0
9,41600,0.0,0.0,0.16105971404541633,0,0
10,45760,0.0,0.0,0.16275495948588992,0,0
11,49920,0.0,0.0,0.16433396003063852,0,0
12,54080,0.0,0.0,0.16880607315389926,0,0
13,58240,0.0,0.0,0.16148459383753502,0,0
14,62400,0.0,0.0,0.16201469045120673,0,0
15,66560,0.0,0.0,0.17116560203310668,0,0
16,70720,0.0,0.0,0.17198107385311664,0,0
17,74880,0.0,0.0,0.17218452258550965,0,0
18,79040,0.0,0.0,0.17920129738495846,0,0
19,83200,0.0,0.0,0.1868848097898377,0,0
20,87360,0.0,0.0,0.18841156191991515,0,0
21,91520,0.0,0.0,0.19040073942034727,0,0
22,95680,0.0,0.0,0.19209262548516545,0,0
23,99840,0.0,0.0,0.1935864646862089,0,0
24,104000,0.0,0.0,0.1942370661427636,0,0
25,108160,0.0,0.0,0.19451534786308003,0,0
26,112320,0.0,0.0,0.19553291536050157,0,0
27,116480,0.0,0.0,0.19645417807326293,0,0
28,120640,0.0,0.0,0.1953482294525023,0,0
29,124800,0.0,0.0,0.19470068694798823,0,0
30,128960,0.0,0.0,0.19442262372348784,0,0
31,133120,0.0,0.0,0.19442262372348784,0,0
32,137280,0.0,0.0,0.1942370661427636,0,0
33,141440,0.0,0.0,0.1942370661427636,0,0
34,145600,0.0,0.0,0.1942370661427636,0,0
35,149760,0.0,0.0,0.19414423265867556,0,0
36,153920,0.0,0.0,0.19414423265867556,0,0
37,158080,0.0,0.0,0.19405136268343814,0,0
38,162240,0.0,0.0,0.19405136268343814,0,0
39,166400,0.0,0.0,0.19405136268343814,0,0
40,170560,0.0,0.0,0.1939584561955311,0,0
41,174720,0.0,0.0,0.19405136268343814,0,0
42,178880,0.0,0.0,0.1939584561955311,0,0
43,183040,0.0,0.0,0.19405136268343814,0,0
44,187200,0.0,0.0,0.1939584561955311,0,0
45,191360,0.0,0.0,0.1939584561955311,0,0
46,195520,0.0,0.0,0.1939584561955311,0,0
47,199680,0.0,0.0,0.1939584561955311,0,0
48,203840,0.0,0.0,0.1939584561955311,0,0
49,208000,0.0,0.0,0.1939584561955311,0,0
