t,bytes_sent,utility,pheromone,f1_val,agg_count,rollback
0,1040,0.0,0.0,0.9961541414107454,0,0
1,2080,0.0,0.0,0.9965470045135896,0,0
2,3120,0.0,0.0,0.996567470639547,0,0
3,4160,0.0,0.0,0.9965470045135896,0,0
4,5200,0.0,0.0,0.9965470045135896,0,0
5,6240,0.0,0.0,0.9961336749133093,0,0
6,7280,0.0,0.0,0.9965470045135896,0,0
7,8320,0.0,0.0,0.996305167468861,0,0
8,9360,0.0,0.0,0.9965509216617638,0,0
9,10400,0.0,0.0,0.9965509216617638,0,0
10,11440,0.0,0.0,0.9965509216617638,0,0
11,12480,0.0,0.0,0.9965509216617638,0,0
12,13520,0.0,0.0,0.9965509216617638,0,0
13,14560,0.0,0.0,0.9963090846170353,0,0
14,15600,0.0,0.0,0.9584884745886775,0,0
15,16640,0.0,0.0,0.9961336749133093,0,0
16,17680,0.0,0.0,0.9917590156957223,0,0
17,18720,0.0,0.0,0.9965509216617638,0,0
18,19760,0.0,0.0,0.9965509216617638,0,0
19,20800,0.0,0.0,0.9963090846170353,0,0
20,21840,0.0,0.0,0.9965509216617638,0,0
21,22880,0.0,0.0,0.9965509216617638,0,0
22,23920,0.0,0.0,0.9965509216617638,0,0
23,24960,0.0,0.0,0.9965509216617638,0,0
24,26000,0.0,0.0,0.9965509216617638,0,0
25,27040,0.0,0.0,0.9965509216617638,0,0
26,28080,0.0,0.0,0.9965509216617638,0,0
27,29120,0.0,0.0,0.9965509216617638,0,0
28,30160,0.0,0.0,0.9965509216617638,0,0
29,31200,0.0,0.0,0.9965509216617638,0,0
30,32240,0.0,0.0,0.9965478132675192,0,0
31,33280,0.0,0.0,0.9969878514242156,0,0
32,34320,0.0,0.0,0.9969878514242156,0,0
33,35360,0.0,0.0,0.9965712481121245,0,0
34,36400,0.0,0.0,0.9970545482651585,0,0
35,37440,0.0,0.0,0.9968134583038171,0,0
36,38480,0.0,0.0,0.9963181297288782,0,0
37,39520,0.0,0.0,0.8941845890331392,0,0
38,40560,0.0,0.0,0.997050770792581,0,0
39,41600,0.0,0.0,0.9406490570021226,0,0
40,42640,0.0,0.0,0.9972500774824075,0,0
41,43680,0.0,0.0,0.9915238752538771,0,0
42,44720,0.0,0.0,0.9818059298463295,0,0
43,45760,0.0,0.0,0.9974711515772496,0,0
44,46800,0.0,0.0,0.993628302680321,0,0
45,47840,0.0,0.0,0.9933891398677918,0,0
46,48880,0.0,0.0,0.9919566070603898,0,0
47,49920,0.0,0.0,0.9917182552556728,0,0
48,50960,0.0,0.0,0.9919566070603898,0,0
49,52000,0.0,0.0,0.9902905307303598,0,0
