t,bytes_sent,utility,pheromone,f1_val,agg_count,rollback
0,1040,0.0,0.0,0.6491330121938316,0,0
1,2080,0.0,0.0,0.4905846582736467,0,0
2,3120,0.0,0.0,0.6132361886394773,0,0
3,4160,0.0,0.0,0.5402781704011483,0,0
4,5200,0.0,0.0,0.4057120607386916,0,0
5,6240,0.0,0.0,0.7864678846986225,0,0
6,7280,0.0,0.0,0.5711152263844839,0,0
7,8320,0.0,0.0,0.6551271131872562,0,0
8,9360,0.0,0.0,0.7517686860194643,0,0
9,10400,0.0,0.0,0.7328812652997002,0,0
10,11440,0.0,0.0,0.38091962016228453,0,0
11,12480,0.0,0.0,0.7237972638460255,0,0
12,13520,0.0,0.0,0.7611542506292598,0,0
13,14560,0.0,0.0,0.7755845775758138,0,0
14,15600,0.0,0.0,0.8852692715791517,0,0
15,16640,0.0,0.0,0.9286322314489903,0,0
16,17680,0.0,0.0,0.8089411566370225,0,0
17,18720,0.0,0.0,0.8193289884651238,0,0
18,19760,0.0,0.0,0.7668362684685156,0,0
19,20800,0.0,0.0,0.7700665143215226,0,0
20,21840,0.0,0.0,0.8541054644585061,0,0
21,22880,0.0,0.0,0.7574634322682513,0,0
22,23920,0.0,0.0,0.7718705819814008,0,0
23,24960,0.0,0.0,0.7874307610207038,0,0
24,26000,0.0,0.0,0.7727865184254593,0,0
25,27040,0.0,0.0,0.7757760227976379,0,0
26,28080,0.0,0.0,0.776000683944828,0,0
27,29120,0.0,0.0,0.7732187296847776,0,0
28,30160,0.0,0.0,0.7732187296847776,0,0
29,31200,0.0,0.0,0.7773324516283912,0,0
30,32240,0.0,0.0,0.7720377734077439,0,0
31,33280,0.0,0.0,0.7736477067866059,0,0
32,34320,0.0,0.0,0.7784493106475073,0,0
33,35360,0.0,0.0,0.7745421761720719,0,0
34,36400,0.0,0.0,0.7761256042702959,0,0
35,37440,0.0,0.0,0.7763484228229833,0,0
36,38480,0.0,0.0,0.7758805025269425,0,0
37,39520,0.0,0.0,0.7770162129271789,0,0
38,40560,0.0,0.0,0.7806747268779265,0,0
39,41600,0.0,0.0,0.7765481615179366,0,0
40,42640,0.0,0.0,0.7737756203716065,0,0
41,43680,0.0,0.0,0.7767455892331924,0,0
42,44720,0.0,0.0,0.7767704934634676,0,0
43,45760,0.0,0.0,0.7769927153293822,0,0
44,46800,0.0,0.0,0.7772148273828224,0,0
45,47840,0.0,0.0,0.7772148273828224,0,0
46,48880,0.0,0.0,0.7783488222476543,0,0
47,49920,0.0,0.0,0.7783488222476543,0,0
48,50960,0.0,0.0,0.7767455892331924,0,0
49,52000,0.0,0.0,0.7743834119993643,0,0
