t,bytes_sent,utility,pheromone,f1_val,agg_count,rollback
0,1040,0.0,0.0,0.37152948988876167,0,0
1,2080,0.0,0.0,0.14142628205128205,0,0
2,3120,0.0,0.0,0.14142628205128205,0,0
3,4160,0.0,0.0,0.14142628205128205,0,0
4,5200,0.0,0.0,0.14142628205128205,0,0
5,6240,0.0,0.0,0.14142628205128205,0,0
6,7280,0.0,0.0,0.14142628205128205,0,0
7,8320,0.0,0.0,0.14142628205128205,0,0
8,9360,0.0,0.0,0.14142628205128205,0,0
9,10400,0.0,0.0,0.14142628205128205,0,0
10,11440,0.0,0.0,0.4164535851642239,0,0
11,12480,0.0,0.0,0.40338544723612263,0,0
12,13520,0.0,0.0,0.549637987050394,0,0
13,14560,0.0,0.0,0.6139274735381283,0,0
14,15600,0.0,0.0,0.7107677218160093,0,0
15,16640,0.0,0.0,0.7030371985155456,0,0
16,17680,0.0,0.0,0.7101942583316938,0,0
17,18720,0.0,0.0,0.7045422486462858,0,0
18,19760,0.0,0.0,0.6918238025756281,0,0
19,20800,0.0,0.0,0.7099929224303602,0,0
20,21840,0.0,0.0,0.6985056250694682,0,0
21,22880,0.0,0.0,0.6474742368761177,0,0
22,23920,0.0,0.0,0.7025671584234483,0,0
23,24960,0.0,0.0,0.6982738056903466,0,0
24,26000,0.0,0.0,0.6427615981473161,0,0
25,27040,0.0,0.0,0.6655237062383439,0,0
26,28080,0.0,0.0,0.705811587149116,0,0
27,29120,0.0,0.0,0.9602738249464244,0,0
28,30160,0.0,0.0,0.6403751478648245,0,0
29,31200,0.0,0.0,0.9023903947702197,0,0
30,32240,0.0,0.0,0.9498862674400426,0,0
31,33280,0.0,0.0,0.6184163910676975,0,0
32,34320,0.0,0.0,0.9400671655302398,0,0
33,35360,0.0,0.0,0.7482027657302296,0,0
34,36400,0.0,0.0,0.6492612578271251,0,0
35,37440,0.0,0.0,0.9541236873085497,0,0
36,38480,0.0,0.0,0.8147472611149017,0,0
37,39520,0.0,0.0,0.7955216039753189,0,0
38,40560,0.0,0.0,0.9403127400143612,0,0
39,41600,0.0,0.0,0.5641215050299172,0,0
40,42640,0.0,0.0,0.7811242104536225,0,0
41,43680,0.0,0.0,0.954187966705208,0,0
42,44720,0.0,0.0,0.7941904207267723,0,0
43,45760,0.0,0.0,0.9576153611190198,0,0
44,46800,0.0,0.0,0.5903747921693561,0,0
45,47840,0.0,0.0,0.9322326903919931,0,0
46,48880,0.0,0.0,0.8200580528892419,0,0
47,49920,0.0,0.0,0.8240976601592757,0,0
48,50960,0.0,0.0,0.8196068659948536,0,0
49,52000,0.0,0.0,0.7309546071946211,0,0
