t,bytes_sent,utility,pheromone,f1_val,agg_count,rollback
0,4160,0.0,0.0,0.20293224827229864,0,0
1,8320,0.0,0.0,0.20708809210727452,0,0
2,12480,0.0,0.0,0.3458088561687009,0,0
3,16640,0.0,0.0,0.5216031186682059,0,0
4,20800,0.0,0.0,0.5159452731467941,0,0
5,24960,0.0,0.0,0.7410685229540496,0,0
6,29120,0.0,0.0,0.7842020439851218,0,0
7,33280,0.0,0.0,0.6190298708094163,0,0
8,37440,0.0,0.0,0.8761092374545171,0,0
9,41600,0.0,0.0,0.8724999901620363,0,0
10,45760,0.0,0.0,0.8702769670088215,0,0
11,49920,0.0,0.0,0.875276998259017,0,0
12,54080,0.0,0.0,0.8708328449698614,0,0
13,58240,0.0,0.0,0.859419452347084,0,0
14,62400,0.0,0.0,0.8627640541831961,0,0
15,66560,0.0,0.0,0.8569110459810256,0,0
16,70720,0.0,0.0,0.8747214392312174,0,0
17,74880,0.0,0.0,0.8158031970638739,0,0
18,79040,0.0,0.0,0.8783287894393588,0,0
19,83200,0.0,0.0,0.5194699286442406,0,0
20,87360,0.0,0.0,0.783039961628401,0,0
21,91520,0.0,0.0,0.9683028835571208,0,0
22,95680,0.0,0.0,0.9350055180997002,0,0
23,99840,0.0,0.0,0.9214614969475816,0,0
24,104000,0.0,0.0,0.8990872367980384,0,0
25,108160,0.0,0.0,0.9192514454300649,0,0
26,112320,0.0,0.0,0.9062685350842853,0,0
27,116480,0.0,0.0,0.9145555462008876,0,0
28,120640,0.0,0.0,0.8990872367980384,0,0
29,124800,0.0,0.0,0.8941130614040025,0,0
30,128960,0.0,0.0,0.8938364624505929,0,0
31,133120,0.0,0.0,0.8555126999088309,0,0
32,137280,0.0,0.0,0.5965692629672924,0,0
33,141440,0.0,0.0,0.6009152801739748,0,0
34,145600,0.0,0.0,0.6045092843741586,0,0
35,149760,0.0,0.0,0.5989696332718791,0,0
36,153920,0.0,0.0,0.40344989184261887,0,0
37,158080,0.0,0.0,0.5885133930438723,0,0
38,162240,0.0,0.0,0.591593036569924,0,0
39,166400,0.0,0.0,0.5919158255859515,0,0
40,170560,0.0,0.0,0.5915940738266864,0,0
41,174720,0.0,0.0,0.5934424624037672,0,0
42,178880,0.0,0.0,0.9220185076075278,0,0
43,183040,0.0,0.0,0.6072090676542002,0,0
44,187200,0.0,0.0,0.6028827695015572,0,0
45,191360,0.0,0.0,0.5995643446886033,0,0
46,195520,0.0,0.0,0.6095170694600585,0,0
47,199680,0.0,0.0,0.6129291304585062,0,0
48,203840,0.0,0.0,0.6159625665597951,0,0
49,208000,0.0,0.0,0.6163314115141671,0,0
