t,bytes_sent,utility,pheromone,f1_val,agg_count,rollback
0,1040,0.0,0.0,0.14063745019920318,0,0
1,2080,0.0,0.0,0.21346827282201322,0,0
2,3120,0.0,0.0,0.16714048803601042,0,0
3,4160,0.0,0.0,0.14063745019920318,0,0
4,5200,0.0,0.0,0.14063745019920318,0,0
5,6240,0.0,0.0,0.14063745019920318,0,0
6,7280,0.0,0.0,0.14063745019920318,0,0
7,8320,0.0,0.0,0.14063745019920318,0,0
8,9360,0.0,0.0,0.14063745019920318,0,0
9,10400,0.0,0.0,0.41605479710452475,0,0
10,11440,0.0,0.0,0.4170779150236796,0,0
11,12480,0.0,0.0,0.38388779385606464,0,0
12,13520,0.0,0.0,0.3115640926675388,0,0
13,14560,0.0,0.0,0.375589120936706,0,0
14,15600,0.0,0.0,0.3643704803806994,0,0
15,16640,0.0,0.0,0.3832774197775302,0,0
16,17680,0.0,0.0,0.4547454517333353,0,0
17,18720,0.0,0.0,0.5843869589614432,0,0
18,19760,0.0,0.0,0.5834619369148455,0,0
19,20800,0.0,0.0,0.48133683755302226,0,0
20,21840,0.0,0.0,0.632603585252991,0,0
21,22880,0.0,0.0,0.6453598568574828,0,0
22,23920,0.0,0.0,0.5858832059225636,0,0
23,24960,0.0,0.0,0.6992187367144315,0,0
24,26000,0.0,0.0,0.9305027766243179,0,0
25,27040,0.0,0.0,0.7000247463309348,0,0
26,28080,0.0,0.0,0.9266531557950972,0,0
27,29120,0.0,0.0,0.9316231982625656,0,0
28,30160,0.0,0.0,0.9384681422868243,0,0
29,31200,0.0,0.0,0.9642832182047232,0,0
30,32240,0.0,0.0,0.9522293590148787,0,0
31,33280,0.0,0.0,0.9905177464143484,0,0
32,34320,0.0,0.0,0.9909388100183036,0,0
33,35360,0.0,0.0,0.9901898748960187,0,0
34,36400,0.0,0.0,0.9915619015522953,0,0
35,37440,0.0,0.0,0.9902346141844738,0,0
36,38480,0.0,0.0,0.9895788603409943,0,0
37,39520,0.0,0.0,0.9891420527041828,0,0
38,40560,0.0,0.0,0.984789376081407,0,0
39,41600,0.0,0.0,0.9678344789250306,0,0
40,42640,0.0,0.0,0.9260753237095526,0,0
41,43680,0.0,0.0,0.9398369291409817,0,0
42,44720,0.0,0.0,0.9887206531110818,0,0
43,45760,0.0,0.0,0.8832133300216604,0,0
44,46800,0.0,0.0,0.9915714808080252,0,0
45,47840,0.0,0.0,0.9851152006339905,0,0
46,48880,0.0,0.0,0.9891640457746546,0,0
47,49920,0.0,0.0,0.8617732119642704,0,0
48,50960,0.0,0.0,0.9900233145541368,0,0
49,52000,0.0,0.0,0.99088098500245,0,0
