t,bytes_sent,utility,pheromone,f1_val,agg_count,rollback
0,1040,0.0,0.0,0.41617696349837874,0,0
1,2080,0.0,0.0,0.14142628205128205,0,0
2,3120,0.0,0.0,0.14142628205128205,0,0
3,4160,0.0,0.0,0.14142628205128205,0,0
4,5200,0.0,0.0,0.14142628205128205,0,0
5,6240,0.0,0.0,0.14142628205128205,0,0
6,7280,0.0,0.0,0.14142628205128205,0,0
7,8320,0.0,0.0,0.14142628205128205,0,0
8,9360,0.0,0.0,0.14142628205128205,0,0
9,10400,0.0,0.0,0.14142628205128205,0,0
10,11440,0.0,0.0,0.14142628205128205,0,0
11,12480,0.0,0.0,0.14142628205128205,0,0
12,13520,0.0,0.0,0.41544627768762743,0,0
13,14560,0.0,0.0,0.4172560359570804,0,0
14,15600,0.0,0.0,0.4173360362516195,0,0
15,16640,0.0,0.0,0.4156481186360783,0,0
16,17680,0.0,0.0,0.41548211157603254,0,0
17,18720,0.0,0.0,0.4158464807605783,0,0
18,19760,0.0,0.0,0.6780882619708312,0,0
19,20800,0.0,0.0,0.706361124188426,0,0
20,21840,0.0,0.0,0.695869225983575,0,0
21,22880,0.0,0.0,0.6950281590165839,0,0
22,23920,0.0,0.0,0.69555365074383,0,0
23,24960,0.0,0.0,0.6961878835483818,0,0
24,26000,0.0,0.0,0.6971691329146465,0,0
25,27040,0.0,0.0,0.69923120900807,0,0
26,28080,0.0,0.0,0.6947747238712205,0,0
27,29120,0.0,0.0,0.696473071589653,0,0
28,30160,0.0,0.0,0.696401899045739,0,0
29,31200,0.0,0.0,0.6975034410887344,0,0
30,32240,0.0,0.0,0.6960527877492138,0,0
31,33280,0.0,0.0,0.696473071589653,0,0
32,34320,0.0,0.0,0.6970835757151184,0,0
33,35360,0.0,0.0,0.6968617478535389,0,0
34,36400,0.0,0.0,0.6955849294706564,0,0
35,37440,0.0,0.0,0.6976805462050083,0,0
36,38480,0.0,0.0,0.6972896013627955,0,0
37,39520,0.0,0.0,0.6858185957088986,0,0
38,40560,0.0,0.0,0.6955932177136216,0,0
39,41600,0.0,0.0,0.6992337268734907,0,0
40,42640,0.0,0.0,0.696473071589653,0,0
41,43680,0.0,0.0,0.8418333558465674,0,0
42,44720,0.0,0.0,0.9274872384324486,0,0
43,45760,0.0,0.0,0.9561004478098604,0,0
44,46800,0.0,0.0,0.7117646990008218,0,0
45,47840,0.0,0.0,0.8834157743934079,0,0
46,48880,0.0,0.0,0.9222687966952444,0,0
47,49920,0.0,0.0,0.8136022488844314,0,0
48,50960,0.0,0.0,0.9639992103766446,0,0
49,52000,0.0,0.0,0.8816195092187195,0,0
