t,bytes_sent,utility,pheromone,f1_val,agg_count,rollback
0,4160,0.0,0.0,0.33201273984308244,0,0
1,8320,0.0,0.0,0.3320901320901321,0,0
2,12480,0.0,0.0,0.3319360347772085,0,0
3,16640,0.0,0.0,0.33178150217256364,0,0
4,20800,0.0,0.0,0.33124176930823457,0,0
5,24960,0.0,0.0,0.32519583238269073,0,0
6,29120,0.0,0.0,0.3246772968868641,0,0
7,33280,0.0,0.0,0.3243817326657563,0,0
8,37440,0.0,0.0,0.3243817326657563,0,0
9,41600,0.0,0.0,0.32519583238269073,0,0
10,45760,0.0,0.0,0.3273618128923595,0,0
11,49920,0.0,0.0,0.3282665438354061,0,0
12,54080,0.0,0.0,0.3290243151738997,0,0
13,58240,0.0,0.0,0.3281909586307468,0,0
14,62400,0.0,0.0,0.3269113149847095,0,0
15,66560,0.0,0.0,0.32460335534806045,0,0
16,70720,0.0,0.0,0.3244555732604902,0,0
17,74880,0.0,0.0,0.32423415225963,0,0
18,79040,0.0,0.0,0.32416041240239557,0,0
19,83200,0.0,0.0,0.3239393939393939,0,0
20,87360,0.0,0.0,0.3239393939393939,0,0
21,91520,0.0,0.0,0.3239393939393939,0,0
22,95680,0.0,0.0,0.3239393939393939,0,0
23,99840,0.0,0.0,0.32416041240239557,0,0
24,104000,0.0,0.0,0.3243817326657563,0,0
25,108160,0.0,0.0,0.3243817326657563,0,0
26,112320,0.0,0.0,0.3244555732604902,0,0
27,116480,0.0,0.0,0.3244555732604902,0,0
28,120640,0.0,0.0,0.3244555732604902,0,0
29,124800,0.0,0.0,0.3244555732604902,0,0
30,128960,0.0,0.0,0.32460335534806045,0,0
31,133120,0.0,0.0,0.32527004411988436,0,0
32,137280,0.0,0.0,0.3256416114538116,0,0
33,141440,0.0,0.0,0.3249734002127983,0,0
34,145600,0.0,0.0,0.32460335534806045,0,0
35,149760,0.0,0.0,0.3243817326657563,0,0
36,153920,0.0,0.0,0.32423415225963,0,0
37,158080,0.0,0.0,0.32423415225963,0,0
38,162240,0.0,0.0,0.32416041240239557,0,0
39,166400,0.0,0.0,0.32401303326513603,0,0
40,170560,0.0,0.0,0.3239393939393939,0,0
41,174720,0.0,0.0,0.3239393939393939,0,0
42,178880,0.0,0.0,0.3239393939393939,0,0
43,183040,0.0,0.0,0.323865788078467,0,0
44,187200,0.0,0.0,0.323865788078467,0,0
45,191360,0.0,0.0,0.323865788078467,0,0
46,195520,0.0,0.0,0.323865788078467,0,0
47,199680,0.0,0.0,0.323865788078467,0,0
48,203840,0.0,0.0,0.323865788078467,0,0
49,208000,0.0,0.0,0.323865788078467,0,0
