t,bytes_sent,utility,pheromone,f1_val,agg_count,rollback
0,4160,0.0,0.0,0.3599362944611573,0,0
1,8320,0.0,0.0,0.3599362944611573,0,0
2,12480,0.0,0.0,0.3599362944611573,0,0
3,16640,0.0,0.0,0.3599362944611573,0,0
4,20800,0.0,0.0,0.3599362944611573,0,0
5,24960,0.0,0.0,0.24068157614483496,0,0
6,29120,0.0,0.0,0.24476534296028882,0,0
7,33280,0.0,0.0,0.2465902891434806,0,0
8,37440,0.0,0.0,0.24017003188097766,0,0
9,41600,0.0,0.0,0.24560767976815792,0,0
10,45760,0.0,0.0,0.2407243032132079,0,0
11,49920,0.0,0.0,0.7033655550715796,0,0
12,54080,0.0,0.0,0.5527418676543283,0,0
13,58240,0.0,0.0,0.7201413914444397,0,0
14,62400,0.0,0.0,0.40062378873660065,0,0
15,66560,0.0,0.0,0.7843138389114621,0,0
16,70720,0.0,0.0,0.49459907077379944,0,0
17,74880,0.0,0.0,0.3708018019744663,0,0
18,79040,0.0,0.0,0.6647197170611039,0,0
19,83200,0.0,0.0,0.6645564790251969,0,0
20,87360,0.0,0.0,0.5789228886488291,0,0
21,91520,0.0,0.0,0.5698443735445284,0,0
22,95680,0.0,0.0,0.6621395513554484,0,0
23,99840,0.0,0.0,0.8638931935454774,0,0
24,104000,0.0,0.0,0.614713061530686,0,0
25,108160,0.0,0.0,0.9331928532070143,0,0
26,112320,0.0,0.0,0.81312369343158,0,0
27,116480,0.0,0.0,0.49151132861171226,0,0
28,120640,0.0,0.0,0.4040845930030843,0,0
29,124800,0.0,0.0,0.46184196966319874,0,0
30,128960,0.0,0.0,0.4623238416437932,0,0
31,133120,0.0,0.0,0.9988763297954963,0,0
32,137280,0.0,0.0,0.9988763297954963,0,0
33,141440,0.0,0.0,0.9988763297954963,0,0
34,145600,0.0,0.0,0.9988763297954963,0,0
35,149760,0.0,0.0,0.9988763297954963,0,0
36,153920,0.0,0.0,0.9988763297954963,0,0
37,158080,0.0,0.0,0.9988763297954963,0,0
38,162240,0.0,0.0,0.9988763297954963,0,0
39,166400,0.0,0.0,0.9988763297954963,0,0
40,170560,0.0,0.0,0.9988763297954963,0,0
41,174720,0.0,0.0,0.9988763297954963,0,0
42,178880,0.0,0.0,0.9988763297954963,0,0
43,183040,0.0,0.0,0.9988763297954963,0,0
44,187200,0.0,0.0,0.9988763297954963,0,0
45,191360,0.0,0.0,0.9988763297954963,0,0
46,195520,0.0,0.0,0.9988763297954963,0,0
47,199680,0.0,0.0,0.9988763297954963,0,0
48,203840,0.0,0.0,0.9988763297954963,0,0
49,208000,0.0,0.0,0.9988763297954963,0,0
