t,bytes_sent,utility,pheromone,f1_val,agg_count,rollback
0,1040,0.0,0.0,0.6522864580941563,0,0
1,2080,0.0,0.0,0.5875937647386515,0,0
2,3120,0.0,0.0,0.6601321884329652,0,0
3,4160,0.0,0.0,0.7478422733455917,0,0
4,5200,0.0,0.0,0.7312799958407783,0,0
5,6240,0.0,0.0,0.7398396482629506,0,0
6,7280,0.0,0.0,0.7636262806463654,0,0
7,8320,0.0,0.0,0.6575599638484926,0,0
8,9360,0.0,0.0,0.5982851247237617,0,0
9,10400,0.0,0.0,0.7493157544469351,0,0
10,11440,0.0,0.0,0.7640034256805773,0,0
11,12480,0.0,0.0,0.6963121330756993,0,0
12,13520,0.0,0.0,0.75536437472172,0,0
13,14560,0.0,0.0,0.7875706025736504,0,0
14,15600,0.0,0.0,0.7769221464833995,0,0
15,16640,0.0,0.0,0.8051532870435066,0,0
16,17680,0.0,0.0,0.7705036126666358,0,0
17,18720,0.0,0.0,0.805108012623022,0,0
18,19760,0.0,0.0,0.7242160981301573,0,0
19,20800,0.0,0.0,0.7593211962184383,0,0
20,21840,0.0,0.0,0.7910850788170558,0,0
21,22880,0.0,0.0,0.7002131195059268,0,0
22,23920,0.0,0.0,0.6088769422705465,0,0
23,24960,0.0,0.0,0.5062558516504909,0,0
24,26000,0.0,0.0,0.6358813373888534,0,0
25,27040,0.0,0.0,0.5922563220393194,0,0
26,28080,0.0,0.0,0.6409314979635705,0,0
27,29120,0.0,0.0,0.6563383992602818,0,0
28,30160,0.0,0.0,0.5787774005323096,0,0
29,31200,0.0,0.0,0.6885917864625895,0,0
30,32240,0.0,0.0,0.7853247223886866,0,0
31,33280,0.0,0.0,0.7094873963044052,0,0
32,34320,0.0,0.0,0.6460949177470321,0,0
33,35360,0.0,0.0,0.7539034499426482,0,0
34,36400,0.0,0.0,0.7368040594568707,0,0
35,37440,0.0,0.0,0.6784526479760379,0,0
36,38480,0.0,0.0,0.7554776343273799,0,0
37,39520,0.0,0.0,0.5964044951569002,0,0
38,40560,0.0,0.0,0.6970420249596712,0,0
39,41600,0.0,0.0,0.7399827503969632,0,0
40,42640,0.0,0.0,0.8105523431330972,0,0
41,43680,0.0,0.0,0.6742080275534248,0,0
42,44720,0.0,0.0,0.7443200253548801,0,0
43,45760,0.0,0.0,0.710801976464658,0,0
44,46800,0.0,0.0,0.7123096443238897,0,0
45,47840,0.0,0.0,0.644665774666872,0,0
46,48880,0.0,0.0,0.6648415276369425,0,0
47,49920,0.0,0.0,0.7264513250061472,0,0
48,50960,0.0,0.0,0.6334553128704881,0,0
49,52000,0.0,0.0,0.6617335127393817,0,0
