t,bytes_sent,utility,pheromone,f1_val,agg_count,rollback
0,1040,0.0,0.0,0.6256242955870832,0,0
1,2080,0.0,0.0,0.9395155815876426,0,0
2,3120,0.0,0.0,0.942562491574714,0,0
3,4160,0.0,0.0,0.9379346647885126,0,0
4,5200,0.0,0.0,0.9323968834995513,0,0
5,6240,0.0,0.0,0.8414466952249056,0,0
6,7280,0.0,0.0,0.9478161664160072,0,0
7,8320,0.0,0.0,0.9403546568463197,0,0
8,9360,0.0,0.0,0.9400355646633383,0,0
9,10400,0.0,0.0,0.9419610816459326,0,0
10,11440,0.0,0.0,0.9459907920737328,0,0
11,12480,0.0,0.0,0.9387531963071082,0,0
12,13520,0.0,0.0,0.9466334183578394,0,0
13,14560,0.0,0.0,0.9408373985968332,0,0
14,15600,0.0,0.0,0.9468672794044253,0,0
15,16640,0.0,0.0,0.9413733684573669,0,0
16,17680,0.0,0.0,0.9483160541990514,0,0
17,18720,0.0,0.0,0.9421502486662872,0,0
18,19760,0.0,0.0,0.9390544781012842,0,0
19,20800,0.0,0.0,0.9483814512162604,0,0
20,21840,0.0,0.0,0.9390862475298762,0,0
21,22880,0.0,0.0,0.9454513800104989,0,0
22,23920,0.0,0.0,0.940315789461181,0,0
23,24960,0.0,0.0,0.9407820709358592,0,0
24,26000,0.0,0.0,0.9302407358504539,0,0
25,27040,0.0,0.0,0.948551868026968,0,0
26,28080,0.0,0.0,0.9478901678831061,0,0
27,29120,0.0,0.0,0.9487175558512451,0,0
28,30160,0.0,0.0,0.9331733287587295,0,0
29,31200,0.0,0.0,0.932982951522106,0,0
30,32240,0.0,0.0,0.9433235154733157,0,0
31,33280,0.0,0.0,0.9448283174600463,0,0
32,34320,0.0,0.0,0.9480520034951212,0,0
33,35360,0.0,0.0,0.9458055452213405,0,0
34,36400,0.0,0.0,0.9375887357218952,0,0
35,37440,0.0,0.0,0.9360366999376402,0,0
36,38480,0.0,0.0,0.9393774521682476,0,0
37,39520,0.0,0.0,0.9380845724893675,0,0
38,40560,0.0,0.0,0.9383123044508803,0,0
39,41600,0.0,0.0,0.9378752593827663,0,0
40,42640,0.0,0.0,0.8307967105686762,0,0
41,43680,0.0,0.0,0.9388279821499486,0,0
42,44720,0.0,0.0,0.9464369251874956,0,0
43,45760,0.0,0.0,0.9528093662110388,0,0
44,46800,0.0,0.0,0.9464884991186507,0,0
45,47840,0.0,0.0,0.9471298101604795,0,0
46,48880,0.0,0.0,0.943995945507025,0,0
47,49920,0.0,0.0,0.9481157891426961,0,0
48,50960,0.0,0.0,0.94715585870263,0,0
49,52000,0.0,0.0,0.9510917165609403,0,0
