t,bytes_sent,utility,pheromone,f1_val,agg_count,rollback
0,1040,0.0,0.0,0.13973365136155833,0,0
1,2080,0.0,0.0,0.13973365136155833,0,0
2,3120,0.0,0.0,0.13973365136155833,0,0
3,4160,0.0,0.0,0.13973365136155833,0,0
4,5200,0.0,0.0,0.13973365136155833,0,0
5,6240,0.0,0.0,0.13973365136155833,0,0
6,7280,0.0,0.0,0.13973365136155833,0,0
7,8320,0.0,0.0,0.13973365136155833,0,0
8,9360,0.0,0.0,0.13973365136155833,0,0
9,10400,0.0,0.0,0.13973365136155833,0,0
10,11440,0.0,0.0,0.4161838404121786,0,0
11,12480,0.0,0.0,0.4163758395072774,0,0
12,13520,0.0,0.0,0.38372740901093455,0,0
13,14560,0.0,0.0,0.3837715202208868,0,0
14,15600,0.0,0.0,0.4371467943837479,0,0
15,16640,0.0,0.0,0.6028642622467633,0,0
16,17680,0.0,0.0,0.6941362061003138,0,0
17,18720,0.0,0.0,0.6818436946854798,0,0
18,19760,0.0,0.0,0.6956455448312754,0,0
19,20800,0.0,0.0,0.7015486852681293,0,0
20,21840,0.0,0.0,0.6958814914971772,0,0
21,22880,0.0,0.0,0.6993184132476389,0,0
22,23920,0.0,0.0,0.7334582711524915,0,0
23,24960,0.0,0.0,0.7010713433702593,0,0
24,26000,0.0,0.0,0.7022352003157231,0,0
25,27040,0.0,0.0,0.7010713433702593,0,0
26,28080,0.0,0.0,0.7011578199677704,0,0
27,29120,0.0,0.0,0.7007438455271788,0,0
28,30160,0.0,0.0,0.9156754772220331,0,0
29,31200,0.0,0.0,0.7184407803361884,0,0
30,32240,0.0,0.0,0.829990466484511,0,0
31,33280,0.0,0.0,0.6979397577927536,0,0
32,34320,0.0,0.0,0.7729810742842392,0,0
33,35360,0.0,0.0,0.7748381461467244,0,0
34,36400,0.0,0.0,0.6980909962905224,0,0
35,37440,0.0,0.0,0.9908920538769722,0,0
36,38480,0.0,0.0,0.7009191843683342,0,0
37,39520,0.0,0.0,0.9254433038783731,0,0
38,40560,0.0,0.0,0.9898065145821654,0,0
39,41600,0.0,0.0,0.7010704228661029,0,0
40,42640,0.0,0.0,0.9956947297680503,0,0
41,43680,0.0,0.0,0.7005685173021767,0,0
42,44720,0.0,0.0,0.697239082889915,0,0
43,45760,0.0,0.0,0.9884899297661367,0,0
44,46800,0.0,0.0,0.7009191843683342,0,0
45,47840,0.0,0.0,0.8092064986998353,0,0
46,48880,0.0,0.0,0.9963052986881302,0,0
47,49920,0.0,0.0,0.7009817390698814,0,0
48,50960,0.0,0.0,0.7033095065017607,0,0
49,52000,0.0,0.0,0.9957757960160583,0,0
