t,bytes_sent,utility,pheromone,f1_val,agg_count,rollback
0,1040,0.0,0.0,0.4008217461325591,0,0
1,2080,0.0,0.0,0.13995598239295717,0,0
2,3120,0.0,0.0,0.13995598239295717,0,0
3,4160,0.0,0.0,0.13995598239295717,0,0
4,5200,0.0,0.0,0.13995598239295717,0,0
5,6240,0.0,0.0,0.13995598239295717,0,0
6,7280,0.0,0.0,0.13995598239295717,0,0
7,8320,0.0,0.0,0.13995598239295717,0,0
8,9360,0.0,0.0,0.13995598239295717,0,0
9,10400,0.0,0.0,0.13995598239295717,0,0
10,11440,0.0,0.0,0.13995598239295717,0,0
11,12480,0.0,0.0,0.25028119014447014,0,0
12,13520,0.0,0.0,0.33149267978544905,0,0
13,14560,0.0,0.0,0.7148762255234283,0,0
14,15600,0.0,0.0,0.37306606018310795,0,0
15,16640,0.0,0.0,0.3729316501988709,0,0
16,17680,0.0,0.0,0.7011852342665327,0,0
17,18720,0.0,0.0,0.7009086045093338,0,0
18,19760,0.0,0.0,0.7011506828958344,0,0
19,20800,0.0,0.0,0.7015661692476053,0,0
20,21840,0.0,0.0,0.6998967041343606,0,0
21,22880,0.0,0.0,0.7138225655667514,0,0
22,23920,0.0,0.0,0.7015057094454593,0,0
23,24960,0.0,0.0,0.7002053882669599,0,0
24,26000,0.0,0.0,0.7138874667974482,0,0
25,27040,0.0,0.0,0.7002053882669599,0,0
26,28080,0.0,0.0,0.699963485473701,0,0
27,29120,0.0,0.0,0.7135362285099609,0,0
28,30160,0.0,0.0,0.6997877789653761,0,0
29,31200,0.0,0.0,0.7138229449839267,0,0
30,32240,0.0,0.0,0.7002053882669599,0,0
31,33280,0.0,0.0,0.7139521677339791,0,0
32,34320,0.0,0.0,0.9941898708464996,0,0
33,35360,0.0,0.0,0.9939709389151856,0,0
34,36400,0.0,0.0,0.9945058427751525,0,0
35,37440,0.0,0.0,0.9939919029218467,0,0
36,38480,0.0,0.0,0.9939919029218467,0,0
37,39520,0.0,0.0,0.9925380579155019,0,0
38,40560,0.0,0.0,0.9925380579155019,0,0
39,41600,0.0,0.0,0.9928938724649488,0,0
40,42640,0.0,0.0,0.9925380579155019,0,0
41,43680,0.0,0.0,0.9932512782734726,0,0
42,44720,0.0,0.0,0.9936253371144965,0,0
43,45760,0.0,0.0,0.9915239754396913,0,0
44,46800,0.0,0.0,0.9934667705418724,0,0
45,47840,0.0,0.0,0.9921646161217188,0,0
46,48880,0.0,0.0,0.9882787042225009,0,0
47,49920,0.0,0.0,0.993235056744646,0,0
48,50960,0.0,0.0,0.9928938724649488,0,0
49,52000,0.0,0.0,0.9875633533563842,0,0
