t,bytes_sent,utility,pheromone,f1_val,agg_count,rollback
0,4160,0.0,0.0,0.19170820496298174,0,0
1,8320,0.0,0.0,0.23661081214820315,0,0
2,12480,0.0,0.0,0.20330658770050192,0,0
3,16640,0.0,0.0,0.7734138266796495,0,0
4,20800,0.0,0.0,0.5796143479162347,0,0
5,24960,0.0,0.0,0.8445999046008359,0,0
6,29120,0.0,0.0,0.9286552789674586,0,0
7,33280,0.0,0.0,0.8794371511363033,0,0
8,37440,0.0,0.0,0.8738887331959668,0,0
9,41600,0.0,0.0,0.8758311776246115,0,0
10,45760,0.0,0.0,0.8518801563178462,0,0
11,49920,0.0,0.0,0.8924581698791945,0,0
12,54080,0.0,0.0,0.8888580161155877,0,0
13,58240,0.0,0.0,0.8888559230067931,0,0
14,62400,0.0,0.0,0.886643015641535,0,0
15,66560,0.0,0.0,0.8724999901620363,0,0
16,70720,0.0,0.0,0.8866411609278755,0,0
17,74880,0.0,0.0,0.8866448003087015,0,0
18,79040,0.0,0.0,0.9761242643093877,0,0
19,83200,0.0,0.0,0.9736101254766788,0,0
20,87360,0.0,0.0,0.9744479138741822,0,0
21,91520,0.0,0.0,0.9744479138741822,0,0
22,95680,0.0,0.0,0.9727725900759834,0,0
23,99840,0.0,0.0,0.9669201748309253,0,0
24,104000,0.0,0.0,0.9789127985645083,0,0
25,108160,0.0,0.0,0.9702647744174826,0,0
26,112320,0.0,0.0,0.9708127161761165,0,0
27,116480,0.0,0.0,0.9582958554523776,0,0
28,120640,0.0,0.0,0.9444301331093784,0,0
29,124800,0.0,0.0,0.9438761695470204,0,0
30,128960,0.0,0.0,0.9424914954723684,0,0
31,133120,0.0,0.0,0.9571845632160829,0,0
32,137280,0.0,0.0,0.909591290040337,0,0
33,141440,0.0,0.0,0.891351255847801,0,0
34,145600,0.0,0.0,0.9048978238657026,0,0
35,149760,0.0,0.0,0.8938415763074654,0,0
36,153920,0.0,0.0,0.9057268322956513,0,0
37,158080,0.0,0.0,0.891351255847801,0,0
38,162240,0.0,0.0,0.6334074969910494,0,0
39,166400,0.0,0.0,0.9253431984310929,0,0
40,170560,0.0,0.0,0.5359806164664633,0,0
41,174720,0.0,0.0,0.8772184326676749,0,0
42,178880,0.0,0.0,0.9286460873806703,0,0
43,183040,0.0,0.0,0.930581105995387,0,0
44,187200,0.0,0.0,0.9424823607919565,0,0
45,191360,0.0,0.0,0.9671880817016766,0,0
46,195520,0.0,0.0,0.9696969696969697,0,0
47,199680,0.0,0.0,0.9736039994620957,0,0
48,203840,0.0,0.0,0.9744419334536913,0,0
49,208000,0.0,0.0,0.9750007002768883,0,0
