t,bytes_sent,utility,pheromone,f1_val,agg_count,rollback
0,4160,0.0,0.0,0.7142391053978291,0,0
1,8320,0.0,0.0,0.9935462653440466,0,0
2,12480,0.0,0.0,0.9686501607818876,0,0
3,16640,0.0,0.0,0.9924611780272952,0,0
4,20800,0.0,0.0,0.9930017911527874,0,0
5,24960,0.0,0.0,0.9742980378982122,0,0
6,29120,0.0,0.0,0.9656521492928913,0,0
7,33280,0.0,0.0,0.8281781409870446,0,0
8,37440,0.0,0.0,0.713665972483988,0,0
9,41600,0.0,0.0,0.9752624850568656,0,0
10,45760,0.0,0.0,0.9944672019690619,0,0
11,49920,0.0,0.0,0.9932881313618805,0,0
12,54080,0.0,0.0,0.9943863538992247,0,0
13,58240,0.0,0.0,0.9935829461337919,0,0
14,62400,0.0,0.0,0.786284866182228,0,0
15,66560,0.0,0.0,0.9894100538106249,0,0
16,70720,0.0,0.0,0.9666534853517228,0,0
17,74880,0.0,0.0,0.9722709089820619,0,0
18,79040,0.0,0.0,0.9475288341192957,0,0
19,83200,0.0,0.0,0.9844071503129356,0,0
20,87360,0.0,0.0,0.8648104721389699,0,0
21,91520,0.0,0.0,0.9848326596718918,0,0
22,95680,0.0,0.0,0.8325156454991657,0,0
23,99840,0.0,0.0,0.9938107221454424,0,0
24,104000,0.0,0.0,0.9889383606049477,0,0
25,108160,0.0,0.0,0.991255661946902,0,0
26,112320,0.0,0.0,0.8077306522968939,0,0
27,116480,0.0,0.0,0.8438200529934281,0,0
28,120640,0.0,0.0,0.8256668768162482,0,0
29,124800,0.0,0.0,0.8497110733497011,0,0
30,128960,0.0,0.0,0.83202842878102,0,0
31,133120,0.0,0.0,0.7736675955949699,0,0
32,137280,0.0,0.0,0.8462622684640955,0,0
33,141440,0.0,0.0,0.8744137293016847,0,0
34,145600,0.0,0.0,0.9955705716677249,0,0
35,149760,0.0,0.0,0.8683538311985437,0,0
36,153920,0.0,0.0,0.8611050644884182,0,0
37,158080,0.0,0.0,0.848971434437692,0,0
38,162240,0.0,0.0,0.8484785338128908,0,0
39,166400,0.0,0.0,0.8492179418531465,0,0
40,170560,0.0,0.0,0.8440486655078558,0,0
41,174720,0.0,0.0,0.8442945008683544,0,0
42,178880,0.0,0.0,0.8440550172967788,0,0
43,183040,0.0,0.0,0.8438092057323294,0,0
44,187200,0.0,0.0,0.8438092057323294,0,0
45,191360,0.0,0.0,0.8438092057323294,0,0
46,195520,0.0,0.0,0.8438092057323294,0,0
47,199680,0.0,0.0,0.843317667940981,0,0
48,203840,0.0,0.0,0.8430719407577343,0,0
49,208000,0.0,0.0,0.8418437028914836,0,0
