t,bytes_sent,utility,pheromone,f1_val,agg_count,rollback
0,1040,0.0,0.0,0.14022662889518414,0,0
1,2080,0.0,0.0,0.05572213893053473,0,0
2,3120,0.0,0.0,0.2892804311073542,0,0
3,4160,0.0,0.0,0.14022662889518414,0,0
4,5200,0.0,0.0,0.14022662889518414,0,0
5,6240,0.0,0.0,0.14022662889518414,0,0
6,7280,0.0,0.0,0.14022662889518414,0,0
7,8320,0.0,0.0,0.14022662889518414,0,0
8,9360,0.0,0.0,0.14022662889518414,0,0
9,10400,0.0,0.0,0.14022662889518414,0,0
10,11440,0.0,0.0,0.14022662889518414,0,0
11,12480,0.0,0.0,0.4213988581117677,0,0
12,13520,0.0,0.0,0.6862599672954823,0,0
13,14560,0.0,0.0,0.6699282564925962,0,0
14,15600,0.0,0.0,0.6690519766736269,0,0
15,16640,0.0,0.0,0.6685758680328487,0,0
16,17680,0.0,0.0,0.6675821533735863,0,0
17,18720,0.0,0.0,0.667142508815743,0,0
18,19760,0.0,0.0,0.6662973179851105,0,0
19,20800,0.0,0.0,0.6653100230144312,0,0
20,21840,0.0,0.0,0.6657718339990659,0,0
21,22880,0.0,0.0,0.6650364354266446,0,0
22,23920,0.0,0.0,0.6650364354266446,0,0
23,24960,0.0,0.0,0.6662900780101089,0,0
24,26000,0.0,0.0,0.6653221784182948,0,0
25,27040,0.0,0.0,0.66561149911902,0,0
26,28080,0.0,0.0,0.6653221784182948,0,0
27,29120,0.0,0.0,0.6668874714213803,0,0
28,30160,0.0,0.0,0.6657028381100166,0,0
29,31200,0.0,0.0,0.666650770354541,0,0
30,32240,0.0,0.0,0.6665152901746393,0,0
31,33280,0.0,0.0,0.6667975460591096,0,0
32,34320,0.0,0.0,0.6662165580455581,0,0
33,35360,0.0,0.0,0.9489869317186854,0,0
34,36400,0.0,0.0,0.9440890900599046,0,0
35,37440,0.0,0.0,0.9465313485023061,0,0
36,38480,0.0,0.0,0.9426053424596732,0,0
37,39520,0.0,0.0,0.9423375130805784,0,0
38,40560,0.0,0.0,0.9448525421006931,0,0
39,41600,0.0,0.0,0.9495508156326596,0,0
40,42640,0.0,0.0,0.9434022228390286,0,0
41,43680,0.0,0.0,0.9415626559571704,0,0
42,44720,0.0,0.0,0.9490370073742223,0,0
43,45760,0.0,0.0,0.9432346844081239,0,0
44,46800,0.0,0.0,0.9472907137045805,0,0
45,47840,0.0,0.0,0.9413109288380682,0,0
46,48880,0.0,0.0,0.9414736668120156,0,0
47,49920,0.0,0.0,0.9456287860733867,0,0
48,50960,0.0,0.0,0.9442195529228303,0,0
49,52000,0.0,0.0,0.9518627365875343,0,0
