t,bytes_sent,utility,pheromone,f1_val,agg_count,rollback
0,4160,0.0,0.0,0.14035785288270378,0,0
1,8320,0.0,0.0,0.14035785288270378,0,0
2,12480,0.0,0.0,0.14035785288270378,0,0
3,16640,0.0,0.0,0.14035785288270378,0,0
4,20800,0.0,0.0,0.14035785288270378,0,0
5,24960,0.0,0.0,0.14035785288270378,0,0
6,29120,0.0,0.0,0.14035785288270378,0,0
7,33280,0.0,0.0,0.14035785288270378,0,0
8,37440,0.0,0.0,0.14035785288270378,0,0
9,41600,0.0,0.0,0.14035785288270378,0,0
10,45760,0.0,0.0,0.39656053564365834,0,0
11,49920,0.0,0.0,0.39649470961585787,0,0
12,54080,0.0,0.0,0.39656053564365834,0,0
13,58240,0.0,0.0,0.39659360338126215,0,0
14,62400,0.0,0.0,0.39659360338126215,0,0
15,66560,0.0,0.0,0.39659360338126215,0,0
16,70720,0.0,0.0,0.39659360338126215,0,0
17,74880,0.0,0.0,0.39659360338126215,0,0
18,79040,0.0,0.0,0.6281850614134068,0,0
19,83200,0.0,0.0,0.8235534602674137,0,0
20,87360,0.0,0.0,0.9237965576984064,0,0
21,91520,0.0,0.0,0.9972311535251848,0,0
22,95680,0.0,0.0,0.9330981409787357,0,0
23,99840,0.0,0.0,0.9973057695633372,0,0
24,104000,0.0,0.0,0.9976483782674455,0,0
25,108160,0.0,0.0,0.9850128348447625,0,0
26,112320,0.0,0.0,0.9972568221074685,0,0
27,116480,0.0,0.0,0.9980847028057478,0,0
28,120640,0.0,0.0,0.9969975081576651,0,0
29,124800,0.0,0.0,0.997240356705793,0,0
30,128960,0.0,0.0,0.997476613247938,0,0
31,133120,0.0,0.0,0.9976511180498535,0,0
32,137280,0.0,0.0,0.9957445751558393,0,0
33,141440,0.0,0.0,0.9969975081576651,0,0
34,145600,0.0,0.0,0.9922203607053315,0,0
35,149760,0.0,0.0,0.9976511180498535,0,0
36,153920,0.0,0.0,0.997240356705793,0,0
37,158080,0.0,0.0,0.9969975081576651,0,0
38,162240,0.0,0.0,0.9969975081576651,0,0
39,166400,0.0,0.0,0.9969975081576651,0,0
40,170560,0.0,0.0,0.9969975081576651,0,0
41,174720,0.0,0.0,0.9969687589007382,0,0
42,178880,0.0,0.0,0.9967805075071389,0,0
43,183040,0.0,0.0,0.9978195179672185,0,0
44,187200,0.0,0.0,0.9973862616479148,0,0
45,191360,0.0,0.0,0.996754531653698,0,0
46,195520,0.0,0.0,0.996754531653698,0,0
47,199680,0.0,0.0,0.996754531653698,0,0
48,203840,0.0,0.0,0.9971652929977585,0,0
49,208000,0.0,0.0,0.9969910436891155,0,0
