t,bytes_sent,utility,pheromone,f1_val,agg_count,rollback
0,4160,0.0,0.0,0.14226190476190476,0,0
1,8320,0.0,0.0,0.14226190476190476,0,0
2,12480,0.0,0.0,0.14226190476190476,0,0
3,16640,0.0,0.0,0.14226190476190476,0,0
4,20800,0.0,0.0,0.14226190476190476,0,0
5,24960,0.0,0.0,0.14226190476190476,0,0
6,29120,0.0,0.0,0.14226190476190476,0,0
7,33280,0.0,0.0,0.14226190476190476,0,0
8,37440,0.0,0.0,0.14226190476190476,0,0
9,41600,0.0,0.0,0.14226190476190476,0,0
10,45760,0.0,0.0,0.22519477984470848,0,0
11,49920,0.0,0.0,0.41803043574602833,0,0
12,54080,0.0,0.0,0.41770847824441854,0,0
13,58240,0.0,0.0,0.4174261421979377,0,0
14,62400,0.0,0.0,0.4176671856330787,0,0
15,66560,0.0,0.0,0.41758608903622574,0,0
16,70720,0.0,0.0,0.4370288370727938,0,0
17,74880,0.0,0.0,0.41750600063402926,0,0
18,79040,0.0,0.0,0.4454568924444679,0,0
19,83200,0.0,0.0,0.43692783079575537,0,0
20,87360,0.0,0.0,0.7005699347162762,0,0
21,91520,0.0,0.0,0.65251224764462,0,0
22,95680,0.0,0.0,0.7003213174339138,0,0
23,99840,0.0,0.0,0.5806526131629561,0,0
24,104000,0.0,0.0,0.7003221706489986,0,0
25,108160,0.0,0.0,0.6608182370495688,0,0
26,112320,0.0,0.0,0.6845234467344312,0,0
27,116480,0.0,0.0,0.4495675119095981,0,0
28,120640,0.0,0.0,0.6506694480380005,0,0
29,124800,0.0,0.0,0.569910349128438,0,0
30,128960,0.0,0.0,0.504163106311551,0,0
31,133120,0.0,0.0,0.6130542283920675,0,0
32,137280,0.0,0.0,0.5735088031422972,0,0
33,141440,0.0,0.0,0.674621293983781,0,0
34,145600,0.0,0.0,0.6299508786222117,0,0
35,149760,0.0,0.0,0.5542924356436991,0,0
36,153920,0.0,0.0,0.43676623050537206,0,0
37,158080,0.0,0.0,0.4622824496431215,0,0
38,162240,0.0,0.0,0.7003213174339138,0,0
39,166400,0.0,0.0,0.43676623050537206,0,0
40,170560,0.0,0.0,0.6297103329386474,0,0
41,174720,0.0,0.0,0.5704661959258363,0,0
42,178880,0.0,0.0,0.6145498002923715,0,0
43,183040,0.0,0.0,0.5944208869248615,0,0
44,187200,0.0,0.0,0.5637409642742359,0,0
45,191360,0.0,0.0,0.6256080416015863,0,0
46,195520,0.0,0.0,0.7003213174339138,0,0
47,199680,0.0,0.0,0.5806051898033407,0,0
48,203840,0.0,0.0,0.7015211406326495,0,0
49,208000,0.0,0.0,0.43676623050537206,0,0
