t,bytes_sent,utility,pheromone,f1_val,agg_count,rollback
0,4160,0.0,0.0,0.15489249670908292,0,0
1,8320,0.0,0.0,0.08954368264159597,0,0
2,12480,0.0,0.0,0.14142628205128205,0,0
3,16640,0.0,0.0,0.14142628205128205,0,0
4,20800,0.0,0.0,0.14142628205128205,0,0
5,24960,0.0,0.0,0.14142628205128205,0,0
6,29120,0.0,0.0,0.14142628205128205,0,0
7,33280,0.0,0.0,0.14142628205128205,0,0
8,37440,0.0,0.0,0.14142628205128205,0,0
9,41600,0.0,0.0,0.4150420236907487,0,0
10,45760,0.0,0.0,0.4172560359570804,0,0
11,49920,0.0,0.0,0.4171358730402079,0,0
12,54080,0.0,0.0,0.41463700409720844,0,0
13,58240,0.0,0.0,0.41544627768762743,0,0
14,62400,0.0,0.0,0.4172560359570804,0,0
15,66560,0.0,0.0,0.41705570454086727,0,0
16,70720,0.0,0.0,0.4099231469624781,0,0
17,74880,0.0,0.0,0.678563091762798,0,0
18,79040,0.0,0.0,0.6941006112473603,0,0
19,83200,0.0,0.0,0.679848945135392,0,0
20,87360,0.0,0.0,0.6945656483762945,0,0
21,91520,0.0,0.0,0.6973608737346702,0,0
22,95680,0.0,0.0,0.6962588633730848,0,0
23,99840,0.0,0.0,0.6951251649921618,0,0
24,104000,0.0,0.0,0.6957120593789489,0,0
25,108160,0.0,0.0,0.6785254201393801,0,0
26,112320,0.0,0.0,0.6951053539930074,0,0
27,116480,0.0,0.0,0.6958385000722679,0,0
28,120640,0.0,0.0,0.6966186365100516,0,0
29,124800,0.0,0.0,0.6803871890645876,0,0
30,128960,0.0,0.0,0.7021522035242653,0,0
31,133120,0.0,0.0,0.6777972462257082,0,0
32,137280,0.0,0.0,0.6763566778402419,0,0
33,141440,0.0,0.0,0.6786211269269312,0,0
34,145600,0.0,0.0,0.7070058204116025,0,0
35,149760,0.0,0.0,0.6953873928230796,0,0
36,153920,0.0,0.0,0.7199378203671767,0,0
37,158080,0.0,0.0,0.7263760582859806,0,0
38,162240,0.0,0.0,0.6355453507221895,0,0
39,166400,0.0,0.0,0.941264379291915,0,0
40,170560,0.0,0.0,0.9297145128628066,0,0
41,174720,0.0,0.0,0.6171566448810856,0,0
42,178880,0.0,0.0,0.9552957934973806,0,0
43,183040,0.0,0.0,0.660778505879491,0,0
44,187200,0.0,0.0,0.5874159985170142,0,0
45,191360,0.0,0.0,0.9635308101087937,0,0
46,195520,0.0,0.0,0.7446048430924481,0,0
47,199680,0.0,0.0,0.8250788050151436,0,0
48,203840,0.0,0.0,0.9668309393612355,0,0
49,208000,0.0,0.0,0.6085836309365106,0,0
