t,bytes_sent,utility,pheromone,f1_val,agg_count,rollback
0,4160,0.0,0.0,0.14205682272909165,0,0
1,8320,0.0,0.0,0.16780902859844007,0,0
2,12480,0.0,0.0,0.14205682272909165,0,0
3,16640,0.0,0.0,0.14205682272909165,0,0
4,20800,0.0,0.0,0.14205682272909165,0,0
5,24960,0.0,0.0,0.14205682272909165,0,0
6,29120,0.0,0.0,0.14205682272909165,0,0
7,33280,0.0,0.0,0.14205682272909165,0,0
8,37440,0.0,0.0,0.14205682272909165,0,0
9,41600,0.0,0.0,0.14205682272909165,0,0
10,45760,0.0,0.0,0.14205682272909165,0,0
11,49920,0.0,0.0,0.4168747328879592,0,0
12,54080,0.0,0.0,0.4169130971024577,0,0
13,58240,0.0,0.0,0.41683246609844005,0,0
14,62400,0.0,0.0,0.41671011811102343,0,0
15,66560,0.0,0.0,0.41679099637737954,0,0
16,70720,0.0,0.0,0.41671011811102343,0,0
17,74880,0.0,0.0,0.41662931103489464,0,0
18,79040,0.0,0.0,0.7041095373924507,0,0
19,83200,0.0,0.0,0.6995007719151926,0,0
20,87360,0.0,0.0,0.48294182096290306,0,0
21,91520,0.0,0.0,0.6999651717065678,0,0
22,95680,0.0,0.0,0.7140699654073116,0,0
23,99840,0.0,0.0,0.6235571982366899,0,0
24,104000,0.0,0.0,0.6990511801153004,0,0
25,108160,0.0,0.0,0.5401624183884541,0,0
26,112320,0.0,0.0,0.6680337972901123,0,0
27,116480,0.0,0.0,0.634500631637207,0,0
28,120640,0.0,0.0,0.6865531750073838,0,0
29,124800,0.0,0.0,0.5956320419462249,0,0
30,128960,0.0,0.0,0.6465724423205992,0,0
31,133120,0.0,0.0,0.6795890821635991,0,0
32,137280,0.0,0.0,0.5744859127384384,0,0
33,141440,0.0,0.0,0.6619358442243016,0,0
34,145600,0.0,0.0,0.5024708338306038,0,0
35,149760,0.0,0.0,0.6987454167665503,0,0
36,153920,0.0,0.0,0.5998925171533092,0,0
37,158080,0.0,0.0,0.6307377430744789,0,0
38,162240,0.0,0.0,0.5748953155058562,0,0
39,166400,0.0,0.0,0.6248882228432535,0,0
40,170560,0.0,0.0,0.6635304045602353,0,0
41,174720,0.0,0.0,0.633823806339154,0,0
42,178880,0.0,0.0,0.6589625204037928,0,0
43,183040,0.0,0.0,0.6889899965863987,0,0
44,187200,0.0,0.0,0.6327362300572934,0,0
45,191360,0.0,0.0,0.6559668485264649,0,0
46,195520,0.0,0.0,0.6517238445930145,0,0
47,199680,0.0,0.0,0.6195374813788705,0,0
48,203840,0.0,0.0,0.6415698367783664,0,0
49,208000,0.0,0.0,0.6193520773601863,0,0
