t,bytes_sent,utility,pheromone,f1_val,agg_count,rollback
0,1040,0.0,0.0,0.14094896331738438,0,0
1,2080,0.0,0.0,0.14094896331738438,0,0
2,3120,0.0,0.0,0.14094896331738438,0,0
3,4160,0.0,0.0,0.14094896331738438,0,0
4,5200,0.0,0.0,0.14094896331738438,0,0
5,6240,0.0,0.0,0.14094896331738438,0,0
6,7280,0.0,0.0,0.14094896331738438,0,0
7,8320,0.0,0.0,0.14094896331738438,0,0
8,9360,0.0,0.0,0.14094896331738438,0,0
9,10400,0.0,0.0,0.14094896331738438,0,0
10,11440,0.0,0.0,0.14094896331738438,0,0
11,12480,0.0,0.0,0.30871134834446945,0,0
12,13520,0.0,0.0,0.3887034788238858,0,0
13,14560,0.0,0.0,0.34886704994855855,0,0
14,15600,0.0,0.0,0.33900100396599814,0,0
15,16640,0.0,0.0,0.33387508427236834,0,0
16,17680,0.0,0.0,0.18414131252512533,0,0
17,18720,0.0,0.0,0.2360342471332028,0,0
18,19760,0.0,0.0,0.33356173186735416,0,0
19,20800,0.0,0.0,0.3368364664376845,0,0
20,21840,0.0,0.0,0.3559736136298279,0,0
21,22880,0.0,0.0,0.3854151202139484,0,0
22,23920,0.0,0.0,0.38913990875832616,0,0
23,24960,0.0,0.0,0.389297715881587,0,0
24,26000,0.0,0.0,0.389297715881587,0,0
25,27040,0.0,0.0,0.3955330955796519,0,0
26,28080,0.0,0.0,0.3930023256702594,0,0
27,29120,0.0,0.0,0.388845345429741,0,0
28,30160,0.0,0.0,0.4305548109851329,0,0
29,31200,0.0,0.0,0.3986894715262497,0,0
30,32240,0.0,0.0,0.6801667100722728,0,0
31,33280,0.0,0.0,0.392674999004467,0,0
32,34320,0.0,0.0,0.45366662925854484,0,0
33,35360,0.0,0.0,0.45029989095154993,0,0
34,36400,0.0,0.0,0.5004956431737921,0,0
35,37440,0.0,0.0,0.5538340268097721,0,0
36,38480,0.0,0.0,0.39573793183422856,0,0
37,39520,0.0,0.0,0.38753657047995316,0,0
38,40560,0.0,0.0,0.5449837119454248,0,0
39,41600,0.0,0.0,0.4247515252344523,0,0
40,42640,0.0,0.0,0.39097533809989327,0,0
41,43680,0.0,0.0,0.4169719226114361,0,0
42,44720,0.0,0.0,0.5665293768351234,0,0
43,45760,0.0,0.0,0.6491475660385794,0,0
44,46800,0.0,0.0,0.5129827423531785,0,0
45,47840,0.0,0.0,0.6645540585610629,0,0
46,48880,0.0,0.0,0.9109560088045401,0,0
47,49920,0.0,0.0,0.7484153513907864,0,0
48,50960,0.0,0.0,0.8580833800560987,0,0
49,52000,0.0,0.0,0.7553377677496909,0,0
