t,bytes_sent,utility,pheromone,f1_val,agg_count,rollback
0,1040,0.0,0.0,0.08954368264159597,0,0
1,2080,0.0,0.0,0.14142628205128205,0,0
2,3120,0.0,0.0,0.14142628205128205,0,0
3,4160,0.0,0.0,0.14142628205128205,0,0
4,5200,0.0,0.0,0.14142628205128205,0,0
5,6240,0.0,0.0,0.14142628205128205,0,0
6,7280,0.0,0.0,0.14142628205128205,0,0
7,8320,0.0,0.0,0.14142628205128205,0,0
8,9360,0.0,0.0,0.14142628205128205,0,0
9,10400,0.0,0.0,0.14142628205128205,0,0
10,11440,0.0,0.0,0.14142628205128205,0,0
11,12480,0.0,0.0,0.14142628205128205,0,0
12,13520,0.0,0.0,0.14142628205128205,0,0
13,14560,0.0,0.0,0.41705570454086727,0,0
14,15600,0.0,0.0,0.5668144352868831,0,0
15,16640,0.0,0.0,0.7104201492110145,0,0
16,17680,0.0,0.0,0.6973646059498682,0,0
17,18720,0.0,0.0,0.6963217086566977,0,0
18,19760,0.0,0.0,0.6964497830774427,0,0
19,20800,0.0,0.0,0.7046222365616405,0,0
20,21840,0.0,0.0,0.6970835757151184,0,0
21,22880,0.0,0.0,0.6946135951649275,0,0
22,23920,0.0,0.0,0.696401899045739,0,0
23,24960,0.0,0.0,0.6959017865483379,0,0
24,26000,0.0,0.0,0.7037656784964208,0,0
25,27040,0.0,0.0,0.6961156686772291,0,0
26,28080,0.0,0.0,0.6954918681935633,0,0
27,29120,0.0,0.0,0.6951645764237926,0,0
28,30160,0.0,0.0,0.6919927037554651,0,0
29,31200,0.0,0.0,0.6704124609110501,0,0
30,32240,0.0,0.0,0.6937852489147958,0,0
31,33280,0.0,0.0,0.7002588517158733,0,0
32,34320,0.0,0.0,0.6951645764237926,0,0
33,35360,0.0,0.0,0.6950549269051783,0,0
34,36400,0.0,0.0,0.6941133665674928,0,0
35,37440,0.0,0.0,0.7009570169138455,0,0
36,38480,0.0,0.0,0.9594455235270531,0,0
37,39520,0.0,0.0,0.9609772948449431,0,0
38,40560,0.0,0.0,0.9185784338883982,0,0
39,41600,0.0,0.0,0.8302284556008643,0,0
40,42640,0.0,0.0,0.9546470570362683,0,0
41,43680,0.0,0.0,0.590357242153903,0,0
42,44720,0.0,0.0,0.9407557891231064,0,0
43,45760,0.0,0.0,0.821613634444006,0,0
44,46800,0.0,0.0,0.7904937369774554,0,0
45,47840,0.0,0.0,0.6188463750856286,0,0
46,48880,0.0,0.0,0.9592204494360184,0,0
47,49920,0.0,0.0,0.8220217785713778,0,0
48,50960,0.0,0.0,0.6158598089824046,0,0
49,52000,0.0,0.0,0.8471675176024147,0,0
