t,bytes_sent,utility,pheromone,f1_val,agg_count,rollback
0,4160,0.0,0.0,0.9976483782674455,0,0
1,8320,0.0,0.0,0.8838288714506991,0,0
2,12480,0.0,0.0,0.9829702484847609,0,0
3,16640,0.0,0.0,0.8885035304971749,0,0
4,20800,0.0,0.0,0.9977998904431125,0,0
5,24960,0.0,0.0,0.9648313494982763,0,0
6,29120,0.0,0.0,0.9764759998064215,0,0
7,33280,0.0,0.0,0.985333954349567,0,0
8,37440,0.0,0.0,0.9184705449374342,0,0
9,41600,0.0,0.0,0.7687285764123063,0,0
10,45760,0.0,0.0,0.8685812454235153,0,0
11,49920,0.0,0.0,0.9294402296257125,0,0
12,54080,0.0,0.0,0.8984350063815149,0,0
13,58240,0.0,0.0,0.8220007245250384,0,0
14,62400,0.0,0.0,0.88816859924607,0,0
15,66560,0.0,0.0,0.8644014552133378,0,0
16,70720,0.0,0.0,0.8419129263979054,0,0
17,74880,0.0,0.0,0.84017918818987,0,0
18,79040,0.0,0.0,0.8599501136533954,0,0
19,83200,0.0,0.0,0.843281565426405,0,0
20,87360,0.0,0.0,0.939858001046695,0,0
21,91520,0.0,0.0,0.8617007268426937,0,0
22,95680,0.0,0.0,0.8867360040072509,0,0
23,99840,0.0,0.0,0.8625879522028683,0,0
24,104000,0.0,0.0,0.8645804104294499,0,0
25,108160,0.0,0.0,0.8518559539942923,0,0
26,112320,0.0,0.0,0.8471879034629364,0,0
27,116480,0.0,0.0,0.8495312075693479,0,0
28,120640,0.0,0.0,0.8481274793875563,0,0
29,124800,0.0,0.0,0.8481274793875563,0,0
30,128960,0.0,0.0,0.8453320316141908,0,0
31,133120,0.0,0.0,0.843875278269465,0,0
32,137280,0.0,0.0,0.8448588065343222,0,0
33,141440,0.0,0.0,0.846526661057241,0,0
34,145600,0.0,0.0,0.8479348943554583,0,0
35,149760,0.0,0.0,0.8493363854459755,0,0
36,153920,0.0,0.0,0.8511947115885969,0,0
37,158080,0.0,0.0,0.8511947115885969,0,0
38,162240,0.0,0.0,0.8511947115885969,0,0
39,166400,0.0,0.0,0.8525808273676505,0,0
40,170560,0.0,0.0,0.8525808273676505,0,0
41,174720,0.0,0.0,0.8539605035128921,0,0
42,178880,0.0,0.0,0.8553338281392748,0,0
43,183040,0.0,0.0,0.8557902066247066,0,0
44,187200,0.0,0.0,0.8571551975817432,0,0
45,191360,0.0,0.0,0.8555697412374859,0,0
46,195520,0.0,0.0,0.8555697412374859,0,0
47,199680,0.0,0.0,0.8569347321945225,0,0
48,203840,0.0,0.0,0.8557950773923197,0,0
49,208000,0.0,0.0,0.8553393917720451,0,0
