t,bytes_sent,utility,pheromone,f1_val,agg_count,rollback
0,4160,0.0,0.0,0.10230654761904762,0,0
1,8320,0.0,0.0,0.13973365136155833,0,0
2,12480,0.0,0.0,0.13973365136155833,0,0
3,16640,0.0,0.0,0.13973365136155833,0,0
4,20800,0.0,0.0,0.13973365136155833,0,0
5,24960,0.0,0.0,0.13973365136155833,0,0
6,29120,0.0,0.0,0.13973365136155833,0,0
7,33280,0.0,0.0,0.13973365136155833,0,0
8,37440,0.0,0.0,0.13973365136155833,0,0
9,41600,0.0,0.0,0.13973365136155833,0,0
10,45760,0.0,0.0,0.385281826833924,0,0
11,49920,0.0,0.0,0.41691903018686227,0,0
12,54080,0.0,0.0,0.41691903018686227,0,0
13,58240,0.0,0.0,0.38381574747486924,0,0
14,62400,0.0,0.0,0.3854762660495976,0,0
15,66560,0.0,0.0,0.42194033063261294,0,0
16,70720,0.0,0.0,0.4246695061242571,0,0
17,74880,0.0,0.0,0.43608497101310323,0,0
18,79040,0.0,0.0,0.5959259204790761,0,0
19,83200,0.0,0.0,0.6713796657745271,0,0
20,87360,0.0,0.0,0.6909043817441924,0,0
21,91520,0.0,0.0,0.691445471055588,0,0
22,95680,0.0,0.0,0.6689419305410098,0,0
23,99840,0.0,0.0,0.6947705251003172,0,0
24,104000,0.0,0.0,0.6949685432667543,0,0
25,108160,0.0,0.0,0.6906002481754958,0,0
26,112320,0.0,0.0,0.6970400288968347,0,0
27,116480,0.0,0.0,0.9544765063942973,0,0
28,120640,0.0,0.0,0.6965396294315246,0,0
29,124800,0.0,0.0,0.6904036185747422,0,0
30,128960,0.0,0.0,0.7240229176944134,0,0
31,133120,0.0,0.0,0.6948763146286259,0,0
32,137280,0.0,0.0,0.9233913968917254,0,0
33,141440,0.0,0.0,0.693392620057208,0,0
34,145600,0.0,0.0,0.9663264479085532,0,0
35,149760,0.0,0.0,0.6953980652296013,0,0
36,153920,0.0,0.0,0.767544224864831,0,0
37,158080,0.0,0.0,0.701225478838704,0,0
38,162240,0.0,0.0,0.9906733400589,0,0
39,166400,0.0,0.0,0.8670799532542308,0,0
40,170560,0.0,0.0,0.7346504513259906,0,0
41,174720,0.0,0.0,0.6966906851677835,0,0
42,178880,0.0,0.0,0.9795816814287328,0,0
43,183040,0.0,0.0,0.7158990218014121,0,0
44,187200,0.0,0.0,0.9889260762349552,0,0
45,191360,0.0,0.0,0.9886169411988269,0,0
46,195520,0.0,0.0,0.7346168398216277,0,0
47,199680,0.0,0.0,0.770301348545733,0,0
48,203840,0.0,0.0,0.7031950463033163,0,0
49,208000,0.0,0.0,0.9905549322493225,0,0
