t,bytes_sent,utility,pheromone,f1_val,agg_count,rollback
0,4160,0.0,0.0,0.14808424987420027,0,0
1,8320,0.0,0.0,0.24729682595047087,0,0
2,12480,0.0,0.0,0.24744304974430498,0,0
3,16640,0.0,0.0,0.24751612340944742,0,0
4,20800,0.0,0.0,0.24693081980566708,0,0
5,24960,0.0,0.0,0.2054724459787751,0,0
6,29120,0.0,0.0,0.13799677372048688,0,0
7,33280,0.0,0.0,0.12417118746232671,0,0
8,37440,0.0,0.0,0.09036289353520788,0,0
9,41600,0.0,0.0,0.21071925167488306,0,0
10,45760,0.0,0.0,0.16212057630437823,0,0
11,49920,0.0,0.0,0.1628605349535582,0,0
12,54080,0.0,0.0,0.1850590827158021,0,0
13,58240,0.0,0.0,0.1936795174403357,0,0
14,62400,0.0,0.0,0.19479330193615907,0,0
15,66560,0.0,0.0,0.20767322008016798,0,0
16,70720,0.0,0.0,0.21559432251610078,0,0
17,74880,0.0,0.0,0.21878686285465945,0,0
18,79040,0.0,0.0,0.2180348258706468,0,0
19,83200,0.0,0.0,0.21961950796306626,0,0
20,87360,0.0,0.0,0.22373672253944865,0,0
21,91520,0.0,0.0,0.22446978055657718,0,0
22,95680,0.0,0.0,0.22857836885893,0,0
23,99840,0.0,0.0,0.23080176424385235,0,0
24,104000,0.0,0.0,0.23103864734299517,0,0
25,108160,0.0,0.0,0.22801897117840206,0,0
26,112320,0.0,0.0,0.22745814307458143,0,0
27,116480,0.0,0.0,0.22495713935831496,0,0
28,120640,0.0,0.0,0.22544342507645262,0,0
29,124800,0.0,0.0,0.22609014290949067,0,0
30,128960,0.0,0.0,0.23088075389633925,0,0
31,133120,0.0,0.0,0.2348716107021009,0,0
32,137280,0.0,0.0,0.23871388740582547,0,0
33,141440,0.0,0.0,0.2417388231136243,0,0
34,145600,0.0,0.0,0.2436077879427633,0,0
35,149760,0.0,0.0,0.24457316716400446,0,0
36,153920,0.0,0.0,0.24516505988898626,0,0
37,158080,0.0,0.0,0.2458289581145724,0,0
38,162240,0.0,0.0,0.24627039627039626,0,0
39,166400,0.0,0.0,0.24671090930259634,0,0
40,170560,0.0,0.0,0.2470040721349622,0,0
41,174720,0.0,0.0,0.2470772989007154,0,0
42,178880,0.0,0.0,0.24715050011630613,0,0
43,183040,0.0,0.0,0.24722367579510438,0,0
44,187200,0.0,0.0,0.24722367579510438,0,0
45,191360,0.0,0.0,0.24729682595047087,0,0
46,195520,0.0,0.0,0.24729682595047087,0,0
47,199680,0.0,0.0,0.24729682595047087,0,0
48,203840,0.0,0.0,0.24729682595047087,0,0
49,208000,0.0,0.0,0.24729682595047087,0,0
