t,bytes_sent,utility,pheromone,f1_val,agg_count,rollback
0,1040,0.0,0.0,0.588674752860498,0,0
1,2080,0.0,0.0,0.6794965677324517,0,0
2,3120,0.0,0.0,0.7519221142529073,0,0
3,4160,0.0,0.0,0.6361290853222943,0,0
4,5200,0.0,0.0,0.7451387300526601,0,0
5,6240,0.0,0.0,0.7510653231682061,0,0
6,7280,0.0,0.0,0.6436068284756039,0,0
7,8320,0.0,0.0,0.6976165470845703,0,0
8,9360,0.0,0.0,0.6527569700363707,0,0
9,10400,0.0,0.0,0.7204590747503807,0,0
10,11440,0.0,0.0,0.7229542924194485,0,0
11,12480,0.0,0.0,0.646660893562993,0,0
12,13520,0.0,0.0,0.7239869895371107,0,0
13,14560,0.0,0.0,0.6300753838620522,0,0
14,15600,0.0,0.0,0.7612966201339972,0,0
15,16640,0.0,0.0,0.7364780873562995,0,0
16,17680,0.0,0.0,0.6687508224957116,0,0
17,18720,0.0,0.0,0.6764638403360659,0,0
18,19760,0.0,0.0,0.7042853096916304,0,0
19,20800,0.0,0.0,0.6937443429117185,0,0
20,21840,0.0,0.0,0.7785063572065005,0,0
21,22880,0.0,0.0,0.7606383835132741,0,0
22,23920,0.0,0.0,0.7625113210164259,0,0
23,24960,0.0,0.0,0.6489465364025397,0,0
24,26000,0.0,0.0,0.7034956683664995,0,0
25,27040,0.0,0.0,0.7515649830032924,0,0
26,28080,0.0,0.0,0.7151491843551109,0,0
27,29120,0.0,0.0,0.7379983919979853,0,0
28,30160,0.0,0.0,0.7394749141697894,0,0
29,31200,0.0,0.0,0.7346035622306308,0,0
30,32240,0.0,0.0,0.6702865277558648,0,0
31,33280,0.0,0.0,0.6360769781646305,0,0
32,34320,0.0,0.0,0.6909359375861883,0,0
33,35360,0.0,0.0,0.6186496594894206,0,0
34,36400,0.0,0.0,0.7674986019617211,0,0
35,37440,0.0,0.0,0.6848393604426255,0,0
36,38480,0.0,0.0,0.7487505433046127,0,0
37,39520,0.0,0.0,0.57351731347669,0,0
38,40560,0.0,0.0,0.596675362955043,0,0
39,41600,0.0,0.0,0.5623653891721526,0,0
40,42640,0.0,0.0,0.6632372518271937,0,0
41,43680,0.0,0.0,0.6292665533121284,0,0
42,44720,0.0,0.0,0.5799457999376275,0,0
43,45760,0.0,0.0,0.562122221543216,0,0
44,46800,0.0,0.0,0.6819927279959006,0,0
45,47840,0.0,0.0,0.7786715972829442,0,0
46,48880,0.0,0.0,0.7043995010735148,0,0
47,49920,0.0,0.0,0.612134183767338,0,0
48,50960,0.0,0.0,0.6683333529407965,0,0
49,52000,0.0,0.0,0.6883920346679301,0,0
