t,bytes_sent,utility,pheromone,f1_val,agg_count,rollback
0,1040,0.0,0.0,0.69868264396051,0,0
1,2080,0.0,0.0,0.7610549216702734,0,0
2,3120,0.0,0.0,0.8282173125694405,0,0
3,4160,0.0,0.0,0.8292682800219963,0,0
4,5200,0.0,0.0,0.7507230026952683,0,0
5,6240,0.0,0.0,0.8375957102559238,0,0
6,7280,0.0,0.0,0.8302247626831553,0,0
7,8320,0.0,0.0,0.7015670822594422,0,0
8,9360,0.0,0.0,0.8313279909615324,0,0
9,10400,0.0,0.0,0.831587653815581,0,0
10,11440,0.0,0.0,0.7421377137851561,0,0
11,12480,0.0,0.0,0.8294458152374049,0,0
12,13520,0.0,0.0,0.6820776157144688,0,0
13,14560,0.0,0.0,0.8309351181928022,0,0
14,15600,0.0,0.0,0.8300361389912699,0,0
15,16640,0.0,0.0,0.8282256170807882,0,0
16,17680,0.0,0.0,0.7530251692670427,0,0
17,18720,0.0,0.0,0.7252094378654355,0,0
18,19760,0.0,0.0,0.726777657651762,0,0
19,20800,0.0,0.0,0.724662294343604,0,0
20,21840,0.0,0.0,0.8314342923505804,0,0
21,22880,0.0,0.0,0.8266038137183476,0,0
22,23920,0.0,0.0,0.8239504937585564,0,0
23,24960,0.0,0.0,0.8228667808179677,0,0
24,26000,0.0,0.0,0.8262986467735741,0,0
25,27040,0.0,0.0,0.827065046128219,0,0
26,28080,0.0,0.0,0.8269518426082595,0,0
27,29120,0.0,0.0,0.827209044989397,0,0
28,30160,0.0,0.0,0.7172341967955206,0,0
29,31200,0.0,0.0,0.7191849840875026,0,0
30,32240,0.0,0.0,0.7192785064724638,0,0
31,33280,0.0,0.0,0.7632973084079996,0,0
32,34320,0.0,0.0,0.7660425050901782,0,0
33,35360,0.0,0.0,0.8276415445519838,0,0
34,36400,0.0,0.0,0.7573102499669295,0,0
35,37440,0.0,0.0,0.8284256982450122,0,0
36,38480,0.0,0.0,0.7196935668943053,0,0
37,39520,0.0,0.0,0.8149583914853709,0,0
38,40560,0.0,0.0,0.8304871216734115,0,0
39,41600,0.0,0.0,0.8328017280439565,0,0
40,42640,0.0,0.0,0.8335687634751346,0,0
41,43680,0.0,0.0,0.8355972659990577,0,0
42,44720,0.0,0.0,0.8368523501527669,0,0
43,45760,0.0,0.0,0.8395958641097986,0,0
44,46800,0.0,0.0,0.8731736606554488,0,0
45,47840,0.0,0.0,0.875135910608102,0,0
46,48880,0.0,0.0,0.90209222909385,0,0
47,49920,0.0,0.0,0.891037146069057,0,0
48,50960,0.0,0.0,0.8992135763964265,0,0
49,52000,0.0,0.0,0.9096795353530683,0,0
