t,bytes_sent,utility,pheromone,f1_val,agg_count,rollback
0,1040,0.0,0.0,0.1595661743781861,0,0
1,2080,0.0,0.0,0.14142628205128205,0,0
2,3120,0.0,0.0,0.14142628205128205,0,0
3,4160,0.0,0.0,0.14142628205128205,0,0
4,5200,0.0,0.0,0.14142628205128205,0,0
5,6240,0.0,0.0,0.14142628205128205,0,0
6,7280,0.0,0.0,0.14142628205128205,0,0
7,8320,0.0,0.0,0.14142628205128205,0,0
8,9360,0.0,0.0,0.14142628205128205,0,0
9,10400,0.0,0.0,0.14142628205128205,0,0
10,11440,0.0,0.0,0.14142628205128205,0,0
11,12480,0.0,0.0,0.14142628205128205,0,0
12,13520,0.0,0.0,0.14142628205128205,0,0
13,14560,0.0,0.0,0.4168551858772006,0,0
14,15600,0.0,0.0,0.4172560359570804,0,0
15,16640,0.0,0.0,0.41625250229074906,0,0
16,17680,0.0,0.0,0.41689493363097396,0,0
17,18720,0.0,0.0,0.7087172919643983,0,0
18,19760,0.0,0.0,0.4091384283275601,0,0
19,20800,0.0,0.0,0.6994254260193732,0,0
20,21840,0.0,0.0,0.7092967827444533,0,0
21,22880,0.0,0.0,0.6855715518775789,0,0
22,23920,0.0,0.0,0.696618645138049,0,0
23,24960,0.0,0.0,0.6179334945240543,0,0
24,26000,0.0,0.0,0.6989655714355008,0,0
25,27040,0.0,0.0,0.7071427791845274,0,0
26,28080,0.0,0.0,0.7064433603888606,0,0
27,29120,0.0,0.0,0.6959074751097141,0,0
28,30160,0.0,0.0,0.7069228406029284,0,0
29,31200,0.0,0.0,0.6976936718656584,0,0
30,32240,0.0,0.0,0.698345548964744,0,0
31,33280,0.0,0.0,0.6497250776954339,0,0
32,34320,0.0,0.0,0.6966238253662006,0,0
33,35360,0.0,0.0,0.6988643421744775,0,0
34,36400,0.0,0.0,0.7063098147136644,0,0
35,37440,0.0,0.0,0.705761488285455,0,0
36,38480,0.0,0.0,0.69412417143554,0,0
37,39520,0.0,0.0,0.7071553585334682,0,0
38,40560,0.0,0.0,0.6972496661940526,0,0
39,41600,0.0,0.0,0.6647717718594421,0,0
40,42640,0.0,0.0,0.6769121519035726,0,0
41,43680,0.0,0.0,0.9527971353752329,0,0
42,44720,0.0,0.0,0.6403722877600122,0,0
43,45760,0.0,0.0,0.840590116423353,0,0
44,46800,0.0,0.0,0.9573273795801152,0,0
45,47840,0.0,0.0,0.6416666134404627,0,0
46,48880,0.0,0.0,0.8592839631775295,0,0
47,49920,0.0,0.0,0.9024697948613375,0,0
48,50960,0.0,0.0,0.7929498425660293,0,0
49,52000,0.0,0.0,0.7555486671673162,0,0
