t,bytes_sent,utility,pheromone,f1_val,agg_count,rollback
0,4160,0.0,0.0,0.604394459421111,0,0
1,8320,0.0,0.0,0.9324090627588819,0,0
2,12480,0.0,0.0,0.7217379910156427,0,0
3,16640,0.0,0.0,0.9316614032173278,0,0
4,20800,0.0,0.0,0.9391617321326589,0,0
5,24960,0.0,0.0,0.9216049830771627,0,0
6,29120,0.0,0.0,0.9416811054940882,0,0
7,33280,0.0,0.0,0.9333150665028249,0,0
8,37440,0.0,0.0,0.9441567603567669,0,0
9,41600,0.0,0.0,0.9456045236698762,0,0
10,45760,0.0,0.0,0.9436806213933596,0,0
11,49920,0.0,0.0,0.940430006206355,0,0
12,54080,0.0,0.0,0.9352170151909016,0,0
13,58240,0.0,0.0,0.935792979011259,0,0
14,62400,0.0,0.0,0.9448490588969526,0,0
15,66560,0.0,0.0,0.9372452405427221,0,0
16,70720,0.0,0.0,0.9510816879480013,0,0
17,74880,0.0,0.0,0.9440048672561745,0,0
18,79040,0.0,0.0,0.9083247593305175,0,0
19,83200,0.0,0.0,0.9218638031753109,0,0
20,87360,0.0,0.0,0.9346299130371982,0,0
21,91520,0.0,0.0,0.9272959284187398,0,0
22,95680,0.0,0.0,0.9301392406594841,0,0
23,99840,0.0,0.0,0.9280946878585136,0,0
24,104000,0.0,0.0,0.9345097315833545,0,0
25,108160,0.0,0.0,0.9266011263010601,0,0
26,112320,0.0,0.0,0.9282423442552941,0,0
27,116480,0.0,0.0,0.9369369049494696,0,0
28,120640,0.0,0.0,0.9555702027544505,0,0
29,124800,0.0,0.0,0.9557286545362498,0,0
30,128960,0.0,0.0,0.9294256870163452,0,0
31,133120,0.0,0.0,0.9539201227055059,0,0
32,137280,0.0,0.0,0.9517654478149513,0,0
33,141440,0.0,0.0,0.9378236199501786,0,0
34,145600,0.0,0.0,0.9380698579285421,0,0
35,149760,0.0,0.0,0.9358307316409409,0,0
36,153920,0.0,0.0,0.9342807102793802,0,0
37,158080,0.0,0.0,0.9531941809663131,0,0
38,162240,0.0,0.0,0.9543352843850108,0,0
39,166400,0.0,0.0,0.9383722575991188,0,0
40,170560,0.0,0.0,0.9368118201965796,0,0
41,174720,0.0,0.0,0.936715073606246,0,0
42,178880,0.0,0.0,0.9367003122492619,0,0
43,183040,0.0,0.0,0.9420477369288702,0,0
44,187200,0.0,0.0,0.9512651779624182,0,0
45,191360,0.0,0.0,0.9521856248856255,0,0
46,195520,0.0,0.0,0.9561693935692201,0,0
47,199680,0.0,0.0,0.9507928179435429,0,0
48,203840,0.0,0.0,0.9513679920076691,0,0
49,208000,0.0,0.0,0.9508094967081697,0,0
