t,bytes_sent,utility,pheromone,f1_val,agg_count,rollback
0,4160,0.0,0.0,0.9622971202719408,0,0
1,8320,0.0,0.0,0.6493798969723737,0,0
2,12480,0.0,0.0,0.6177230524171547,0,0
3,16640,0.0,0.0,0.7900361987473068,0,0
4,20800,0.0,0.0,0.8115407926595819,0,0
5,24960,0.0,0.0,0.8410909332129927,0,0
6,29120,0.0,0.0,0.7713998857086397,0,0
7,33280,0.0,0.0,0.8475494883059065,0,0
8,37440,0.0,0.0,0.8180316681054196,0,0
9,41600,0.0,0.0,0.9367311373238094,0,0
10,45760,0.0,0.0,0.9686912781365962,0,0
11,49920,0.0,0.0,0.9430868544577193,0,0
12,54080,0.0,0.0,0.9177607164693699,0,0
13,58240,0.0,0.0,0.9433269139381657,0,0
14,62400,0.0,0.0,0.9630585082044035,0,0
15,66560,0.0,0.0,0.9667967724817996,0,0
16,70720,0.0,0.0,0.9231805957732397,0,0
17,74880,0.0,0.0,0.9589841442870863,0,0
18,79040,0.0,0.0,0.9378989228286956,0,0
19,83200,0.0,0.0,0.9238370223949879,0,0
20,87360,0.0,0.0,0.9206714594330486,0,0
21,91520,0.0,0.0,0.9115170466872128,0,0
22,95680,0.0,0.0,0.9103347838816012,0,0
23,99840,0.0,0.0,0.9581149676466225,0,0
24,104000,0.0,0.0,0.9464032187135182,0,0
25,108160,0.0,0.0,0.8434053942527571,0,0
26,112320,0.0,0.0,0.940974998842884,0,0
27,116480,0.0,0.0,0.9447790913248635,0,0
28,120640,0.0,0.0,0.944554334023257,0,0
29,124800,0.0,0.0,0.9647365651158988,0,0
30,128960,0.0,0.0,0.9661322553152744,0,0
31,133120,0.0,0.0,0.9733835339797179,0,0
32,137280,0.0,0.0,0.9733996908797429,0,0
33,141440,0.0,0.0,0.9720392227622795,0,0
34,145600,0.0,0.0,0.9710637815507248,0,0
35,149760,0.0,0.0,0.9690841574895054,0,0
36,153920,0.0,0.0,0.9680135283073716,0,0
37,158080,0.0,0.0,0.9629638786642374,0,0
38,162240,0.0,0.0,0.9723933136920551,0,0
39,166400,0.0,0.0,0.95872835905669,0,0
40,170560,0.0,0.0,0.9561651261543499,0,0
41,174720,0.0,0.0,0.9512341873926711,0,0
42,178880,0.0,0.0,0.9496740521662601,0,0
43,183040,0.0,0.0,0.9459793333919703,0,0
44,187200,0.0,0.0,0.946364330354735,0,0
45,191360,0.0,0.0,0.9463627348235659,0,0
46,195520,0.0,0.0,0.9436537281576551,0,0
47,199680,0.0,0.0,0.9414299188223333,0,0
48,203840,0.0,0.0,0.9379534893378978,0,0
49,208000,0.0,0.0,0.9365023783762815,0,0
