t,bytes_sent,utility,pheromone,f1_val,agg_count,rollback
0,4160,0.0,0.0,0.14035785288270378,0,0
1,8320,0.0,0.0,0.14035785288270378,0,0
2,12480,0.0,0.0,0.14035785288270378,0,0
3,16640,0.0,0.0,0.14035785288270378,0,0
4,20800,0.0,0.0,0.14035785288270378,0,0
5,24960,0.0,0.0,0.14035785288270378,0,0
6,29120,0.0,0.0,0.14035785288270378,0,0
7,33280,0.0,0.0,0.14035785288270378,0,0
8,37440,0.0,0.0,0.14035785288270378,0,0
9,41600,0.0,0.0,0.14035785288270378,0,0
10,45760,0.0,0.0,0.14035785288270378,0,0
11,49920,0.0,0.0,0.14248234106962665,0,0
12,54080,0.0,0.0,0.36047702364462586,0,0
13,58240,0.0,0.0,0.3961213369182689,0,0
14,62400,0.0,0.0,0.5197730414014426,0,0
15,66560,0.0,0.0,0.7015066829465911,0,0
16,70720,0.0,0.0,0.701751512821432,0,0
17,74880,0.0,0.0,0.7019269709023651,0,0
18,79040,0.0,0.0,0.7016841223542372,0,0
19,83200,0.0,0.0,0.7016841223542372,0,0
20,87360,0.0,0.0,0.7016841223542372,0,0
21,91520,0.0,0.0,0.7016841223542372,0,0
22,95680,0.0,0.0,0.7016841223542372,0,0
23,99840,0.0,0.0,0.7016841223542372,0,0
24,104000,0.0,0.0,0.9283818576367843,0,0
25,108160,0.0,0.0,0.9884104162929802,0,0
26,112320,0.0,0.0,0.9686193047048042,0,0
27,116480,0.0,0.0,0.972013199171735,0,0
28,120640,0.0,0.0,0.9591989392924253,0,0
29,124800,0.0,0.0,0.9624544588945039,0,0
30,128960,0.0,0.0,0.9969975081576651,0,0
31,133120,0.0,0.0,0.9969755000837764,0,0
32,137280,0.0,0.0,0.9969755000837764,0,0
33,141440,0.0,0.0,0.9940522555841613,0,0
34,145600,0.0,0.0,0.9969975081576651,0,0
35,149760,0.0,0.0,0.9969755000837764,0,0
36,153920,0.0,0.0,0.9969755000837764,0,0
37,158080,0.0,0.0,0.9961380077959525,0,0
38,162240,0.0,0.0,0.9973862616479148,0,0
39,166400,0.0,0.0,0.9973862616479148,0,0
40,170560,0.0,0.0,0.9617159125069074,0,0
41,174720,0.0,0.0,0.9969755000837764,0,0
42,178880,0.0,0.0,0.9969755000837764,0,0
43,183040,0.0,0.0,0.9969755000837764,0,0
44,187200,0.0,0.0,0.9973862616479148,0,0
45,191360,0.0,0.0,0.9971432857297993,0,0
46,195520,0.0,0.0,0.9971687801929319,0,0
47,199680,0.0,0.0,0.9971461492914482,0,0
48,203840,0.0,0.0,0.9967325241656609,0,0
49,208000,0.0,0.0,0.9971687801929319,0,0
