t,bytes_sent,utility,pheromone,f1_val,agg_count,rollback
0,1040,0.0,0.0,0.13973365136155833,0,0
1,2080,0.0,0.0,0.13973365136155833,0,0
2,3120,0.0,0.0,0.13973365136155833,0,0
3,4160,0.0,0.0,0.13973365136155833,0,0
4,5200,0.0,0.0,0.13973365136155833,0,0
5,6240,0.0,0.0,0.13973365136155833,0,0
6,7280,0.0,0.0,0.13973365136155833,0,0
7,8320,0.0,0.0,0.13973365136155833,0,0
8,9360,0.0,0.0,0.13973365136155833,0,0
9,10400,0.0,0.0,0.13973365136155833,0,0
10,11440,0.0,0.0,0.13973365136155833,0,0
11,12480,0.0,0.0,0.13973365136155833,0,0
12,13520,0.0,0.0,0.4156068426860873,0,0
13,14560,0.0,0.0,0.4193281648878562,0,0
14,15600,0.0,0.0,0.4424931918672081,0,0
15,16640,0.0,0.0,0.6856753642573834,0,0
16,17680,0.0,0.0,0.6950132569699761,0,0
17,18720,0.0,0.0,0.6892461123081077,0,0
18,19760,0.0,0.0,0.6940353446391996,0,0
19,20800,0.0,0.0,0.6978106800527788,0,0
20,21840,0.0,0.0,0.6880132391099014,0,0
21,22880,0.0,0.0,0.6981610926653231,0,0
22,23920,0.0,0.0,0.7347342392462949,0,0
23,24960,0.0,0.0,0.6942156547726291,0,0
24,26000,0.0,0.0,0.7720932526353408,0,0
25,27040,0.0,0.0,0.6988926503430212,0,0
26,28080,0.0,0.0,0.7985145649173613,0,0
27,29120,0.0,0.0,0.9584219211143268,0,0
28,30160,0.0,0.0,0.8073398134001868,0,0
29,31200,0.0,0.0,0.6969918326695088,0,0
30,32240,0.0,0.0,0.9860689873701961,0,0
31,33280,0.0,0.0,0.8125621402565726,0,0
32,34320,0.0,0.0,0.992595053384916,0,0
33,35360,0.0,0.0,0.9920531525566103,0,0
34,36400,0.0,0.0,0.9503666295383835,0,0
35,37440,0.0,0.0,0.7948536148507126,0,0
36,38480,0.0,0.0,0.8733874685405433,0,0
37,39520,0.0,0.0,0.8121794424232263,0,0
38,40560,0.0,0.0,0.7682666173361503,0,0
39,41600,0.0,0.0,0.9445553273598216,0,0
40,42640,0.0,0.0,0.898417094296664,0,0
41,43680,0.0,0.0,0.781554407687773,0,0
42,44720,0.0,0.0,0.9892712603578524,0,0
43,45760,0.0,0.0,0.8297358846694235,0,0
44,46800,0.0,0.0,0.9941299432230805,0,0
45,47840,0.0,0.0,0.9559551934109788,0,0
46,48880,0.0,0.0,0.9806357866875467,0,0
47,49920,0.0,0.0,0.8164074698922552,0,0
48,50960,0.0,0.0,0.8736227107861203,0,0
49,52000,0.0,0.0,0.888007139210687,0,0
