t,bytes_sent,utility,pheromone,f1_val,agg_count,rollback
0,1040,0.0,0.0,0.05525407005426739,0,0
1,2080,0.0,0.0,0.14226190476190476,0,0
2,3120,0.0,0.0,0.14226190476190476,0,0
3,4160,0.0,0.0,0.14226190476190476,0,0
4,5200,0.0,0.0,0.14226190476190476,0,0
5,6240,0.0,0.0,0.14226190476190476,0,0
6,7280,0.0,0.0,0.14226190476190476,0,0
7,8320,0.0,0.0,0.14226190476190476,0,0
8,9360,0.0,0.0,0.14226190476190476,0,0
9,10400,0.0,0.0,0.14226190476190476,0,0
10,11440,0.0,0.0,0.14226190476190476,0,0
11,12480,0.0,0.0,0.41654174186412063,0,0
12,13520,0.0,0.0,0.4177505557824055,0,0
13,14560,0.0,0.0,0.4176671856330787,0,0
14,15600,0.0,0.0,0.41758608903622574,0,0
15,16640,0.0,0.0,0.41774624146170947,0,0
16,17680,0.0,0.0,0.6834359028035892,0,0
17,18720,0.0,0.0,0.4212623761803236,0,0
18,19760,0.0,0.0,0.7008168588441903,0,0
19,20800,0.0,0.0,0.6612000495811972,0,0
20,21840,0.0,0.0,0.6352199871499183,0,0
21,22880,0.0,0.0,0.7006099296049884,0,0
22,23920,0.0,0.0,0.42137429356086387,0,0
23,24960,0.0,0.0,0.7006090940057808,0,0
24,26000,0.0,0.0,0.7006083926626743,0,0
25,27040,0.0,0.0,0.6338781524328562,0,0
26,28080,0.0,0.0,0.6669040313475788,0,0
27,29120,0.0,0.0,0.700320598491359,0,0
28,30160,0.0,0.0,0.700320598491359,0,0
29,31200,0.0,0.0,0.4241359206827671,0,0
30,32240,0.0,0.0,0.7003213174339138,0,0
31,33280,0.0,0.0,0.4375805782162395,0,0
32,34320,0.0,0.0,0.6728495788814024,0,0
33,35360,0.0,0.0,0.7003213174339138,0,0
34,36400,0.0,0.0,0.6884485704028542,0,0
35,37440,0.0,0.0,0.700320598491359,0,0
36,38480,0.0,0.0,0.4365203615158915,0,0
37,39520,0.0,0.0,0.4365203615158915,0,0
38,40560,0.0,0.0,0.5759801764412249,0,0
39,41600,0.0,0.0,0.653436763854155,0,0
40,42640,0.0,0.0,0.7003213174339138,0,0
41,43680,0.0,0.0,0.700407554886547,0,0
42,44720,0.0,0.0,0.42683294025590707,0,0
43,45760,0.0,0.0,0.7004083344258929,0,0
44,46800,0.0,0.0,0.700407554886547,0,0
45,47840,0.0,0.0,0.7191025941838447,0,0
46,48880,0.0,0.0,0.43676623050537206,0,0
47,49920,0.0,0.0,0.43681548164082706,0,0
48,50960,0.0,0.0,0.7004938661094564,0,0
49,52000,0.0,0.0,0.6729331308662625,0,0
