t,bytes_sent,utility,pheromone,f1_val,agg_count,rollback
0,1040,0.0,0.0,0.7254666772340771,0,0
1,2080,0.0,0.0,0.6034948528932416,0,0
2,3120,0.0,0.0,0.4226982589386183,0,0
3,4160,0.0,0.0,0.6033957771737275,0,0
4,5200,0.0,0.0,0.8458428667879063,0,0
5,6240,0.0,0.0,0.8230082007678986,0,0
6,7280,0.0,0.0,0.8756969667215765,0,0
7,8320,0.0,0.0,0.8767124419120731,0,0
8,9360,0.0,0.0,0.8795846117447068,0,0
9,10400,0.0,0.0,0.8795846117447068,0,0
10,11440,0.0,0.0,0.8795846117447068,0,0
11,12480,0.0,0.0,0.8790102149039537,0,0
12,13520,0.0,0.0,0.8795846117447068,0,0
13,14560,0.0,0.0,0.8754603052451742,0,0
14,15600,0.0,0.0,0.8394350868007612,0,0
15,16640,0.0,0.0,0.8388491851757032,0,0
16,17680,0.0,0.0,0.8400206571359937,0,0
17,18720,0.0,0.0,0.8490206703255865,0,0
18,19760,0.0,0.0,0.8317484049924444,0,0
19,20800,0.0,0.0,0.8657860068342876,0,0
20,21840,0.0,0.0,0.861174368461272,0,0
21,22880,0.0,0.0,0.8405569658350265,0,0
22,23920,0.0,0.0,0.8379188455065998,0,0
23,24960,0.0,0.0,0.8243616847326626,0,0
24,26000,0.0,0.0,0.7832682822008199,0,0
25,27040,0.0,0.0,0.8239704872068612,0,0
26,28080,0.0,0.0,0.822951954116639,0,0
27,29120,0.0,0.0,0.7951713786919545,0,0
28,30160,0.0,0.0,0.8808739626661135,0,0
29,31200,0.0,0.0,0.8818974705059492,0,0
30,32240,0.0,0.0,0.8802078838348448,0,0
31,33280,0.0,0.0,0.8807822946919871,0,0
32,34320,0.0,0.0,0.8808498483594946,0,0
33,35360,0.0,0.0,0.8802754515187416,0,0
34,36400,0.0,0.0,0.8644932627077753,0,0
35,37440,0.0,0.0,0.8807822946919871,0,0
36,38480,0.0,0.0,0.9142632374273363,0,0
37,39520,0.0,0.0,0.9064034065711496,0,0
38,40560,0.0,0.0,0.9031400975676157,0,0
39,41600,0.0,0.0,0.905178312379842,0,0
40,42640,0.0,0.0,0.8806455035727029,0,0
41,43680,0.0,0.0,0.9152219403082251,0,0
42,44720,0.0,0.0,0.9133129803562766,0,0
43,45760,0.0,0.0,0.9141299206226412,0,0
44,46800,0.0,0.0,0.911334123675205,0,0
45,47840,0.0,0.0,0.9035798448278318,0,0
46,48880,0.0,0.0,0.9154590239779956,0,0
47,49920,0.0,0.0,0.9157326456272675,0,0
48,50960,0.0,0.0,0.7244873768618957,0,0
49,52000,0.0,0.0,0.9947612973923683,0,0
