t,bytes_sent,utility,pheromone,f1_val,agg_count,rollback
0,1040,0.0,0.0,0.5962223584291932,0,0
1,2080,0.0,0.0,0.7824035659891064,0,0
2,3120,0.0,0.0,0.8245298478599135,0,0
3,4160,0.0,0.0,0.6869966701926323,0,0
4,5200,0.0,0.0,0.7742284901181975,0,0
5,6240,0.0,0.0,0.7037395281491426,0,0
6,7280,0.0,0.0,0.7541098536491633,0,0
7,8320,0.0,0.0,0.7589401571381759,0,0
8,9360,0.0,0.0,0.7843061365024274,0,0
9,10400,0.0,0.0,0.9518803343597128,0,0
10,11440,0.0,0.0,0.7770893945397706,0,0
11,12480,0.0,0.0,0.8321308157529388,0,0
12,13520,0.0,0.0,0.7754532031377599,0,0
13,14560,0.0,0.0,0.852291116947453,0,0
14,15600,0.0,0.0,0.8439557549472604,0,0
15,16640,0.0,0.0,0.830861500989795,0,0
16,17680,0.0,0.0,0.8310874739892937,0,0
17,18720,0.0,0.0,0.828141897240545,0,0
18,19760,0.0,0.0,0.8312513299783071,0,0
19,20800,0.0,0.0,0.84617124484545,0,0
20,21840,0.0,0.0,0.8501368355411141,0,0
21,22880,0.0,0.0,0.8358057828228533,0,0
22,23920,0.0,0.0,0.8518885230539197,0,0
23,24960,0.0,0.0,0.8539582398439793,0,0
24,26000,0.0,0.0,0.8493499855057755,0,0
25,27040,0.0,0.0,0.8472742732856117,0,0
26,28080,0.0,0.0,0.8500722231589655,0,0
27,29120,0.0,0.0,0.8466007818331959,0,0
28,30160,0.0,0.0,0.8425432879649378,0,0
29,31200,0.0,0.0,0.8341398672892298,0,0
30,32240,0.0,0.0,0.8371799183814076,0,0
31,33280,0.0,0.0,0.8180952938408896,0,0
32,34320,0.0,0.0,0.8402625589788564,0,0
33,35360,0.0,0.0,0.833909572865781,0,0
34,36400,0.0,0.0,0.842492481437689,0,0
35,37440,0.0,0.0,0.8355687081363468,0,0
36,38480,0.0,0.0,0.8245295423458204,0,0
37,39520,0.0,0.0,0.8330741127908808,0,0
38,40560,0.0,0.0,0.8367774189989967,0,0
39,41600,0.0,0.0,0.8288837537600353,0,0
40,42640,0.0,0.0,0.8190838757028951,0,0
41,43680,0.0,0.0,0.8254160031587702,0,0
42,44720,0.0,0.0,0.8266389322756931,0,0
43,45760,0.0,0.0,0.823954412076043,0,0
44,46800,0.0,0.0,0.818150229110147,0,0
45,47840,0.0,0.0,0.8217966114343533,0,0
46,48880,0.0,0.0,0.8188196805666064,0,0
47,49920,0.0,0.0,0.8200034943997756,0,0
48,50960,0.0,0.0,0.8282893202967346,0,0
49,52000,0.0,0.0,0.8262955396941981,0,0
