t,bytes_sent,utility,pheromone,f1_val,agg_count,rollback
0,1040,0.0,0.0,0.3243890691711937,0,0
1,2080,0.0,0.0,0.08833063209076175,0,0
2,3120,0.0,0.0,0.37953317844286866,0,0
3,4160,0.0,0.0,0.35163514847064703,0,0
4,5200,0.0,0.0,0.14022662889518414,0,0
5,6240,0.0,0.0,0.14022662889518414,0,0
6,7280,0.0,0.0,0.14022662889518414,0,0
7,8320,0.0,0.0,0.14022662889518414,0,0
8,9360,0.0,0.0,0.14022662889518414,0,0
9,10400,0.0,0.0,0.14022662889518414,0,0
10,11440,0.0,0.0,0.4625484244580518,0,0
11,12480,0.0,0.0,0.542089217657835,0,0
12,13520,0.0,0.0,0.37439474452741445,0,0
13,14560,0.0,0.0,0.37331142393762135,0,0
14,15600,0.0,0.0,0.37218229700795075,0,0
15,16640,0.0,0.0,0.40480558946075484,0,0
16,17680,0.0,0.0,0.6625873612853129,0,0
17,18720,0.0,0.0,0.6669709680700681,0,0
18,19760,0.0,0.0,0.664467582990155,0,0
19,20800,0.0,0.0,0.665364604601828,0,0
20,21840,0.0,0.0,0.6657791564200172,0,0
21,22880,0.0,0.0,0.665862900163861,0,0
22,23920,0.0,0.0,0.6655080208056483,0,0
23,24960,0.0,0.0,0.6678445570738131,0,0
24,26000,0.0,0.0,0.9578483794631985,0,0
25,27040,0.0,0.0,0.6659248397965738,0,0
26,28080,0.0,0.0,0.954176143565595,0,0
27,29120,0.0,0.0,0.9567514962876064,0,0
28,30160,0.0,0.0,0.9557540356713461,0,0
29,31200,0.0,0.0,0.9407728938904689,0,0
30,32240,0.0,0.0,0.9536910935281334,0,0
31,33280,0.0,0.0,0.95480508013486,0,0
32,34320,0.0,0.0,0.9510003835650536,0,0
33,35360,0.0,0.0,0.9538013083702045,0,0
34,36400,0.0,0.0,0.954068344949378,0,0
35,37440,0.0,0.0,0.945822877598457,0,0
36,38480,0.0,0.0,0.9401636843667164,0,0
37,39520,0.0,0.0,0.9428518611297301,0,0
38,40560,0.0,0.0,0.9456558586773317,0,0
39,41600,0.0,0.0,0.9556468058115433,0,0
40,42640,0.0,0.0,0.9415778913763742,0,0
41,43680,0.0,0.0,0.9395285746457765,0,0
42,44720,0.0,0.0,0.9520940209887614,0,0
43,45760,0.0,0.0,0.9418350086622641,0,0
44,46800,0.0,0.0,0.9492230885414905,0,0
45,47840,0.0,0.0,0.9514217557314172,0,0
46,48880,0.0,0.0,0.9572355585458971,0,0
47,49920,0.0,0.0,0.9539764728719352,0,0
48,50960,0.0,0.0,0.9496179567522826,0,0
49,52000,0.0,0.0,0.9541011551371226,0,0
