t,bytes_sent,utility,pheromone,f1_val,agg_count,rollback
0,1040,0.0,0.0,0.10398230088495575,0,0
1,2080,0.0,0.0,0.38161930717668047,0,0
2,3120,0.0,0.0,0.3712024659067471,0,0
3,4160,0.0,0.0,0.14142628205128205,0,0
4,5200,0.0,0.0,0.14142628205128205,0,0
5,6240,0.0,0.0,0.14142628205128205,0,0
6,7280,0.0,0.0,0.14142628205128205,0,0
7,8320,0.0,0.0,0.14142628205128205,0,0
8,9360,0.0,0.0,0.14142628205128205,0,0
9,10400,0.0,0.0,0.14142628205128205,0,0
10,11440,0.0,0.0,0.14142628205128205,0,0
11,12480,0.0,0.0,0.14142628205128205,0,0
12,13520,0.0,0.0,0.3431214584218728,0,0
13,14560,0.0,0.0,0.4172560359570804,0,0
14,15600,0.0,0.0,0.46564481813393976,0,0
15,16640,0.0,0.0,0.3738892800378556,0,0
16,17680,0.0,0.0,0.37448467645405137,0,0
17,18720,0.0,0.0,0.4789108354139783,0,0
18,19760,0.0,0.0,0.7102860096226307,0,0
19,20800,0.0,0.0,0.6984572019622886,0,0
20,21840,0.0,0.0,0.6968858997493672,0,0
21,22880,0.0,0.0,0.7077119513704995,0,0
22,23920,0.0,0.0,0.6851431779201046,0,0
23,24960,0.0,0.0,0.6947135014062139,0,0
24,26000,0.0,0.0,0.6893984479343226,0,0
25,27040,0.0,0.0,0.690341332601673,0,0
26,28080,0.0,0.0,0.7063250695476443,0,0
27,29120,0.0,0.0,0.7076458513547825,0,0
28,30160,0.0,0.0,0.6773831633965024,0,0
29,31200,0.0,0.0,0.6911946710512811,0,0
30,32240,0.0,0.0,0.6957360825012282,0,0
31,33280,0.0,0.0,0.6976847679043003,0,0
32,34320,0.0,0.0,0.626336681794636,0,0
33,35360,0.0,0.0,0.695030546366843,0,0
34,36400,0.0,0.0,0.678834909262425,0,0
35,37440,0.0,0.0,0.6951595317362763,0,0
36,38480,0.0,0.0,0.7074444286310667,0,0
37,39520,0.0,0.0,0.6987491107133299,0,0
38,40560,0.0,0.0,0.6979386579775826,0,0
39,41600,0.0,0.0,0.7076284188611573,0,0
40,42640,0.0,0.0,0.699150305768615,0,0
41,43680,0.0,0.0,0.6774959079897667,0,0
42,44720,0.0,0.0,0.9069716536071851,0,0
43,45760,0.0,0.0,0.9415239836566254,0,0
44,46800,0.0,0.0,0.6413057333214367,0,0
45,47840,0.0,0.0,0.805350125260574,0,0
46,48880,0.0,0.0,0.9436430173026863,0,0
47,49920,0.0,0.0,0.6247837907825216,0,0
48,50960,0.0,0.0,0.8457727223554361,0,0
49,52000,0.0,0.0,0.8263903229874606,0,0
