t,bytes_sent,utility,pheromone,f1_val,agg_count,rollback
0,1040,0.0,0.0,0.20281435579654014,0,0
1,2080,0.0,0.0,0.30380970798684975,0,0
2,3120,0.0,0.0,0.7485679995464953,0,0
3,4160,0.0,0.0,0.3890285167370714,0,0
4,5200,0.0,0.0,0.7554232914987078,0,0
5,6240,0.0,0.0,0.891351255847801,0,0
6,7280,0.0,0.0,0.9344616415065734,0,0
7,8320,0.0,0.0,0.6348844496098421,0,0
8,9360,0.0,0.0,0.9311432946601594,0,0
9,10400,0.0,0.0,0.9627405725205186,0,0
10,11440,0.0,0.0,0.9582917825714236,0,0
11,12480,0.0,0.0,0.9516283829550165,0,0
12,13520,0.0,0.0,0.939718518973317,0,0
13,14560,0.0,0.0,0.9755653649502324,0,0
14,15600,0.0,0.0,0.9873266796315255,0,0
15,16640,0.0,0.0,0.9786381842456608,0,0
16,17680,0.0,0.0,0.9822779146481553,0,0
17,18720,0.0,0.0,0.976403757920035,0,0
18,19760,0.0,0.0,0.9452521442910153,0,0
19,20800,0.0,0.0,0.9286552789674586,0,0
20,21840,0.0,0.0,0.9424823607919565,0,0
21,22880,0.0,0.0,0.9505188493132006,0,0
22,23920,0.0,0.0,0.918155093314329,0,0
23,24960,0.0,0.0,0.9142834878828021,0,0
24,26000,0.0,0.0,0.9602374428257675,0,0
25,27040,0.0,0.0,0.9129023214375848,0,0
26,28080,0.0,0.0,0.9713772500272041,0,0
27,29120,0.0,0.0,0.9596814335490294,0,0
28,30160,0.0,0.0,0.9683098566862347,0,0
29,31200,0.0,0.0,0.8138348685557122,0,0
30,32240,0.0,0.0,0.8863678371278507,0,0
31,33280,0.0,0.0,0.8858104161182349,0,0
32,34320,0.0,0.0,0.897431549805113,0,0
33,35360,0.0,0.0,0.9344616415065734,0,0
34,36400,0.0,0.0,0.9170500755271125,0,0
35,37440,0.0,0.0,0.9250623957700648,0,0
36,38480,0.0,0.0,0.9325257907617956,0,0
37,39520,0.0,0.0,0.9339084967320261,0,0
38,40560,0.0,0.0,0.9350148234844404,0,0
39,41600,0.0,0.0,0.9344616415065734,0,0
40,42640,0.0,0.0,0.9352914287485183,0,0
41,43680,0.0,0.0,0.9361213031967011,0,0
42,44720,0.0,0.0,0.9375046305782775,0,0
43,45760,0.0,0.0,0.9383347546981189,0,0
44,46800,0.0,0.0,0.9399953066096409,0,0
45,47840,0.0,0.0,0.9399953066096409,0,0
46,48880,0.0,0.0,0.9405489177042113,0,0
47,49920,0.0,0.0,0.9411025774290593,0,0
48,50960,0.0,0.0,0.9411025774290593,0,0
49,52000,0.0,0.0,0.9411025774290593,0,0
