t,bytes_sent,utility,pheromone,f1_val,agg_count,rollback
0,4160,0.0,0.0,0.9958601375429889,0,0
1,8320,0.0,0.0,0.9962500947792776,0,0
2,12480,0.0,0.0,0.9962500947792776,0,0
3,16640,0.0,0.0,0.9951655063899485,0,0
4,20800,0.0,0.0,0.9899766087340214,0,0
5,24960,0.0,0.0,0.9964101856672208,0,0
6,29120,0.0,0.0,0.9964101856672208,0,0
7,33280,0.0,0.0,0.9960207019771873,0,0
8,37440,0.0,0.0,0.9971029125121428,0,0
9,41600,0.0,0.0,0.9975138174234109,0,0
10,45760,0.0,0.0,0.9975138174234109,0,0
11,49920,0.0,0.0,0.9970971718401962,0,0
12,54080,0.0,0.0,0.9971029125121428,0,0
13,58240,0.0,0.0,0.986572608707039,0,0
14,62400,0.0,0.0,0.9975138174234109,0,0
15,66560,0.0,0.0,0.9966824088754277,0,0
16,70720,0.0,0.0,0.9954351125955184,0,0
17,74880,0.0,0.0,0.9954351125955184,0,0
18,79040,0.0,0.0,0.9954351125955184,0,0
19,83200,0.0,0.0,0.9966824088754277,0,0
20,87360,0.0,0.0,0.9966824088754277,0,0
21,91520,0.0,0.0,0.9966824088754277,0,0
22,95680,0.0,0.0,0.9966824088754277,0,0
23,99840,0.0,0.0,0.9966824088754277,0,0
24,104000,0.0,0.0,0.9966824088754277,0,0
25,108160,0.0,0.0,0.9966824088754277,0,0
26,112320,0.0,0.0,0.9971029125121428,0,0
27,116480,0.0,0.0,0.9970971718401962,0,0
28,120640,0.0,0.0,0.9970971718401962,0,0
29,124800,0.0,0.0,0.9966824088754277,0,0
30,128960,0.0,0.0,0.9970971718401962,0,0
31,133120,0.0,0.0,0.9970971718401962,0,0
32,137280,0.0,0.0,0.9973473525012382,0,0
33,141440,0.0,0.0,0.9973473525012382,0,0
34,145600,0.0,0.0,0.9973799198450294,0,0
35,149760,0.0,0.0,0.997629809042542,0,0
36,153920,0.0,0.0,0.997629809042542,0,0
37,158080,0.0,0.0,0.9978791386178456,0,0
38,162240,0.0,0.0,0.997629809042542,0,0
39,166400,0.0,0.0,0.9978791386178456,0,0
40,170560,0.0,0.0,0.9978791386178456,0,0
41,174720,0.0,0.0,0.9971867694626138,0,0
42,178880,0.0,0.0,0.9974358921250422,0,0
43,183040,0.0,0.0,0.9971867694626138,0,0
44,187200,0.0,0.0,0.9971867694626138,0,0
45,191360,0.0,0.0,0.9974358921250422,0,0
46,195520,0.0,0.0,0.9971867694626138,0,0
47,199680,0.0,0.0,0.9971867694626138,0,0
48,203840,0.0,0.0,0.9974358921250422,0,0
49,208000,0.0,0.0,0.9974358921250422,0,0
