t,bytes_sent,utility,pheromone,f1_val,agg_count,rollback
0,4160,0.0,0.0,0.594302474335842,0,0
1,8320,0.0,0.0,0.6001464667925681,0,0
2,12480,0.0,0.0,0.6585172740826559,0,0
3,16640,0.0,0.0,0.6513534494974514,0,0
4,20800,0.0,0.0,0.5773664294191129,0,0
5,24960,0.0,0.0,0.6858337013712262,0,0
6,29120,0.0,0.0,0.7252430134822573,0,0
7,33280,0.0,0.0,0.7306669212533188,0,0
8,37440,0.0,0.0,0.7425099137329513,0,0
9,41600,0.0,0.0,0.6458527154062688,0,0
10,45760,0.0,0.0,0.6923137371350798,0,0
11,49920,0.0,0.0,0.7469369848468186,0,0
12,54080,0.0,0.0,0.7386323439332574,0,0
13,58240,0.0,0.0,0.7256163132445996,0,0
14,62400,0.0,0.0,0.6301397047975946,0,0
15,66560,0.0,0.0,0.7024105972673444,0,0
16,70720,0.0,0.0,0.6949041558605407,0,0
17,74880,0.0,0.0,0.6785086505297172,0,0
18,79040,0.0,0.0,0.6959054726877467,0,0
19,83200,0.0,0.0,0.6805407015828903,0,0
20,87360,0.0,0.0,0.6296685620933249,0,0
21,91520,0.0,0.0,0.6592486056710734,0,0
22,95680,0.0,0.0,0.6247283499700217,0,0
23,99840,0.0,0.0,0.6131477077433627,0,0
24,104000,0.0,0.0,0.5675512940016436,0,0
25,108160,0.0,0.0,0.7374867723802788,0,0
26,112320,0.0,0.0,0.5410946335945073,0,0
27,116480,0.0,0.0,0.7022034370963756,0,0
28,120640,0.0,0.0,0.637617475262807,0,0
29,124800,0.0,0.0,0.5202895307845539,0,0
30,128960,0.0,0.0,0.6300372359482271,0,0
31,133120,0.0,0.0,0.6777637264855104,0,0
32,137280,0.0,0.0,0.5592516140267978,0,0
33,141440,0.0,0.0,0.7223264830553114,0,0
34,145600,0.0,0.0,0.5977029511320705,0,0
35,149760,0.0,0.0,0.5636367187352312,0,0
36,153920,0.0,0.0,0.6767973990874079,0,0
37,158080,0.0,0.0,0.7041016218187184,0,0
38,162240,0.0,0.0,0.6564493159647647,0,0
39,166400,0.0,0.0,0.6573931202650948,0,0
40,170560,0.0,0.0,0.6810390372316187,0,0
41,174720,0.0,0.0,0.7239835063749628,0,0
42,178880,0.0,0.0,0.6863507972511119,0,0
43,183040,0.0,0.0,0.6256067095259303,0,0
44,187200,0.0,0.0,0.7578501232302439,0,0
45,191360,0.0,0.0,0.6558631875940608,0,0
46,195520,0.0,0.0,0.674569019896997,0,0
47,199680,0.0,0.0,0.5949365335264755,0,0
48,203840,0.0,0.0,0.692556137190419,0,0
49,208000,0.0,0.0,0.7005348901229005,0,0
