t,bytes_sent,utility,pheromone,f1_val,agg_count,rollback
0,4160,0.0,0.0,0.9976961193890743,0,0
1,8320,0.0,0.0,0.9970207327224484,0,0
2,12480,0.0,0.0,0.9967805075071389,0,0
3,16640,0.0,0.0,0.9969975081576651,0,0
4,20800,0.0,0.0,0.9967810786833209,0,0
5,24960,0.0,0.0,0.977980306117354,0,0
6,29120,0.0,0.0,0.99345720222986,0,0
7,33280,0.0,0.0,0.9917217973237558,0,0
8,37440,0.0,0.0,0.9347692789129906,0,0
9,41600,0.0,0.0,0.9862611896600255,0,0
10,45760,0.0,0.0,0.9797531466399788,0,0
11,49920,0.0,0.0,0.9751164946018873,0,0
12,54080,0.0,0.0,0.9963314483535041,0,0
13,58240,0.0,0.0,0.9897037001656992,0,0
14,62400,0.0,0.0,0.9972116069810506,0,0
15,66560,0.0,0.0,0.9535323934999523,0,0
16,70720,0.0,0.0,0.9309444101570085,0,0
17,74880,0.0,0.0,0.9385571483668129,0,0
18,79040,0.0,0.0,0.9777308220163945,0,0
19,83200,0.0,0.0,0.9947132779715583,0,0
20,87360,0.0,0.0,0.9843125189897486,0,0
21,91520,0.0,0.0,0.9928740943362107,0,0
22,95680,0.0,0.0,0.9964173602011077,0,0
23,99840,0.0,0.0,0.9944896122619931,0,0
24,104000,0.0,0.0,0.9951539120677446,0,0
25,108160,0.0,0.0,0.9988888590993144,0,0
26,112320,0.0,0.0,0.9371852364871731,0,0
27,116480,0.0,0.0,0.9410998535203575,0,0
28,120640,0.0,0.0,0.9566223099724601,0,0
29,124800,0.0,0.0,0.943625730855689,0,0
30,128960,0.0,0.0,0.9379073736008646,0,0
31,133120,0.0,0.0,0.9372211430095543,0,0
32,137280,0.0,0.0,0.9367211949710154,0,0
33,141440,0.0,0.0,0.9364807120871799,0,0
34,145600,0.0,0.0,0.9350403337475558,0,0
35,149760,0.0,0.0,0.9350403337475558,0,0
36,153920,0.0,0.0,0.9328877182023179,0,0
37,158080,0.0,0.0,0.9333652646814896,0,0
38,162240,0.0,0.0,0.9324106302112835,0,0
39,166400,0.0,0.0,0.9326491170931643,0,0
40,170560,0.0,0.0,0.9316958509936487,0,0
41,174720,0.0,0.0,0.9319339975544063,0,0
42,178880,0.0,0.0,0.9307443873995587,0,0
43,183040,0.0,0.0,0.9307443873995587,0,0
44,187200,0.0,0.0,0.9290835883744889,0,0
45,191360,0.0,0.0,0.9307756745088493,0,0
46,195520,0.0,0.0,0.929587962746258,0,0
47,199680,0.0,0.0,0.9300627163185272,0,0
48,203840,0.0,0.0,0.929587962746258,0,0
49,208000,0.0,0.0,0.928639766208105,0,0
