t,bytes_sent,utility,pheromone,f1_val,agg_count,rollback
0,4160,0.0,0.0,0.3758001626974109,0,0
1,8320,0.0,0.0,0.13973365136155833,0,0
2,12480,0.0,0.0,0.13973365136155833,0,0
3,16640,0.0,0.0,0.13973365136155833,0,0
4,20800,0.0,0.0,0.13973365136155833,0,0
5,24960,0.0,0.0,0.13973365136155833,0,0
6,29120,0.0,0.0,0.13973365136155833,0,0
7,33280,0.0,0.0,0.13973365136155833,0,0
8,37440,0.0,0.0,0.13973365136155833,0,0
9,41600,0.0,0.0,0.13973365136155833,0,0
10,45760,0.0,0.0,0.28299717392086976,0,0
11,49920,0.0,0.0,0.4169508412658852,0,0
12,54080,0.0,0.0,0.416567672447929,0,0
13,58240,0.0,0.0,0.3744253621302802,0,0
14,62400,0.0,0.0,0.3798521296013922,0,0
15,66560,0.0,0.0,0.43322991881322803,0,0
16,70720,0.0,0.0,0.38335902319093507,0,0
17,74880,0.0,0.0,0.6658658757502365,0,0
18,79040,0.0,0.0,0.6998479652077221,0,0
19,83200,0.0,0.0,0.694847735572919,0,0
20,87360,0.0,0.0,0.6987936384557601,0,0
21,91520,0.0,0.0,0.6933160986821673,0,0
22,95680,0.0,0.0,0.6982059412550067,0,0
23,99840,0.0,0.0,0.6986283882611762,0,0
24,104000,0.0,0.0,0.6970563140917588,0,0
25,108160,0.0,0.0,0.6217305828159467,0,0
26,112320,0.0,0.0,0.6996302912754552,0,0
27,116480,0.0,0.0,0.6925731345819787,0,0
28,120640,0.0,0.0,0.6934474784734154,0,0
29,124800,0.0,0.0,0.6959158398873698,0,0
30,128960,0.0,0.0,0.6914756404008803,0,0
31,133120,0.0,0.0,0.6400415544072984,0,0
32,137280,0.0,0.0,0.6933992696048382,0,0
33,141440,0.0,0.0,0.6845697430974984,0,0
34,145600,0.0,0.0,0.6373861782589352,0,0
35,149760,0.0,0.0,0.6104470019175854,0,0
36,153920,0.0,0.0,0.6906081175907275,0,0
37,158080,0.0,0.0,0.818694529476352,0,0
38,162240,0.0,0.0,0.6925237476864475,0,0
39,166400,0.0,0.0,0.741638259924478,0,0
40,170560,0.0,0.0,0.797113610734046,0,0
41,174720,0.0,0.0,0.6918253680322795,0,0
42,178880,0.0,0.0,0.94105026369097,0,0
43,183040,0.0,0.0,0.6956721297903654,0,0
44,187200,0.0,0.0,0.9171166526655438,0,0
45,191360,0.0,0.0,0.683824411920664,0,0
46,195520,0.0,0.0,0.7120373635046704,0,0
47,199680,0.0,0.0,0.7520638993670871,0,0
48,203840,0.0,0.0,0.6926986251075629,0,0
49,208000,0.0,0.0,0.9531285115475042,0,0
