t,bytes_sent,utility,pheromone,f1_val,agg_count,rollback
0,4160,0.0,0.0,0.1417771333885667,0,0
1,8320,0.0,0.0,0.1417771333885667,0,0
2,12480,0.0,0.0,0.1417771333885667,0,0
3,16640,0.0,0.0,0.1417771333885667,0,0
4,20800,0.0,0.0,0.1417771333885667,0,0
5,24960,0.0,0.0,0.1417771333885667,0,0
6,29120,0.0,0.0,0.1417771333885667,0,0
7,33280,0.0,0.0,0.1417771333885667,0,0
8,37440,0.0,0.0,0.1417771333885667,0,0
9,41600,0.0,0.0,0.3387946360220512,0,0
10,45760,0.0,0.0,0.4169792910074635,0,0
11,49920,0.0,0.0,0.5399808116407377,0,0
12,54080,0.0,0.0,0.6855041525032326,0,0
13,58240,0.0,0.0,0.6987485501459183,0,0
14,62400,0.0,0.0,0.7138790832675082,0,0
15,66560,0.0,0.0,0.7111104305201861,0,0
16,70720,0.0,0.0,0.7012741153576739,0,0
17,74880,0.0,0.0,0.6999513329842069,0,0
18,79040,0.0,0.0,0.6995880223688264,0,0
19,83200,0.0,0.0,0.6995103141566394,0,0
20,87360,0.0,0.0,0.7003894832256025,0,0
21,91520,0.0,0.0,0.6998710013059208,0,0
22,95680,0.0,0.0,0.6996906525731519,0,0
23,99840,0.0,0.0,0.7007538874306236,0,0
24,104000,0.0,0.0,0.7004121111663436,0,0
25,108160,0.0,0.0,0.70192152098674,0,0
26,112320,0.0,0.0,0.6966213672159175,0,0
27,116480,0.0,0.0,0.7005909005108348,0,0
28,120640,0.0,0.0,0.6327124180682376,0,0
29,124800,0.0,0.0,0.7009367776127227,0,0
30,128960,0.0,0.0,0.7007738663032772,0,0
31,133120,0.0,0.0,0.702698094385773,0,0
32,137280,0.0,0.0,0.6457801221390027,0,0
33,141440,0.0,0.0,0.6972929401482595,0,0
34,145600,0.0,0.0,0.6742581591202569,0,0
35,149760,0.0,0.0,0.7086027065560269,0,0
36,153920,0.0,0.0,0.587122809993353,0,0
37,158080,0.0,0.0,0.6850702569407648,0,0
38,162240,0.0,0.0,0.5717739392449146,0,0
39,166400,0.0,0.0,0.6216595866482585,0,0
40,170560,0.0,0.0,0.5516207091482043,0,0
41,174720,0.0,0.0,0.6422415538596589,0,0
42,178880,0.0,0.0,0.6314113588779291,0,0
43,183040,0.0,0.0,0.648484038379366,0,0
44,187200,0.0,0.0,0.7094581684065028,0,0
45,191360,0.0,0.0,0.6971235189678049,0,0
46,195520,0.0,0.0,0.6942406807211663,0,0
47,199680,0.0,0.0,0.6801284040159742,0,0
48,203840,0.0,0.0,0.6219980939076346,0,0
49,208000,0.0,0.0,0.717365418734456,0,0
