t,bytes_sent,utility,pheromone,f1_val,agg_count,rollback
0,4160,0.0,0.0,0.13984006561410703,0,0
1,8320,0.0,0.0,0.13984006561410703,0,0
2,12480,0.0,0.0,0.13984006561410703,0,0
3,16640,0.0,0.0,0.13984006561410703,0,0
4,20800,0.0,0.0,0.13984006561410703,0,0
5,24960,0.0,0.0,0.13984006561410703,0,0
6,29120,0.0,0.0,0.13984006561410703,0,0
7,33280,0.0,0.0,0.13984006561410703,0,0
8,37440,0.0,0.0,0.13984006561410703,0,0
9,41600,0.0,0.0,0.13984006561410703,0,0
10,45760,0.0,0.0,0.13984006561410703,0,0
11,49920,0.0,0.0,0.13984006561410703,0,0
12,54080,0.0,0.0,0.39245434728552164,0,0
13,58240,0.0,0.0,0.4703600526161183,0,0
14,62400,0.0,0.0,0.4059122689826149,0,0
15,66560,0.0,0.0,0.6995739279432054,0,0
16,70720,0.0,0.0,0.7008317350254774,0,0
17,74880,0.0,0.0,0.7006809596653347,0,0
18,79040,0.0,0.0,0.7008317350254774,0,0
19,83200,0.0,0.0,0.6930047378052776,0,0
20,87360,0.0,0.0,0.7007562037352997,0,0
21,91520,0.0,0.0,0.7006809596653347,0,0
22,95680,0.0,0.0,0.7006060025002057,0,0
23,99840,0.0,0.0,0.7006809596653347,0,0
24,104000,0.0,0.0,0.7006809596653347,0,0
25,108160,0.0,0.0,0.7006809596653347,0,0
26,112320,0.0,0.0,0.7006809596653347,0,0
27,116480,0.0,0.0,0.7006060025002057,0,0
28,120640,0.0,0.0,0.6994128588301918,0,0
29,124800,0.0,0.0,0.6866704530790668,0,0
30,128960,0.0,0.0,0.7003512381127298,0,0
31,133120,0.0,0.0,0.6226234137604985,0,0
32,137280,0.0,0.0,0.7007562037352997,0,0
33,141440,0.0,0.0,0.6968872336863403,0,0
34,145600,0.0,0.0,0.6265201490987178,0,0
35,149760,0.0,0.0,0.6977161951726782,0,0
36,153920,0.0,0.0,0.7003512381127298,0,0
37,158080,0.0,0.0,0.9472714413457395,0,0
38,162240,0.0,0.0,0.930240766939465,0,0
39,166400,0.0,0.0,0.9941882431766713,0,0
40,170560,0.0,0.0,0.9405076988128589,0,0
41,174720,0.0,0.0,0.9403353988649211,0,0
42,178880,0.0,0.0,0.984366920933702,0,0
43,183040,0.0,0.0,0.9545041059376977,0,0
44,187200,0.0,0.0,0.9600662304203449,0,0
45,191360,0.0,0.0,0.9610352511054436,0,0
46,195520,0.0,0.0,0.9836762422891508,0,0
47,199680,0.0,0.0,0.9843891132675856,0,0
48,203840,0.0,0.0,0.9895690888558757,0,0
49,208000,0.0,0.0,0.9710742626949586,0,0
