t,bytes_sent,utility,pheromone,f1_val,agg_count,rollback
0,4160,0.0,0.0,0.15733415981876123,0,0
1,8320,0.0,0.0,0.3586653419109662,0,0
2,12480,0.0,0.0,0.14022662889518414,0,0
3,16640,0.0,0.0,0.14022662889518414,0,0
4,20800,0.0,0.0,0.14022662889518414,0,0
5,24960,0.0,0.0,0.14022662889518414,0,0
6,29120,0.0,0.0,0.14022662889518414,0,0
7,33280,0.0,0.0,0.14022662889518414,0,0
8,37440,0.0,0.0,0.14022662889518414,0,0
9,41600,0.0,0.0,0.6847934214649575,0,0
10,45760,0.0,0.0,0.6617591456443572,0,0
11,49920,0.0,0.0,0.39764363854048995,0,0
12,54080,0.0,0.0,0.3773316982251143,0,0
13,58240,0.0,0.0,0.382067338800409,0,0
14,62400,0.0,0.0,0.3741519690213341,0,0
15,66560,0.0,0.0,0.3787087453523752,0,0
16,70720,0.0,0.0,0.3804110047741358,0,0
17,74880,0.0,0.0,0.6584887652330025,0,0
18,79040,0.0,0.0,0.5829024970044452,0,0
19,83200,0.0,0.0,0.4068083398719431,0,0
20,87360,0.0,0.0,0.4700209944208734,0,0
21,91520,0.0,0.0,0.6611298866615292,0,0
22,95680,0.0,0.0,0.6692227795448584,0,0
23,99840,0.0,0.0,0.668141401957282,0,0
24,104000,0.0,0.0,0.6695798562204194,0,0
25,108160,0.0,0.0,0.6681987534122528,0,0
26,112320,0.0,0.0,0.6691858900475716,0,0
27,116480,0.0,0.0,0.6666872781392088,0,0
28,120640,0.0,0.0,0.6675512989456058,0,0
29,124800,0.0,0.0,0.667341027557096,0,0
30,128960,0.0,0.0,0.9609116181012187,0,0
31,133120,0.0,0.0,0.9525638327076891,0,0
32,137280,0.0,0.0,0.9525211656575523,0,0
33,141440,0.0,0.0,0.9433322236176123,0,0
34,145600,0.0,0.0,0.958920413810443,0,0
35,149760,0.0,0.0,0.9455303161345361,0,0
36,153920,0.0,0.0,0.9439963704296105,0,0
37,158080,0.0,0.0,0.9474888489722495,0,0
38,162240,0.0,0.0,0.944522096358601,0,0
39,166400,0.0,0.0,0.9522390993961225,0,0
40,170560,0.0,0.0,0.9583595054822418,0,0
41,174720,0.0,0.0,0.943463169386484,0,0
42,178880,0.0,0.0,0.9530498487255158,0,0
43,183040,0.0,0.0,0.9513384875705149,0,0
44,187200,0.0,0.0,0.9478507854495299,0,0
45,191360,0.0,0.0,0.9564666692678726,0,0
46,195520,0.0,0.0,0.9502519376261546,0,0
47,199680,0.0,0.0,0.949480497880586,0,0
48,203840,0.0,0.0,0.952501365260598,0,0
49,208000,0.0,0.0,0.9502519376261546,0,0
