t,bytes_sent,utility,pheromone,f1_val,agg_count,rollback
0,4160,0.0,0.0,0.10398230088495575,0,0
1,8320,0.0,0.0,0.10398230088495575,0,0
2,12480,0.0,0.0,0.14142628205128205,0,0
3,16640,0.0,0.0,0.14142628205128205,0,0
4,20800,0.0,0.0,0.14142628205128205,0,0
5,24960,0.0,0.0,0.14142628205128205,0,0
6,29120,0.0,0.0,0.14142628205128205,0,0
7,33280,0.0,0.0,0.14142628205128205,0,0
8,37440,0.0,0.0,0.14142628205128205,0,0
9,41600,0.0,0.0,0.14142628205128205,0,0
10,45760,0.0,0.0,0.14142628205128205,0,0
11,49920,0.0,0.0,0.3509590684977725,0,0
12,54080,0.0,0.0,0.38255011114240134,0,0
13,58240,0.0,0.0,0.3714563591694036,0,0
14,62400,0.0,0.0,0.378666152639289,0,0
15,66560,0.0,0.0,0.38260898149613315,0,0
16,70720,0.0,0.0,0.40005336134984293,0,0
17,74880,0.0,0.0,0.3836085178713003,0,0
18,79040,0.0,0.0,0.40873412927502845,0,0
19,83200,0.0,0.0,0.555709732420267,0,0
20,87360,0.0,0.0,0.6483468040342792,0,0
21,91520,0.0,0.0,0.7141713506839696,0,0
22,95680,0.0,0.0,0.7141440925493815,0,0
23,99840,0.0,0.0,0.7084591016369373,0,0
24,104000,0.0,0.0,0.7009739801672201,0,0
25,108160,0.0,0.0,0.7141440925493815,0,0
26,112320,0.0,0.0,0.700738025230824,0,0
27,116480,0.0,0.0,0.7137727370485625,0,0
28,120640,0.0,0.0,0.7007650872108704,0,0
29,124800,0.0,0.0,0.7007582788754835,0,0
30,128960,0.0,0.0,0.7089128577199524,0,0
31,133120,0.0,0.0,0.7009939334755404,0,0
32,137280,0.0,0.0,0.700738025230824,0,0
33,141440,0.0,0.0,0.706953411174154,0,0
34,145600,0.0,0.0,0.7007886889791188,0,0
35,149760,0.0,0.0,0.9556451599507193,0,0
36,153920,0.0,0.0,0.7019252760393957,0,0
37,158080,0.0,0.0,0.7110552808792281,0,0
38,162240,0.0,0.0,0.9823178136316353,0,0
39,166400,0.0,0.0,0.94432733970821,0,0
40,170560,0.0,0.0,0.7909980970686512,0,0
41,174720,0.0,0.0,0.8769654206956706,0,0
42,178880,0.0,0.0,0.8320301172381991,0,0
43,183040,0.0,0.0,0.9441521239398065,0,0
44,187200,0.0,0.0,0.8439976957786354,0,0
45,191360,0.0,0.0,0.8298926342831151,0,0
46,195520,0.0,0.0,0.9618708397447402,0,0
47,199680,0.0,0.0,0.8237538191994919,0,0
48,203840,0.0,0.0,0.825130663143623,0,0
49,208000,0.0,0.0,0.8265197935077225,0,0
