t,bytes_sent,utility,pheromone,f1_val,agg_count,rollback
0,4160,0.0,0.0,0.36888617498960335,0,0
1,8320,0.0,0.0,0.11870751443852251,0,0
2,12480,0.0,0.0,0.2805160875613182,0,0
3,16640,0.0,0.0,0.18538095753285627,0,0
4,20800,0.0,0.0,0.14205682272909165,0,0
5,24960,0.0,0.0,0.14205682272909165,0,0
6,29120,0.0,0.0,0.14205682272909165,0,0
7,33280,0.0,0.0,0.14205682272909165,0,0
8,37440,0.0,0.0,0.14205682272909165,0,0
9,41600,0.0,0.0,0.14205682272909165,0,0
10,45760,0.0,0.0,0.14205682272909165,0,0
11,49920,0.0,0.0,0.14205682272909165,0,0
12,54080,0.0,0.0,0.14205682272909165,0,0
13,58240,0.0,0.0,0.41695504393391747,0,0
14,62400,0.0,0.0,0.41683246609844005,0,0
15,66560,0.0,0.0,0.41671011811102343,0,0
16,70720,0.0,0.0,0.6991295931682743,0,0
17,74880,0.0,0.0,0.4059239255591329,0,0
18,79040,0.0,0.0,0.5165598065040533,0,0
19,83200,0.0,0.0,0.6067440011096766,0,0
20,87360,0.0,0.0,0.3946229601527318,0,0
21,91520,0.0,0.0,0.6833721402970392,0,0
22,95680,0.0,0.0,0.6193425957358734,0,0
23,99840,0.0,0.0,0.3945962649722343,0,0
24,104000,0.0,0.0,0.680111626352141,0,0
25,108160,0.0,0.0,0.5142482181300936,0,0
26,112320,0.0,0.0,0.4313986938256287,0,0
27,116480,0.0,0.0,0.6884272210619182,0,0
28,120640,0.0,0.0,0.41378727204046717,0,0
29,124800,0.0,0.0,0.4714456043270433,0,0
30,128960,0.0,0.0,0.6246810977396908,0,0
31,133120,0.0,0.0,0.6086511561765026,0,0
32,137280,0.0,0.0,0.6727891444555697,0,0
33,141440,0.0,0.0,0.5828765061712837,0,0
34,145600,0.0,0.0,0.5978469794924999,0,0
35,149760,0.0,0.0,0.6276140681901273,0,0
36,153920,0.0,0.0,0.6435189425535602,0,0
37,158080,0.0,0.0,0.4599185048374098,0,0
38,162240,0.0,0.0,0.6928202217833666,0,0
39,166400,0.0,0.0,0.6628137850176751,0,0
40,170560,0.0,0.0,0.5701333481719915,0,0
41,174720,0.0,0.0,0.5547222739111269,0,0
42,178880,0.0,0.0,0.5508992435299483,0,0
43,183040,0.0,0.0,0.641908012171226,0,0
44,187200,0.0,0.0,0.5392598029299707,0,0
45,191360,0.0,0.0,0.6633402904917942,0,0
46,195520,0.0,0.0,0.5821653174945834,0,0
47,199680,0.0,0.0,0.5415901324843426,0,0
48,203840,0.0,0.0,0.5635285258543712,0,0
49,208000,0.0,0.0,0.6277969162815121,0,0
