t,bytes_sent,utility,pheromone,f1_val,agg_count,rollback
0,4160,0.0,0.0,0.15699259836384885,0,0
1,8320,0.0,0.0,0.13995598239295717,0,0
2,12480,0.0,0.0,0.3963222045362322,0,0
3,16640,0.0,0.0,0.13995598239295717,0,0
4,20800,0.0,0.0,0.13995598239295717,0,0
5,24960,0.0,0.0,0.13995598239295717,0,0
6,29120,0.0,0.0,0.13995598239295717,0,0
7,33280,0.0,0.0,0.13995598239295717,0,0
8,37440,0.0,0.0,0.13995598239295717,0,0
9,41600,0.0,0.0,0.13995598239295717,0,0
10,45760,0.0,0.0,0.13995598239295717,0,0
11,49920,0.0,0.0,0.13995598239295717,0,0
12,54080,0.0,0.0,0.7148108482281725,0,0
13,58240,0.0,0.0,0.7155418933751417,0,0
14,62400,0.0,0.0,0.7155419475775954,0,0
15,66560,0.0,0.0,0.7021237092318562,0,0
16,70720,0.0,0.0,0.7149691070173029,0,0
17,74880,0.0,0.0,0.714267162445818,0,0
18,79040,0.0,0.0,0.7011506828958344,0,0
19,83200,0.0,0.0,0.9860428984328119,0,0
20,87360,0.0,0.0,0.9962440046781763,0,0
21,91520,0.0,0.0,0.997077090227122,0,0
22,95680,0.0,0.0,0.9964163652942697,0,0
23,99840,0.0,0.0,0.9949805336810472,0,0
24,104000,0.0,0.0,0.9966398743144329,0,0
25,108160,0.0,0.0,0.9959529803458007,0,0
26,112320,0.0,0.0,0.9950136499820015,0,0
27,116480,0.0,0.0,0.8330942193332179,0,0
28,120640,0.0,0.0,0.9946459649293765,0,0
29,124800,0.0,0.0,0.9944248929832828,0,0
30,128960,0.0,0.0,0.9943513027344518,0,0
31,133120,0.0,0.0,0.9928249955793521,0,0
32,137280,0.0,0.0,0.9947116379946571,0,0
33,141440,0.0,0.0,0.9943444494641033,0,0
34,145600,0.0,0.0,0.9918002683518325,0,0
35,149760,0.0,0.0,0.99397781940096,0,0
36,153920,0.0,0.0,0.9804284754791571,0,0
37,158080,0.0,0.0,0.7142391053978291,0,0
38,162240,0.0,0.0,0.9910762997450672,0,0
39,166400,0.0,0.0,0.9717399901790713,0,0
40,170560,0.0,0.0,0.7138880036303916,0,0
41,174720,0.0,0.0,0.9931893602624928,0,0
42,178880,0.0,0.0,0.9734157469458806,0,0
43,183040,0.0,0.0,0.994396118789666,0,0
44,187200,0.0,0.0,0.9943444494641033,0,0
45,191360,0.0,0.0,0.9913729870729182,0,0
46,195520,0.0,0.0,0.9733050532872746,0,0
47,199680,0.0,0.0,0.9932547113812498,0,0
48,203840,0.0,0.0,0.99155577149611,0,0
49,208000,0.0,0.0,0.9704071419271578,0,0
