t,bytes_sent,utility,pheromone,f1_val,agg_count,rollback
0,1040,0.0,0.0,0.14205682272909165,0,0
1,2080,0.0,0.0,0.21591600730371271,0,0
2,3120,0.0,0.0,0.14205682272909165,0,0
3,4160,0.0,0.0,0.14205682272909165,0,0
4,5200,0.0,0.0,0.14205682272909165,0,0
5,6240,0.0,0.0,0.14205682272909165,0,0
6,7280,0.0,0.0,0.14205682272909165,0,0
7,8320,0.0,0.0,0.14205682272909165,0,0
8,9360,0.0,0.0,0.14205682272909165,0,0
9,10400,0.0,0.0,0.14205682272909165,0,0
10,11440,0.0,0.0,0.14205682272909165,0,0
11,12480,0.0,0.0,0.14205682272909165,0,0
12,13520,0.0,0.0,0.14205682272909165,0,0
13,14560,0.0,0.0,0.14205682272909165,0,0
14,15600,0.0,0.0,0.2024945246668399,0,0
15,16640,0.0,0.0,0.4171579869317734,0,0
16,17680,0.0,0.0,0.4169130971024577,0,0
17,18720,0.0,0.0,0.41671011811102343,0,0
18,19760,0.0,0.0,0.41671011811102343,0,0
19,20800,0.0,0.0,0.5625744396530482,0,0
20,21840,0.0,0.0,0.49784362203257554,0,0
21,22880,0.0,0.0,0.6828418028959856,0,0
22,23920,0.0,0.0,0.5703404230883597,0,0
23,24960,0.0,0.0,0.5914998052745962,0,0
24,26000,0.0,0.0,0.548576102162912,0,0
25,27040,0.0,0.0,0.5659677844780439,0,0
26,28080,0.0,0.0,0.684638515309093,0,0
27,29120,0.0,0.0,0.637415700150374,0,0
28,30160,0.0,0.0,0.5914998052745962,0,0
29,31200,0.0,0.0,0.6949104316738715,0,0
30,32240,0.0,0.0,0.4520556803773762,0,0
31,33280,0.0,0.0,0.6954331379604712,0,0
32,34320,0.0,0.0,0.637415700150374,0,0
33,35360,0.0,0.0,0.5494982971869857,0,0
34,36400,0.0,0.0,0.6940393986606042,0,0
35,37440,0.0,0.0,0.6292577936352503,0,0
36,38480,0.0,0.0,0.6615845131647831,0,0
37,39520,0.0,0.0,0.6670207710792257,0,0
38,40560,0.0,0.0,0.5657541048256235,0,0
39,41600,0.0,0.0,0.6938652122482828,0,0
40,42640,0.0,0.0,0.6501098878473097,0,0
41,43680,0.0,0.0,0.5873548095979125,0,0
42,44720,0.0,0.0,0.6347071479986556,0,0
43,45760,0.0,0.0,0.5720203372556906,0,0
44,46800,0.0,0.0,0.5807421656357055,0,0
45,47840,0.0,0.0,0.6211794074385741,0,0
46,48880,0.0,0.0,0.408025156770594,0,0
47,49920,0.0,0.0,0.693691032195825,0,0
48,50960,0.0,0.0,0.6663203741081607,0,0
49,52000,0.0,0.0,0.6657751520962306,0,0
