t,bytes_sent,utility,pheromone,f1_val,agg_count,rollback
0,1040,0.0,0.0,0.6420515713103672,0,0
1,2080,0.0,0.0,0.5610765142869945,0,0
2,3120,0.0,0.0,0.6050329248593451,0,0
3,4160,0.0,0.0,0.6444419268299746,0,0
4,5200,0.0,0.0,0.6146267711791907,0,0
5,6240,0.0,0.0,0.8039610466782675,0,0
6,7280,0.0,0.0,0.5659318012019064,0,0
7,8320,0.0,0.0,0.5448359628579866,0,0
8,9360,0.0,0.0,0.8251661620281245,0,0
9,10400,0.0,0.0,0.830258420503094,0,0
10,11440,0.0,0.0,0.8596784346242702,0,0
11,12480,0.0,0.0,0.7826395884842972,0,0
12,13520,0.0,0.0,0.8383301816163143,0,0
13,14560,0.0,0.0,0.75800914833684,0,0
14,15600,0.0,0.0,0.7174810969585627,0,0
15,16640,0.0,0.0,0.7388336093093788,0,0
16,17680,0.0,0.0,0.8533161099734708,0,0
17,18720,0.0,0.0,0.7813745393704756,0,0
18,19760,0.0,0.0,0.7907414093823562,0,0
19,20800,0.0,0.0,0.7585955955172781,0,0
20,21840,0.0,0.0,0.7797498612219242,0,0
21,22880,0.0,0.0,0.7768502694389083,0,0
22,23920,0.0,0.0,0.7779936110349731,0,0
23,24960,0.0,0.0,0.7747128612996852,0,0
24,26000,0.0,0.0,0.7702972726241327,0,0
25,27040,0.0,0.0,0.7667729274769177,0,0
26,28080,0.0,0.0,0.7716694535769828,0,0
27,29120,0.0,0.0,0.7685819144487138,0,0
28,30160,0.0,0.0,0.7723615789909406,0,0
29,31200,0.0,0.0,0.7695635241061687,0,0
30,32240,0.0,0.0,0.7629058629354941,0,0
31,33280,0.0,0.0,0.7597975603072311,0,0
32,34320,0.0,0.0,0.7650460389769463,0,0
33,35360,0.0,0.0,0.7610792282626084,0,0
34,36400,0.0,0.0,0.7608658608991051,0,0
35,37440,0.0,0.0,0.7649405978676672,0,0
36,38480,0.0,0.0,0.7610792282626084,0,0
37,39520,0.0,0.0,0.763011138144355,0,0
38,40560,0.0,0.0,0.7605376651815191,0,0
39,41600,0.0,0.0,0.7621446147006468,0,0
40,42640,0.0,0.0,0.7665384095560888,0,0
41,43680,0.0,0.0,0.761059682639116,0,0
42,44720,0.0,0.0,0.7605151627603508,0,0
43,45760,0.0,0.0,0.7620282249582326,0,0
44,46800,0.0,0.0,0.7614849879904051,0,0
45,47840,0.0,0.0,0.7585357239960987,0,0
46,48880,0.0,0.0,0.7603943940973362,0,0
47,49920,0.0,0.0,0.7581965490009229,0,0
48,50960,0.0,0.0,0.7587481084244192,0,0
49,52000,0.0,0.0,0.7587481084244192,0,0
