t,bytes_sent,utility,pheromone,f1_val,agg_count,rollback
0,1040,0.0,0.0,0.7035813968533058,0,0
1,2080,0.0,0.0,0.9879801618298026,0,0
2,3120,0.0,0.0,0.9963338119635569,0,0
3,4160,0.0,0.0,0.9970695586110643,0,0
4,5200,0.0,0.0,0.9967728679684698,0,0
5,6240,0.0,0.0,0.9963338119635569,0,0
6,7280,0.0,0.0,0.9964829828514923,0,0
7,8320,0.0,0.0,0.9963338119635569,0,0
8,9360,0.0,0.0,0.9694295150113231,0,0
9,10400,0.0,0.0,0.9963338119635569,0,0
10,11440,0.0,0.0,0.9963338119635569,0,0
11,12480,0.0,0.0,0.9967728679684698,0,0
12,13520,0.0,0.0,0.9967728679684698,0,0
13,14560,0.0,0.0,0.9799350723532293,0,0
14,15600,0.0,0.0,0.9963338119635569,0,0
15,16640,0.0,0.0,0.9967728679684698,0,0
16,17680,0.0,0.0,0.9413078795618999,0,0
17,18720,0.0,0.0,0.9967728679684698,0,0
18,19760,0.0,0.0,0.9971410286679584,0,0
19,20800,0.0,0.0,0.9971410286679584,0,0
20,21840,0.0,0.0,0.9971410286679584,0,0
21,22880,0.0,0.0,0.9974639133371228,0,0
22,23920,0.0,0.0,0.9975086222760589,0,0
23,24960,0.0,0.0,0.9984612561073521,0,0
24,26000,0.0,0.0,0.996063190869555,0,0
25,27040,0.0,0.0,0.9983448474136922,0,0
26,28080,0.0,0.0,0.9987541605777602,0,0
27,29120,0.0,0.0,0.9991206264817875,0,0
28,30160,0.0,0.0,0.9987541605777602,0,0
29,31200,0.0,0.0,0.9792062053247748,0,0
30,32240,0.0,0.0,0.9983918490671748,0,0
31,33280,0.0,0.0,0.9991206264817875,0,0
32,34320,0.0,0.0,0.9988272367506998,0,0
33,35360,0.0,0.0,0.9987541605777602,0,0
34,36400,0.0,0.0,0.9991206264817875,0,0
35,37440,0.0,0.0,0.9976513775908036,0,0
36,38480,0.0,0.0,0.7972819669621207,0,0
37,39520,0.0,0.0,0.981251714957026,0,0
38,40560,0.0,0.0,0.9987541605777602,0,0
39,41600,0.0,0.0,0.9991206264817875,0,0
40,42640,0.0,0.0,0.9984607708466726,0,0
41,43680,0.0,0.0,0.9984607708466726,0,0
42,44720,0.0,0.0,0.999560106868155,0,0
43,45760,0.0,0.0,0.9992669255222367,0,0
44,46800,0.0,0.0,0.999560106868155,0,0
45,47840,0.0,0.0,0.9992669255222367,0,0
46,48880,0.0,0.0,0.9992669255222367,0,0
47,49920,0.0,0.0,0.9992669255222367,0,0
48,50960,0.0,0.0,0.9989016402867434,0,0
49,52000,0.0,0.0,0.9991206264817875,0,0
