t,bytes_sent,utility,pheromone,f1_val,agg_count,rollback
0,4160,0.0,0.0,0.5808023061551444,0,0
1,8320,0.0,0.0,0.5675807830032398,0,0
2,12480,0.0,0.0,0.7285138853190705,0,0
3,16640,0.0,0.0,0.7190347215162908,0,0
4,20800,0.0,0.0,0.7326039853249969,0,0
5,24960,0.0,0.0,0.7275913017361669,0,0
6,29120,0.0,0.0,0.7406020869015165,0,0
7,33280,0.0,0.0,0.7145659732259069,0,0
8,37440,0.0,0.0,0.6466373583223273,0,0
9,41600,0.0,0.0,0.7134479040035232,0,0
10,45760,0.0,0.0,0.6837167017188492,0,0
11,49920,0.0,0.0,0.686693169429197,0,0
12,54080,0.0,0.0,0.7130698744176875,0,0
13,58240,0.0,0.0,0.7324431235160602,0,0
14,62400,0.0,0.0,0.6888984389295456,0,0
15,66560,0.0,0.0,0.5530889612616053,0,0
16,70720,0.0,0.0,0.589776905832081,0,0
17,74880,0.0,0.0,0.6192537089632413,0,0
18,79040,0.0,0.0,0.6815149341909029,0,0
19,83200,0.0,0.0,0.7510047783402557,0,0
20,87360,0.0,0.0,0.6622773400020624,0,0
21,91520,0.0,0.0,0.7537130582655598,0,0
22,95680,0.0,0.0,0.7134579935121598,0,0
23,99840,0.0,0.0,0.7605839864044722,0,0
24,104000,0.0,0.0,0.7246736691008515,0,0
25,108160,0.0,0.0,0.759800514760816,0,0
26,112320,0.0,0.0,0.6926298475491284,0,0
27,116480,0.0,0.0,0.5477662370855658,0,0
28,120640,0.0,0.0,0.745391267696478,0,0
29,124800,0.0,0.0,0.7455240076689424,0,0
30,128960,0.0,0.0,0.7140632663231755,0,0
31,133120,0.0,0.0,0.7247321511769124,0,0
32,137280,0.0,0.0,0.6095370731922196,0,0
33,141440,0.0,0.0,0.7606117023438037,0,0
34,145600,0.0,0.0,0.6943585279678278,0,0
35,149760,0.0,0.0,0.6411723835987503,0,0
36,153920,0.0,0.0,0.7048018702806454,0,0
37,158080,0.0,0.0,0.6043426897774544,0,0
38,162240,0.0,0.0,0.6298034026058701,0,0
39,166400,0.0,0.0,0.712303099330505,0,0
40,170560,0.0,0.0,0.6874990076724521,0,0
41,174720,0.0,0.0,0.6993181358455434,0,0
42,178880,0.0,0.0,0.6826734614839632,0,0
43,183040,0.0,0.0,0.6761519881714673,0,0
44,187200,0.0,0.0,0.6391277066789667,0,0
45,191360,0.0,0.0,0.6223634598173555,0,0
46,195520,0.0,0.0,0.6434320635338118,0,0
47,199680,0.0,0.0,0.6371518339849113,0,0
48,203840,0.0,0.0,0.7872371010635537,0,0
49,208000,0.0,0.0,0.7499744255992136,0,0
