t,bytes_sent,utility,pheromone,f1_val,agg_count,rollback
0,4160,0.0,0.0,0.9972435617623723,0,0
1,8320,0.0,0.0,0.9969975081576651,0,0
2,12480,0.0,0.0,0.9967584991393483,0,0
3,16640,0.0,0.0,0.9971432857297993,0,0
4,20800,0.0,0.0,0.9977975102598944,0,0
5,24960,0.0,0.0,0.9977998904431125,0,0
6,29120,0.0,0.0,0.9577588204788996,0,0
7,33280,0.0,0.0,0.9352784918762802,0,0
8,37440,0.0,0.0,0.9961380077959525,0,0
9,41600,0.0,0.0,0.9977998904431125,0,0
10,45760,0.0,0.0,0.9982111419559175,0,0
11,49920,0.0,0.0,0.9982111419559175,0,0
12,54080,0.0,0.0,0.9982111419559175,0,0
13,58240,0.0,0.0,0.9980403583402068,0,0
14,62400,0.0,0.0,0.9980403583402068,0,0
15,66560,0.0,0.0,0.9980403583402068,0,0
16,70720,0.0,0.0,0.9982111419559175,0,0
17,74880,0.0,0.0,0.9975569145249968,0,0
18,79040,0.0,0.0,0.9977975102598944,0,0
19,83200,0.0,0.0,0.9969788439352044,0,0
20,87360,0.0,0.0,0.9628841747624859,0,0
21,91520,0.0,0.0,0.9982111419559175,0,0
22,95680,0.0,0.0,0.9982111419559175,0,0
23,99840,0.0,0.0,0.9924365346399958,0,0
24,104000,0.0,0.0,0.9982111419559175,0,0
25,108160,0.0,0.0,0.9979900342899044,0,0
26,112320,0.0,0.0,0.6880184503790758,0,0
27,116480,0.0,0.0,0.8608043173645465,0,0
28,120640,0.0,0.0,0.8548952149430098,0,0
29,124800,0.0,0.0,0.9742160909914447,0,0
30,128960,0.0,0.0,0.9759908236971209,0,0
31,133120,0.0,0.0,0.970987587742461,0,0
32,137280,0.0,0.0,0.9942491929931792,0,0
33,141440,0.0,0.0,0.932722996890846,0,0
34,145600,0.0,0.0,0.9403199424612078,0,0
35,149760,0.0,0.0,0.9469839069952635,0,0
36,153920,0.0,0.0,0.8984835572477947,0,0
37,158080,0.0,0.0,0.9034015762862821,0,0
38,162240,0.0,0.0,0.9074346443679506,0,0
39,166400,0.0,0.0,0.9202415518330408,0,0
40,170560,0.0,0.0,0.9218001012113419,0,0
41,174720,0.0,0.0,0.9280421904185859,0,0
42,178880,0.0,0.0,0.927365800844943,0,0
43,183040,0.0,0.0,0.9324778449461578,0,0
44,187200,0.0,0.0,0.9326355202566894,0,0
45,191360,0.0,0.0,0.9241707369911709,0,0
46,195520,0.0,0.0,0.9236717683845509,0,0
47,199680,0.0,0.0,0.9303200089238178,0,0
48,203840,0.0,0.0,0.9341401645599263,0,0
49,208000,0.0,0.0,0.9348612530958904,0,0
