t,bytes_sent,utility,pheromone,f1_val,agg_count,rollback
0,4160,0.0,0.0,0.1522581895716224,0,0
1,8320,0.0,0.0,0.22660374771323777,0,0
2,12480,0.0,0.0,0.5567802075394266,0,0
3,16640,0.0,0.0,0.34028539973540767,0,0
4,20800,0.0,0.0,0.7077241351369146,0,0
5,24960,0.0,0.0,0.7850729561019598,0,0
6,29120,0.0,0.0,0.8816573161336204,0,0
7,33280,0.0,0.0,0.796633843145471,0,0
8,37440,0.0,0.0,0.8012327416326521,0,0
9,41600,0.0,0.0,0.8847057732233556,0,0
10,45760,0.0,0.0,0.8129563283689638,0,0
11,49920,0.0,0.0,0.7989350383311111,0,0
12,54080,0.0,0.0,0.8772197969342603,0,0
13,58240,0.0,0.0,0.8766648014121201,0,0
14,62400,0.0,0.0,0.83476418196834,0,0
15,66560,0.0,0.0,0.8482426536350115,0,0
16,70720,0.0,0.0,0.8616495863686875,0,0
17,74880,0.0,0.0,0.8462818436449766,0,0
18,79040,0.0,0.0,0.837860074356622,0,0
19,83200,0.0,0.0,0.8858138705895164,0,0
20,87360,0.0,0.0,0.8968842219657454,0,0
21,91520,0.0,0.0,0.9446980753875092,0,0
22,95680,0.0,0.0,0.9569026500516951,0,0
23,99840,0.0,0.0,0.5130097991767234,0,0
24,104000,0.0,0.0,0.5928240157462271,0,0
25,108160,0.0,0.0,0.8891368893141746,0,0
26,112320,0.0,0.0,0.5893957084468647,0,0
27,116480,0.0,0.0,0.5888212060041388,0,0
28,120640,0.0,0.0,0.5931588847395245,0,0
29,124800,0.0,0.0,0.5988874633665515,0,0
30,128960,0.0,0.0,0.6308195504887156,0,0
31,133120,0.0,0.0,0.6322126837038979,0,0
32,137280,0.0,0.0,0.6322173567786894,0,0
33,141440,0.0,0.0,0.52630813961405,0,0
34,145600,0.0,0.0,0.7416703794033965,0,0
35,149760,0.0,0.0,0.9822801411244563,0,0
36,153920,0.0,0.0,0.6467803946663336,0,0
37,158080,0.0,0.0,0.6455521606285465,0,0
38,162240,0.0,0.0,0.6561771569977354,0,0
39,166400,0.0,0.0,0.9963302680354976,0,0
40,170560,0.0,0.0,0.9929487812791082,0,0
41,174720,0.0,0.0,0.9878867315498606,0,0
42,178880,0.0,0.0,0.9906975105269649,0,0
43,183040,0.0,0.0,0.9890106096927831,0,0
44,187200,0.0,0.0,0.9878867315498606,0,0
45,191360,0.0,0.0,0.9873250058621847,0,0
46,195520,0.0,0.0,0.9870441958779889,0,0
47,199680,0.0,0.0,0.9856406690040467,0,0
48,203840,0.0,0.0,0.9842380011783971,0,0
49,208000,0.0,0.0,0.9842380011783971,0,0
