t,bytes_sent,utility,pheromone,f1_val,agg_count,rollback
0,1040,0.0,0.0,0.9014677955149097,0,0
1,2080,0.0,0.0,0.9959021853469847,0,0
2,3120,0.0,0.0,0.7009567585379827,0,0
3,4160,0.0,0.0,0.9853787406037516,0,0
4,5200,0.0,0.0,0.9841903533059231,0,0
5,6240,0.0,0.0,0.9229645488277421,0,0
6,7280,0.0,0.0,0.9280618405583284,0,0
7,8320,0.0,0.0,0.9176105571326671,0,0
8,9360,0.0,0.0,0.9192278940482226,0,0
9,10400,0.0,0.0,0.9110423648777821,0,0
10,11440,0.0,0.0,0.9071353003099576,0,0
11,12480,0.0,0.0,0.9054431842867382,0,0
12,13520,0.0,0.0,0.9054431842867382,0,0
13,14560,0.0,0.0,0.9043091071080305,0,0
14,15600,0.0,0.0,0.9037402512786699,0,0
15,16640,0.0,0.0,0.9037402512786699,0,0
16,17680,0.0,0.0,0.903170176196454,0,0
17,18720,0.0,0.0,0.903170176196454,0,0
18,19760,0.0,0.0,0.903170176196454,0,0
19,20800,0.0,0.0,0.9025988760013092,0,0
20,21840,0.0,0.0,0.9025988760013092,0,0
21,22880,0.0,0.0,0.9025988760013092,0,0
22,23920,0.0,0.0,0.9020263448005295,0,0
23,24960,0.0,0.0,0.8991450151530038,0,0
24,26000,0.0,0.0,0.8997237909314422,0,0
25,27040,0.0,0.0,0.8985649723139469,0,0
26,28080,0.0,0.0,0.897401060907727,0,0
27,29120,0.0,0.0,0.897401060907727,0,0
28,30160,0.0,0.0,0.8956455365161755,0,0
29,31200,0.0,0.0,0.8950577614073845,0,0
30,32240,0.0,0.0,0.893878272739659,0,0
31,33280,0.0,0.0,0.893878272739659,0,0
32,34320,0.0,0.0,0.893878272739659,0,0
33,35360,0.0,0.0,0.8944686756070537,0,0
34,36400,0.0,0.0,0.893878272739659,0,0
35,37440,0.0,0.0,0.893878272739659,0,0
36,38480,0.0,0.0,0.893878272739659,0,0
37,39520,0.0,0.0,0.8932865463932466,0,0
38,40560,0.0,0.0,0.8932865463932466,0,0
39,41600,0.0,0.0,0.8932865463932466,0,0
40,42640,0.0,0.0,0.8932865463932466,0,0
41,43680,0.0,0.0,0.8932865463932466,0,0
42,44720,0.0,0.0,0.8932865463932466,0,0
43,45760,0.0,0.0,0.8926934901191604,0,0
44,46800,0.0,0.0,0.891102105907734,0,0
45,47840,0.0,0.0,0.891102105907734,0,0
46,48880,0.0,0.0,0.891102105907734,0,0
47,49920,0.0,0.0,0.891102105907734,0,0
48,50960,0.0,0.0,0.891102105907734,0,0
49,52000,0.0,0.0,0.8899072981973989,0,0
