t,bytes_sent,utility,pheromone,f1_val,agg_count,rollback
0,1040,0.0,0.0,0.7144610111876308,0,0
1,2080,0.0,0.0,0.9922628617624422,0,0
2,3120,0.0,0.0,0.9920979054933599,0,0
3,4160,0.0,0.0,0.9931648515513533,0,0
4,5200,0.0,0.0,0.9615707604249255,0,0
5,6240,0.0,0.0,0.990363285929422,0,0
6,7280,0.0,0.0,0.9904706258921226,0,0
7,8320,0.0,0.0,0.9877803895057649,0,0
8,9360,0.0,0.0,0.976344568340102,0,0
9,10400,0.0,0.0,0.9738280658395758,0,0
10,11440,0.0,0.0,0.9944672019690619,0,0
11,12480,0.0,0.0,0.8537307679485248,0,0
12,13520,0.0,0.0,0.9828832067055293,0,0
13,14560,0.0,0.0,0.9569384341986702,0,0
14,15600,0.0,0.0,0.7749307703061271,0,0
15,16640,0.0,0.0,0.9592251819994987,0,0
16,17680,0.0,0.0,0.8452253144588451,0,0
17,18720,0.0,0.0,0.8733031280982012,0,0
18,19760,0.0,0.0,0.8643278930713448,0,0
19,20800,0.0,0.0,0.9179597611644348,0,0
20,21840,0.0,0.0,0.8349403082819952,0,0
21,22880,0.0,0.0,0.8118867723075647,0,0
22,23920,0.0,0.0,0.9952709279659083,0,0
23,24960,0.0,0.0,0.8263442636494566,0,0
24,26000,0.0,0.0,0.8317369018851696,0,0
25,27040,0.0,0.0,0.8317369018851696,0,0
26,28080,0.0,0.0,0.8317369018851696,0,0
27,29120,0.0,0.0,0.8317369018851696,0,0
28,30160,0.0,0.0,0.8314920698242717,0,0
29,31200,0.0,0.0,0.8314920698242717,0,0
30,32240,0.0,0.0,0.8302679899489042,0,0
31,33280,0.0,0.0,0.8295335900825526,0,0
32,34320,0.0,0.0,0.8300231868917932,0,0
33,35360,0.0,0.0,0.8297783870866456,0,0
34,36400,0.0,0.0,0.8290440026759005,0,0
35,37440,0.0,0.0,0.829288795429007,0,0
36,38480,0.0,0.0,0.8290440026759005,0,0
37,39520,0.0,0.0,0.82830963132405,0,0
38,40560,0.0,0.0,0.8275752609098779,0,0
39,41600,0.0,0.0,0.82830963132405,0,0
40,42640,0.0,0.0,0.82830963132405,0,0
41,43680,0.0,0.0,0.8261064745640616,0,0
42,44720,0.0,0.0,0.8268408793431917,0,0
43,45760,0.0,0.0,0.8261064745640616,0,0
44,46800,0.0,0.0,0.8261064745640616,0,0
45,47840,0.0,0.0,0.8258616657325293,0,0
46,48880,0.0,0.0,0.8261064745640616,0,0
47,49920,0.0,0.0,0.8258616657325293,0,0
48,50960,0.0,0.0,0.8251272112944724,0,0
49,52000,0.0,0.0,0.8224336824077098,0,0
