t,bytes_sent,utility,pheromone,f1_val,agg_count,rollback
0,4160,0.0,0.0,0.08027848820687696,0,0
1,8320,0.0,0.0,0.0,0,0
2,12480,0.0,0.0,0.14908882192567083,0,0
3,16640,0.0,0.0,0.19171769043386663,0,0
4,20800,0.0,0.0,0.22942453854505973,0,0
5,24960,0.0,0.0,0.142888259638423,0,0
6,29120,0.0,0.0,0.14830782496227635,0,0
7,33280,0.0,0.0,0.09087273018158548,0,0
8,37440,0.0,0.0,0.1494228149422815,0,0
9,41600,0.0,0.0,0.15731130410223823,0,0
10,45760,0.0,0.0,0.15720338983050847,0,0
11,49920,0.0,0.0,0.15720338983050847,0,0
12,54080,0.0,0.0,0.15709542982270255,0,0
13,58240,0.0,0.0,0.15687937248251008,0,0
14,62400,0.0,0.0,0.15709542982270255,0,0
15,66560,0.0,0.0,0.15720338983050847,0,0
16,70720,0.0,0.0,0.15720338983050847,0,0
17,74880,0.0,0.0,0.15795783090050067,0,0
18,79040,0.0,0.0,0.15871004083931842,0,0
19,83200,0.0,0.0,0.15978077571669477,0,0
20,87360,0.0,0.0,0.16116600098101044,0,0
21,91520,0.0,0.0,0.16137844084891784,0,0
22,95680,0.0,0.0,0.1616967660646787,0,0
23,99840,0.0,0.0,0.16212057630437823,0,0
24,104000,0.0,0.0,0.1626493397610564,0,0
25,108160,0.0,0.0,0.1640189520624303,0,0
26,112320,0.0,0.0,0.1681868435599779,0,0
27,116480,0.0,0.0,0.16839342450614725,0,0
28,120640,0.0,0.0,0.1693209238193726,0,0
29,124800,0.0,0.0,0.16983471074380166,0,0
30,128960,0.0,0.0,0.1702449766033581,0,0
31,133120,0.0,0.0,0.16983471074380166,0,0
32,137280,0.0,0.0,0.16983471074380166,0,0
33,141440,0.0,0.0,0.17096131381845667,0,0
34,145600,0.0,0.0,0.17096131381845667,0,0
35,149760,0.0,0.0,0.17116560203310668,0,0
36,153920,0.0,0.0,0.17259091843024452,0,0
37,158080,0.0,0.0,0.17319926123537863,0,0
38,162240,0.0,0.0,0.17330050608671865,0,0
39,166400,0.0,0.0,0.1742098436753362,0,0
40,170560,0.0,0.0,0.17481420876798257,0,0
41,174720,0.0,0.0,0.17501533428746677,0,0
42,178880,0.0,0.0,0.1752162953879692,0,0
43,183040,0.0,0.0,0.1752162953879692,0,0
44,187200,0.0,0.0,0.17511583537748707,0,0
45,191360,0.0,0.0,0.17511583537748707,0,0
46,195520,0.0,0.0,0.17541709227102487,0,0
47,199680,0.0,0.0,0.17571798012794337,0,0
48,203840,0.0,0.0,0.17591836734693878,0,0
49,208000,0.0,0.0,0.17631865144100053,0,0
