t,bytes_sent,utility,pheromone,f1_val,agg_count,rollback
0,1040,0.0,0.0,0.14215329110637173,0,0
1,2080,0.0,0.0,0.3917809239682193,0,0
2,3120,0.0,0.0,0.22154627693426676,0,0
3,4160,0.0,0.0,0.14094896331738438,0,0
4,5200,0.0,0.0,0.14094896331738438,0,0
5,6240,0.0,0.0,0.14094896331738438,0,0
6,7280,0.0,0.0,0.14094896331738438,0,0
7,8320,0.0,0.0,0.14094896331738438,0,0
8,9360,0.0,0.0,0.14094896331738438,0,0
9,10400,0.0,0.0,0.39057150910845023,0,0
10,11440,0.0,0.0,0.3915636865771003,0,0
11,12480,0.0,0.0,0.37424512813605926,0,0
12,13520,0.0,0.0,0.35348113499621747,0,0
13,14560,0.0,0.0,0.353233012888616,0,0
14,15600,0.0,0.0,0.35288462554833255,0,0
15,16640,0.0,0.0,0.3528326351486136,0,0
16,17680,0.0,0.0,0.3531650617411194,0,0
17,18720,0.0,0.0,0.3539154165019336,0,0
18,19760,0.0,0.0,0.3535986859472619,0,0
19,20800,0.0,0.0,0.3586923459389898,0,0
20,21840,0.0,0.0,0.3733964902756798,0,0
21,22880,0.0,0.0,0.38189410422005443,0,0
22,23920,0.0,0.0,0.3918037462574264,0,0
23,24960,0.0,0.0,0.388932521307807,0,0
24,26000,0.0,0.0,0.3828905393692398,0,0
25,27040,0.0,0.0,0.3627995904653146,0,0
26,28080,0.0,0.0,0.46848641552721493,0,0
27,29120,0.0,0.0,0.3516930825150003,0,0
28,30160,0.0,0.0,0.368905136879231,0,0
29,31200,0.0,0.0,0.38976880062515906,0,0
30,32240,0.0,0.0,0.40554370745711243,0,0
31,33280,0.0,0.0,0.39995251262164067,0,0
32,34320,0.0,0.0,0.37803881905028713,0,0
33,35360,0.0,0.0,0.38713933719152493,0,0
34,36400,0.0,0.0,0.37997371468823293,0,0
35,37440,0.0,0.0,0.32411623235635884,0,0
36,38480,0.0,0.0,0.4784167509435414,0,0
37,39520,0.0,0.0,0.3733405614280765,0,0
38,40560,0.0,0.0,0.6320615236849225,0,0
39,41600,0.0,0.0,0.4140531058034214,0,0
40,42640,0.0,0.0,0.41156975470283563,0,0
41,43680,0.0,0.0,0.41586730489615076,0,0
42,44720,0.0,0.0,0.3976233779072823,0,0
43,45760,0.0,0.0,0.5704980387429539,0,0
44,46800,0.0,0.0,0.4094903874588937,0,0
45,47840,0.0,0.0,0.5551021750116691,0,0
46,48880,0.0,0.0,0.41667311773851223,0,0
47,49920,0.0,0.0,0.4212485922634909,0,0
48,50960,0.0,0.0,0.3975652247333499,0,0
49,52000,0.0,0.0,0.9221508073756478,0,0
