t,bytes_sent,utility,pheromone,f1_val,agg_count,rollback
0,1040,0.0,0.0,0.7017525803949645,0,0
1,2080,0.0,0.0,0.6290366078333081,0,0
2,3120,0.0,0.0,0.8288809211606335,0,0
3,4160,0.0,0.0,0.8302522564541519,0,0
4,5200,0.0,0.0,0.8314504933008965,0,0
5,6240,0.0,0.0,0.7142149897691175,0,0
6,7280,0.0,0.0,0.7018249318660769,0,0
7,8320,0.0,0.0,0.809429108500057,0,0
8,9360,0.0,0.0,0.6503687540415085,0,0
9,10400,0.0,0.0,0.8292386461551113,0,0
10,11440,0.0,0.0,0.8307005709383921,0,0
11,12480,0.0,0.0,0.8303475955614414,0,0
12,13520,0.0,0.0,0.8171116734924148,0,0
13,14560,0.0,0.0,0.8281194154423536,0,0
14,15600,0.0,0.0,0.8222215316865988,0,0
15,16640,0.0,0.0,0.8205474253812047,0,0
16,17680,0.0,0.0,0.8256823792951715,0,0
17,18720,0.0,0.0,0.8144491701862617,0,0
18,19760,0.0,0.0,0.8081194473159639,0,0
19,20800,0.0,0.0,0.8299523241438729,0,0
20,21840,0.0,0.0,0.828320188350192,0,0
21,22880,0.0,0.0,0.8296628199327989,0,0
22,23920,0.0,0.0,0.8299625850352349,0,0
23,24960,0.0,0.0,0.8309965121146556,0,0
24,26000,0.0,0.0,0.8323342648324379,0,0
25,27040,0.0,0.0,0.8382090919086764,0,0
26,28080,0.0,0.0,0.8326419553999423,0,0
27,29120,0.0,0.0,0.8353643568959388,0,0
28,30160,0.0,0.0,0.8358671939365239,0,0
29,31200,0.0,0.0,0.8339424211722382,0,0
30,32240,0.0,0.0,0.8271274660713903,0,0
31,33280,0.0,0.0,0.8259637982125919,0,0
32,34320,0.0,0.0,0.8310345951280982,0,0
33,35360,0.0,0.0,0.8374658630099243,0,0
34,36400,0.0,0.0,0.8330246950421203,0,0
35,37440,0.0,0.0,0.8096202061541401,0,0
36,38480,0.0,0.0,0.833309486636134,0,0
37,39520,0.0,0.0,0.8298351572277849,0,0
38,40560,0.0,0.0,0.8333766650288932,0,0
39,41600,0.0,0.0,0.8386717901924213,0,0
40,42640,0.0,0.0,0.8364371347278978,0,0
41,43680,0.0,0.0,0.8340294574346137,0,0
42,44720,0.0,0.0,0.8405232970243559,0,0
43,45760,0.0,0.0,0.8407545013918083,0,0
44,46800,0.0,0.0,0.8392534539842305,0,0
45,47840,0.0,0.0,0.838580078016243,0,0
46,48880,0.0,0.0,0.8387326565751732,0,0
47,49920,0.0,0.0,0.8387830413803916,0,0
48,50960,0.0,0.0,0.8384510863616174,0,0
49,52000,0.0,0.0,0.8387198914962801,0,0
