t,bytes_sent,utility,pheromone,f1_val,agg_count,rollback
0,1040,0.0,0.0,0.20289293555469456,0,0
1,2080,0.0,0.0,0.20273583688217833,0,0
2,3120,0.0,0.0,0.30380970798684975,0,0
3,4160,0.0,0.0,0.3114871450549657,0,0
4,5200,0.0,0.0,0.7678386324095304,0,0
5,6240,0.0,0.0,0.866383434941133,0,0
6,7280,0.0,0.0,0.866939916705499,0,0
7,8320,0.0,0.0,0.9336319379721985,0,0
8,9360,0.0,0.0,0.8871986871334884,0,0
9,10400,0.0,0.0,0.8772197969342603,0,0
10,11440,0.0,0.0,0.8816573161336204,0,0
11,12480,0.0,0.0,0.8783295780733973,0,0
12,13520,0.0,0.0,0.8788843657432885,0,0
13,14560,0.0,0.0,0.876942308026181,0,0
14,15600,0.0,0.0,0.8705549163205744,0,0
15,16640,0.0,0.0,0.8697210058828482,0,0
16,17680,0.0,0.0,0.875276998259017,0,0
17,18720,0.0,0.0,0.8513208704815652,0,0
18,19760,0.0,0.0,0.8532778596846029,0,0
19,20800,0.0,0.0,0.8474024953753243,0,0
20,21840,0.0,0.0,0.8169406378239558,0,0
21,22880,0.0,0.0,0.5431822918368663,0,0
22,23920,0.0,0.0,0.8313816808902947,0,0
23,24960,0.0,0.0,0.8474024953753243,0,0
24,26000,0.0,0.0,0.8541161363685308,0,0
25,27040,0.0,0.0,0.8724999901620363,0,0
26,28080,0.0,0.0,0.8622068693456277,0,0
27,29120,0.0,0.0,0.828558652639235,0,0
28,30160,0.0,0.0,0.78710294244156,0,0
29,31200,0.0,0.0,0.5799255013412753,0,0
30,32240,0.0,0.0,0.5915126456324749,0,0
31,33280,0.0,0.0,0.5926568649567175,0,0
32,34320,0.0,0.0,0.3265775818268207,0,0
33,35360,0.0,0.0,0.9683098566862347,0,0
34,36400,0.0,0.0,0.9797575339928171,0,0
35,37440,0.0,0.0,0.9794776499660187,0,0
36,38480,0.0,0.0,0.9797575339928171,0,0
37,39520,0.0,0.0,0.9842400268920176,0,0
38,40560,0.0,0.0,0.9839596257840104,0,0
39,41600,0.0,0.0,0.9842400268920176,0,0
40,42640,0.0,0.0,0.9842400268920176,0,0
41,43680,0.0,0.0,0.9839575691777058,0,0
42,44720,0.0,0.0,0.9839575691777058,0,0
43,45760,0.0,0.0,0.9839575691777058,0,0
44,46800,0.0,0.0,0.9839575691777058,0,0
45,47840,0.0,0.0,0.9839575691777058,0,0
46,48880,0.0,0.0,0.9839575691777058,0,0
47,49920,0.0,0.0,0.9842380011783971,0,0
48,50960,0.0,0.0,0.9842380011783971,0,0
49,52000,0.0,0.0,0.9842380011783971,0,0
