t,bytes_sent,utility,pheromone,f1_val,agg_count,rollback
0,4160,0.0,0.0,0.35976373724718097,0,0
1,8320,0.0,0.0,0.35976373724718097,0,0
2,12480,0.0,0.0,0.23800107855473665,0,0
3,16640,0.0,0.0,0.23861664572488483,0,0
4,20800,0.0,0.0,0.47594775774387427,0,0
5,24960,0.0,0.0,0.6644937387261324,0,0
6,29120,0.0,0.0,0.663991243935555,0,0
7,33280,0.0,0.0,0.6645773415894515,0,0
8,37440,0.0,0.0,0.6612003589954997,0,0
9,41600,0.0,0.0,0.6649113362787039,0,0
10,45760,0.0,0.0,0.6642426795781429,0,0
11,49920,0.0,0.0,0.6644100941239898,0,0
12,54080,0.0,0.0,0.6644937387261324,0,0
13,58240,0.0,0.0,0.6644937387261324,0,0
14,62400,0.0,0.0,0.663991243935555,0,0
15,66560,0.0,0.0,0.6634858606395057,0,0
16,70720,0.0,0.0,0.6642426795781429,0,0
17,74880,0.0,0.0,0.6647444222245239,0,0
18,79040,0.0,0.0,0.6639901189354847,0,0
19,83200,0.0,0.0,0.6644937387261324,0,0
20,87360,0.0,0.0,0.6657431691383339,0,0
21,91520,0.0,0.0,0.6649106732635929,0,0
22,95680,0.0,0.0,0.6654106682959323,0,0
23,99840,0.0,0.0,0.665577001469956,0,0
24,104000,0.0,0.0,0.665660105976908,0,0
25,108160,0.0,0.0,0.4987451158216696,0,0
26,112320,0.0,0.0,0.6636541150346346,0,0
27,116480,0.0,0.0,0.6649106732635929,0,0
28,120640,0.0,0.0,0.6648271952537037,0,0
29,124800,0.0,0.0,0.665577001469956,0,0
30,128960,0.0,0.0,0.665577001469956,0,0
31,133120,0.0,0.0,0.665660105976908,0,0
32,137280,0.0,0.0,0.6657429214965033,0,0
33,141440,0.0,0.0,0.6657429214965033,0,0
34,145600,0.0,0.0,0.6647429282061997,0,0
35,149760,0.0,0.0,0.6657429214965033,0,0
36,153920,0.0,0.0,0.4987451158216696,0,0
37,158080,0.0,0.0,0.4987451158216696,0,0
38,162240,0.0,0.0,0.4983061983385304,0,0
39,166400,0.0,0.0,0.49868250719009266,0,0
40,170560,0.0,0.0,0.6657429214965033,0,0
41,174720,0.0,0.0,0.49855719615464983,0,0
42,178880,0.0,0.0,0.49936948853966023,0,0
43,183040,0.0,0.0,0.49936948853966023,0,0
44,187200,0.0,0.0,0.49936948853966023,0,0
45,191360,0.0,0.0,0.49936948853966023,0,0
46,195520,0.0,0.0,0.49936948853966023,0,0
47,199680,0.0,0.0,0.6650769243026619,0,0
48,203840,0.0,0.0,0.49861986730888674,0,0
49,208000,0.0,0.0,0.4988076932269964,0,0
