t,bytes_sent,utility,pheromone,f1_val,agg_count,rollback
0,4160,0.0,0.0,0.12660509123676503,0,0
1,8320,0.0,0.0,0.08901743391982003,0,0
2,12480,0.0,0.0,0.08915662650602409,0,0
3,16640,0.0,0.0,0.08901743391982003,0,0
4,20800,0.0,0.0,0.08915662650602409,0,0
5,24960,0.0,0.0,0.17914890738109734,0,0
6,29120,0.0,0.0,0.12165229232864276,0,0
7,33280,0.0,0.0,0.14172310829509868,0,0
8,37440,0.0,0.0,0.14837179210696572,0,0
9,41600,0.0,0.0,0.14982078853046596,0,0
10,45760,0.0,0.0,0.1561880487114132,0,0
11,49920,0.0,0.0,0.1569459172852598,0,0
12,54080,0.0,0.0,0.15676287492925864,0,0
13,58240,0.0,0.0,0.15029729923346943,0,0
14,62400,0.0,0.0,0.15934684684684683,0,0
15,66560,0.0,0.0,0.16317407096954456,0,0
16,70720,0.0,0.0,0.16990491938817695,0,0
17,74880,0.0,0.0,0.17154237055349542,0,0
18,79040,0.0,0.0,0.17113402061855668,0,0
19,83200,0.0,0.0,0.1708625670656211,0,0
20,87360,0.0,0.0,0.16901408450704225,0,0
21,91520,0.0,0.0,0.16652789342214822,0,0
22,95680,0.0,0.0,0.1692201518288475,0,0
23,99840,0.0,0.0,0.1553522025962971,0,0
24,104000,0.0,0.0,0.17127147766323025,0,0
25,108160,0.0,0.0,0.17347287776181683,0,0
26,112320,0.0,0.0,0.17387738363748206,0,0
27,116480,0.0,0.0,0.17518745739604635,0,0
28,120640,0.0,0.0,0.17538838920686836,0,0
29,124800,0.0,0.0,0.17679032477238754,0,0
30,128960,0.0,0.0,0.17256030701754385,0,0
31,133120,0.0,0.0,0.1713382797471833,0,0
32,137280,0.0,0.0,0.16949386291545995,0,0
33,141440,0.0,0.0,0.1683599419448476,0,0
34,145600,0.0,0.0,0.16586788914357156,0,0
35,149760,0.0,0.0,0.16722083679689667,0,0
36,153920,0.0,0.0,0.16949386291545995,0,0
37,158080,0.0,0.0,0.1702127659574468,0,0
38,162240,0.0,0.0,0.17205186252315294,0,0
39,166400,0.0,0.0,0.17397840645073118,0,0
40,170560,0.0,0.0,0.17387738363748206,0,0
41,174720,0.0,0.0,0.17669045191980973,0,0
42,178880,0.0,0.0,0.17748829635660493,0,0
43,183040,0.0,0.0,0.1768901569186876,0,0
44,187200,0.0,0.0,0.18061733387248957,0,0
45,191360,0.0,0.0,0.18234306814367238,0,0
46,195520,0.0,0.0,0.1824405960531615,0,0
47,199680,0.0,0.0,0.18467294715039753,0,0
48,203840,0.0,0.0,0.1850590827158021,0,0
49,208000,0.0,0.0,0.18573333333333333,0,0
