t,bytes_sent,utility,pheromone,f1_val,agg_count,rollback
0,4160,0.0,0.0,0.2062363238512035,0,0
1,8320,0.0,0.0,0.25194381740657135,0,0
2,12480,0.0,0.0,0.209709030604553,0,0
3,16640,0.0,0.0,0.26510952757983636,0,0
4,20800,0.0,0.0,0.265162014122616,0,0
5,24960,0.0,0.0,0.26542475888492534,0,0
6,29120,0.0,0.0,0.26531959852086634,0,0
7,33280,0.0,0.0,0.26510952757983636,0,0
8,37440,0.0,0.0,0.26489978902953587,0,0
9,41600,0.0,0.0,0.26474270277393425,0,0
10,45760,0.0,0.0,0.26427255985267034,0,0
11,49920,0.0,0.0,0.2631820265933058,0,0
12,54080,0.0,0.0,0.26225442203511523,0,0
13,58240,0.0,0.0,0.26118044721788874,0,0
14,62400,0.0,0.0,0.2602668739474025,0,0
15,66560,0.0,0.0,0.2600647249190939,0,0
16,70720,0.0,0.0,0.259963768115942,0,0
17,74880,0.0,0.0,0.2600647249190939,0,0
18,79040,0.0,0.0,0.25981247979308114,0,0
19,83200,0.0,0.0,0.25981247979308114,0,0
20,87360,0.0,0.0,0.25966136745508595,0,0
21,91520,0.0,0.0,0.2595607235142119,0,0
22,95680,0.0,0.0,0.2595607235142119,0,0
23,99840,0.0,0.0,0.25920908328494935,0,0
24,104000,0.0,0.0,0.2591087895788999,0,0
25,108160,0.0,0.0,0.25875837197320967,0,0
26,112320,0.0,0.0,0.25870838967226834,0,0
27,116480,0.0,0.0,0.25830922532947603,0,0
28,120640,0.0,0.0,0.25761364364941974,0,0
29,124800,0.0,0.0,0.257168458781362,0,0
30,128960,0.0,0.0,0.2568232662192394,0,0
31,133120,0.0,0.0,0.2563808065339459,0,0
32,137280,0.0,0.0,0.2558420885068449,0,0
33,141440,0.0,0.0,0.2548683793212813,0,0
34,145600,0.0,0.0,0.25313425313425314,0,0
35,149760,0.0,0.0,0.2521335341365462,0,0
36,153920,0.0,0.0,0.25165977702618064,0,0
37,158080,0.0,0.0,0.2513292049790455,0,0
38,162240,0.0,0.0,0.2511877969492373,0,0
39,166400,0.0,0.0,0.2511406962935184,0,0
40,170560,0.0,0.0,0.251234915275433,0,0
41,174720,0.0,0.0,0.2511877969492373,0,0
42,178880,0.0,0.0,0.2511877969492373,0,0
43,183040,0.0,0.0,0.2511406962935184,0,0
44,187200,0.0,0.0,0.2511406962935184,0,0
45,191360,0.0,0.0,0.2511406962935184,0,0
46,195520,0.0,0.0,0.2511877969492373,0,0
47,199680,0.0,0.0,0.2511406962935184,0,0
48,203840,0.0,0.0,0.25099950024987505,0,0
49,208000,0.0,0.0,0.2507645259938838,0,0
