t,bytes_sent,utility,pheromone,f1_val,agg_count,rollback
0,1040,0.0,0.0,0.6306168366537591,0,0
1,2080,0.0,0.0,0.4580542282349511,0,0
2,3120,0.0,0.0,0.960531351117436,0,0
3,4160,0.0,0.0,0.9933794054859941,0,0
4,5200,0.0,0.0,0.9726493747966923,0,0
5,6240,0.0,0.0,0.8938759538666246,0,0
6,7280,0.0,0.0,0.8900294193857378,0,0
7,8320,0.0,0.0,0.9591138540209596,0,0
8,9360,0.0,0.0,0.7331897511251632,0,0
9,10400,0.0,0.0,0.9619616648309319,0,0
10,11440,0.0,0.0,0.9620012470396173,0,0
11,12480,0.0,0.0,0.6982279511540898,0,0
12,13520,0.0,0.0,0.8870215163762921,0,0
13,14560,0.0,0.0,0.7415673488961236,0,0
14,15600,0.0,0.0,0.8024970566097198,0,0
15,16640,0.0,0.0,0.7943915856735437,0,0
16,17680,0.0,0.0,0.7922221118595357,0,0
17,18720,0.0,0.0,0.7878358589756905,0,0
18,19760,0.0,0.0,0.7847270278909897,0,0
19,20800,0.0,0.0,0.7793215148601769,0,0
20,21840,0.0,0.0,0.7806820649986019,0,0
21,22880,0.0,0.0,0.7765816989774382,0,0
22,23920,0.0,0.0,0.7788666195516735,0,0
23,24960,0.0,0.0,0.7788666195516735,0,0
24,26000,0.0,0.0,0.7733531374777272,0,0
25,27040,0.0,0.0,0.7724242323731769,0,0
26,28080,0.0,0.0,0.7672627726958671,0,0
27,29120,0.0,0.0,0.7644091844073977,0,0
28,30160,0.0,0.0,0.7710254192616462,0,0
29,31200,0.0,0.0,0.7600766694134625,0,0
30,32240,0.0,0.0,0.7672627726958671,0,0
31,33280,0.0,0.0,0.7487078174122125,0,0
32,34320,0.0,0.0,0.745159151193634,0,0
33,35360,0.0,0.0,0.7446487021353114,0,0
34,36400,0.0,0.0,0.7410506510919332,0,0
35,37440,0.0,0.0,0.7389747756733209,0,0
36,38480,0.0,0.0,0.7389747756733209,0,0
37,39520,0.0,0.0,0.7379313426118551,0,0
38,40560,0.0,0.0,0.736884211500394,0,0
39,41600,0.0,0.0,0.7363592510172375,0,0
40,42640,0.0,0.0,0.7379313426118551,0,0
41,43680,0.0,0.0,0.7353065237575114,0,0
42,44720,0.0,0.0,0.7337203673985508,0,0
43,45760,0.0,0.0,0.7342500326919394,0,0
44,46800,0.0,0.0,0.7310577085624402,0,0
45,47840,0.0,0.0,0.7331897511251632,0,0
46,48880,0.0,0.0,0.7294485246438385,0,0
47,49920,0.0,0.0,0.7283708492849369,0,0
48,50960,0.0,0.0,0.7262036459145993,0,0
49,52000,0.0,0.0,0.7262036459145993,0,0
