t,bytes_sent,utility,pheromone,f1_val,agg_count,rollback
0,1040,0.0,0.0,0.14226190476190476,0,0
1,2080,0.0,0.0,0.14226190476190476,0,0
2,3120,0.0,0.0,0.14226190476190476,0,0
3,4160,0.0,0.0,0.14226190476190476,0,0
4,5200,0.0,0.0,0.14226190476190476,0,0
5,6240,0.0,0.0,0.14226190476190476,0,0
6,7280,0.0,0.0,0.14226190476190476,0,0
7,8320,0.0,0.0,0.14226190476190476,0,0
8,9360,0.0,0.0,0.14226190476190476,0,0
9,10400,0.0,0.0,0.14226190476190476,0,0
10,11440,0.0,0.0,0.14226190476190476,0,0
11,12480,0.0,0.0,0.14226190476190476,0,0
12,13520,0.0,0.0,0.3790265868935338,0,0
13,14560,0.0,0.0,0.41714700908202623,0,0
14,15600,0.0,0.0,0.41770847824441854,0,0
15,16640,0.0,0.0,0.4175465518408786,0,0
16,17680,0.0,0.0,0.4175465518408786,0,0
17,18720,0.0,0.0,0.4301663815236396,0,0
18,19760,0.0,0.0,0.43715198336657235,0,0
19,20800,0.0,0.0,0.437089223240106,0,0
20,21840,0.0,0.0,0.581372645120791,0,0
21,22880,0.0,0.0,0.4390749213370162,0,0
22,23920,0.0,0.0,0.572905898788258,0,0
23,24960,0.0,0.0,0.7005699347162762,0,0
24,26000,0.0,0.0,0.4215373843730594,0,0
25,27040,0.0,0.0,0.7006090940057808,0,0
26,28080,0.0,0.0,0.575031085577942,0,0
27,29120,0.0,0.0,0.7003611031385764,0,0
28,30160,0.0,0.0,0.7003611031385764,0,0
29,31200,0.0,0.0,0.6519004944395487,0,0
30,32240,0.0,0.0,0.7006083926626743,0,0
31,33280,0.0,0.0,0.7003603281361598,0,0
32,34320,0.0,0.0,0.7003611031385764,0,0
33,35360,0.0,0.0,0.6688978284945456,0,0
34,36400,0.0,0.0,0.6460402836489769,0,0
35,37440,0.0,0.0,0.43676623050537206,0,0
36,38480,0.0,0.0,0.43676623050537206,0,0
37,39520,0.0,0.0,0.6294757852792057,0,0
38,40560,0.0,0.0,0.43027629335888246,0,0
39,41600,0.0,0.0,0.7003213174339138,0,0
40,42640,0.0,0.0,0.6892877235531185,0,0
41,43680,0.0,0.0,0.6710695722239373,0,0
42,44720,0.0,0.0,0.6551982694404433,0,0
43,45760,0.0,0.0,0.42508351984291576,0,0
44,46800,0.0,0.0,0.8134215689703052,0,0
45,47840,0.0,0.0,0.43226167704195867,0,0
46,48880,0.0,0.0,0.7004938661094564,0,0
47,49920,0.0,0.0,0.7004932948021524,0,0
48,50960,0.0,0.0,0.7005797538498719,0,0
49,52000,0.0,0.0,0.6781123249995211,0,0
