t,bytes_sent,utility,pheromone,f1_val,agg_count,rollback
0,1040,0.0,0.0,0.2899606299212598,0,0
1,2080,0.0,0.0,0.0,0,0
2,3120,0.0,0.0,0.0,0,0
3,4160,0.0,0.0,0.0,0,0
4,5200,0.0,0.0,0.0,0,0
5,6240,0.0,0.0,0.0,0,0
6,7280,0.0,0.0,0.0,0,0
7,8320,0.0,0.0,0.0,0,0
8,9360,0.0,0.0,0.0,0,0
9,10400,0.0,0.0,0.0,0,0
10,11440,0.0,0.0,0.0,0,0
11,12480,0.0,0.0,0.0,0,0
12,13520,0.0,0.0,0.0,0,0
13,14560,0.0,0.0,0.0,0,0
14,15600,0.0,0.0,0.0,0,0
15,16640,0.0,0.0,0.0,0,0
16,17680,0.0,0.0,0.0,0,0
17,18720,0.0,0.0,0.0,0,0
18,19760,0.0,0.0,0.0,0,0
19,20800,0.0,0.0,0.0,0,0
20,21840,0.0,0.0,0.0,0,0
21,22880,0.0,0.0,0.0,0,0
22,23920,0.0,0.0,0.0,0,0
23,24960,0.0,0.0,0.0,0,0
24,26000,0.0,0.0,0.0,0,0
25,27040,0.0,0.0,0.0,0,0
26,28080,0.0,0.0,0.0,0,0
27,29120,0.0,0.0,0.0,0,0
28,30160,0.0,0.0,0.0,0,0
29,31200,0.0,0.0,0.0,0,0
30,32240,0.0,0.0,0.0,0,0
31,33280,0.0,0.0,0.0,0,0
32,34320,0.0,0.0,0.042416452442159386,0,0
33,35360,0.0,0.0,0.1023391812865497,0,0
34,36400,0.0,0.0,0.08964798332130543,0,0
35,37440,0.0,0.0,0.09006410256410256,0,0
36,38480,0.0,0.0,0.09053103007037748,0,0
37,39520,0.0,0.0,0.1378198079319698,0,0
38,40560,0.0,0.0,0.09170653907496013,0,0
39,41600,0.0,0.0,0.09006410256410256,0,0
40,42640,0.0,0.0,0.09061799551713096,0,0
41,43680,0.0,0.0,0.13053820993160867,0,0
42,44720,0.0,0.0,0.12960893854748604,0,0
43,45760,0.0,0.0,0.11162432640492687,0,0
44,46800,0.0,0.0,0.12719790497568276,0,0
45,47840,0.0,0.0,0.1412861408491734,0,0
46,48880,0.0,0.0,0.13978965819456615,0,0
47,49920,0.0,0.0,0.13656743844174937,0,0
48,50960,0.0,0.0,0.12671309818018422,0,0
49,52000,0.0,0.0,0.12317201869440675,0,0
