t,bytes_sent,utility,pheromone,f1_val,agg_count,rollback
0,1040,0.0,0.0,0.2815060296419037,0,0
1,2080,0.0,0.0,0.33253550343066857,0,0
2,3120,0.0,0.0,0.27793277534210176,0,0
3,4160,0.0,0.0,0.25403764420157865,0,0
4,5200,0.0,0.0,0.26324399144331195,0,0
5,6240,0.0,0.0,0.26324399144331195,0,0
6,7280,0.0,0.0,0.256278329045694,0,0
7,8320,0.0,0.0,0.2561371288644016,0,0
8,9360,0.0,0.0,0.25731857318573187,0,0
9,10400,0.0,0.0,0.25860683602200385,0,0
10,11440,0.0,0.0,0.2603933283544934,0,0
11,12480,0.0,0.0,0.26274805325295153,0,0
12,13520,0.0,0.0,0.2640413984601792,0,0
13,14560,0.0,0.0,0.2648436510950753,0,0
14,15600,0.0,0.0,0.2652970642318179,0,0
15,16640,0.0,0.0,0.2658533485830474,0,0
16,17680,0.0,0.0,0.26671766430802574,0,0
17,18720,0.0,0.0,0.26743368488334934,0,0
18,19760,0.0,0.0,0.2684632659608598,0,0
19,20800,0.0,0.0,0.2691367554354818,0,0
20,21840,0.0,0.0,0.2696571281258056,0,0
21,22880,0.0,0.0,0.27028423772609816,0,0
22,23920,0.0,0.0,0.27138872673023284,0,0
23,24960,0.0,0.0,0.27239583333333334,0,0
24,26000,0.0,0.0,0.2740013097576948,0,0
25,27040,0.0,0.0,0.27470290854178975,0,0
26,28080,0.0,0.0,0.2758438818565401,0,0
27,29120,0.0,0.0,0.27699437272426347,0,0
28,30160,0.0,0.0,0.2772697150430749,0,0
29,31200,0.0,0.0,0.2777114031594318,0,0
30,32240,0.0,0.0,0.27859901451591423,0,0
31,33280,0.0,0.0,0.2793803418803419,0,0
32,34320,0.0,0.0,0.2801660640149993,0,0
33,35360,0.0,0.0,0.28260722728807836,0,0
34,36400,0.0,0.0,0.2834688346883469,0,0
35,37440,0.0,0.0,0.2836417869974917,0,0
36,38480,0.0,0.0,0.28398832552772685,0,0
37,39520,0.0,0.0,0.28410402661777684,0,0
38,40560,0.0,0.0,0.28433571185864764,0,0
39,41600,0.0,0.0,0.28480021782043424,0,0
40,42640,0.0,0.0,0.28497479907369566,0,0
41,43680,0.0,0.0,0.28520790729379686,0,0
42,44720,0.0,0.0,0.28549982940975777,0,0
43,45760,0.0,0.0,0.285792349726776,0,0
44,46800,0.0,0.0,0.28620288665435395,0,0
45,47840,0.0,0.0,0.2863791923340178,0,0
46,48880,0.0,0.0,0.28643800917368384,0,0
47,49920,0.0,0.0,0.28643800917368384,0,0
48,50960,0.0,0.0,0.2866735183281946,0,0
49,52000,0.0,0.0,0.2870865925620969,0,0
