t,bytes_sent,utility,pheromone,f1_val,agg_count,rollback
0,1040,0.0,0.0,0.29462832338578404,0,0
1,2080,0.0,0.0,0.29477956096661134,0,0
2,3120,0.0,0.0,0.297351598173516,0,0
3,4160,0.0,0.0,0.29613460663938157,0,0
4,5200,0.0,0.0,0.28859952165825137,0,0
5,6240,0.0,0.0,0.28829307140960975,0,0
6,7280,0.0,0.0,0.29581175615517397,0,0
7,8320,0.0,0.0,0.29700620664476085,0,0
8,9360,0.0,0.0,0.2969249019071083,0,0
9,10400,0.0,0.0,0.29597309335514954,0,0
10,11440,0.0,0.0,0.29444745885331886,0,0
11,12480,0.0,0.0,0.2861411371825292,0,0
12,13520,0.0,0.0,0.27841831070117,0,0
13,14560,0.0,0.0,0.27917737789203084,0,0
14,15600,0.0,0.0,0.2797527047913447,0,0
15,16640,0.0,0.0,0.279969064191802,0,0
16,17680,0.0,0.0,0.2797527047913447,0,0
17,18720,0.0,0.0,0.2801134898117101,0,0
18,19760,0.0,0.0,0.2806201550387597,0,0
19,20800,0.0,0.0,0.281055900621118,0,0
20,21840,0.0,0.0,0.2823712948517941,0,0
21,22880,0.0,0.0,0.2829598749348619,0,0
22,23920,0.0,0.0,0.2830336200156372,0,0
23,24960,0.0,0.0,0.2830336200156372,0,0
24,26000,0.0,0.0,0.2830336200156372,0,0
25,27040,0.0,0.0,0.2831812255541069,0,0
26,28080,0.0,0.0,0.2831812255541069,0,0
27,29120,0.0,0.0,0.28310740354535974,0,0
28,30160,0.0,0.0,0.2832550860719875,0,0
29,31200,0.0,0.0,0.2831812255541069,0,0
30,32240,0.0,0.0,0.28310740354535974,0,0
31,33280,0.0,0.0,0.28310740354535974,0,0
32,34320,0.0,0.0,0.2830336200156372,0,0
33,35360,0.0,0.0,0.2826652785007808,0,0
34,36400,0.0,0.0,0.28200467411062063,0,0
35,37440,0.0,0.0,0.2812742812742813,0,0
36,38480,0.0,0.0,0.2806201550387597,0,0
37,39520,0.0,0.0,0.2803304078471864,0,0
38,40560,0.0,0.0,0.28004125838060856,0,0
39,41600,0.0,0.0,0.27953667953667954,0,0
40,42640,0.0,0.0,0.27917737789203084,0,0
41,43680,0.0,0.0,0.27889060092449924,0,0
42,44720,0.0,0.0,0.27867590454195534,0,0
43,45760,0.0,0.0,0.27853295716850474,0,0
44,46800,0.0,0.0,0.27834699453551914,0,0
45,47840,0.0,0.0,0.2782757148954332,0,0
46,48880,0.0,0.0,0.27809036658141517,0,0
47,49920,0.0,0.0,0.27787716159809184,0,0
48,50960,0.0,0.0,0.2773809523809524,0,0
49,52000,0.0,0.0,0.27680311890838205,0,0
