t,bytes_sent,utility,pheromone,f1_val,agg_count,rollback
0,4160,0.0,0.0,0.6978801525862641,0,0
1,8320,0.0,0.0,0.6329472300344074,0,0
2,12480,0.0,0.0,0.6968112618651996,0,0
3,16640,0.0,0.0,0.6830156111612598,0,0
4,20800,0.0,0.0,0.7073556675888129,0,0
5,24960,0.0,0.0,0.7056504330927059,0,0
6,29120,0.0,0.0,0.7077853709352461,0,0
7,33280,0.0,0.0,0.7090929595340523,0,0
8,37440,0.0,0.0,0.7088202663260883,0,0
9,41600,0.0,0.0,0.7085613064631789,0,0
10,45760,0.0,0.0,0.7090793844122654,0,0
11,49920,0.0,0.0,0.7080438592945264,0,0
12,54080,0.0,0.0,0.7085613064631789,0,0
13,58240,0.0,0.0,0.7083025042950994,0,0
14,62400,0.0,0.0,0.7089109631089978,0,0
15,66560,0.0,0.0,0.7073556675888129,0,0
16,70720,0.0,0.0,0.7085613064631789,0,0
17,74880,0.0,0.0,0.7088202663260883,0,0
18,79040,0.0,0.0,0.7085613064631789,0,0
19,83200,0.0,0.0,0.7083025042950994,0,0
20,87360,0.0,0.0,0.7085613064631789,0,0
21,91520,0.0,0.0,0.7104563632376553,0,0
22,95680,0.0,0.0,0.711656964500519,0,0
23,99840,0.0,0.0,0.709171727891645,0,0
24,104000,0.0,0.0,0.7103773667660109,0,0
25,108160,0.0,0.0,0.709171727891645,0,0
26,112320,0.0,0.0,0.7089118107232701,0,0
27,116480,0.0,0.0,0.709171727891645,0,0
28,120640,0.0,0.0,0.7089103444865724,0,0
29,124800,0.0,0.0,0.7091732880916393,0,0
30,128960,0.0,0.0,0.7101174495976362,0,0
31,133120,0.0,0.0,0.709171727891645,0,0
32,137280,0.0,0.0,0.7070968654207335,0,0
33,141440,0.0,0.0,0.709171727891645,0,0
34,145600,0.0,0.0,0.709171727891645,0,0
35,149760,0.0,0.0,0.8970185702975848,0,0
36,153920,0.0,0.0,0.7087599705090154,0,0
37,158080,0.0,0.0,0.7104563632376553,0,0
38,162240,0.0,0.0,0.7105341220256263,0,0
39,166400,0.0,0.0,0.7101947517185311,0,0
40,170560,0.0,0.0,0.8325897413921539,0,0
41,174720,0.0,0.0,0.837184273458586,0,0
42,178880,0.0,0.0,0.8573247064713594,0,0
43,183040,0.0,0.0,0.8592050274717121,0,0
44,187200,0.0,0.0,0.8538203632616581,0,0
45,191360,0.0,0.0,0.8539022279147964,0,0
46,195520,0.0,0.0,0.8532321196444637,0,0
47,199680,0.0,0.0,0.8535744626622495,0,0
48,203840,0.0,0.0,0.8532398101839209,0,0
49,208000,0.0,0.0,0.852236645642966,0,0
