t,bytes_sent,utility,pheromone,f1_val,agg_count,rollback
0,1040,0.0,0.0,0.46253247750936954,0,0
1,2080,0.0,0.0,0.8481829844525719,0,0
2,3120,0.0,0.0,0.8007314145219062,0,0
3,4160,0.0,0.0,0.7184553635806638,0,0
4,5200,0.0,0.0,0.820191573541363,0,0
5,6240,0.0,0.0,0.7682669307438172,0,0
6,7280,0.0,0.0,0.8404475727108537,0,0
7,8320,0.0,0.0,0.7762410398779838,0,0
8,9360,0.0,0.0,0.7824304718317778,0,0
9,10400,0.0,0.0,0.8173137049106787,0,0
10,11440,0.0,0.0,0.8150490120404614,0,0
11,12480,0.0,0.0,0.7903935005671123,0,0
12,13520,0.0,0.0,0.8158415648272935,0,0
13,14560,0.0,0.0,0.8161315757939794,0,0
14,15600,0.0,0.0,0.7713341340089722,0,0
15,16640,0.0,0.0,0.8044350944699561,0,0
16,17680,0.0,0.0,0.9443750576078231,0,0
17,18720,0.0,0.0,0.7321849823669186,0,0
18,19760,0.0,0.0,0.7830313430734823,0,0
19,20800,0.0,0.0,0.7123367237026026,0,0
20,21840,0.0,0.0,0.7262721063272591,0,0
21,22880,0.0,0.0,0.7444532684757109,0,0
22,23920,0.0,0.0,0.7477852208771397,0,0
23,24960,0.0,0.0,0.7479075343335816,0,0
24,26000,0.0,0.0,0.7876934822630036,0,0
25,27040,0.0,0.0,0.750068734837778,0,0
26,28080,0.0,0.0,0.7782316557168059,0,0
27,29120,0.0,0.0,0.7682339373473435,0,0
28,30160,0.0,0.0,0.7646379150413327,0,0
29,31200,0.0,0.0,0.7635867549594176,0,0
30,32240,0.0,0.0,0.7612598680966383,0,0
31,33280,0.0,0.0,0.7567542558729682,0,0
32,34320,0.0,0.0,0.7566337965049005,0,0
33,35360,0.0,0.0,0.7560871292955704,0,0
34,36400,0.0,0.0,0.7541695582266128,0,0
35,37440,0.0,0.0,0.7501740601879521,0,0
36,38480,0.0,0.0,0.7503137410212164,0,0
37,39520,0.0,0.0,0.748929648836632,0,0
38,40560,0.0,0.0,0.7467070392258055,0,0
39,41600,0.0,0.0,0.7441942790980913,0,0
40,42640,0.0,0.0,0.7430222675959334,0,0
41,43680,0.0,0.0,0.7438628540690101,0,0
42,44720,0.0,0.0,0.7394102559973038,0,0
43,45760,0.0,0.0,0.7402090795606296,0,0
44,46800,0.0,0.0,0.7417370659523237,0,0
45,47840,0.0,0.0,0.7391360580080973,0,0
46,48880,0.0,0.0,0.7371488769142023,0,0
47,49920,0.0,0.0,0.735385044288485,0,0
48,50960,0.0,0.0,0.7326205717451159,0,0
49,52000,0.0,0.0,0.7358848950762373,0,0
