t,bytes_sent,utility,pheromone,f1_val,agg_count,rollback
0,1040,0.0,0.0,0.1417771333885667,0,0
1,2080,0.0,0.0,0.1417771333885667,0,0
2,3120,0.0,0.0,0.1417771333885667,0,0
3,4160,0.0,0.0,0.1417771333885667,0,0
4,5200,0.0,0.0,0.1417771333885667,0,0
5,6240,0.0,0.0,0.1417771333885667,0,0
6,7280,0.0,0.0,0.1417771333885667,0,0
7,8320,0.0,0.0,0.1417771333885667,0,0
8,9360,0.0,0.0,0.1417771333885667,0,0
9,10400,0.0,0.0,0.1417771333885667,0,0
10,11440,0.0,0.0,0.40612911582636624,0,0
11,12480,0.0,0.0,0.4169384018324798,0,0
12,13520,0.0,0.0,0.4160989210893514,0,0
13,14560,0.0,0.0,0.5046193714963929,0,0
14,15600,0.0,0.0,0.5376848518399051,0,0
15,16640,0.0,0.0,0.5868585886456803,0,0
16,17680,0.0,0.0,0.6900120071510749,0,0
17,18720,0.0,0.0,0.7071761093057887,0,0
18,19760,0.0,0.0,0.7005925029290768,0,0
19,20800,0.0,0.0,0.7013141837391442,0,0
20,21840,0.0,0.0,0.7012327640453476,0,0
21,22880,0.0,0.0,0.701230889339113,0,0
22,23920,0.0,0.0,0.701230889339113,0,0
23,24960,0.0,0.0,0.701049040284694,0,0
24,26000,0.0,0.0,0.7009697991820033,0,0
25,27040,0.0,0.0,0.7009697991820033,0,0
26,28080,0.0,0.0,0.7009697991820033,0,0
27,29120,0.0,0.0,0.6601923430525077,0,0
28,30160,0.0,0.0,0.5436063084642104,0,0
29,31200,0.0,0.0,0.7009719355803202,0,0
30,32240,0.0,0.0,0.7014423345247781,0,0
31,33280,0.0,0.0,0.5824357968583274,0,0
32,34320,0.0,0.0,0.6991418905705232,0,0
33,35360,0.0,0.0,0.4803339456220931,0,0
34,36400,0.0,0.0,0.6574817602790304,0,0
35,37440,0.0,0.0,0.7016826070820692,0,0
36,38480,0.0,0.0,0.515236333681673,0,0
37,39520,0.0,0.0,0.713306172017271,0,0
38,40560,0.0,0.0,0.7148648432013458,0,0
39,41600,0.0,0.0,0.7110250592518041,0,0
40,42640,0.0,0.0,0.7146553434933726,0,0
41,43680,0.0,0.0,0.7141722299507066,0,0
42,44720,0.0,0.0,0.7019429707323512,0,0
43,45760,0.0,0.0,0.6642248017431505,0,0
44,46800,0.0,0.0,0.6167576602958029,0,0
45,47840,0.0,0.0,0.6908648968542372,0,0
46,48880,0.0,0.0,0.7060269139240709,0,0
47,49920,0.0,0.0,0.6867559861090291,0,0
48,50960,0.0,0.0,0.6654329915164283,0,0
49,52000,0.0,0.0,0.6731066060546405,0,0
