t,bytes_sent,utility,pheromone,f1_val,agg_count,rollback
0,1040,0.0,0.0,0.10450549450549451,0,0
1,2080,0.0,0.0,0.13995598239295717,0,0
2,3120,0.0,0.0,0.13995598239295717,0,0
3,4160,0.0,0.0,0.13995598239295717,0,0
4,5200,0.0,0.0,0.13995598239295717,0,0
5,6240,0.0,0.0,0.13995598239295717,0,0
6,7280,0.0,0.0,0.13995598239295717,0,0
7,8320,0.0,0.0,0.13995598239295717,0,0
8,9360,0.0,0.0,0.13995598239295717,0,0
9,10400,0.0,0.0,0.13995598239295717,0,0
10,11440,0.0,0.0,0.13995598239295717,0,0
11,12480,0.0,0.0,0.41549694000722615,0,0
12,13520,0.0,0.0,0.41632552871207484,0,0
13,14560,0.0,0.0,0.5804702760162614,0,0
14,15600,0.0,0.0,0.38261020253233996,0,0
15,16640,0.0,0.0,0.5806894264710991,0,0
16,17680,0.0,0.0,0.7136304524863808,0,0
17,18720,0.0,0.0,0.700274300933842,0,0
18,19760,0.0,0.0,0.7008992245294026,0,0
19,20800,0.0,0.0,0.7138229449839267,0,0
20,21840,0.0,0.0,0.6993299282308867,0,0
21,22880,0.0,0.0,0.7144610111876308,0,0
22,23920,0.0,0.0,0.7142391053978291,0,0
23,24960,0.0,0.0,0.6996113138159703,0,0
24,26000,0.0,0.0,0.6998538376941427,0,0
25,27040,0.0,0.0,0.714020040389705,0,0
26,28080,0.0,0.0,0.697577869102405,0,0
27,29120,0.0,0.0,0.7014621345513242,0,0
28,30160,0.0,0.0,0.7142391053978291,0,0
29,31200,0.0,0.0,0.976118482526237,0,0
30,32240,0.0,0.0,0.9946453664677153,0,0
31,33280,0.0,0.0,0.9949400846038673,0,0
32,34320,0.0,0.0,0.9916548034766862,0,0
33,35360,0.0,0.0,0.993904772272774,0,0
34,36400,0.0,0.0,0.9940508161305832,0,0
35,37440,0.0,0.0,0.9935462653440466,0,0
36,38480,0.0,0.0,0.9929676658760574,0,0
37,39520,0.0,0.0,0.9864436062227302,0,0
38,40560,0.0,0.0,0.9929590236620561,0,0
39,41600,0.0,0.0,0.993904772272774,0,0
40,42640,0.0,0.0,0.9889241575992487,0,0
41,43680,0.0,0.0,0.9932593276801964,0,0
42,44720,0.0,0.0,0.9936910743895857,0,0
43,45760,0.0,0.0,0.9918109678295097,0,0
44,46800,0.0,0.0,0.9936253371144965,0,0
45,47840,0.0,0.0,0.9937111453033,0,0
46,48880,0.0,0.0,0.9857354242324556,0,0
47,49920,0.0,0.0,0.9925289693239863,0,0
48,50960,0.0,0.0,0.9929104607715991,0,0
49,52000,0.0,0.0,0.9743313853200348,0,0
