t,bytes_sent,utility,pheromone,f1_val,agg_count,rollback
0,1040,0.0,0.0,0.7014937575602418,0,0
1,2080,0.0,0.0,0.6810529943856539,0,0
2,3120,0.0,0.0,0.7080268185463326,0,0
3,4160,0.0,0.0,0.8258515064144258,0,0
4,5200,0.0,0.0,0.7085756773508003,0,0
5,6240,0.0,0.0,0.709511194771378,0,0
6,7280,0.0,0.0,0.7076693864710951,0,0
7,8320,0.0,0.0,0.7095158967418934,0,0
8,9360,0.0,0.0,0.7884889950929744,0,0
9,10400,0.0,0.0,0.742540228286428,0,0
10,11440,0.0,0.0,0.7085655222558603,0,0
11,12480,0.0,0.0,0.7180784872651828,0,0
12,13520,0.0,0.0,0.7083932237833508,0,0
13,14560,0.0,0.0,0.7351839134812255,0,0
14,15600,0.0,0.0,0.7084722287552142,0,0
15,16640,0.0,0.0,0.7171679179313244,0,0
16,17680,0.0,0.0,0.7074420402039681,0,0
17,18720,0.0,0.0,0.708652592260766,0,0
18,19760,0.0,0.0,0.708652592260766,0,0
19,20800,0.0,0.0,0.7074420402039681,0,0
20,21840,0.0,0.0,0.7077011793309411,0,0
21,22880,0.0,0.0,0.7077011793309411,0,0
22,23920,0.0,0.0,0.7074420402039681,0,0
23,24960,0.0,0.0,0.7077011793309411,0,0
24,26000,0.0,0.0,0.7077011793309411,0,0
25,27040,0.0,0.0,0.7706112791923773,0,0
26,28080,0.0,0.0,0.7075210459501451,0,0
27,29120,0.0,0.0,0.8249923915938778,0,0
28,30160,0.0,0.0,0.8249923915938778,0,0
29,31200,0.0,0.0,0.8257847851293844,0,0
30,32240,0.0,0.0,0.8249923915938778,0,0
31,33280,0.0,0.0,0.9509379795696262,0,0
32,34320,0.0,0.0,0.8909767979702633,0,0
33,35360,0.0,0.0,0.8776390234210494,0,0
34,36400,0.0,0.0,0.8966891006246771,0,0
35,37440,0.0,0.0,0.8621250424173124,0,0
36,38480,0.0,0.0,0.8688180280897679,0,0
37,39520,0.0,0.0,0.8660425429448133,0,0
38,40560,0.0,0.0,0.8639290705344763,0,0
39,41600,0.0,0.0,0.8615033865730832,0,0
40,42640,0.0,0.0,0.8611914705624376,0,0
41,43680,0.0,0.0,0.8618976029392664,0,0
42,44720,0.0,0.0,0.8618976029392664,0,0
43,45760,0.0,0.0,0.8615445615295598,0,0
44,46800,0.0,0.0,0.8576437755398688,0,0
45,47840,0.0,0.0,0.8563523313607965,0,0
46,48880,0.0,0.0,0.858472053296901,0,0
47,49920,0.0,0.0,0.8579801171008743,0,0
48,50960,0.0,0.0,0.8543240143409154,0,0
49,52000,0.0,0.0,0.8524511997355777,0,0
