t,bytes_sent,utility,pheromone,f1_val,agg_count,rollback
0,1040,0.0,0.0,0.14226190476190476,0,0
1,2080,0.0,0.0,0.14226190476190476,0,0
2,3120,0.0,0.0,0.14226190476190476,0,0
3,4160,0.0,0.0,0.14226190476190476,0,0
4,5200,0.0,0.0,0.14226190476190476,0,0
5,6240,0.0,0.0,0.14226190476190476,0,0
6,7280,0.0,0.0,0.14226190476190476,0,0
7,8320,0.0,0.0,0.14226190476190476,0,0
8,9360,0.0,0.0,0.14226190476190476,0,0
9,10400,0.0,0.0,0.14226190476190476,0,0
10,11440,0.0,0.0,0.41654174186412063,0,0
11,12480,0.0,0.0,0.41795135763108626,0,0
12,13520,0.0,0.0,0.4176671856330787,0,0
13,14560,0.0,0.0,0.4175465518408786,0,0
14,15600,0.0,0.0,0.41750600063402926,0,0
15,16640,0.0,0.0,0.7009184243114651,0,0
16,17680,0.0,0.0,0.4173841268229622,0,0
17,18720,0.0,0.0,0.7002995490876982,0,0
18,19760,0.0,0.0,0.6994957191033169,0,0
19,20800,0.0,0.0,0.7005691551769304,0,0
20,21840,0.0,0.0,0.7005685100046517,0,0
21,22880,0.0,0.0,0.7003213174339138,0,0
22,23920,0.0,0.0,0.7003213174339138,0,0
23,24960,0.0,0.0,0.7003213174339138,0,0
24,26000,0.0,0.0,0.7003213174339138,0,0
25,27040,0.0,0.0,0.6208839300469873,0,0
26,28080,0.0,0.0,0.7003213174339138,0,0
27,29120,0.0,0.0,0.42156101001604207,0,0
28,30160,0.0,0.0,0.7003213174339138,0,0
29,31200,0.0,0.0,0.6243926896438576,0,0
30,32240,0.0,0.0,0.700320598491359,0,0
31,33280,0.0,0.0,0.7003213174339138,0,0
32,34320,0.0,0.0,0.700320598491359,0,0
33,35360,0.0,0.0,0.6823372107381016,0,0
34,36400,0.0,0.0,0.7003213174339138,0,0
35,37440,0.0,0.0,0.700320598491359,0,0
36,38480,0.0,0.0,0.700320598491359,0,0
37,39520,0.0,0.0,0.700320598491359,0,0
38,40560,0.0,0.0,0.4249969512498927,0,0
39,41600,0.0,0.0,0.7004932948021524,0,0
40,42640,0.0,0.0,0.6655546955963936,0,0
41,43680,0.0,0.0,0.700320598491359,0,0
42,44720,0.0,0.0,0.700320598491359,0,0
43,45760,0.0,0.0,0.700320598491359,0,0
44,46800,0.0,0.0,0.6453415190670104,0,0
45,47840,0.0,0.0,0.6768371038732844,0,0
46,48880,0.0,0.0,0.6175256495421932,0,0
47,49920,0.0,0.0,0.6037141399327823,0,0
48,50960,0.0,0.0,0.700407554886547,0,0
49,52000,0.0,0.0,0.5820205886030793,0,0
