t,bytes_sent,utility,pheromone,f1_val,agg_count,rollback
0,1040,0.0,0.0,0.35976373724718097,0,0
1,2080,0.0,0.0,0.35976373724718097,0,0
2,3120,0.0,0.0,0.2413544668587896,0,0
3,4160,0.0,0.0,0.5219975680136526,0,0
4,5200,0.0,0.0,0.24956478487938324,0,0
5,6240,0.0,0.0,0.6650780840009912,0,0
6,7280,0.0,0.0,0.4983068848084823,0,0
7,8320,0.0,0.0,0.4987455822367085,0,0
8,9360,0.0,0.0,0.49924507948268093,0,0
9,10400,0.0,0.0,0.665660105976908,0,0
10,11440,0.0,0.0,0.49905800122194927,0,0
11,12480,0.0,0.0,0.49905800122194927,0,0
12,13520,0.0,0.0,0.6644091797446431,0,0
13,14560,0.0,0.0,0.4767327804741341,0,0
14,15600,0.0,0.0,0.4984944937039563,0,0
15,16640,0.0,0.0,0.4993071911223774,0,0
16,17680,0.0,0.0,0.4993071911223774,0,0
17,18720,0.0,0.0,0.49936948853966023,0,0
18,19760,0.0,0.0,0.49943175496320313,0,0
19,20800,0.0,0.0,0.4983068848084823,0,0
20,21840,0.0,0.0,0.4985577566910907,0,0
21,22880,0.0,0.0,0.49905800122194927,0,0
22,23920,0.0,0.0,0.49924507948268093,0,0
23,24960,0.0,0.0,0.49924507948268093,0,0
24,26000,0.0,0.0,0.3815514165861523,0,0
25,27040,0.0,0.0,0.33309310703262,0,0
26,28080,0.0,0.0,0.3006297310011547,0,0
27,29120,0.0,0.0,0.24968913205670232,0,0
28,30160,0.0,0.0,0.2512170107290729,0,0
29,31200,0.0,0.0,0.2496266799402688,0,0
30,32240,0.0,0.0,0.2496266799402688,0,0
31,33280,0.0,0.0,0.36125589491617494,0,0
32,34320,0.0,0.0,0.4993071911223774,0,0
33,35360,0.0,0.0,0.49843175993335737,0,0
34,36400,0.0,0.0,0.4443322436802075,0,0
35,37440,0.0,0.0,0.4390820237275936,0,0
36,38480,0.0,0.0,0.29721916057958403,0,0
37,39520,0.0,0.0,0.33419719955850846,0,0
38,40560,0.0,0.0,0.3035784599079272,0,0
39,41600,0.0,0.0,0.30011434488576505,0,0
40,42640,0.0,0.0,0.30976507848653967,0,0
41,43680,0.0,0.0,0.32961989128160457,0,0
42,44720,0.0,0.0,0.3653073627861383,0,0
43,45760,0.0,0.0,0.42205705102450786,0,0
44,46800,0.0,0.0,0.30690898427446067,0,0
45,47840,0.0,0.0,0.4993071911223774,0,0
46,48880,0.0,0.0,0.48130134002964586,0,0
47,49920,0.0,0.0,0.4605745862136402,0,0
48,50960,0.0,0.0,0.41593843462510693,0,0
49,52000,0.0,0.0,0.34197839690176723,0,0
