t,bytes_sent,utility,pheromone,f1_val,agg_count,rollback
0,1040,0.0,0.0,0.10429108604291086,0,0
1,2080,0.0,0.0,0.08845180584311019,0,0
2,3120,0.0,0.0,0.37105275679737926,0,0
3,4160,0.0,0.0,0.14205682272909165,0,0
4,5200,0.0,0.0,0.14205682272909165,0,0
5,6240,0.0,0.0,0.14205682272909165,0,0
6,7280,0.0,0.0,0.14205682272909165,0,0
7,8320,0.0,0.0,0.14205682272909165,0,0
8,9360,0.0,0.0,0.14205682272909165,0,0
9,10400,0.0,0.0,0.14205682272909165,0,0
10,11440,0.0,0.0,0.14205682272909165,0,0
11,12480,0.0,0.0,0.14205682272909165,0,0
12,13520,0.0,0.0,0.14205682272909165,0,0
13,14560,0.0,0.0,0.14205682272909165,0,0
14,15600,0.0,0.0,0.14205682272909165,0,0
15,16640,0.0,0.0,0.14205682272909165,0,0
16,17680,0.0,0.0,0.4166714190153544,0,0
17,18720,0.0,0.0,0.41703542715461484,0,0
18,19760,0.0,0.0,0.4174824668208474,0,0
19,20800,0.0,0.0,0.6768302840936671,0,0
20,21840,0.0,0.0,0.6997878902098625,0,0
21,22880,0.0,0.0,0.6851461193012934,0,0
22,23920,0.0,0.0,0.5951893681967781,0,0
23,24960,0.0,0.0,0.4517532000385982,0,0
24,26000,0.0,0.0,0.6870686949997938,0,0
25,27040,0.0,0.0,0.5337253108601652,0,0
26,28080,0.0,0.0,0.5845354769120159,0,0
27,29120,0.0,0.0,0.6778468213603249,0,0
28,30160,0.0,0.0,0.5754429040290034,0,0
29,31200,0.0,0.0,0.6815048230550689,0,0
30,32240,0.0,0.0,0.5484000756811876,0,0
31,33280,0.0,0.0,0.6794148879534719,0,0
32,34320,0.0,0.0,0.4241537123799973,0,0
33,35360,0.0,0.0,0.6924719365914842,0,0
34,36400,0.0,0.0,0.6209945218871358,0,0
35,37440,0.0,0.0,0.6736618068809019,0,0
36,38480,0.0,0.0,0.5879765493944947,0,0
37,39520,0.0,0.0,0.6745341741734285,0,0
38,40560,0.0,0.0,0.550811605538118,0,0
39,41600,0.0,0.0,0.6287103594231107,0,0
40,42640,0.0,0.0,0.576704951834728,0,0
41,43680,0.0,0.0,0.5655486660416176,0,0
42,44720,0.0,0.0,0.6990529160949059,0,0
43,45760,0.0,0.0,0.6762781011910219,0,0
44,46800,0.0,0.0,0.4017498569577247,0,0
45,47840,0.0,0.0,0.6956073887561667,0,0
46,48880,0.0,0.0,0.6187711768641448,0,0
47,49920,0.0,0.0,0.4155236993883521,0,0
48,50960,0.0,0.0,0.6299869785560848,0,0
49,52000,0.0,0.0,0.6804599586685114,0,0
