t,bytes_sent,utility,pheromone,f1_val,agg_count,rollback
0,1040,0.0,0.0,0.9532979945183597,0,0
1,2080,0.0,0.0,0.9969478118293155,0,0
2,3120,0.0,0.0,0.9633457386370129,0,0
3,4160,0.0,0.0,0.9959305262486984,0,0
4,5200,0.0,0.0,0.9975773038923221,0,0
5,6240,0.0,0.0,0.9979907967189754,0,0
6,7280,0.0,0.0,0.9979907967189754,0,0
7,8320,0.0,0.0,0.9979907967189754,0,0
8,9360,0.0,0.0,0.9979907967189754,0,0
9,10400,0.0,0.0,0.9982336447549325,0,0
10,11440,0.0,0.0,0.9979907967189754,0,0
11,12480,0.0,0.0,0.9982336447549325,0,0
12,13520,0.0,0.0,0.9979907967189754,0,0
13,14560,0.0,0.0,0.9969755000837764,0,0
14,15600,0.0,0.0,0.9969755000837764,0,0
15,16640,0.0,0.0,0.9965652232429598,0,0
16,17680,0.0,0.0,0.9294415977631667,0,0
17,18720,0.0,0.0,0.9688296521080251,0,0
18,19760,0.0,0.0,0.9755480907512115,0,0
19,20800,0.0,0.0,0.9577445480363043,0,0
20,21840,0.0,0.0,0.9360900579952742,0,0
21,22880,0.0,0.0,0.9944873210906058,0,0
22,23920,0.0,0.0,0.9611294498635348,0,0
23,24960,0.0,0.0,0.9365254915811536,0,0
24,26000,0.0,0.0,0.9007689866044098,0,0
25,27040,0.0,0.0,0.8788760359593117,0,0
26,28080,0.0,0.0,0.86550936244183,0,0
27,29120,0.0,0.0,0.8800833878642366,0,0
28,30160,0.0,0.0,0.8197094203822878,0,0
29,31200,0.0,0.0,0.8406476632176335,0,0
30,32240,0.0,0.0,0.9726503928865043,0,0
31,33280,0.0,0.0,0.9625986667574065,0,0
32,34320,0.0,0.0,0.8919345972457864,0,0
33,35360,0.0,0.0,0.9947132779715583,0,0
34,36400,0.0,0.0,0.9607410397048851,0,0
35,37440,0.0,0.0,0.9191406838100933,0,0
36,38480,0.0,0.0,0.9001429467039137,0,0
37,39520,0.0,0.0,0.902212393480206,0,0
38,40560,0.0,0.0,0.9081086043588382,0,0
39,41600,0.0,0.0,0.9081086043588382,0,0
40,42640,0.0,0.0,0.9028500573282066,0,0
41,43680,0.0,0.0,0.9012959941671854,0,0
42,44720,0.0,0.0,0.9304585851049134,0,0
43,45760,0.0,0.0,0.8680040090403123,0,0
44,46800,0.0,0.0,0.8526536745184314,0,0
45,47840,0.0,0.0,0.8901729929427964,0,0
46,48880,0.0,0.0,0.8599963727320584,0,0
47,49920,0.0,0.0,0.9162106907119386,0,0
48,50960,0.0,0.0,0.9570827888265907,0,0
49,52000,0.0,0.0,0.9390353641950748,0,0
