t,bytes_sent,utility,pheromone,f1_val,agg_count,rollback
0,1040,0.0,0.0,0.8962628493490306,0,0
1,2080,0.0,0.0,0.7950502116259329,0,0
2,3120,0.0,0.0,0.9977814963782642,0,0
3,4160,0.0,0.0,0.960995754132836,0,0
4,5200,0.0,0.0,0.960995754132836,0,0
5,6240,0.0,0.0,0.9737206917764709,0,0
6,7280,0.0,0.0,0.9674615782486631,0,0
7,8320,0.0,0.0,0.9660958543001401,0,0
8,9360,0.0,0.0,0.9615385219550141,0,0
9,10400,0.0,0.0,0.9560243755150988,0,0
10,11440,0.0,0.0,0.9844093410476541,0,0
11,12480,0.0,0.0,0.8084912196375839,0,0
12,13520,0.0,0.0,0.7895028513997417,0,0
13,14560,0.0,0.0,0.7986845150855855,0,0
14,15600,0.0,0.0,0.7895980213256462,0,0
15,16640,0.0,0.0,0.7895980213256462,0,0
16,17680,0.0,0.0,0.7833847604130026,0,0
17,18720,0.0,0.0,0.781585674930204,0,0
18,19760,0.0,0.0,0.7811342107880256,0,0
19,20800,0.0,0.0,0.7696200003639464,0,0
20,21840,0.0,0.0,0.7765816989774382,0,0
21,22880,0.0,0.0,0.77795474713905,0,0
22,23920,0.0,0.0,0.775202306795429,0,0
23,24960,0.0,0.0,0.775202306795429,0,0
24,26000,0.0,0.0,0.762972034916815,0,0
25,27040,0.0,0.0,0.7682079083191063,0,0
26,28080,0.0,0.0,0.7667890749744022,0,0
27,29120,0.0,0.0,0.762972034916815,0,0
28,30160,0.0,0.0,0.7682079083191063,0,0
29,31200,0.0,0.0,0.7546938606859556,0,0
30,32240,0.0,0.0,0.7682079083191063,0,0
31,33280,0.0,0.0,0.7537045629632524,0,0
32,34320,0.0,0.0,0.7471921752082917,0,0
33,35360,0.0,0.0,0.7310577085624402,0,0
34,36400,0.0,0.0,0.7456687199747144,0,0
35,37440,0.0,0.0,0.7512167449528809,0,0
36,38480,0.0,0.0,0.7384535197739824,0,0
37,39520,0.0,0.0,0.7471921752082917,0,0
38,40560,0.0,0.0,0.7456687199747144,0,0
39,41600,0.0,0.0,0.7389747756733209,0,0
40,42640,0.0,0.0,0.7389747756733209,0,0
41,43680,0.0,0.0,0.7591052270173031,0,0
42,44720,0.0,0.0,0.7374082409406617,0,0
43,45760,0.0,0.0,0.7347787503635943,0,0
44,46800,0.0,0.0,0.7374082409406617,0,0
45,47840,0.0,0.0,0.7283708492849369,0,0
46,48880,0.0,0.0,0.7374082409406617,0,0
47,49920,0.0,0.0,0.7321256521335064,0,0
48,50960,0.0,0.0,0.736884211500394,0,0
49,52000,0.0,0.0,0.7358333562034953,0,0
