t,bytes_sent,utility,pheromone,f1_val,agg_count,rollback
0,1040,0.0,0.0,0.10429108604291086,0,0
1,2080,0.0,0.0,0.14205682272909165,0,0
2,3120,0.0,0.0,0.14205682272909165,0,0
3,4160,0.0,0.0,0.14205682272909165,0,0
4,5200,0.0,0.0,0.14205682272909165,0,0
5,6240,0.0,0.0,0.14205682272909165,0,0
6,7280,0.0,0.0,0.14205682272909165,0,0
7,8320,0.0,0.0,0.14205682272909165,0,0
8,9360,0.0,0.0,0.14205682272909165,0,0
9,10400,0.0,0.0,0.14205682272909165,0,0
10,11440,0.0,0.0,0.14205682272909165,0,0
11,12480,0.0,0.0,0.14205682272909165,0,0
12,13520,0.0,0.0,0.14205682272909165,0,0
13,14560,0.0,0.0,0.14205682272909165,0,0
14,15600,0.0,0.0,0.14205682272909165,0,0
15,16640,0.0,0.0,0.14205682272909165,0,0
16,17680,0.0,0.0,0.416467909967687,0,0
17,18720,0.0,0.0,0.4184183014732602,0,0
18,19760,0.0,0.0,0.7144313640572862,0,0
19,20800,0.0,0.0,0.7143645735492574,0,0
20,21840,0.0,0.0,0.7144306615089584,0,0
21,22880,0.0,0.0,0.7139363947599818,0,0
22,23920,0.0,0.0,0.7142026337939525,0,0
23,24960,0.0,0.0,0.6837761506726221,0,0
24,26000,0.0,0.0,0.6988813472955469,0,0
25,27040,0.0,0.0,0.5516285963609576,0,0
26,28080,0.0,0.0,0.6340627808188004,0,0
27,29120,0.0,0.0,0.6819903671548633,0,0
28,30160,0.0,0.0,0.4187974947580272,0,0
29,31200,0.0,0.0,0.6900937864482771,0,0
30,32240,0.0,0.0,0.46596498057018765,0,0
31,33280,0.0,0.0,0.6986301248989053,0,0
32,34320,0.0,0.0,0.4273381260782151,0,0
33,35360,0.0,0.0,0.6943497519168669,0,0
34,36400,0.0,0.0,0.6998498909218271,0,0
35,37440,0.0,0.0,0.5039419968331591,0,0
36,38480,0.0,0.0,0.6956665010736203,0,0
37,39520,0.0,0.0,0.49033791189211823,0,0
38,40560,0.0,0.0,0.4960298821540299,0,0
39,41600,0.0,0.0,0.6997519331531865,0,0
40,42640,0.0,0.0,0.46733218788120795,0,0
41,43680,0.0,0.0,0.4257142627178866,0,0
42,44720,0.0,0.0,0.6998498909218271,0,0
43,45760,0.0,0.0,0.6638666068842028,0,0
44,46800,0.0,0.0,0.41953726259584845,0,0
45,47840,0.0,0.0,0.6986301248989053,0,0
46,48880,0.0,0.0,0.49400179271639477,0,0
47,49920,0.0,0.0,0.5136628830921174,0,0
48,50960,0.0,0.0,0.6986301248989053,0,0
49,52000,0.0,0.0,0.6173085317060478,0,0
