t,bytes_sent,utility,pheromone,f1_val,agg_count,rollback
0,4160,0.0,0.0,0.08899598393574297,0,0
1,8320,0.0,0.0,0.1297208538587849,0,0
2,12480,0.0,0.0,0.16102110947471773,0,0
3,16640,0.0,0.0,0.14260793720017445,0,0
4,20800,0.0,0.0,0.09008575779434158,0,0
5,24960,0.0,0.0,0.13973543813491193,0,0
6,29120,0.0,0.0,0.0894132755437836,0,0
7,33280,0.0,0.0,0.09691211401425177,0,0
8,37440,0.0,0.0,0.13648409893992933,0,0
9,41600,0.0,0.0,0.14123305640577175,0,0
10,45760,0.0,0.0,0.14260793720017445,0,0
11,49920,0.0,0.0,0.14363438520130575,0,0
12,54080,0.0,0.0,0.14533622559652928,0,0
13,58240,0.0,0.0,0.14556230124313385,0,0
14,62400,0.0,0.0,0.14601386481802428,0,0
15,66560,0.0,0.0,0.14612663345606816,0,0
16,70720,0.0,0.0,0.14635202424767266,0,0
17,74880,0.0,0.0,0.1479243111015181,0,0
18,79040,0.0,0.0,0.14837179210696572,0,0
19,83200,0.0,0.0,0.14848354175650424,0,0
20,87360,0.0,0.0,0.14859524322770712,0,0
21,91520,0.0,0.0,0.14814814814814814,0,0
22,95680,0.0,0.0,0.14781232009211284,0,0
23,99840,0.0,0.0,0.14803625377643506,0,0
24,104000,0.0,0.0,0.14837179210696572,0,0
25,108160,0.0,0.0,0.14870689655172414,0,0
26,112320,0.0,0.0,0.14881850175967823,0,0
27,116480,0.0,0.0,0.14915302899799024,0,0
28,120640,0.0,0.0,0.149375807145932,0,0
29,124800,0.0,0.0,0.1513722126929674,0,0
30,128960,0.0,0.0,0.15477458288959886,0,0
31,133120,0.0,0.0,0.1569459172852598,0,0
32,137280,0.0,0.0,0.15856236786469344,0,0
33,141440,0.0,0.0,0.15931320807824925,0,0
34,145600,0.0,0.0,0.16016859852476292,0,0
35,149760,0.0,0.0,0.16027531956735497,0,0
36,153920,0.0,0.0,0.160061832490163,0,0
37,158080,0.0,0.0,0.160061832490163,0,0
38,162240,0.0,0.0,0.160061832490163,0,0
39,166400,0.0,0.0,0.160061832490163,0,0
40,170560,0.0,0.0,0.160061832490163,0,0
41,174720,0.0,0.0,0.15995502143509735,0,0
42,178880,0.0,0.0,0.160061832490163,0,0
43,183040,0.0,0.0,0.15963431786216595,0,0
44,187200,0.0,0.0,0.160061832490163,0,0
45,191360,0.0,0.0,0.15952732644017725,0,0
46,195520,0.0,0.0,0.15931320807824925,0,0
47,199680,0.0,0.0,0.15931320807824925,0,0
48,203840,0.0,0.0,0.1597412641496168,0,0
49,208000,0.0,0.0,0.16016859852476292,0,0
