t,bytes_sent,utility,pheromone,f1_val,agg_count,rollback
0,1040,0.0,0.0,0.09037372593431484,0,0
1,2080,0.0,0.0,0.10392028033289531,0,0
2,3120,0.0,0.0,0.10392028033289531,0,0
3,4160,0.0,0.0,0.1403142402545744,0,0
4,5200,0.0,0.0,0.1403857625770531,0,0
5,6240,0.0,0.0,0.1403857625770531,0,0
6,7280,0.0,0.0,0.1403857625770531,0,0
7,8320,0.0,0.0,0.1403857625770531,0,0
8,9360,0.0,0.0,0.1403857625770531,0,0
9,10400,0.0,0.0,0.1403857625770531,0,0
10,11440,0.0,0.0,0.1403857625770531,0,0
11,12480,0.0,0.0,0.4152892684755862,0,0
12,13520,0.0,0.0,0.4163539771616168,0,0
13,14560,0.0,0.0,0.41592377599636055,0,0
14,15600,0.0,0.0,0.41580726865236384,0,0
15,16640,0.0,0.0,0.41580726865236384,0,0
16,17680,0.0,0.0,0.41580726865236384,0,0
17,18720,0.0,0.0,0.4355140247333796,0,0
18,19760,0.0,0.0,0.4884405975863575,0,0
19,20800,0.0,0.0,0.611092417387672,0,0
20,21840,0.0,0.0,0.6207812089390915,0,0
21,22880,0.0,0.0,0.4674098123718483,0,0
22,23920,0.0,0.0,0.5446570790219413,0,0
23,24960,0.0,0.0,0.4946015902275229,0,0
24,26000,0.0,0.0,0.5089340922398129,0,0
25,27040,0.0,0.0,0.571531932299863,0,0
26,28080,0.0,0.0,0.3934998405451456,0,0
27,29120,0.0,0.0,0.3229384809505347,0,0
28,30160,0.0,0.0,0.489995411632625,0,0
29,31200,0.0,0.0,0.517295948948311,0,0
30,32240,0.0,0.0,0.6184286376440404,0,0
31,33280,0.0,0.0,0.49612539178317694,0,0
32,34320,0.0,0.0,0.527309442811587,0,0
33,35360,0.0,0.0,0.5929467254960754,0,0
34,36400,0.0,0.0,0.5019270427726318,0,0
35,37440,0.0,0.0,0.5486048949244966,0,0
36,38480,0.0,0.0,0.5160460703889265,0,0
37,39520,0.0,0.0,0.47328255261230184,0,0
38,40560,0.0,0.0,0.5746795222305268,0,0
39,41600,0.0,0.0,0.5813627695026671,0,0
40,42640,0.0,0.0,0.5050727533062294,0,0
41,43680,0.0,0.0,0.5179386136743535,0,0
42,44720,0.0,0.0,0.5186272662647878,0,0
43,45760,0.0,0.0,0.5439619784406775,0,0
44,46800,0.0,0.0,0.55603712169781,0,0
45,47840,0.0,0.0,0.5596380553982264,0,0
46,48880,0.0,0.0,0.6147826090087442,0,0
47,49920,0.0,0.0,0.5503501823557586,0,0
48,50960,0.0,0.0,0.539018921277497,0,0
49,52000,0.0,0.0,0.5824097414755242,0,0
