t,bytes_sent,utility,pheromone,f1_val,agg_count,rollback
0,1040,0.0,0.0,0.14035785288270378,0,0
1,2080,0.0,0.0,0.35584846252747465,0,0
2,3120,0.0,0.0,0.09155565590426733,0,0
3,4160,0.0,0.0,0.13062405647259215,0,0
4,5200,0.0,0.0,0.14035785288270378,0,0
5,6240,0.0,0.0,0.14035785288270378,0,0
6,7280,0.0,0.0,0.14035785288270378,0,0
7,8320,0.0,0.0,0.14035785288270378,0,0
8,9360,0.0,0.0,0.14035785288270378,0,0
9,10400,0.0,0.0,0.14035785288270378,0,0
10,11440,0.0,0.0,0.14035785288270378,0,0
11,12480,0.0,0.0,0.14035785288270378,0,0
12,13520,0.0,0.0,0.15384615384615385,0,0
13,14560,0.0,0.0,0.39656053564365834,0,0
14,15600,0.0,0.0,0.3964619511854436,0,0
15,16640,0.0,0.0,0.5205017112152899,0,0
16,17680,0.0,0.0,0.5311803496829073,0,0
17,18720,0.0,0.0,0.6998543677332008,0,0
18,19760,0.0,0.0,0.7020621435083717,0,0
19,20800,0.0,0.0,0.7019943617210709,0,0
20,21840,0.0,0.0,0.7019943617210709,0,0
21,22880,0.0,0.0,0.7019269709023651,0,0
22,23920,0.0,0.0,0.701751512821432,0,0
23,24960,0.0,0.0,0.7016841223542372,0,0
24,26000,0.0,0.0,0.9433771131559523,0,0
25,27040,0.0,0.0,0.9312182960980281,0,0
26,28080,0.0,0.0,0.947995559798403,0,0
27,29120,0.0,0.0,0.9391141802165967,0,0
28,30160,0.0,0.0,0.9443257591143908,0,0
29,31200,0.0,0.0,0.9342984928403986,0,0
30,32240,0.0,0.0,0.9691033350527163,0,0
31,33280,0.0,0.0,0.9410998535203575,0,0
32,34320,0.0,0.0,0.9894430605188829,0,0
33,35360,0.0,0.0,0.9453090335884413,0,0
34,36400,0.0,0.0,0.992398159142334,0,0
35,37440,0.0,0.0,0.9815023586234263,0,0
36,38480,0.0,0.0,0.9973862616479148,0,0
37,39520,0.0,0.0,0.9977975102598944,0,0
38,40560,0.0,0.0,0.9971660554268293,0,0
39,41600,0.0,0.0,0.987289496046933,0,0
40,42640,0.0,0.0,0.9977975102598944,0,0
41,43680,0.0,0.0,0.9971907882668205,0,0
42,44720,0.0,0.0,0.9971907882668205,0,0
43,45760,0.0,0.0,0.9825579831124402,0,0
44,46800,0.0,0.0,0.9977998904431125,0,0
45,47840,0.0,0.0,0.9971687801929319,0,0
46,48880,0.0,0.0,0.9973862616479148,0,0
47,49920,0.0,0.0,0.9860059165720378,0,0
48,50960,0.0,0.0,0.9975795452795295,0,0
49,52000,0.0,0.0,0.9976015531333403,0,0
