t,bytes_sent,utility,pheromone,f1_val,agg_count,rollback
0,1040,0.0,0.0,0.10637591321673677,0,0
1,2080,0.0,0.0,0.08833063209076175,0,0
2,3120,0.0,0.0,0.17284166170170162,0,0
3,4160,0.0,0.0,0.16994757697459756,0,0
4,5200,0.0,0.0,0.14022662889518414,0,0
5,6240,0.0,0.0,0.14022662889518414,0,0
6,7280,0.0,0.0,0.14022662889518414,0,0
7,8320,0.0,0.0,0.14022662889518414,0,0
8,9360,0.0,0.0,0.14022662889518414,0,0
9,10400,0.0,0.0,0.14022662889518414,0,0
10,11440,0.0,0.0,0.41127671263165244,0,0
11,12480,0.0,0.0,0.3746368287973846,0,0
12,13520,0.0,0.0,0.37424358370663036,0,0
13,14560,0.0,0.0,0.37273699701240054,0,0
14,15600,0.0,0.0,0.3761560271442501,0,0
15,16640,0.0,0.0,0.4039951809926844,0,0
16,17680,0.0,0.0,0.6587064091575598,0,0
17,18720,0.0,0.0,0.66265510260948,0,0
18,19760,0.0,0.0,0.6684431624454211,0,0
19,20800,0.0,0.0,0.6639985638141955,0,0
20,21840,0.0,0.0,0.665107676119269,0,0
21,22880,0.0,0.0,0.6639874829731753,0,0
22,23920,0.0,0.0,0.6649212667336628,0,0
23,24960,0.0,0.0,0.6641019480360785,0,0
24,26000,0.0,0.0,0.9530542646695573,0,0
25,27040,0.0,0.0,0.9564210728389353,0,0
26,28080,0.0,0.0,0.9540854823086987,0,0
27,29120,0.0,0.0,0.9548752626657688,0,0
28,30160,0.0,0.0,0.9488094862645424,0,0
29,31200,0.0,0.0,0.9398048387804784,0,0
30,32240,0.0,0.0,0.947448786824552,0,0
31,33280,0.0,0.0,0.9408148023135544,0,0
32,34320,0.0,0.0,0.9472586629251026,0,0
33,35360,0.0,0.0,0.9542231535498198,0,0
34,36400,0.0,0.0,0.9482988134318451,0,0
35,37440,0.0,0.0,0.9412192097833585,0,0
36,38480,0.0,0.0,0.7205790304680416,0,0
37,39520,0.0,0.0,0.9420972342583863,0,0
38,40560,0.0,0.0,0.9426763207363125,0,0
39,41600,0.0,0.0,0.9479670890689978,0,0
40,42640,0.0,0.0,0.9431353832870468,0,0
41,43680,0.0,0.0,0.9415950656849115,0,0
42,44720,0.0,0.0,0.9541427643103949,0,0
43,45760,0.0,0.0,0.9491729670418236,0,0
44,46800,0.0,0.0,0.9403146003576128,0,0
45,47840,0.0,0.0,0.9495288448047391,0,0
46,48880,0.0,0.0,0.946032335140213,0,0
47,49920,0.0,0.0,0.9492274899728813,0,0
48,50960,0.0,0.0,0.9404091948497924,0,0
49,52000,0.0,0.0,0.9437702187065147,0,0
