t,bytes_sent,utility,pheromone,f1_val,agg_count,rollback
0,1040,0.0,0.0,0.23325720043784137,0,0
1,2080,0.0,0.0,0.08845180584311019,0,0
2,3120,0.0,0.0,0.2976832762896157,0,0
3,4160,0.0,0.0,0.14205682272909165,0,0
4,5200,0.0,0.0,0.14205682272909165,0,0
5,6240,0.0,0.0,0.14205682272909165,0,0
6,7280,0.0,0.0,0.14205682272909165,0,0
7,8320,0.0,0.0,0.14205682272909165,0,0
8,9360,0.0,0.0,0.14205682272909165,0,0
9,10400,0.0,0.0,0.14205682272909165,0,0
10,11440,0.0,0.0,0.14205682272909165,0,0
11,12480,0.0,0.0,0.14205682272909165,0,0
12,13520,0.0,0.0,0.14205682272909165,0,0
13,14560,0.0,0.0,0.14205682272909165,0,0
14,15600,0.0,0.0,0.37740666100904885,0,0
15,16640,0.0,0.0,0.41695504393391747,0,0
16,17680,0.0,0.0,0.4169937999072137,0,0
17,18720,0.0,0.0,0.41671011811102343,0,0
18,19760,0.0,0.0,0.41671011811102343,0,0
19,20800,0.0,0.0,0.4767589477004602,0,0
20,21840,0.0,0.0,0.41727946905461333,0,0
21,22880,0.0,0.0,0.41671011811102343,0,0
22,23920,0.0,0.0,0.416587999573199,0,0
23,24960,0.0,0.0,0.6098401970002338,0,0
24,26000,0.0,0.0,0.416587999573199,0,0
25,27040,0.0,0.0,0.6751798896716092,0,0
26,28080,0.0,0.0,0.6791119495279991,0,0
27,29120,0.0,0.0,0.6777881512236743,0,0
28,30160,0.0,0.0,0.38091093960254274,0,0
29,31200,0.0,0.0,0.6816223417752115,0,0
30,32240,0.0,0.0,0.3883478906207903,0,0
31,33280,0.0,0.0,0.6732631868041625,0,0
32,34320,0.0,0.0,0.37528155360447235,0,0
33,35360,0.0,0.0,0.6274088909546272,0,0
34,36400,0.0,0.0,0.5605051869854506,0,0
35,37440,0.0,0.0,0.39392324746257246,0,0
36,38480,0.0,0.0,0.6845909513868396,0,0
37,39520,0.0,0.0,0.38695731663365346,0,0
38,40560,0.0,0.0,0.6981787588490276,0,0
39,41600,0.0,0.0,0.6987021783540206,0,0
40,42640,0.0,0.0,0.37909625317487183,0,0
41,43680,0.0,0.0,0.6445911408333844,0,0
42,44720,0.0,0.0,0.6388561377419206,0,0
43,45760,0.0,0.0,0.6802857954539878,0,0
44,46800,0.0,0.0,0.48042622956581127,0,0
45,47840,0.0,0.0,0.6308973060970253,0,0
46,48880,0.0,0.0,0.5261011084600293,0,0
47,49920,0.0,0.0,0.5216040812986401,0,0
48,50960,0.0,0.0,0.6071347724695277,0,0
49,52000,0.0,0.0,0.6812824037887382,0,0
