t,bytes_sent,utility,pheromone,f1_val,agg_count,rollback
0,1040,0.0,0.0,0.3320133550741517,0,0
1,2080,0.0,0.0,0.33216756042589574,0,0
2,3120,0.0,0.0,0.3319353836595216,0,0
3,4160,0.0,0.0,0.33178077938208356,0,0
4,5200,0.0,0.0,0.3317042898145993,0,0
5,6240,0.0,0.0,0.3317042898145993,0,0
6,7280,0.0,0.0,0.33162711338607104,0,0
7,8320,0.0,0.0,0.33162711338607104,0,0
8,9360,0.0,0.0,0.33162711338607104,0,0
9,10400,0.0,0.0,0.33162711338607104,0,0
10,11440,0.0,0.0,0.33162711338607104,0,0
11,12480,0.0,0.0,0.33162711338607104,0,0
12,13520,0.0,0.0,0.33139579942648995,0,0
13,14560,0.0,0.0,0.3303205870992661,0,0
14,15600,0.0,0.0,0.32955684007707126,0,0
15,16640,0.0,0.0,0.327888965570125,0,0
16,17680,0.0,0.0,0.3266116712496181,0,0
17,18720,0.0,0.0,0.3261632341723875,0,0
18,19760,0.0,0.0,0.32519583238269073,0,0
19,20800,0.0,0.0,0.32489932375959274,0,0
20,21840,0.0,0.0,0.3243079256731134,0,0
21,22880,0.0,0.0,0.32423415225963,0,0
22,23920,0.0,0.0,0.32423415225963,0,0
23,24960,0.0,0.0,0.3235716988270904,0,0
24,26000,0.0,0.0,0.32254657916572377,0,0
25,27040,0.0,0.0,0.32029962546816476,0,0
26,28080,0.0,0.0,0.3185102420856611,0,0
27,29120,0.0,0.0,0.316670369547508,0,0
28,30160,0.0,0.0,0.3122307411464038,0,0
29,31200,0.0,0.0,0.30951863916033295,0,0
30,32240,0.0,0.0,0.3078473722102232,0,0
31,33280,0.0,0.0,0.3050146230116271,0,0
32,34320,0.0,0.0,0.30371475246821505,0,0
33,35360,0.0,0.0,0.3027470971396205,0,0
34,36400,0.0,0.0,0.2999438832772166,0,0
35,37440,0.0,0.0,0.29706822287064055,0,0
36,38480,0.0,0.0,0.2968207691239761,0,0
37,39520,0.0,0.0,0.2939437684745996,0,0
38,40560,0.0,0.0,0.29273635927979735,0,0
39,41600,0.0,0.0,0.2919568482862215,0,0
40,42640,0.0,0.0,0.2904102146155936,0,0
41,43680,0.0,0.0,0.28882134414049304,0,0
42,44720,0.0,0.0,0.2882955771305286,0,0
43,45760,0.0,0.0,0.28753950642189496,0,0
44,46800,0.0,0.0,0.28523780935227805,0,0
45,47840,0.0,0.0,0.28347918324051974,0,0
46,48880,0.0,0.0,0.28304882890035726,0,0
47,49920,0.0,0.0,0.2820969337289812,0,0
48,50960,0.0,0.0,0.28109599842302385,0,0
49,52000,0.0,0.0,0.2808745322040575,0,0
