t,bytes_sent,utility,pheromone,f1_val,agg_count,rollback
0,1040,0.0,0.0,0.02213788745527949,0,0
1,2080,0.0,0.0,0.1403857625770531,0,0
2,3120,0.0,0.0,0.1403857625770531,0,0
3,4160,0.0,0.0,0.1403857625770531,0,0
4,5200,0.0,0.0,0.1403857625770531,0,0
5,6240,0.0,0.0,0.1403857625770531,0,0
6,7280,0.0,0.0,0.1403857625770531,0,0
7,8320,0.0,0.0,0.1403857625770531,0,0
8,9360,0.0,0.0,0.1403857625770531,0,0
9,10400,0.0,0.0,0.1403857625770531,0,0
10,11440,0.0,0.0,0.20917695522562935,0,0
11,12480,0.0,0.0,0.3095998322980681,0,0
12,13520,0.0,0.0,0.40099726925077306,0,0
13,14560,0.0,0.0,0.38806845306599147,0,0
14,15600,0.0,0.0,0.37306103697257903,0,0
15,16640,0.0,0.0,0.6979976855861536,0,0
16,17680,0.0,0.0,0.7095486561230663,0,0
17,18720,0.0,0.0,0.6288701813455557,0,0
18,19760,0.0,0.0,0.6875242920092914,0,0
19,20800,0.0,0.0,0.6067653320024531,0,0
20,21840,0.0,0.0,0.570198954426269,0,0
21,22880,0.0,0.0,0.6852274549365301,0,0
22,23920,0.0,0.0,0.6103712497297893,0,0
23,24960,0.0,0.0,0.6184206695362919,0,0
24,26000,0.0,0.0,0.6190785211603412,0,0
25,27040,0.0,0.0,0.6159814213327489,0,0
26,28080,0.0,0.0,0.6082297476604761,0,0
27,29120,0.0,0.0,0.6302142467654606,0,0
28,30160,0.0,0.0,0.6289745873515714,0,0
29,31200,0.0,0.0,0.6223544881731959,0,0
30,32240,0.0,0.0,0.617538543137419,0,0
31,33280,0.0,0.0,0.5989494953779733,0,0
32,34320,0.0,0.0,0.6000126638619893,0,0
33,35360,0.0,0.0,0.6398363826809971,0,0
34,36400,0.0,0.0,0.5997790418005354,0,0
35,37440,0.0,0.0,0.5786931033560755,0,0
36,38480,0.0,0.0,0.6252548547130994,0,0
37,39520,0.0,0.0,0.6214460144349855,0,0
38,40560,0.0,0.0,0.563042917268497,0,0
39,41600,0.0,0.0,0.5780326161529477,0,0
40,42640,0.0,0.0,0.5783707715350089,0,0
41,43680,0.0,0.0,0.7201667816198529,0,0
42,44720,0.0,0.0,0.6296238986130569,0,0
43,45760,0.0,0.0,0.6586489455232456,0,0
44,46800,0.0,0.0,0.6228789694009161,0,0
45,47840,0.0,0.0,0.7344147094987696,0,0
46,48880,0.0,0.0,0.7255426926439896,0,0
47,49920,0.0,0.0,0.7361229274154089,0,0
48,50960,0.0,0.0,0.643915150238624,0,0
49,52000,0.0,0.0,0.7347878347742935,0,0
