t,bytes_sent,utility,pheromone,f1_val,agg_count,rollback
0,1040,0.0,0.0,0.14063745019920318,0,0
1,2080,0.0,0.0,0.14063745019920318,0,0
2,3120,0.0,0.0,0.14063745019920318,0,0
3,4160,0.0,0.0,0.14063745019920318,0,0
4,5200,0.0,0.0,0.14063745019920318,0,0
5,6240,0.0,0.0,0.14063745019920318,0,0
6,7280,0.0,0.0,0.14063745019920318,0,0
7,8320,0.0,0.0,0.14063745019920318,0,0
8,9360,0.0,0.0,0.14063745019920318,0,0
9,10400,0.0,0.0,0.14063745019920318,0,0
10,11440,0.0,0.0,0.413691364517153,0,0
11,12480,0.0,0.0,0.4174615355213911,0,0
12,13520,0.0,0.0,0.4365017194949168,0,0
13,14560,0.0,0.0,0.37625837976854754,0,0
14,15600,0.0,0.0,0.3860592614587339,0,0
15,16640,0.0,0.0,0.5151524047177791,0,0
16,17680,0.0,0.0,0.43750924466853225,0,0
17,18720,0.0,0.0,0.5606408401620556,0,0
18,19760,0.0,0.0,0.5699548898782821,0,0
19,20800,0.0,0.0,0.584898017229565,0,0
20,21840,0.0,0.0,0.5415388395461072,0,0
21,22880,0.0,0.0,0.5076359923022586,0,0
22,23920,0.0,0.0,0.5749333829241705,0,0
23,24960,0.0,0.0,0.6162749074283637,0,0
24,26000,0.0,0.0,0.9139129980233096,0,0
25,27040,0.0,0.0,0.9879618084199165,0,0
26,28080,0.0,0.0,0.9747067958561955,0,0
27,29120,0.0,0.0,0.9896482960827345,0,0
28,30160,0.0,0.0,0.98722838693833,0,0
29,31200,0.0,0.0,0.990504773491672,0,0
30,32240,0.0,0.0,0.9911347338649446,0,0
31,33280,0.0,0.0,0.990504773491672,0,0
32,34320,0.0,0.0,0.9893893548201194,0,0
33,35360,0.0,0.0,0.9907237767477616,0,0
34,36400,0.0,0.0,0.9911392654916238,0,0
35,37440,0.0,0.0,0.991816385127412,0,0
36,38480,0.0,0.0,0.991816385127412,0,0
37,39520,0.0,0.0,0.9915971596878327,0,0
38,40560,0.0,0.0,0.9911589315578238,0,0
39,41600,0.0,0.0,0.9911589315578238,0,0
40,42640,0.0,0.0,0.9915774718201167,0,0
41,43680,0.0,0.0,0.9258614168789658,0,0
42,44720,0.0,0.0,0.9358591130708569,0,0
43,45760,0.0,0.0,0.9922353369773327,0,0
44,46800,0.0,0.0,0.986559253945531,0,0
45,47840,0.0,0.0,0.9068297256157152,0,0
46,48880,0.0,0.0,0.9919650973427813,0,0
47,49920,0.0,0.0,0.8514979718434506,0,0
48,50960,0.0,0.0,0.8571621232155355,0,0
49,52000,0.0,0.0,0.9691014005639681,0,0
