t,bytes_sent,utility,pheromone,f1_val,agg_count,rollback
0,4160,0.0,0.0,0.05403440755997092,0,0
1,8320,0.0,0.0,0.13862163754172394,0,0
2,12480,0.0,0.0,0.13862163754172394,0,0
3,16640,0.0,0.0,0.13862163754172394,0,0
4,20800,0.0,0.0,0.13862163754172394,0,0
5,24960,0.0,0.0,0.13862163754172394,0,0
6,29120,0.0,0.0,0.13862163754172394,0,0
7,33280,0.0,0.0,0.13862163754172394,0,0
8,37440,0.0,0.0,0.13862163754172394,0,0
9,41600,0.0,0.0,0.13862163754172394,0,0
10,45760,0.0,0.0,0.13862163754172394,0,0
11,49920,0.0,0.0,0.17193268374409545,0,0
12,54080,0.0,0.0,0.39593008555915443,0,0
13,58240,0.0,0.0,0.38610662554053643,0,0
14,62400,0.0,0.0,0.38637972123051023,0,0
15,66560,0.0,0.0,0.3948735264048358,0,0
16,70720,0.0,0.0,0.7014667009264342,0,0
17,74880,0.0,0.0,0.6998932897468348,0,0
18,79040,0.0,0.0,0.6881967939013818,0,0
19,83200,0.0,0.0,0.6994893462768893,0,0
20,87360,0.0,0.0,0.6943253156595562,0,0
21,91520,0.0,0.0,0.6671609387488066,0,0
22,95680,0.0,0.0,0.6508463317975309,0,0
23,99840,0.0,0.0,0.7711146864249752,0,0
24,104000,0.0,0.0,0.7936584956578225,0,0
25,108160,0.0,0.0,0.8275456959940565,0,0
26,112320,0.0,0.0,0.9940457105306807,0,0
27,116480,0.0,0.0,0.9949024374302784,0,0
28,120640,0.0,0.0,0.9953300781987324,0,0
29,124800,0.0,0.0,0.9957455607450773,0,0
30,128960,0.0,0.0,0.9947723700160056,0,0
31,133120,0.0,0.0,0.9943563983784213,0,0
32,137280,0.0,0.0,0.9957455607450773,0,0
33,141440,0.0,0.0,0.9957455607450773,0,0
34,145600,0.0,0.0,0.9957455607450773,0,0
35,149760,0.0,0.0,0.9957455607450773,0,0
36,153920,0.0,0.0,0.9957455607450773,0,0
37,158080,0.0,0.0,0.9953300781987324,0,0
38,162240,0.0,0.0,0.9949140915418154,0,0
39,166400,0.0,0.0,0.9953185619362361,0,0
40,170560,0.0,0.0,0.9321216673050454,0,0
41,174720,0.0,0.0,0.9549133178917169,0,0
42,178880,0.0,0.0,0.9907031699313216,0,0
43,183040,0.0,0.0,0.995098909448604,0,0
44,187200,0.0,0.0,0.9953300781987324,0,0
45,191360,0.0,0.0,0.9953185619362361,0,0
46,195520,0.0,0.0,0.9953185619362361,0,0
47,199680,0.0,0.0,0.9953185619362361,0,0
48,203840,0.0,0.0,0.9953185619362361,0,0
49,208000,0.0,0.0,0.9953185619362361,0,0
