t,bytes_sent,utility,pheromone,f1_val,agg_count,rollback
0,4160,0.0,0.0,0.5481777017036819,0,0
1,8320,0.0,0.0,0.5708800395408191,0,0
2,12480,0.0,0.0,0.6037270959829439,0,0
3,16640,0.0,0.0,0.7307282640523913,0,0
4,20800,0.0,0.0,0.6859647763221323,0,0
5,24960,0.0,0.0,0.8516782645428844,0,0
6,29120,0.0,0.0,0.8101466292154693,0,0
7,33280,0.0,0.0,0.8580762110607633,0,0
8,37440,0.0,0.0,0.781243331397302,0,0
9,41600,0.0,0.0,0.8747308506738162,0,0
10,45760,0.0,0.0,0.8599235292151436,0,0
11,49920,0.0,0.0,0.8448852521306517,0,0
12,54080,0.0,0.0,0.8415248999988618,0,0
13,58240,0.0,0.0,0.8660630162474873,0,0
14,62400,0.0,0.0,0.6987326123326434,0,0
15,66560,0.0,0.0,0.847263572263058,0,0
16,70720,0.0,0.0,0.8430977684816985,0,0
17,74880,0.0,0.0,0.8386603871028928,0,0
18,79040,0.0,0.0,0.8251711721295305,0,0
19,83200,0.0,0.0,0.8448340912972231,0,0
20,87360,0.0,0.0,0.8447590387455312,0,0
21,91520,0.0,0.0,0.8198720101026418,0,0
22,95680,0.0,0.0,0.8873619551497868,0,0
23,99840,0.0,0.0,0.8706128177030423,0,0
24,104000,0.0,0.0,0.8568044780022686,0,0
25,108160,0.0,0.0,0.8542008912512292,0,0
26,112320,0.0,0.0,0.862899978942083,0,0
27,116480,0.0,0.0,0.9104677844105289,0,0
28,120640,0.0,0.0,0.9059261648976382,0,0
29,124800,0.0,0.0,0.8588231712884441,0,0
30,128960,0.0,0.0,0.8447263042525371,0,0
31,133120,0.0,0.0,0.9035876846353819,0,0
32,137280,0.0,0.0,0.884612760260679,0,0
33,141440,0.0,0.0,0.8300469425798026,0,0
34,145600,0.0,0.0,0.9222147292416072,0,0
35,149760,0.0,0.0,0.9118561431765371,0,0
36,153920,0.0,0.0,0.8962922502650046,0,0
37,158080,0.0,0.0,0.8918871854359814,0,0
38,162240,0.0,0.0,0.8836203274637352,0,0
39,166400,0.0,0.0,0.8878045681612028,0,0
40,170560,0.0,0.0,0.8712826258475187,0,0
41,174720,0.0,0.0,0.915475137710134,0,0
42,178880,0.0,0.0,0.9029056441877941,0,0
43,183040,0.0,0.0,0.9163264510092035,0,0
44,187200,0.0,0.0,0.9131062467931408,0,0
45,191360,0.0,0.0,0.917320729562334,0,0
46,195520,0.0,0.0,0.9075706641144253,0,0
47,199680,0.0,0.0,0.9095514038838424,0,0
48,203840,0.0,0.0,0.9136719970206806,0,0
49,208000,0.0,0.0,0.9290648481737883,0,0
