t,bytes_sent,utility,pheromone,f1_val,agg_count,rollback
0,4160,0.0,0.0,0.9284812662710997,0,0
1,8320,0.0,0.0,0.9372213366208582,0,0
2,12480,0.0,0.0,0.9380741403565424,0,0
3,16640,0.0,0.0,0.9246198812123202,0,0
4,20800,0.0,0.0,0.947994498165615,0,0
5,24960,0.0,0.0,0.9351203146990607,0,0
6,29120,0.0,0.0,0.9396246069938615,0,0
7,33280,0.0,0.0,0.9421977301539158,0,0
8,37440,0.0,0.0,0.9465688992681038,0,0
9,41600,0.0,0.0,0.9224651807012249,0,0
10,45760,0.0,0.0,0.9528889651202708,0,0
11,49920,0.0,0.0,0.9354193017454772,0,0
12,54080,0.0,0.0,0.9531777507560676,0,0
13,58240,0.0,0.0,0.9416088137235762,0,0
14,62400,0.0,0.0,0.9538216914415718,0,0
15,66560,0.0,0.0,0.9523416670452964,0,0
16,70720,0.0,0.0,0.9455707935390614,0,0
17,74880,0.0,0.0,0.9532747323402524,0,0
18,79040,0.0,0.0,0.9529420361591783,0,0
19,83200,0.0,0.0,0.953617774832795,0,0
20,87360,0.0,0.0,0.9431356309285448,0,0
21,91520,0.0,0.0,0.9425162372751058,0,0
22,95680,0.0,0.0,0.9513231032135281,0,0
23,99840,0.0,0.0,0.9545592156821633,0,0
24,104000,0.0,0.0,0.9350780847044781,0,0
25,108160,0.0,0.0,0.9531268433586131,0,0
26,112320,0.0,0.0,0.9539861146326072,0,0
27,116480,0.0,0.0,0.937046029582622,0,0
28,120640,0.0,0.0,0.9312713160173238,0,0
29,124800,0.0,0.0,0.9319024728082873,0,0
30,128960,0.0,0.0,0.9476516107191248,0,0
31,133120,0.0,0.0,0.9373147867854764,0,0
32,137280,0.0,0.0,0.938396137589302,0,0
33,141440,0.0,0.0,0.9343348631667774,0,0
34,145600,0.0,0.0,0.9380101369293647,0,0
35,149760,0.0,0.0,0.9385250306014867,0,0
36,153920,0.0,0.0,0.9358011932524116,0,0
37,158080,0.0,0.0,0.9367084421132905,0,0
38,162240,0.0,0.0,0.9339175078123065,0,0
39,166400,0.0,0.0,0.9358516977715778,0,0
40,170560,0.0,0.0,0.9357065471462913,0,0
41,174720,0.0,0.0,0.9331881684156024,0,0
42,178880,0.0,0.0,0.950726420591688,0,0
43,183040,0.0,0.0,0.9519452306550215,0,0
44,187200,0.0,0.0,0.9505150522769259,0,0
45,191360,0.0,0.0,0.9512892635247705,0,0
46,195520,0.0,0.0,0.9521894935106086,0,0
47,199680,0.0,0.0,0.8736585842816149,0,0
48,203840,0.0,0.0,0.9522838258491261,0,0
49,208000,0.0,0.0,0.9529490792067012,0,0
