t,bytes_sent,utility,pheromone,f1_val,agg_count,rollback
0,1040,0.0,0.0,0.13984006561410703,0,0
1,2080,0.0,0.0,0.13984006561410703,0,0
2,3120,0.0,0.0,0.13984006561410703,0,0
3,4160,0.0,0.0,0.13984006561410703,0,0
4,5200,0.0,0.0,0.13984006561410703,0,0
5,6240,0.0,0.0,0.13984006561410703,0,0
6,7280,0.0,0.0,0.13984006561410703,0,0
7,8320,0.0,0.0,0.13984006561410703,0,0
8,9360,0.0,0.0,0.13984006561410703,0,0
9,10400,0.0,0.0,0.13984006561410703,0,0
10,11440,0.0,0.0,0.13984006561410703,0,0
11,12480,0.0,0.0,0.4224768768179887,0,0
12,13520,0.0,0.0,0.39645225981545407,0,0
13,14560,0.0,0.0,0.4009668676591264,0,0
14,15600,0.0,0.0,0.4112869973127353,0,0
15,16640,0.0,0.0,0.4038388831837816,0,0
16,17680,0.0,0.0,0.6458201896343078,0,0
17,18720,0.0,0.0,0.7004261945879899,0,0
18,19760,0.0,0.0,0.7007562037352997,0,0
19,20800,0.0,0.0,0.7004261945879899,0,0
20,21840,0.0,0.0,0.7005014381049806,0,0
21,22880,0.0,0.0,0.643484413393798,0,0
22,23920,0.0,0.0,0.6826750210169588,0,0
23,24960,0.0,0.0,0.663079417137858,0,0
24,26000,0.0,0.0,0.6074036434524808,0,0
25,27040,0.0,0.0,0.6619882150369956,0,0
26,28080,0.0,0.0,0.7003264167718803,0,0
27,29120,0.0,0.0,0.653294757739245,0,0
28,30160,0.0,0.0,0.6040720531110989,0,0
29,31200,0.0,0.0,0.60640829725317,0,0
30,32240,0.0,0.0,0.5485433811821004,0,0
31,33280,0.0,0.0,0.6293915352957788,0,0
32,34320,0.0,0.0,0.46708611505672404,0,0
33,35360,0.0,0.0,0.49354112690868335,0,0
34,36400,0.0,0.0,0.6033756593427025,0,0
35,37440,0.0,0.0,0.66004491319029,0,0
36,38480,0.0,0.0,0.6348663442055462,0,0
37,39520,0.0,0.0,0.5024696809656277,0,0
38,40560,0.0,0.0,0.4752939069838247,0,0
39,41600,0.0,0.0,0.6263059809976634,0,0
40,42640,0.0,0.0,0.7007562037352997,0,0
41,43680,0.0,0.0,0.7007562037352997,0,0
42,44720,0.0,0.0,0.7007562037352997,0,0
43,45760,0.0,0.0,0.7004261945879899,0,0
44,46800,0.0,0.0,0.7006809596653347,0,0
45,47840,0.0,0.0,0.7007562037352997,0,0
46,48880,0.0,0.0,0.9318334398819119,0,0
47,49920,0.0,0.0,0.7008317350254774,0,0
48,50960,0.0,0.0,0.9883242782347046,0,0
49,52000,0.0,0.0,0.9968817299261709,0,0
