t,bytes_sent,utility,pheromone,f1_val,agg_count,rollback
0,1040,0.0,0.0,0.5730094498402329,0,0
1,2080,0.0,0.0,0.6420563403702504,0,0
2,3120,0.0,0.0,0.655907927277151,0,0
3,4160,0.0,0.0,0.4320041453710758,0,0
4,5200,0.0,0.0,0.47653770938853024,0,0
5,6240,0.0,0.0,0.4751815549420052,0,0
6,7280,0.0,0.0,0.4347919445377221,0,0
7,8320,0.0,0.0,0.5384640802776465,0,0
8,9360,0.0,0.0,0.7978657046545964,0,0
9,10400,0.0,0.0,0.7302494864379938,0,0
10,11440,0.0,0.0,0.7993837481365733,0,0
11,12480,0.0,0.0,0.868575553862555,0,0
12,13520,0.0,0.0,0.8903307615711326,0,0
13,14560,0.0,0.0,0.7341043611368742,0,0
14,15600,0.0,0.0,0.6656632850272195,0,0
15,16640,0.0,0.0,0.7731250510964702,0,0
16,17680,0.0,0.0,0.7411754389971115,0,0
17,18720,0.0,0.0,0.8092275902810967,0,0
18,19760,0.0,0.0,0.8220648059309473,0,0
19,20800,0.0,0.0,0.8402345556540562,0,0
20,21840,0.0,0.0,0.8404359006755981,0,0
21,22880,0.0,0.0,0.7828246787578241,0,0
22,23920,0.0,0.0,0.8557423267629725,0,0
23,24960,0.0,0.0,0.7723885618631223,0,0
24,26000,0.0,0.0,0.7625492107835672,0,0
25,27040,0.0,0.0,0.7636651830225791,0,0
26,28080,0.0,0.0,0.7697316320156343,0,0
27,29120,0.0,0.0,0.7762509888868495,0,0
28,30160,0.0,0.0,0.7774180120819558,0,0
29,31200,0.0,0.0,0.7787991955628715,0,0
30,32240,0.0,0.0,0.777207960984431,0,0
31,33280,0.0,0.0,0.7760603949938656,0,0
32,34320,0.0,0.0,0.7810658303471599,0,0
33,35360,0.0,0.0,0.7792464545164179,0,0
34,36400,0.0,0.0,0.7853508604560355,0,0
35,37440,0.0,0.0,0.7886958470976968,0,0
36,38480,0.0,0.0,0.7839985254218395,0,0
37,39520,0.0,0.0,0.7904663502313737,0,0
38,40560,0.0,0.0,0.7893556947244524,0,0
39,41600,0.0,0.0,0.7900195131940141,0,0
40,42640,0.0,0.0,0.7886958470976968,0,0
41,43680,0.0,0.0,0.7891380100751806,0,0
42,44720,0.0,0.0,0.7939700539107787,0,0
43,45760,0.0,0.0,0.7944031498896287,0,0
44,46800,0.0,0.0,0.7991326206007088,0,0
45,47840,0.0,0.0,0.7982607732341326,0,0
46,48880,0.0,0.0,0.7969828703672839,0,0
47,49920,0.0,0.0,0.7957135223792754,0,0
48,50960,0.0,0.0,0.7969828703672839,0,0
49,52000,0.0,0.0,0.7982607732341326,0,0
