t,bytes_sent,utility,pheromone,f1_val,agg_count,rollback
0,1040,0.0,0.0,0.0,0,0
1,2080,0.0,0.0,0.0,0,0
2,3120,0.0,0.0,0.0,0,0
3,4160,0.0,0.0,0.0,0,0
4,5200,0.0,0.0,0.0,0,0
5,6240,0.0,0.0,0.0,0,0
6,7280,0.0,0.0,0.0,0,0
7,8320,0.0,0.0,0.0,0,0
8,9360,0.0,0.0,0.0,0,0
9,10400,0.0,0.0,0.0,0,0
10,11440,0.0,0.0,0.0,0,0
11,12480,0.0,0.0,0.0,0,0
12,13520,0.0,0.0,0.0,0,0
13,14560,0.0,0.0,0.0,0,0
14,15600,0.0,0.0,0.0,0,0
15,16640,0.0,0.0,0.0,0,0
16,17680,0.0,0.0,0.0,0,0
17,18720,0.0,0.0,0.0,0,0
18,19760,0.0,0.0,0.0,0,0
19,20800,0.0,0.0,0.0,0,0
20,21840,0.0,0.0,0.0,0,0
21,22880,0.0,0.0,0.0,0,0
22,23920,0.0,0.0,0.0,0,0
23,24960,0.0,0.0,0.0,0,0
24,26000,0.0,0.0,0.0,0,0
25,27040,0.0,0.0,0.0,0,0
26,28080,0.0,0.0,0.09593810444874275,0,0
27,29120,0.0,0.0,0.0023820867079561697,0,0
28,30160,0.0,0.0,0.1017530487804878,0,0
29,31200,0.0,0.0,0.026303854875283448,0,0
30,32240,0.0,0.0,0.09071316614420062,0,0
31,33280,0.0,0.0,0.06223805532271584,0,0
32,34320,0.0,0.0,0.10179184140297369,0,0
33,35360,0.0,0.0,0.04900690846286701,0,0
34,36400,0.0,0.0,0.03013945119208277,0,0
35,37440,0.0,0.0,0.033080017881090745,0,0
36,38480,0.0,0.0,0.0662375415282392,0,0
37,39520,0.0,0.0,0.08650039588281869,0,0
38,40560,0.0,0.0,0.0784907183212268,0,0
39,41600,0.0,0.0,0.07262684124386252,0,0
40,42640,0.0,0.0,0.06223805532271584,0,0
41,43680,0.0,0.0,0.03536476868327402,0,0
42,44720,0.0,0.0,0.03660159716060337,0,0
43,45760,0.0,0.0,0.026303854875283448,0,0
44,46800,0.0,0.0,0.044880174291938996,0,0
45,47840,0.0,0.0,0.035777777777777776,0,0
46,48880,0.0,0.0,0.050365906155832973,0,0
47,49920,0.0,0.0,0.05363247863247863,0,0
48,50960,0.0,0.0,0.032034050179211467,0,0
49,52000,0.0,0.0,0.05703986429177269,0,0
