t,bytes_sent,utility,pheromone,f1_val,agg_count,rollback
0,1040,0.0,0.0,0.1668636256204207,0,0
1,2080,0.0,0.0,0.1403857625770531,0,0
2,3120,0.0,0.0,0.1403857625770531,0,0
3,4160,0.0,0.0,0.1403857625770531,0,0
4,5200,0.0,0.0,0.1403857625770531,0,0
5,6240,0.0,0.0,0.1403857625770531,0,0
6,7280,0.0,0.0,0.1403857625770531,0,0
7,8320,0.0,0.0,0.1403857625770531,0,0
8,9360,0.0,0.0,0.1403857625770531,0,0
9,10400,0.0,0.0,0.1403857625770531,0,0
10,11440,0.0,0.0,0.2968666160637491,0,0
11,12480,0.0,0.0,0.4158809972763461,0,0
12,13520,0.0,0.0,0.4161203556905605,0,0
13,14560,0.0,0.0,0.37169029467602305,0,0
14,15600,0.0,0.0,0.3716164468527665,0,0
15,16640,0.0,0.0,0.6383217607149116,0,0
16,17680,0.0,0.0,0.4942831280991481,0,0
17,18720,0.0,0.0,0.37148979094291945,0,0
18,19760,0.0,0.0,0.7115091406168195,0,0
19,20800,0.0,0.0,0.7096039433950909,0,0
20,21840,0.0,0.0,0.6535338880149197,0,0
21,22880,0.0,0.0,0.5897685772290385,0,0
22,23920,0.0,0.0,0.6048688523544946,0,0
23,24960,0.0,0.0,0.584914947419104,0,0
24,26000,0.0,0.0,0.5602358030097274,0,0
25,27040,0.0,0.0,0.5799846697369385,0,0
26,28080,0.0,0.0,0.5801615844153496,0,0
27,29120,0.0,0.0,0.6002978850727142,0,0
28,30160,0.0,0.0,0.6130675976241258,0,0
29,31200,0.0,0.0,0.6076996523043068,0,0
30,32240,0.0,0.0,0.6089597666750732,0,0
31,33280,0.0,0.0,0.58317145217774,0,0
32,34320,0.0,0.0,0.6125093009095504,0,0
33,35360,0.0,0.0,0.5966063145269122,0,0
34,36400,0.0,0.0,0.5956414095749684,0,0
35,37440,0.0,0.0,0.6254424128168581,0,0
36,38480,0.0,0.0,0.5677801994042511,0,0
37,39520,0.0,0.0,0.5739286762346165,0,0
38,40560,0.0,0.0,0.6350932319939917,0,0
39,41600,0.0,0.0,0.5412213306631817,0,0
40,42640,0.0,0.0,0.542030609990138,0,0
41,43680,0.0,0.0,0.6022066685517182,0,0
42,44720,0.0,0.0,0.5951224352741372,0,0
43,45760,0.0,0.0,0.5772722284374332,0,0
44,46800,0.0,0.0,0.5575432145728975,0,0
45,47840,0.0,0.0,0.6434041733565085,0,0
46,48880,0.0,0.0,0.6456369335649217,0,0
47,49920,0.0,0.0,0.6396311510154182,0,0
48,50960,0.0,0.0,0.5749116429614389,0,0
49,52000,0.0,0.0,0.5792332839661556,0,0
