t,bytes_sent,utility,pheromone,f1_val,agg_count,rollback
0,1040,0.0,0.0,0.9970007132142444,0,0
1,2080,0.0,0.0,0.9964034173396682,0,0
2,3120,0.0,0.0,0.997240356705793,0,0
3,4160,0.0,0.0,0.9969755000837764,0,0
4,5200,0.0,0.0,0.9977975102598944,0,0
5,6240,0.0,0.0,0.9977975102598944,0,0
6,7280,0.0,0.0,0.9982111419559175,0,0
7,8320,0.0,0.0,0.9957218763831894,0,0
8,9360,0.0,0.0,0.9977975102598944,0,0
9,10400,0.0,0.0,0.9742160909914447,0,0
10,11440,0.0,0.0,0.9973828646146279,0,0
11,12480,0.0,0.0,0.9400627283378816,0,0
12,13520,0.0,0.0,0.9724311125491689,0,0
13,14560,0.0,0.0,0.9378492043471004,0,0
14,15600,0.0,0.0,0.9410619607629165,0,0
15,16640,0.0,0.0,0.9838823861346195,0,0
16,17680,0.0,0.0,0.9980403583402068,0,0
17,18720,0.0,0.0,0.8982097951191205,0,0
18,19760,0.0,0.0,0.9907507043343511,0,0
19,20800,0.0,0.0,0.9901091357209255,0,0
20,21840,0.0,0.0,0.9852674965213246,0,0
21,22880,0.0,0.0,0.9943183518468823,0,0
22,23920,0.0,0.0,0.9930862324232628,0,0
23,24960,0.0,0.0,0.9732128114013868,0,0
24,26000,0.0,0.0,0.9931982397071297,0,0
25,27040,0.0,0.0,0.9928189132398186,0,0
26,28080,0.0,0.0,0.9823433932670936,0,0
27,29120,0.0,0.0,0.979296621818664,0,0
28,30160,0.0,0.0,0.981525511623506,0,0
29,31200,0.0,0.0,0.9807013621096444,0,0
30,32240,0.0,0.0,0.9846900336404,0,0
31,33280,0.0,0.0,0.9851194550937883,0,0
32,34320,0.0,0.0,0.9866462852229324,0,0
33,35360,0.0,0.0,0.9849319958931481,0,0
34,36400,0.0,0.0,0.9925768250277209,0,0
35,37440,0.0,0.0,0.9905274979501879,0,0
36,38480,0.0,0.0,0.983883620671471,0,0
37,39520,0.0,0.0,0.9714790123480299,0,0
38,40560,0.0,0.0,0.9872687663941316,0,0
39,41600,0.0,0.0,0.9906446191150674,0,0
40,42640,0.0,0.0,0.9903416728804922,0,0
41,43680,0.0,0.0,0.991368265071742,0,0
42,44720,0.0,0.0,0.9572884137266877,0,0
43,45760,0.0,0.0,0.9541818736775425,0,0
44,46800,0.0,0.0,0.9624074385748307,0,0
45,47840,0.0,0.0,0.957043990413604,0,0
46,48880,0.0,0.0,0.9097321945467746,0,0
47,49920,0.0,0.0,0.965021145731089,0,0
48,50960,0.0,0.0,0.9649895771222508,0,0
49,52000,0.0,0.0,0.9612102524315289,0,0
