t,bytes_sent,utility,pheromone,f1_val,agg_count,rollback
0,1040,0.0,0.0,0.9424115555874243,0,0
1,2080,0.0,0.0,0.9456547927229829,0,0
2,3120,0.0,0.0,0.6232049881591328,0,0
3,4160,0.0,0.0,0.8679369729746833,0,0
4,5200,0.0,0.0,0.951282653818979,0,0
5,6240,0.0,0.0,0.9433396040685549,0,0
6,7280,0.0,0.0,0.9397441035660785,0,0
7,8320,0.0,0.0,0.9448467425829954,0,0
8,9360,0.0,0.0,0.9366087006016537,0,0
9,10400,0.0,0.0,0.9479929861233153,0,0
10,11440,0.0,0.0,0.9521743484266557,0,0
11,12480,0.0,0.0,0.9309771865366189,0,0
12,13520,0.0,0.0,0.9533508844186626,0,0
13,14560,0.0,0.0,0.9541104722132554,0,0
14,15600,0.0,0.0,0.9483590498523289,0,0
15,16640,0.0,0.0,0.9530652233291638,0,0
16,17680,0.0,0.0,0.9483318718680958,0,0
17,18720,0.0,0.0,0.9533166672371637,0,0
18,19760,0.0,0.0,0.9552537501613492,0,0
19,20800,0.0,0.0,0.954703354558873,0,0
20,21840,0.0,0.0,0.9542344887473273,0,0
21,22880,0.0,0.0,0.941819375643402,0,0
22,23920,0.0,0.0,0.9541532443943146,0,0
23,24960,0.0,0.0,0.9537409661768983,0,0
24,26000,0.0,0.0,0.9541329246665959,0,0
25,27040,0.0,0.0,0.9509015014109503,0,0
26,28080,0.0,0.0,0.948647728525543,0,0
27,29120,0.0,0.0,0.9543360288363584,0,0
28,30160,0.0,0.0,0.9417015562851984,0,0
29,31200,0.0,0.0,0.9543458049981476,0,0
30,32240,0.0,0.0,0.9552834600446983,0,0
31,33280,0.0,0.0,0.9546502325720728,0,0
32,34320,0.0,0.0,0.9554807411104437,0,0
33,35360,0.0,0.0,0.9466108513567447,0,0
34,36400,0.0,0.0,0.954148127383536,0,0
35,37440,0.0,0.0,0.9494483843165367,0,0
36,38480,0.0,0.0,0.9463056519771187,0,0
37,39520,0.0,0.0,0.9545329885263979,0,0
38,40560,0.0,0.0,0.9543670799615133,0,0
39,41600,0.0,0.0,0.9433884415319543,0,0
40,42640,0.0,0.0,0.9489704909387441,0,0
41,43680,0.0,0.0,0.9510605654072115,0,0
42,44720,0.0,0.0,0.9545910081258846,0,0
43,45760,0.0,0.0,0.9498905581388402,0,0
44,46800,0.0,0.0,0.9517184692853958,0,0
45,47840,0.0,0.0,0.9525144640762297,0,0
46,48880,0.0,0.0,0.9527210148165197,0,0
47,49920,0.0,0.0,0.9563345195663503,0,0
48,50960,0.0,0.0,0.9499285127653563,0,0
49,52000,0.0,0.0,0.9503078959927681,0,0
