t,bytes_sent,utility,pheromone,f1_val,agg_count,rollback
0,4160,0.0,0.0,0.7013092678551931,0,0
1,8320,0.0,0.0,0.7197793494665636,0,0
2,12480,0.0,0.0,0.7142907770038948,0,0
3,16640,0.0,0.0,0.7137174471111252,0,0
4,20800,0.0,0.0,0.7219475489765249,0,0
5,24960,0.0,0.0,0.7069116714249281,0,0
6,29120,0.0,0.0,0.794357073139314,0,0
7,33280,0.0,0.0,0.7153402200525554,0,0
8,37440,0.0,0.0,0.7158468548928676,0,0
9,41600,0.0,0.0,0.7074457685128948,0,0
10,45760,0.0,0.0,0.7160020666103464,0,0
11,49920,0.0,0.0,0.8334573143646642,0,0
12,54080,0.0,0.0,0.7166210515424962,0,0
13,58240,0.0,0.0,0.8021957821683081,0,0
14,62400,0.0,0.0,0.8037547681896801,0,0
15,66560,0.0,0.0,0.8310716677667488,0,0
16,70720,0.0,0.0,0.7172193258451034,0,0
17,74880,0.0,0.0,0.8025544412252522,0,0
18,79040,0.0,0.0,0.7781055552428089,0,0
19,83200,0.0,0.0,0.827610010938419,0,0
20,87360,0.0,0.0,0.8309388380114345,0,0
21,91520,0.0,0.0,0.835358201885203,0,0
22,95680,0.0,0.0,0.7719754242636475,0,0
23,99840,0.0,0.0,0.7115831596207609,0,0
24,104000,0.0,0.0,0.8310480965889495,0,0
25,108160,0.0,0.0,0.8263284821216004,0,0
26,112320,0.0,0.0,0.828165587736433,0,0
27,116480,0.0,0.0,0.8284168866009536,0,0
28,120640,0.0,0.0,0.8284357128667348,0,0
29,124800,0.0,0.0,0.7433196065841291,0,0
30,128960,0.0,0.0,0.8268333285900604,0,0
31,133120,0.0,0.0,0.8276116120789547,0,0
32,137280,0.0,0.0,0.8284287752625425,0,0
33,141440,0.0,0.0,0.8296437493293319,0,0
34,145600,0.0,0.0,0.8289318868217391,0,0
35,149760,0.0,0.0,0.9259282728392266,0,0
36,153920,0.0,0.0,0.9303886198247882,0,0
37,158080,0.0,0.0,0.9295782503496607,0,0
38,162240,0.0,0.0,0.9307032691864126,0,0
39,166400,0.0,0.0,0.9312371028891253,0,0
40,170560,0.0,0.0,0.9312371028891253,0,0
41,174720,0.0,0.0,0.9322738770388214,0,0
42,178880,0.0,0.0,0.9322738770388214,0,0
43,183040,0.0,0.0,0.9322738770388214,0,0
44,187200,0.0,0.0,0.9327767727401607,0,0
45,191360,0.0,0.0,0.9327767727401607,0,0
46,195520,0.0,0.0,0.933278602523715,0,0
47,199680,0.0,0.0,0.933278602523715,0,0
48,203840,0.0,0.0,0.9337793711207426,0,0
49,208000,0.0,0.0,0.9337793711207426,0,0
