t,bytes_sent,utility,pheromone,f1_val,agg_count,rollback
0,4160,0.0,0.0,0.08954368264159597,0,0
1,8320,0.0,0.0,0.25007208448062834,0,0
2,12480,0.0,0.0,0.18559302005096545,0,0
3,16640,0.0,0.0,0.14142628205128205,0,0
4,20800,0.0,0.0,0.14142628205128205,0,0
5,24960,0.0,0.0,0.14142628205128205,0,0
6,29120,0.0,0.0,0.14142628205128205,0,0
7,33280,0.0,0.0,0.14142628205128205,0,0
8,37440,0.0,0.0,0.14142628205128205,0,0
9,41600,0.0,0.0,0.14142628205128205,0,0
10,45760,0.0,0.0,0.41705570454086727,0,0
11,49920,0.0,0.0,0.4168551858772006,0,0
12,54080,0.0,0.0,0.41705570454086727,0,0
13,58240,0.0,0.0,0.41705570454086727,0,0
14,62400,0.0,0.0,0.4150420236907487,0,0
15,66560,0.0,0.0,0.41693552313656757,0,0
16,70720,0.0,0.0,0.41681556554501253,0,0
17,74880,0.0,0.0,0.4167737228302586,0,0
18,79040,0.0,0.0,0.4168135083356663,0,0
19,83200,0.0,0.0,0.710124036512992,0,0
20,87360,0.0,0.0,0.43113477940986183,0,0
21,91520,0.0,0.0,0.7092732049226802,0,0
22,95680,0.0,0.0,0.7069272994424892,0,0
23,99840,0.0,0.0,0.7011110911830984,0,0
24,104000,0.0,0.0,0.7114413971118358,0,0
25,108160,0.0,0.0,0.7011837804293205,0,0
26,112320,0.0,0.0,0.7099258740053385,0,0
27,116480,0.0,0.0,0.7011396115932085,0,0
28,120640,0.0,0.0,0.6984797002944296,0,0
29,124800,0.0,0.0,0.7116006408339706,0,0
30,128960,0.0,0.0,0.7008141695967847,0,0
31,133120,0.0,0.0,0.7079394718648842,0,0
32,137280,0.0,0.0,0.701010418469141,0,0
33,141440,0.0,0.0,0.7099011045070378,0,0
34,145600,0.0,0.0,0.7554967626210606,0,0
35,149760,0.0,0.0,0.7488602294862794,0,0
36,153920,0.0,0.0,0.710433065550962,0,0
37,158080,0.0,0.0,0.9607587406031103,0,0
38,162240,0.0,0.0,0.6087610735974249,0,0
39,166400,0.0,0.0,0.9617265454922566,0,0
40,170560,0.0,0.0,0.9603297739932517,0,0
41,174720,0.0,0.0,0.7870429527313385,0,0
42,178880,0.0,0.0,0.8327612907389542,0,0
43,183040,0.0,0.0,0.7712648597100602,0,0
44,187200,0.0,0.0,0.7989902595806135,0,0
45,191360,0.0,0.0,0.833775901583765,0,0
46,195520,0.0,0.0,0.6721774648470134,0,0
47,199680,0.0,0.0,0.7162614525632935,0,0
48,203840,0.0,0.0,0.9836071155032639,0,0
49,208000,0.0,0.0,0.6328162906578594,0,0
