t,bytes_sent,utility,pheromone,f1_val,agg_count,rollback
0,1040,0.0,0.0,0.11354166666666667,0,0
1,2080,0.0,0.0,0.13862163754172394,0,0
2,3120,0.0,0.0,0.13862163754172394,0,0
3,4160,0.0,0.0,0.13862163754172394,0,0
4,5200,0.0,0.0,0.13862163754172394,0,0
5,6240,0.0,0.0,0.13862163754172394,0,0
6,7280,0.0,0.0,0.13862163754172394,0,0
7,8320,0.0,0.0,0.13862163754172394,0,0
8,9360,0.0,0.0,0.13862163754172394,0,0
9,10400,0.0,0.0,0.13862163754172394,0,0
10,11440,0.0,0.0,0.3264464813379455,0,0
11,12480,0.0,0.0,0.4170518629654155,0,0
12,13520,0.0,0.0,0.44229709156915564,0,0
13,14560,0.0,0.0,0.6980034095787218,0,0
14,15600,0.0,0.0,0.6980430300665794,0,0
15,16640,0.0,0.0,0.5735673197679975,0,0
16,17680,0.0,0.0,0.6946672273629584,0,0
17,18720,0.0,0.0,0.6937330449854813,0,0
18,19760,0.0,0.0,0.7007673032853614,0,0
19,20800,0.0,0.0,0.6888795955138056,0,0
20,21840,0.0,0.0,0.6928199021398944,0,0
21,22880,0.0,0.0,0.7012347983485312,0,0
22,23920,0.0,0.0,0.6989995579819097,0,0
23,24960,0.0,0.0,0.9564689442142457,0,0
24,26000,0.0,0.0,0.8991020741781026,0,0
25,27040,0.0,0.0,0.872660648615742,0,0
26,28080,0.0,0.0,0.9939494517692187,0,0
27,29120,0.0,0.0,0.9943193389935886,0,0
28,30160,0.0,0.0,0.9938128314971357,0,0
29,31200,0.0,0.0,0.9951941773951698,0,0
30,32240,0.0,0.0,0.9951941773951698,0,0
31,33280,0.0,0.0,0.9949085473053089,0,0
32,34320,0.0,0.0,0.9956096535150197,0,0
33,35360,0.0,0.0,0.9956096535150197,0,0
34,36400,0.0,0.0,0.9956096535150197,0,0
35,37440,0.0,0.0,0.9957620514467445,0,0
36,38480,0.0,0.0,0.9955668669630084,0,0
37,39520,0.0,0.0,0.9956096535150197,0,0
38,40560,0.0,0.0,0.9956096535150197,0,0
39,41600,0.0,0.0,0.9956096535150197,0,0
40,42640,0.0,0.0,0.9956096535150197,0,0
41,43680,0.0,0.0,0.9953473522358949,0,0
42,44720,0.0,0.0,0.9956096535150197,0,0
43,45760,0.0,0.0,0.9956096535150197,0,0
44,46800,0.0,0.0,0.9956096535150197,0,0
45,47840,0.0,0.0,0.9956096535150197,0,0
46,48880,0.0,0.0,0.9956096535150197,0,0
47,49920,0.0,0.0,0.9956096535150197,0,0
48,50960,0.0,0.0,0.9956096535150197,0,0
49,52000,0.0,0.0,0.9951279124444816,0,0
