t,bytes_sent,utility,pheromone,f1_val,agg_count,rollback
0,1040,0.0,0.0,0.3330944988456333,0,0
1,2080,0.0,0.0,0.30882787127251254,0,0
2,3120,0.0,0.0,0.2995418098510882,0,0
3,4160,0.0,0.0,0.2886313465783665,0,0
4,5200,0.0,0.0,0.28289384719405003,0,0
5,6240,0.0,0.0,0.2740013097576948,0,0
6,7280,0.0,0.0,0.2687219010918433,0,0
7,8320,0.0,0.0,0.26494427558257344,0,0
8,9360,0.0,0.0,0.25865479723046486,0,0
9,10400,0.0,0.0,0.25366800048502486,0,0
10,11440,0.0,0.0,0.2509295909799688,0,0
11,12480,0.0,0.0,0.24962711055426287,0,0
12,13520,0.0,0.0,0.24869234427009035,0,0
13,14560,0.0,0.0,0.24684365781710915,0,0
14,15600,0.0,0.0,0.2446783625730994,0,0
15,16640,0.0,0.0,0.24429263735622117,0,0
16,17680,0.0,0.0,0.24429263735622117,0,0
17,18720,0.0,0.0,0.24429263735622117,0,0
18,19760,0.0,0.0,0.24407887061019717,0,0
19,20800,0.0,0.0,0.24399346862607885,0,0
20,21840,0.0,0.0,0.2438228438228438,0,0
21,22880,0.0,0.0,0.24352482393341482,0,0
22,23920,0.0,0.0,0.24352482393341482,0,0
23,24960,0.0,0.0,0.24301562409246677,0,0
24,26000,0.0,0.0,0.2428463636891288,0,0
25,27040,0.0,0.0,0.24276182187409343,0,0
26,28080,0.0,0.0,0.24250854923781373,0,0
27,29120,0.0,0.0,0.24233999420793514,0,0
28,30160,0.0,0.0,0.24225580452782122,0,0
29,31200,0.0,0.0,0.2421296296296296,0,0
30,32240,0.0,0.0,0.242087600532315,0,0
31,33280,0.0,0.0,0.24196160074022668,0,0
32,34320,0.0,0.0,0.24196160074022668,0,0
33,35360,0.0,0.0,0.24191962995085284,0,0
34,36400,0.0,0.0,0.24191962995085284,0,0
35,37440,0.0,0.0,0.24191962995085284,0,0
36,38480,0.0,0.0,0.24187767371950517,0,0
37,39520,0.0,0.0,0.24187767371950517,0,0
38,40560,0.0,0.0,0.24187767371950517,0,0
39,41600,0.0,0.0,0.24187767371950517,0,0
40,42640,0.0,0.0,0.24187767371950517,0,0
41,43680,0.0,0.0,0.24187767371950517,0,0
42,44720,0.0,0.0,0.24187767371950517,0,0
43,45760,0.0,0.0,0.24187767371950517,0,0
44,46800,0.0,0.0,0.24187767371950517,0,0
45,47840,0.0,0.0,0.24187767371950517,0,0
46,48880,0.0,0.0,0.24187767371950517,0,0
47,49920,0.0,0.0,0.24187767371950517,0,0
48,50960,0.0,0.0,0.24187767371950517,0,0
49,52000,0.0,0.0,0.24187767371950517,0,0
