t,bytes_sent,utility,pheromone,f1_val,agg_count,rollback
0,1040,0.0,0.0,0.08978675645342311,0,0
1,2080,0.0,0.0,0.14243150933798415,0,0
2,3120,0.0,0.0,0.1557963317045535,0,0
3,4160,0.0,0.0,0.1502004581901489,0,0
4,5200,0.0,0.0,0.14696347525394424,0,0
5,6240,0.0,0.0,0.14493382512475592,0,0
6,7280,0.0,0.0,0.1440266608708252,0,0
7,8320,0.0,0.0,0.15568777447230486,0,0
8,9360,0.0,0.0,0.15097576667381515,0,0
9,10400,0.0,0.0,0.1526293287729799,0,0
10,11440,0.0,0.0,0.14662629757785467,0,0
11,12480,0.0,0.0,0.14819606152077044,0,0
12,13520,0.0,0.0,0.14819606152077044,0,0
13,14560,0.0,0.0,0.14864282636794485,0,0
14,15600,0.0,0.0,0.14953405017921148,0,0
15,16640,0.0,0.0,0.15042221268069272,0,0
16,17680,0.0,0.0,0.15273918928545985,0,0
17,18720,0.0,0.0,0.1557963317045535,0,0
18,19760,0.0,0.0,0.1557963317045535,0,0
19,20800,0.0,0.0,0.1569874240497386,0,0
20,21840,0.0,0.0,0.15795783090050067,0,0
21,22880,0.0,0.0,0.15924597313075894,0,0
22,23920,0.0,0.0,0.16127224323945635,0,0
23,24960,0.0,0.0,0.16137844084891784,0,0
24,26000,0.0,0.0,0.16180278535936735,0,0
25,27040,0.0,0.0,0.16212057630437823,0,0
26,28080,0.0,0.0,0.16275495948588992,0,0
27,29120,0.0,0.0,0.16317699609156897,0,0
28,30160,0.0,0.0,0.16370354876943458,0,0
29,31200,0.0,0.0,0.1639138615931424,0,0
30,32240,0.0,0.0,0.16527661940505978,0,0
31,33280,0.0,0.0,0.16590309593225044,0,0
32,34320,0.0,0.0,0.16673596673596672,0,0
33,35360,0.0,0.0,0.16735880398671096,0,0
34,36400,0.0,0.0,0.1680834888382058,0,0
35,37440,0.0,0.0,0.1680834888382058,0,0
36,38480,0.0,0.0,0.16849665078378565,0,0
37,39520,0.0,0.0,0.16880607315389926,0,0
38,40560,0.0,0.0,0.16890912854481474,0,0
39,41600,0.0,0.0,0.16921803889118744,0,0
40,42640,0.0,0.0,0.1693209238193726,0,0
41,43680,0.0,0.0,0.16942376619795974,0,0
42,44720,0.0,0.0,0.16921803889118744,0,0
43,45760,0.0,0.0,0.16942376619795974,0,0
44,46800,0.0,0.0,0.1696293234118782,0,0
45,47840,0.0,0.0,0.1696293234118782,0,0
46,48880,0.0,0.0,0.1696293234118782,0,0
47,49920,0.0,0.0,0.1696293234118782,0,0
48,50960,0.0,0.0,0.1696293234118782,0,0
49,52000,0.0,0.0,0.16983471074380166,0,0
