t,bytes_sent,utility,pheromone,f1_val,agg_count,rollback
0,1040,0.0,0.0,0.14035785288270378,0,0
1,2080,0.0,0.0,0.36590508257174925,0,0
2,3120,0.0,0.0,0.14035785288270378,0,0
3,4160,0.0,0.0,0.14035785288270378,0,0
4,5200,0.0,0.0,0.14035785288270378,0,0
5,6240,0.0,0.0,0.14035785288270378,0,0
6,7280,0.0,0.0,0.14035785288270378,0,0
7,8320,0.0,0.0,0.14035785288270378,0,0
8,9360,0.0,0.0,0.14035785288270378,0,0
9,10400,0.0,0.0,0.14035785288270378,0,0
10,11440,0.0,0.0,0.14035785288270378,0,0
11,12480,0.0,0.0,0.14035785288270378,0,0
12,13520,0.0,0.0,0.4904861914829742,0,0
13,14560,0.0,0.0,0.6913302904291841,0,0
14,15600,0.0,0.0,0.7633006716928601,0,0
15,16640,0.0,0.0,0.5474399588592338,0,0
16,17680,0.0,0.0,0.7020620161542324,0,0
17,18720,0.0,0.0,0.92915129448412,0,0
18,19760,0.0,0.0,0.9418904241010506,0,0
19,20800,0.0,0.0,0.9984758593419994,0,0
20,21840,0.0,0.0,0.933787510394962,0,0
21,22880,0.0,0.0,0.9312182960980281,0,0
22,23920,0.0,0.0,0.9934382557137185,0,0
23,24960,0.0,0.0,0.9301838527314599,0,0
24,26000,0.0,0.0,0.9971856004327986,0,0
25,27040,0.0,0.0,0.9972338922372435,0,0
26,28080,0.0,0.0,0.9373447330971028,0,0
27,29120,0.0,0.0,0.9879506294744027,0,0
28,30160,0.0,0.0,0.9383527625584585,0,0
29,31200,0.0,0.0,0.9769029589504963,0,0
30,32240,0.0,0.0,0.9418524567338815,0,0
31,33280,0.0,0.0,0.9973564738121283,0,0
32,34320,0.0,0.0,0.9445748477621334,0,0
33,35360,0.0,0.0,0.9938325267947873,0,0
34,36400,0.0,0.0,0.9786432674027681,0,0
35,37440,0.0,0.0,0.9523701080590166,0,0
36,38480,0.0,0.0,0.9969459252103519,0,0
37,39520,0.0,0.0,0.9722179639703227,0,0
38,40560,0.0,0.0,0.9969452255660185,0,0
39,41600,0.0,0.0,0.9969452255660185,0,0
40,42640,0.0,0.0,0.9877162381251717,0,0
41,43680,0.0,0.0,0.9575842894170868,0,0
42,44720,0.0,0.0,0.9967252339419834,0,0
43,45760,0.0,0.0,0.9965344645149313,0,0
44,46800,0.0,0.0,0.9959175922875732,0,0
45,47840,0.0,0.0,0.956588167349868,0,0
46,48880,0.0,0.0,0.9967488296142193,0,0
47,49920,0.0,0.0,0.9923743659301345,0,0
48,50960,0.0,0.0,0.9674680229327013,0,0
49,52000,0.0,0.0,0.9961380077959525,0,0
