t,bytes_sent,utility,pheromone,f1_val,agg_count,rollback
0,1040,0.0,0.0,0.09269662921348315,0,0
1,2080,0.0,0.0,0.09269662921348315,0,0
2,3120,0.0,0.0,0.3705697092912442,0,0
3,4160,0.0,0.0,0.16106140726534718,0,0
4,5200,0.0,0.0,0.13973365136155833,0,0
5,6240,0.0,0.0,0.13973365136155833,0,0
6,7280,0.0,0.0,0.13973365136155833,0,0
7,8320,0.0,0.0,0.13973365136155833,0,0
8,9360,0.0,0.0,0.13973365136155833,0,0
9,10400,0.0,0.0,0.13973365136155833,0,0
10,11440,0.0,0.0,0.13973365136155833,0,0
11,12480,0.0,0.0,0.3608975633632623,0,0
12,13520,0.0,0.0,0.416567672447929,0,0
13,14560,0.0,0.0,0.3980780411366161,0,0
14,15600,0.0,0.0,0.3837715202208868,0,0
15,16640,0.0,0.0,0.38423906028092625,0,0
16,17680,0.0,0.0,0.43649013105022166,0,0
17,18720,0.0,0.0,0.6087581260172233,0,0
18,19760,0.0,0.0,0.6917894221952124,0,0
19,20800,0.0,0.0,0.6905060352791719,0,0
20,21840,0.0,0.0,0.6948683014449752,0,0
21,22880,0.0,0.0,0.6939922527607938,0,0
22,23920,0.0,0.0,0.6969927531736653,0,0
23,24960,0.0,0.0,0.6964434457497009,0,0
24,26000,0.0,0.0,0.6960746064800647,0,0
25,27040,0.0,0.0,0.6933634182807076,0,0
26,28080,0.0,0.0,0.9917857614133556,0,0
27,29120,0.0,0.0,0.697215171529648,0,0
28,30160,0.0,0.0,0.9815339688471688,0,0
29,31200,0.0,0.0,0.6973912418918402,0,0
30,32240,0.0,0.0,0.8147092219143228,0,0
31,33280,0.0,0.0,0.9775002182778978,0,0
32,34320,0.0,0.0,0.6963395274021091,0,0
33,35360,0.0,0.0,0.8135317700463498,0,0
34,36400,0.0,0.0,0.9917808336050553,0,0
35,37440,0.0,0.0,0.6975858144641373,0,0
36,38480,0.0,0.0,0.6994626934304133,0,0
37,39520,0.0,0.0,0.9124196131609214,0,0
38,40560,0.0,0.0,0.7964643227336297,0,0
39,41600,0.0,0.0,0.7444010855564283,0,0
40,42640,0.0,0.0,0.9902832390073789,0,0
41,43680,0.0,0.0,0.9895807945969549,0,0
42,44720,0.0,0.0,0.7644675987554616,0,0
43,45760,0.0,0.0,0.6965385261658582,0,0
44,46800,0.0,0.0,0.9324184224734603,0,0
45,47840,0.0,0.0,0.8093628819276876,0,0
46,48880,0.0,0.0,0.7740169025947166,0,0
47,49920,0.0,0.0,0.9948830260911032,0,0
48,50960,0.0,0.0,0.9841675559070108,0,0
49,52000,0.0,0.0,0.7007415644749061,0,0
