t,bytes_sent,utility,pheromone,f1_val,agg_count,rollback
0,1040,0.0,0.0,0.09756370138578453,0,0
1,2080,0.0,0.0,0.3729763080591261,0,0
2,3120,0.0,0.0,0.2514602340183736,0,0
3,4160,0.0,0.0,0.14094896331738438,0,0
4,5200,0.0,0.0,0.14094896331738438,0,0
5,6240,0.0,0.0,0.14094896331738438,0,0
6,7280,0.0,0.0,0.14094896331738438,0,0
7,8320,0.0,0.0,0.14094896331738438,0,0
8,9360,0.0,0.0,0.14094896331738438,0,0
9,10400,0.0,0.0,0.3955193574667783,0,0
10,11440,0.0,0.0,0.46054139428998103,0,0
11,12480,0.0,0.0,0.40620765360665023,0,0
12,13520,0.0,0.0,0.4596384106269573,0,0
13,14560,0.0,0.0,0.3572757914683049,0,0
14,15600,0.0,0.0,0.3821279236027682,0,0
15,16640,0.0,0.0,0.3536207091334382,0,0
16,17680,0.0,0.0,0.3720407196969697,0,0
17,18720,0.0,0.0,0.3894219090729444,0,0
18,19760,0.0,0.0,0.39277948160736786,0,0
19,20800,0.0,0.0,0.4148592623563563,0,0
20,21840,0.0,0.0,0.39100922681524697,0,0
21,22880,0.0,0.0,0.3907380605306955,0,0
22,23920,0.0,0.0,0.4140962398044308,0,0
23,24960,0.0,0.0,0.4126374944522413,0,0
24,26000,0.0,0.0,0.42280573771666585,0,0
25,27040,0.0,0.0,0.4308091148935153,0,0
26,28080,0.0,0.0,0.42107102375784944,0,0
27,29120,0.0,0.0,0.404088824600232,0,0
28,30160,0.0,0.0,0.6437443706264996,0,0
29,31200,0.0,0.0,0.66280737894321,0,0
30,32240,0.0,0.0,0.6798060492709703,0,0
31,33280,0.0,0.0,0.6544409133917877,0,0
32,34320,0.0,0.0,0.6577655138620382,0,0
33,35360,0.0,0.0,0.6822558985840335,0,0
34,36400,0.0,0.0,0.6883472748403342,0,0
35,37440,0.0,0.0,0.694909145032651,0,0
36,38480,0.0,0.0,0.683900256617474,0,0
37,39520,0.0,0.0,0.7017071685238155,0,0
38,40560,0.0,0.0,0.6681474247402898,0,0
39,41600,0.0,0.0,0.6676365886485033,0,0
40,42640,0.0,0.0,0.6436706183762129,0,0
41,43680,0.0,0.0,0.6331256254722534,0,0
42,44720,0.0,0.0,0.6989232797460696,0,0
43,45760,0.0,0.0,0.6416811153180892,0,0
44,46800,0.0,0.0,0.6989504639573035,0,0
45,47840,0.0,0.0,0.6513148782142077,0,0
46,48880,0.0,0.0,0.6667312617742538,0,0
47,49920,0.0,0.0,0.6924987813692655,0,0
48,50960,0.0,0.0,0.7036227766991159,0,0
49,52000,0.0,0.0,0.6890954840313269,0,0
