t,bytes_sent,utility,pheromone,f1_val,agg_count,rollback
0,1040,0.0,0.0,0.1522581895716224,0,0
1,2080,0.0,0.0,0.20574727002230142,0,0
2,3120,0.0,0.0,0.30875549754205167,0,0
3,4160,0.0,0.0,0.6964554070825801,0,0
4,5200,0.0,0.0,0.6818504486540379,0,0
5,6240,0.0,0.0,0.8058179592967907,0,0
6,7280,0.0,0.0,0.7191679249448594,0,0
7,8320,0.0,0.0,0.5902352960804378,0,0
8,9360,0.0,0.0,0.5807163180988769,0,0
9,10400,0.0,0.0,0.5348703132171493,0,0
10,11440,0.0,0.0,0.8697210058828482,0,0
11,12480,0.0,0.0,0.8744440956780435,0,0
12,13520,0.0,0.0,0.8655485425011367,0,0
13,14560,0.0,0.0,0.8783295780733973,0,0
14,15600,0.0,0.0,0.8761097345526061,0,0
15,16640,0.0,0.0,0.8744440956780435,0,0
16,17680,0.0,0.0,0.876942308026181,0,0
17,18720,0.0,0.0,0.856908572218452,0,0
18,19760,0.0,0.0,0.5620970364351864,0,0
19,20800,0.0,0.0,0.8488026037081038,0,0
20,21840,0.0,0.0,0.5861473782878904,0,0
21,22880,0.0,0.0,0.587566348359255,0,0
22,23920,0.0,0.0,0.86582686279238,0,0
23,24960,0.0,0.0,0.6308316458445735,0,0
24,26000,0.0,0.0,0.5590269940541248,0,0
25,27040,0.0,0.0,0.5546664797859412,0,0
26,28080,0.0,0.0,0.5585368347260123,0,0
27,29120,0.0,0.0,0.8336372909647306,0,0
28,30160,0.0,0.0,0.8457213265402328,0,0
29,31200,0.0,0.0,0.5611258435567623,0,0
30,32240,0.0,0.0,0.8538367392810521,0,0
31,33280,0.0,0.0,0.8730555457604587,0,0
32,34320,0.0,0.0,0.571987483338471,0,0
33,35360,0.0,0.0,0.6229641385029189,0,0
34,36400,0.0,0.0,0.6262026659329901,0,0
35,37440,0.0,0.0,0.6157753750002065,0,0
36,38480,0.0,0.0,0.5953218661619579,0,0
37,39520,0.0,0.0,0.895219364190299,0,0
38,40560,0.0,0.0,0.8930066077297245,0,0
39,41600,0.0,0.0,0.9325211707855707,0,0
40,42640,0.0,0.0,0.9794751239361215,0,0
41,43680,0.0,0.0,0.9786329525479736,0,0
42,44720,0.0,0.0,0.9786329525479736,0,0
43,45760,0.0,0.0,0.9783557879020255,0,0
44,46800,0.0,0.0,0.9775166096046546,0,0
45,47840,0.0,0.0,0.9772369444391752,0,0
46,48880,0.0,0.0,0.977519326354125,0,0
47,49920,0.0,0.0,0.977519326354125,0,0
48,50960,0.0,0.0,0.977519326354125,0,0
49,52000,0.0,0.0,0.9778016707286852,0,0
