t,bytes_sent,utility,pheromone,f1_val,agg_count,rollback
0,1040,0.0,0.0,0.24964097654380085,0,0
1,2080,0.0,0.0,0.33301496338745623,0,0
2,3120,0.0,0.0,0.3329354659027612,0,0
3,4160,0.0,0.0,0.3133378267056092,0,0
4,5200,0.0,0.0,0.3075339948548328,0,0
5,6240,0.0,0.0,0.3035843854302714,0,0
6,7280,0.0,0.0,0.2981968498325137,0,0
7,8320,0.0,0.0,0.29604471803580273,0,0
8,9360,0.0,0.0,0.2952300310471352,0,0
9,10400,0.0,0.0,0.2947309101155255,0,0
10,11440,0.0,0.0,0.29460639346570905,0,0
11,12480,0.0,0.0,0.29417141250087886,0,0
12,13520,0.0,0.0,0.2932436220913933,0,0
13,14560,0.0,0.0,0.29293565777497726,0,0
14,15600,0.0,0.0,0.2932436220913933,0,0
15,16640,0.0,0.0,0.2937377141252457,0,0
16,17680,0.0,0.0,0.29398538504777966,0,0
17,18720,0.0,0.0,0.2944198156357751,0,0
18,19760,0.0,0.0,0.2946686386365237,0,0
19,20800,0.0,0.0,0.2950426627177209,0,0
20,21840,0.0,0.0,0.29529254005222666,0,0
21,22880,0.0,0.0,0.295730845349166,0,0
22,23920,0.0,0.0,0.29598189020939447,0,0
23,24960,0.0,0.0,0.29598189020939447,0,0
24,26000,0.0,0.0,0.29598189020939447,0,0
25,27040,0.0,0.0,0.29604471803580273,0,0
26,28080,0.0,0.0,0.29604471803580273,0,0
27,29120,0.0,0.0,0.2961704537410632,0,0
28,30160,0.0,0.0,0.2962333616539224,0,0
29,31200,0.0,0.0,0.29635925768522453,0,0
30,32240,0.0,0.0,0.2962962962962963,0,0
31,33280,0.0,0.0,0.29604471803580273,0,0
32,34320,0.0,0.0,0.29604471803580273,0,0
33,35360,0.0,0.0,0.29598189020939447,0,0
34,36400,0.0,0.0,0.2961704537410632,0,0
35,37440,0.0,0.0,0.2961704537410632,0,0
36,38480,0.0,0.0,0.29661137104778107,0,0
37,39520,0.0,0.0,0.2967375886524823,0,0
38,40560,0.0,0.0,0.2968007377456196,0,0
39,41600,0.0,0.0,0.2969903463940943,0,0
40,42640,0.0,0.0,0.2969903463940943,0,0
41,43680,0.0,0.0,0.2973068997370852,0,0
42,44720,0.0,0.0,0.2976241286100441,0,0
43,45760,0.0,0.0,0.2981968498325137,0,0
44,46800,0.0,0.0,0.29838824704036515,0,0
45,47840,0.0,0.0,0.29877177949157385,0,0
46,48880,0.0,0.0,0.29915629915629915,0,0
47,49920,0.0,0.0,0.299220482013874,0,0
48,50960,0.0,0.0,0.2996061582527748,0,0
49,52000,0.0,0.0,0.299992829999283,0,0
