t,bytes_sent,utility,pheromone,f1_val,agg_count,rollback
0,4160,0.0,0.0,0.21604300173186422,0,0
1,8320,0.0,0.0,0.0848649680313007,0,0
2,12480,0.0,0.0,0.1403857625770531,0,0
3,16640,0.0,0.0,0.1403857625770531,0,0
4,20800,0.0,0.0,0.1403857625770531,0,0
5,24960,0.0,0.0,0.1403857625770531,0,0
6,29120,0.0,0.0,0.1403857625770531,0,0
7,33280,0.0,0.0,0.1403857625770531,0,0
8,37440,0.0,0.0,0.1403857625770531,0,0
9,41600,0.0,0.0,0.1403857625770531,0,0
10,45760,0.0,0.0,0.4158809972763461,0,0
11,49920,0.0,0.0,0.4161574336314925,0,0
12,54080,0.0,0.0,0.4160038662657951,0,0
13,58240,0.0,0.0,0.415540042402618,0,0
14,62400,0.0,0.0,0.595804021274959,0,0
15,66560,0.0,0.0,0.4607010267353552,0,0
16,70720,0.0,0.0,0.41580726865236384,0,0
17,74880,0.0,0.0,0.6797631697124238,0,0
18,79040,0.0,0.0,0.584717010901464,0,0
19,83200,0.0,0.0,0.5888022988868483,0,0
20,87360,0.0,0.0,0.6096294927895185,0,0
21,91520,0.0,0.0,0.5967899612736605,0,0
22,95680,0.0,0.0,0.5909167215900457,0,0
23,99840,0.0,0.0,0.5836750018100735,0,0
24,104000,0.0,0.0,0.5882511567839335,0,0
25,108160,0.0,0.0,0.5904224051100468,0,0
26,112320,0.0,0.0,0.5933099527360104,0,0
27,116480,0.0,0.0,0.5941219504348132,0,0
28,120640,0.0,0.0,0.5592514981533478,0,0
29,124800,0.0,0.0,0.5872244659023909,0,0
30,128960,0.0,0.0,0.5887317681545845,0,0
31,133120,0.0,0.0,0.5804268167879688,0,0
32,137280,0.0,0.0,0.544832729901354,0,0
33,141440,0.0,0.0,0.5303929194031054,0,0
34,145600,0.0,0.0,0.5950301021972647,0,0
35,149760,0.0,0.0,0.5982259599128761,0,0
36,153920,0.0,0.0,0.5983490507437312,0,0
37,158080,0.0,0.0,0.5962612152077241,0,0
38,162240,0.0,0.0,0.5590592969544426,0,0
39,166400,0.0,0.0,0.5806242878077476,0,0
40,170560,0.0,0.0,0.5409208749385417,0,0
41,174720,0.0,0.0,0.5539575313007201,0,0
42,178880,0.0,0.0,0.6062036503136201,0,0
43,183040,0.0,0.0,0.53846594860522,0,0
44,187200,0.0,0.0,0.5246198193146057,0,0
45,191360,0.0,0.0,0.5482376750669886,0,0
46,195520,0.0,0.0,0.558274165484513,0,0
47,199680,0.0,0.0,0.530410916840923,0,0
48,203840,0.0,0.0,0.5607840440181905,0,0
49,208000,0.0,0.0,0.5790439947882853,0,0
