t,bytes_sent,utility,pheromone,f1_val,agg_count,rollback
0,4160,0.0,0.0,0.10477605118829982,0,0
1,8320,0.0,0.0,0.1417771333885667,0,0
2,12480,0.0,0.0,0.1417771333885667,0,0
3,16640,0.0,0.0,0.1417771333885667,0,0
4,20800,0.0,0.0,0.1417771333885667,0,0
5,24960,0.0,0.0,0.1417771333885667,0,0
6,29120,0.0,0.0,0.1417771333885667,0,0
7,33280,0.0,0.0,0.1417771333885667,0,0
8,37440,0.0,0.0,0.1417771333885667,0,0
9,41600,0.0,0.0,0.1417771333885667,0,0
10,45760,0.0,0.0,0.1417771333885667,0,0
11,49920,0.0,0.0,0.41592297122298333,0,0
12,54080,0.0,0.0,0.5583218790573408,0,0
13,58240,0.0,0.0,0.6926724137931035,0,0
14,62400,0.0,0.0,0.565968452662187,0,0
15,66560,0.0,0.0,0.6776689316431812,0,0
16,70720,0.0,0.0,0.701400191729334,0,0
17,74880,0.0,0.0,0.7136991355682057,0,0
18,79040,0.0,0.0,0.7007605286659058,0,0
19,83200,0.0,0.0,0.7006786469025711,0,0
20,87360,0.0,0.0,0.7000577232972898,0,0
21,91520,0.0,0.0,0.6996005230741826,0,0
22,95680,0.0,0.0,0.7063781360844836,0,0
23,99840,0.0,0.0,0.7022484814787013,0,0
24,104000,0.0,0.0,0.7012226970221438,0,0
25,108160,0.0,0.0,0.7134017720086652,0,0
26,112320,0.0,0.0,0.6933949174868665,0,0
27,116480,0.0,0.0,0.7009600723887051,0,0
28,120640,0.0,0.0,0.7070613802904091,0,0
29,124800,0.0,0.0,0.7081526955504176,0,0
30,128960,0.0,0.0,0.7129480599821868,0,0
31,133120,0.0,0.0,0.7085022503394407,0,0
32,137280,0.0,0.0,0.7109011687701232,0,0
33,141440,0.0,0.0,0.6699133797634628,0,0
34,145600,0.0,0.0,0.7044279529516402,0,0
35,149760,0.0,0.0,0.7059920243838054,0,0
36,153920,0.0,0.0,0.6645176420699014,0,0
37,158080,0.0,0.0,0.6971885016975921,0,0
38,162240,0.0,0.0,0.6636406625266809,0,0
39,166400,0.0,0.0,0.6906257861200237,0,0
40,170560,0.0,0.0,0.6234429046524826,0,0
41,174720,0.0,0.0,0.6925512373121419,0,0
42,178880,0.0,0.0,0.5753312520000399,0,0
43,183040,0.0,0.0,0.7033147213807971,0,0
44,187200,0.0,0.0,0.6891956797456573,0,0
45,191360,0.0,0.0,0.6955910109357177,0,0
46,195520,0.0,0.0,0.707375102584907,0,0
47,199680,0.0,0.0,0.6991223677953453,0,0
48,203840,0.0,0.0,0.6673989969604733,0,0
49,208000,0.0,0.0,0.7016245124599421,0,0
