t,bytes_sent,utility,pheromone,f1_val,agg_count,rollback
0,1040,0.0,0.0,0.5824614064672092,0,0
1,2080,0.0,0.0,0.2662146970381085,0,0
2,3120,0.0,0.0,0.1403857625770531,0,0
3,4160,0.0,0.0,0.1403857625770531,0,0
4,5200,0.0,0.0,0.1403857625770531,0,0
5,6240,0.0,0.0,0.1403857625770531,0,0
6,7280,0.0,0.0,0.1403857625770531,0,0
7,8320,0.0,0.0,0.1403857625770531,0,0
8,9360,0.0,0.0,0.1403857625770531,0,0
9,10400,0.0,0.0,0.1403857625770531,0,0
10,11440,0.0,0.0,0.1403857625770531,0,0
11,12480,0.0,0.0,0.41469591303429576,0,0
12,13520,0.0,0.0,0.41627458463323097,0,0
13,14560,0.0,0.0,0.4160038662657951,0,0
14,15600,0.0,0.0,0.41580726865236384,0,0
15,16640,0.0,0.0,0.41580726865236384,0,0
16,17680,0.0,0.0,0.41580726865236384,0,0
17,18720,0.0,0.0,0.41580726865236384,0,0
18,19760,0.0,0.0,0.3557734561548523,0,0
19,20800,0.0,0.0,0.38565641905058357,0,0
20,21840,0.0,0.0,0.5903624678333633,0,0
21,22880,0.0,0.0,0.5742825300324094,0,0
22,23920,0.0,0.0,0.5930503342883494,0,0
23,24960,0.0,0.0,0.5955231545380006,0,0
24,26000,0.0,0.0,0.582045678828286,0,0
25,27040,0.0,0.0,0.5892031215071966,0,0
26,28080,0.0,0.0,0.5678377252583369,0,0
27,29120,0.0,0.0,0.5559036181048009,0,0
28,30160,0.0,0.0,0.5965944760491575,0,0
29,31200,0.0,0.0,0.5680119800685197,0,0
30,32240,0.0,0.0,0.5614674785772689,0,0
31,33280,0.0,0.0,0.6003886458497656,0,0
32,34320,0.0,0.0,0.5609399812433149,0,0
33,35360,0.0,0.0,0.5763718496334677,0,0
34,36400,0.0,0.0,0.5278240312833495,0,0
35,37440,0.0,0.0,0.6065744425223081,0,0
36,38480,0.0,0.0,0.5834714742465197,0,0
37,39520,0.0,0.0,0.5319262627145444,0,0
38,40560,0.0,0.0,0.569814759570168,0,0
39,41600,0.0,0.0,0.5461226726100225,0,0
40,42640,0.0,0.0,0.5679652743481545,0,0
41,43680,0.0,0.0,0.5795638699795024,0,0
42,44720,0.0,0.0,0.5835069233698386,0,0
43,45760,0.0,0.0,0.5975686598047643,0,0
44,46800,0.0,0.0,0.5553355654876786,0,0
45,47840,0.0,0.0,0.570717247477654,0,0
46,48880,0.0,0.0,0.5690651299257324,0,0
47,49920,0.0,0.0,0.5932880976562447,0,0
48,50960,0.0,0.0,0.5956963175698266,0,0
49,52000,0.0,0.0,0.6097209371812824,0,0
