t,bytes_sent,utility,pheromone,f1_val,agg_count,rollback
0,1040,0.0,0.0,0.14035785288270378,0,0
1,2080,0.0,0.0,0.14035785288270378,0,0
2,3120,0.0,0.0,0.14035785288270378,0,0
3,4160,0.0,0.0,0.14035785288270378,0,0
4,5200,0.0,0.0,0.14035785288270378,0,0
5,6240,0.0,0.0,0.14035785288270378,0,0
6,7280,0.0,0.0,0.14035785288270378,0,0
7,8320,0.0,0.0,0.14035785288270378,0,0
8,9360,0.0,0.0,0.14035785288270378,0,0
9,10400,0.0,0.0,0.14035785288270378,0,0
10,11440,0.0,0.0,0.14035785288270378,0,0
11,12480,0.0,0.0,0.15384615384615385,0,0
12,13520,0.0,0.0,0.39656053564365834,0,0
13,14560,0.0,0.0,0.39656053564365834,0,0
14,15600,0.0,0.0,0.39659360338126215,0,0
15,16640,0.0,0.0,0.3963900194967479,0,0
16,17680,0.0,0.0,0.3964230218922832,0,0
17,18720,0.0,0.0,0.3960490692696715,0,0
18,19760,0.0,0.0,0.6543713402710548,0,0
19,20800,0.0,0.0,0.6914855385333842,0,0
20,21840,0.0,0.0,0.6913979487142938,0,0
21,22880,0.0,0.0,0.973207431012977,0,0
22,23920,0.0,0.0,0.9625199339636398,0,0
23,24960,0.0,0.0,0.9972543144680786,0,0
24,26000,0.0,0.0,0.9952193249252888,0,0
25,27040,0.0,0.0,0.9754716896860708,0,0
26,28080,0.0,0.0,0.9977391219798778,0,0
27,29120,0.0,0.0,0.9964919734656482,0,0
28,30160,0.0,0.0,0.9973283609287906,0,0
29,31200,0.0,0.0,0.9972802099153549,0,0
30,32240,0.0,0.0,0.9970202894562089,0,0
31,33280,0.0,0.0,0.9964460792685341,0,0
32,34320,0.0,0.0,0.9968002980424979,0,0
33,35360,0.0,0.0,0.9936988499732641,0,0
34,36400,0.0,0.0,0.9966100132760906,0,0
35,37440,0.0,0.0,0.9970172045287697,0,0
36,38480,0.0,0.0,0.9967774409524363,0,0
37,39520,0.0,0.0,0.9975262299374879,0,0
38,40560,0.0,0.0,0.9968002980424979,0,0
39,41600,0.0,0.0,0.996203293283509,0,0
40,42640,0.0,0.0,0.9963671647723179,0,0
41,43680,0.0,0.0,0.9974310505072961,0,0
42,44720,0.0,0.0,0.9898916612330704,0,0
43,45760,0.0,0.0,0.9967774409524363,0,0
44,46800,0.0,0.0,0.9535628199312381,0,0
45,47840,0.0,0.0,0.9974310505072961,0,0
46,48880,0.0,0.0,0.9967774409524363,0,0
47,49920,0.0,0.0,0.9970407855713329,0,0
48,50960,0.0,0.0,0.997240356705793,0,0
49,52000,0.0,0.0,0.9968002980424979,0,0
