t,bytes_sent,utility,pheromone,f1_val,agg_count,rollback
0,1040,0.0,0.0,0.13973365136155833,0,0
1,2080,0.0,0.0,0.09269662921348315,0,0
2,3120,0.0,0.0,0.32769104917097686,0,0
3,4160,0.0,0.0,0.13973365136155833,0,0
4,5200,0.0,0.0,0.13973365136155833,0,0
5,6240,0.0,0.0,0.13973365136155833,0,0
6,7280,0.0,0.0,0.13973365136155833,0,0
7,8320,0.0,0.0,0.13973365136155833,0,0
8,9360,0.0,0.0,0.13973365136155833,0,0
9,10400,0.0,0.0,0.13973365136155833,0,0
10,11440,0.0,0.0,0.13973365136155833,0,0
11,12480,0.0,0.0,0.32964309183365115,0,0
12,13520,0.0,0.0,0.416567672447929,0,0
13,14560,0.0,0.0,0.4166476271967524,0,0
14,15600,0.0,0.0,0.39589029512470914,0,0
15,16640,0.0,0.0,0.41714194880853206,0,0
16,17680,0.0,0.0,0.43692329878346414,0,0
17,18720,0.0,0.0,0.6084610111511821,0,0
18,19760,0.0,0.0,0.6967000462376374,0,0
19,20800,0.0,0.0,0.6933763532561021,0,0
20,21840,0.0,0.0,0.6972170103077873,0,0
21,22880,0.0,0.0,0.6974153433997211,0,0
22,23920,0.0,0.0,0.692670935933724,0,0
23,24960,0.0,0.0,0.6963645075096425,0,0
24,26000,0.0,0.0,0.6912705444308564,0,0
25,27040,0.0,0.0,0.7046907808626891,0,0
26,28080,0.0,0.0,0.6932780353016845,0,0
27,29120,0.0,0.0,0.6930199122587308,0,0
28,30160,0.0,0.0,0.6973009635320693,0,0
29,31200,0.0,0.0,0.7000719370271222,0,0
30,32240,0.0,0.0,0.9247774453460751,0,0
31,33280,0.0,0.0,0.6924950748619714,0,0
32,34320,0.0,0.0,0.6990160351464343,0,0
33,35360,0.0,0.0,0.8311716265954042,0,0
34,36400,0.0,0.0,0.7446565663584769,0,0
35,37440,0.0,0.0,0.9932510179828972,0,0
36,38480,0.0,0.0,0.6961882889043404,0,0
37,39520,0.0,0.0,0.6970639330318791,0,0
38,40560,0.0,0.0,0.99237324367253,0,0
39,41600,0.0,0.0,0.6980919167946789,0,0
40,42640,0.0,0.0,0.9921539778115896,0,0
41,43680,0.0,0.0,0.7014127563060879,0,0
42,44720,0.0,0.0,0.8011200390854738,0,0
43,45760,0.0,0.0,0.9919609568656848,0,0
44,46800,0.0,0.0,0.9923836765549773,0,0
45,47840,0.0,0.0,0.7728290482362679,0,0
46,48880,0.0,0.0,0.8267620877356625,0,0
47,49920,0.0,0.0,0.8574676816238549,0,0
48,50960,0.0,0.0,0.9934706406865853,0,0
49,52000,0.0,0.0,0.7009180804352899,0,0
