t,bytes_sent,utility,pheromone,f1_val,agg_count,rollback
0,1040,0.0,0.0,0.3388336347197107,0,0
1,2080,0.0,0.0,0.4158660438240812,0,0
2,3120,0.0,0.0,0.14063745019920318,0,0
3,4160,0.0,0.0,0.14063745019920318,0,0
4,5200,0.0,0.0,0.14063745019920318,0,0
5,6240,0.0,0.0,0.14063745019920318,0,0
6,7280,0.0,0.0,0.14063745019920318,0,0
7,8320,0.0,0.0,0.14063745019920318,0,0
8,9360,0.0,0.0,0.14063745019920318,0,0
9,10400,0.0,0.0,0.3937905113986445,0,0
10,11440,0.0,0.0,0.4173869385094645,0,0
11,12480,0.0,0.0,0.4171583814486223,0,0
12,13520,0.0,0.0,0.3841793844163214,0,0
13,14560,0.0,0.0,0.384248842928766,0,0
14,15600,0.0,0.0,0.38297472002290556,0,0
15,16640,0.0,0.0,0.3751729775758019,0,0
16,17680,0.0,0.0,0.43435989079779436,0,0
17,18720,0.0,0.0,0.4522753457848769,0,0
18,19760,0.0,0.0,0.5448582985215537,0,0
19,20800,0.0,0.0,0.44799263045777177,0,0
20,21840,0.0,0.0,0.5327574158626074,0,0
21,22880,0.0,0.0,0.5590706662289614,0,0
22,23920,0.0,0.0,0.5804597041413055,0,0
23,24960,0.0,0.0,0.6461409824175045,0,0
24,26000,0.0,0.0,0.5716872490074535,0,0
25,27040,0.0,0.0,0.6295313700608518,0,0
26,28080,0.0,0.0,0.8325205009391462,0,0
27,29120,0.0,0.0,0.9351164762171662,0,0
28,30160,0.0,0.0,0.69228858168953,0,0
29,31200,0.0,0.0,0.919624118010639,0,0
30,32240,0.0,0.0,0.9539390715676693,0,0
31,33280,0.0,0.0,0.9653627645231642,0,0
32,34320,0.0,0.0,0.8443039938978836,0,0
33,35360,0.0,0.0,0.9136170166410004,0,0
34,36400,0.0,0.0,0.9353049605260112,0,0
35,37440,0.0,0.0,0.9832976214297299,0,0
36,38480,0.0,0.0,0.9357221011014322,0,0
37,39520,0.0,0.0,0.991816385127412,0,0
38,40560,0.0,0.0,0.9478418308230072,0,0
39,41600,0.0,0.0,0.9252993633056584,0,0
40,42640,0.0,0.0,0.9348592392783996,0,0
41,43680,0.0,0.0,0.9911589315578238,0,0
42,44720,0.0,0.0,0.9913780085923063,0,0
43,45760,0.0,0.0,0.9915971596878327,0,0
44,46800,0.0,0.0,0.9913780085923063,0,0
45,47840,0.0,0.0,0.9885102954031928,0,0
46,48880,0.0,0.0,0.9876376201924133,0,0
47,49920,0.0,0.0,0.9909399283017342,0,0
48,50960,0.0,0.0,0.8699801893550807,0,0
49,52000,0.0,0.0,0.9361135346565109,0,0
