t,bytes_sent,utility,pheromone,f1_val,agg_count,rollback
0,1040,0.0,0.0,0.05572213893053473,0,0
1,2080,0.0,0.0,0.3678419118550746,0,0
2,3120,0.0,0.0,0.36885443593379363,0,0
3,4160,0.0,0.0,0.4144804163005369,0,0
4,5200,0.0,0.0,0.14022662889518414,0,0
5,6240,0.0,0.0,0.14022662889518414,0,0
6,7280,0.0,0.0,0.14022662889518414,0,0
7,8320,0.0,0.0,0.14022662889518414,0,0
8,9360,0.0,0.0,0.14022662889518414,0,0
9,10400,0.0,0.0,0.14022662889518414,0,0
10,11440,0.0,0.0,0.41347593732764654,0,0
11,12480,0.0,0.0,0.37550706836246667,0,0
12,13520,0.0,0.0,0.37415023942379516,0,0
13,14560,0.0,0.0,0.3735809323270541,0,0
14,15600,0.0,0.0,0.3736134647306498,0,0
15,16640,0.0,0.0,0.37602203399658035,0,0
16,17680,0.0,0.0,0.6593653652441744,0,0
17,18720,0.0,0.0,0.6634678056986495,0,0
18,19760,0.0,0.0,0.6581895215723094,0,0
19,20800,0.0,0.0,0.6638470335732257,0,0
20,21840,0.0,0.0,0.6453425184745558,0,0
21,22880,0.0,0.0,0.6668180947018252,0,0
22,23920,0.0,0.0,0.6697282395920143,0,0
23,24960,0.0,0.0,0.9518149245865147,0,0
24,26000,0.0,0.0,0.6689122708750599,0,0
25,27040,0.0,0.0,0.6680390470347239,0,0
26,28080,0.0,0.0,0.9471896452453614,0,0
27,29120,0.0,0.0,0.9334379968016585,0,0
28,30160,0.0,0.0,0.957977238900535,0,0
29,31200,0.0,0.0,0.9583193841790069,0,0
30,32240,0.0,0.0,0.9400497568123665,0,0
31,33280,0.0,0.0,0.9406346265790128,0,0
32,34320,0.0,0.0,0.9211163323108359,0,0
33,35360,0.0,0.0,0.9411008075975693,0,0
34,36400,0.0,0.0,0.9402737179305104,0,0
35,37440,0.0,0.0,0.9397872158776195,0,0
36,38480,0.0,0.0,0.9397683296674154,0,0
37,39520,0.0,0.0,0.939045090703718,0,0
38,40560,0.0,0.0,0.9392218011518435,0,0
39,41600,0.0,0.0,0.9419745986379527,0,0
40,42640,0.0,0.0,0.9397683296674154,0,0
41,43680,0.0,0.0,0.9414801990005668,0,0
42,44720,0.0,0.0,0.9425210270547719,0,0
43,45760,0.0,0.0,0.9422798765422021,0,0
44,46800,0.0,0.0,0.9421366817839554,0,0
45,47840,0.0,0.0,0.9412211117015964,0,0
46,48880,0.0,0.0,0.927811582743494,0,0
47,49920,0.0,0.0,0.9407831598122487,0,0
48,50960,0.0,0.0,0.9428195185105569,0,0
49,52000,0.0,0.0,0.8608759585529344,0,0
