t,bytes_sent,utility,pheromone,f1_val,agg_count,rollback
0,1040,0.0,0.0,0.05525407005426739,0,0
1,2080,0.0,0.0,0.4168238028764671,0,0
2,3120,0.0,0.0,0.14226190476190476,0,0
3,4160,0.0,0.0,0.14226190476190476,0,0
4,5200,0.0,0.0,0.14226190476190476,0,0
5,6240,0.0,0.0,0.14226190476190476,0,0
6,7280,0.0,0.0,0.14226190476190476,0,0
7,8320,0.0,0.0,0.14226190476190476,0,0
8,9360,0.0,0.0,0.14226190476190476,0,0
9,10400,0.0,0.0,0.14226190476190476,0,0
10,11440,0.0,0.0,0.40362771968435873,0,0
11,12480,0.0,0.0,0.4177505557824055,0,0
12,13520,0.0,0.0,0.4177505557824055,0,0
13,14560,0.0,0.0,0.41750764008433106,0,0
14,15600,0.0,0.0,0.4091122108499231,0,0
15,16640,0.0,0.0,0.4176671856330787,0,0
16,17680,0.0,0.0,0.4175465518408786,0,0
17,18720,0.0,0.0,0.40429018159368896,0,0
18,19760,0.0,0.0,0.4176671856330787,0,0
19,20800,0.0,0.0,0.6683602357398702,0,0
20,21840,0.0,0.0,0.41770670426636225,0,0
21,22880,0.0,0.0,0.7010644289311239,0,0
22,23920,0.0,0.0,0.5730208659407668,0,0
23,24960,0.0,0.0,0.7008168588441903,0,0
24,26000,0.0,0.0,0.5616928744015999,0,0
25,27040,0.0,0.0,0.6639174144124755,0,0
26,28080,0.0,0.0,0.626335710044275,0,0
27,29120,0.0,0.0,0.7003213174339138,0,0
28,30160,0.0,0.0,0.41821999270693455,0,0
29,31200,0.0,0.0,0.7003213174339138,0,0
30,32240,0.0,0.0,0.5757063701326788,0,0
31,33280,0.0,0.0,0.700320598491359,0,0
32,34320,0.0,0.0,0.700320598491359,0,0
33,35360,0.0,0.0,0.6160402510832127,0,0
34,36400,0.0,0.0,0.42723135769958964,0,0
35,37440,0.0,0.0,0.6717376483751697,0,0
36,38480,0.0,0.0,0.6788221047235935,0,0
37,39520,0.0,0.0,0.7003213174339138,0,0
38,40560,0.0,0.0,0.5902211175407439,0,0
39,41600,0.0,0.0,0.700320598491359,0,0
40,42640,0.0,0.0,0.4279440778152948,0,0
41,43680,0.0,0.0,0.7003213174339138,0,0
42,44720,0.0,0.0,0.6246360185505117,0,0
43,45760,0.0,0.0,0.6717376483751697,0,0
44,46800,0.0,0.0,0.4444249671791533,0,0
45,47840,0.0,0.0,0.7004069097142683,0,0
46,48880,0.0,0.0,0.700320598491359,0,0
47,49920,0.0,0.0,0.7004938661094564,0,0
48,50960,0.0,0.0,0.47456058772320503,0,0
49,52000,0.0,0.0,0.9721667777280614,0,0
