t,bytes_sent,utility,pheromone,f1_val,agg_count,rollback
0,1040,0.0,0.0,0.10386473429951691,0,0
1,2080,0.0,0.0,0.14063745019920318,0,0
2,3120,0.0,0.0,0.14063745019920318,0,0
3,4160,0.0,0.0,0.14063745019920318,0,0
4,5200,0.0,0.0,0.14063745019920318,0,0
5,6240,0.0,0.0,0.14063745019920318,0,0
6,7280,0.0,0.0,0.14063745019920318,0,0
7,8320,0.0,0.0,0.14063745019920318,0,0
8,9360,0.0,0.0,0.14063745019920318,0,0
9,10400,0.0,0.0,0.41467924219943564,0,0
10,11440,0.0,0.0,0.41719231679200464,0,0
11,12480,0.0,0.0,0.4171583814486223,0,0
12,13520,0.0,0.0,0.384559781657407,0,0
13,14560,0.0,0.0,0.3926971185078681,0,0
14,15600,0.0,0.0,0.43715056461114343,0,0
15,16640,0.0,0.0,0.37535991996404716,0,0
16,17680,0.0,0.0,0.40867185244162574,0,0
17,18720,0.0,0.0,0.5426403279194436,0,0
18,19760,0.0,0.0,0.4485652947284396,0,0
19,20800,0.0,0.0,0.4889582252998383,0,0
20,21840,0.0,0.0,0.5582861740650868,0,0
21,22880,0.0,0.0,0.5608638276416668,0,0
22,23920,0.0,0.0,0.7616977247073433,0,0
23,24960,0.0,0.0,0.8297840866546012,0,0
24,26000,0.0,0.0,0.9398901388893809,0,0
25,27040,0.0,0.0,0.8198196101460911,0,0
26,28080,0.0,0.0,0.9342373686016667,0,0
27,29120,0.0,0.0,0.9766342995469146,0,0
28,30160,0.0,0.0,0.9482854833516126,0,0
29,31200,0.0,0.0,0.9878114882547547,0,0
30,32240,0.0,0.0,0.8596065512828084,0,0
31,33280,0.0,0.0,0.8323749322730292,0,0
32,34320,0.0,0.0,0.9283989585462659,0,0
33,35360,0.0,0.0,0.9005888618329044,0,0
34,36400,0.0,0.0,0.991300308357612,0,0
35,37440,0.0,0.0,0.9919308956420934,0,0
36,38480,0.0,0.0,0.9390250788374226,0,0
37,39520,0.0,0.0,0.9705957143914303,0,0
38,40560,0.0,0.0,0.9865048271223666,0,0
39,41600,0.0,0.0,0.8946987370667843,0,0
40,42640,0.0,0.0,0.8879173661261903,0,0
41,43680,0.0,0.0,0.9899741980280184,0,0
42,44720,0.0,0.0,0.9362835562390941,0,0
43,45760,0.0,0.0,0.8671347960923637,0,0
44,46800,0.0,0.0,0.9242441702100697,0,0
45,47840,0.0,0.0,0.981100880291644,0,0
46,48880,0.0,0.0,0.9910891880047963,0,0
47,49920,0.0,0.0,0.9394596804693567,0,0
48,50960,0.0,0.0,0.9011409819952817,0,0
49,52000,0.0,0.0,0.9920005208538771,0,0
