t,bytes_sent,utility,pheromone,f1_val,agg_count,rollback
0,1040,0.0,0.0,0.14094896331738438,0,0
1,2080,0.0,0.0,0.14094896331738438,0,0
2,3120,0.0,0.0,0.14094896331738438,0,0
3,4160,0.0,0.0,0.14094896331738438,0,0
4,5200,0.0,0.0,0.14094896331738438,0,0
5,6240,0.0,0.0,0.14094896331738438,0,0
6,7280,0.0,0.0,0.14094896331738438,0,0
7,8320,0.0,0.0,0.14094896331738438,0,0
8,9360,0.0,0.0,0.14094896331738438,0,0
9,10400,0.0,0.0,0.14094896331738438,0,0
10,11440,0.0,0.0,0.38632005287300036,0,0
11,12480,0.0,0.0,0.39202413421260673,0,0
12,13520,0.0,0.0,0.35779063959994184,0,0
13,14560,0.0,0.0,0.35745108209496956,0,0
14,15600,0.0,0.0,0.3546806803036721,0,0
15,16640,0.0,0.0,0.35827765229011443,0,0
16,17680,0.0,0.0,0.35229538205016675,0,0
17,18720,0.0,0.0,0.3550527231255456,0,0
18,19760,0.0,0.0,0.3938619829092881,0,0
19,20800,0.0,0.0,0.39392586111476613,0,0
20,21840,0.0,0.0,0.39330513590517346,0,0
21,22880,0.0,0.0,0.46359641502839644,0,0
22,23920,0.0,0.0,0.3936997317521427,0,0
23,24960,0.0,0.0,0.39214846954493165,0,0
24,26000,0.0,0.0,0.4270730470024652,0,0
25,27040,0.0,0.0,0.41142385080546007,0,0
26,28080,0.0,0.0,0.393416279710212,0,0
27,29120,0.0,0.0,0.41678046436479554,0,0
28,30160,0.0,0.0,0.3835077143958052,0,0
29,31200,0.0,0.0,0.37179503981225015,0,0
30,32240,0.0,0.0,0.39993132136425696,0,0
31,33280,0.0,0.0,0.3664248761287866,0,0
32,34320,0.0,0.0,0.37653149111185935,0,0
33,35360,0.0,0.0,0.6599723974204297,0,0
34,36400,0.0,0.0,0.37941542151934077,0,0
35,37440,0.0,0.0,0.5242852990070505,0,0
36,38480,0.0,0.0,0.6778837933182777,0,0
37,39520,0.0,0.0,0.689285916161313,0,0
38,40560,0.0,0.0,0.6993884581753005,0,0
39,41600,0.0,0.0,0.6709544791220632,0,0
40,42640,0.0,0.0,0.6757401686001305,0,0
41,43680,0.0,0.0,0.8794645459942281,0,0
42,44720,0.0,0.0,0.673138355339318,0,0
43,45760,0.0,0.0,0.7240710171607307,0,0
44,46800,0.0,0.0,0.6900022152124435,0,0
45,47840,0.0,0.0,0.6936753315663367,0,0
46,48880,0.0,0.0,0.672181789807446,0,0
47,49920,0.0,0.0,0.6767179741553931,0,0
48,50960,0.0,0.0,0.649523025561934,0,0
49,52000,0.0,0.0,0.6813072204852862,0,0
