t,bytes_sent,utility,pheromone,f1_val,agg_count,rollback
0,1040,0.0,0.0,0.14205682272909165,0,0
1,2080,0.0,0.0,0.14205682272909165,0,0
2,3120,0.0,0.0,0.14205682272909165,0,0
3,4160,0.0,0.0,0.14205682272909165,0,0
4,5200,0.0,0.0,0.14205682272909165,0,0
5,6240,0.0,0.0,0.14205682272909165,0,0
6,7280,0.0,0.0,0.14205682272909165,0,0
7,8320,0.0,0.0,0.14205682272909165,0,0
8,9360,0.0,0.0,0.14205682272909165,0,0
9,10400,0.0,0.0,0.14205682272909165,0,0
10,11440,0.0,0.0,0.14205682272909165,0,0
11,12480,0.0,0.0,0.14205682272909165,0,0
12,13520,0.0,0.0,0.4168747328879592,0,0
13,14560,0.0,0.0,0.41703542715461484,0,0
14,15600,0.0,0.0,0.41703542715461484,0,0
15,16640,0.0,0.0,0.6470463391953233,0,0
16,17680,0.0,0.0,0.6658420832434622,0,0
17,18720,0.0,0.0,0.47198311189350306,0,0
18,19760,0.0,0.0,0.5671951482388453,0,0
19,20800,0.0,0.0,0.660514583089842,0,0
20,21840,0.0,0.0,0.4099004593132386,0,0
21,22880,0.0,0.0,0.529608119396409,0,0
22,23920,0.0,0.0,0.3950048554245613,0,0
23,24960,0.0,0.0,0.6699444695403207,0,0
24,26000,0.0,0.0,0.408384702207566,0,0
25,27040,0.0,0.0,0.4911101520800535,0,0
26,28080,0.0,0.0,0.6740107881242041,0,0
27,29120,0.0,0.0,0.4304431551101621,0,0
28,30160,0.0,0.0,0.5371948845216996,0,0
29,31200,0.0,0.0,0.6592986039210147,0,0
30,32240,0.0,0.0,0.6056136911874006,0,0
31,33280,0.0,0.0,0.4328632473279209,0,0
32,34320,0.0,0.0,0.5651290739376087,0,0
33,35360,0.0,0.0,0.6790664793771416,0,0
34,36400,0.0,0.0,0.42721642612803107,0,0
35,37440,0.0,0.0,0.6835940676427605,0,0
36,38480,0.0,0.0,0.4090586145295758,0,0
37,39520,0.0,0.0,0.6398308517423057,0,0
38,40560,0.0,0.0,0.611105509795143,0,0
39,41600,0.0,0.0,0.6399346507651399,0,0
40,42640,0.0,0.0,0.5726108525327955,0,0
41,43680,0.0,0.0,0.6172840075920544,0,0
42,44720,0.0,0.0,0.5684999618110954,0,0
43,45760,0.0,0.0,0.5727216277217954,0,0
44,46800,0.0,0.0,0.6447697070614978,0,0
45,47840,0.0,0.0,0.6165389067527102,0,0
46,48880,0.0,0.0,0.6093763921099373,0,0
47,49920,0.0,0.0,0.6753905670812737,0,0
48,50960,0.0,0.0,0.6089480609886089,0,0
49,52000,0.0,0.0,0.6048232483047127,0,0
