t,bytes_sent,utility,pheromone,f1_val,agg_count,rollback
0,1040,0.0,0.0,0.12398784681063776,0,0
1,2080,0.0,0.0,0.13995598239295717,0,0
2,3120,0.0,0.0,0.13995598239295717,0,0
3,4160,0.0,0.0,0.13995598239295717,0,0
4,5200,0.0,0.0,0.13995598239295717,0,0
5,6240,0.0,0.0,0.13995598239295717,0,0
6,7280,0.0,0.0,0.13995598239295717,0,0
7,8320,0.0,0.0,0.13995598239295717,0,0
8,9360,0.0,0.0,0.13995598239295717,0,0
9,10400,0.0,0.0,0.7153847848112418,0,0
10,11440,0.0,0.0,0.37306606018310795,0,0
11,12480,0.0,0.0,0.3728657005221765,0,0
12,13520,0.0,0.0,0.4068193991142943,0,0
13,14560,0.0,0.0,0.3729322731464855,0,0
14,15600,0.0,0.0,0.37306554171580314,0,0
15,16640,0.0,0.0,0.4065688750652854,0,0
16,17680,0.0,0.0,0.3728649953480749,0,0
17,18720,0.0,0.0,0.4061683661098829,0,0
18,19760,0.0,0.0,0.4064790495628123,0,0
19,20800,0.0,0.0,0.6475127203306507,0,0
20,21840,0.0,0.0,0.7139540394217572,0,0
21,22880,0.0,0.0,0.7011506828958344,0,0
22,23920,0.0,0.0,0.701432261124125,0,0
23,24960,0.0,0.0,0.7142403782594613,0,0
24,26000,0.0,0.0,0.7011901646574596,0,0
25,27040,0.0,0.0,0.8909320583941029,0,0
26,28080,0.0,0.0,0.995952713172028,0,0
27,29120,0.0,0.0,0.7400583087652113,0,0
28,30160,0.0,0.0,0.9625094792832387,0,0
29,31200,0.0,0.0,0.9967901605898053,0,0
30,32240,0.0,0.0,0.9966398743144329,0,0
31,33280,0.0,0.0,0.9966398743144329,0,0
32,34320,0.0,0.0,0.9964900410640029,0,0
33,35360,0.0,0.0,0.9966398743144329,0,0
34,36400,0.0,0.0,0.9966398743144329,0,0
35,37440,0.0,0.0,0.9964900410640029,0,0
36,38480,0.0,0.0,0.9969266193258074,0,0
37,39520,0.0,0.0,0.9964900410640029,0,0
38,40560,0.0,0.0,0.9947983930821034,0,0
39,41600,0.0,0.0,0.9946523328827459,0,0
40,42640,0.0,0.0,0.9857869999146451,0,0
41,43680,0.0,0.0,0.9386309047445038,0,0
42,44720,0.0,0.0,0.9964900410640029,0,0
43,45760,0.0,0.0,0.9964900410640029,0,0
44,46800,0.0,0.0,0.9929679663698754,0,0
45,47840,0.0,0.0,0.9944886630008463,0,0
46,48880,0.0,0.0,0.9946459649293765,0,0
47,49920,0.0,0.0,0.9942851599023415,0,0
48,50960,0.0,0.0,0.9950136499820015,0,0
49,52000,0.0,0.0,0.9940655331089189,0,0
