t,bytes_sent,utility,pheromone,f1_val,agg_count,rollback
0,4160,0.0,0.0,0.33293489521077374,0,0
1,8320,0.0,0.0,0.33301496338745623,0,0
2,12480,0.0,0.0,0.33238004448681285,0,0
3,16640,0.0,0.0,0.31704175191331363,0,0
4,20800,0.0,0.0,0.3089647024073254,0,0
5,24960,0.0,0.0,0.30122390208783295,0,0
6,29120,0.0,0.0,0.2962962962962963,0,0
7,33280,0.0,0.0,0.29262833962791995,0,0
8,37440,0.0,0.0,0.28857162562935373,0,0
9,41600,0.0,0.0,0.28532460447354063,0,0
10,45760,0.0,0.0,0.28186472648881705,0,0
11,49920,0.0,0.0,0.27754560530679934,0,0
12,54080,0.0,0.0,0.27519073927913706,0,0
13,58240,0.0,0.0,0.27266210492016946,0,0
14,62400,0.0,0.0,0.26986584107327144,0,0
15,66560,0.0,0.0,0.26856666024776943,0,0
16,70720,0.0,0.0,0.26743368488334934,0,0
17,74880,0.0,0.0,0.26590403558945025,0,0
18,79040,0.0,0.0,0.2655496318862655,0,0
19,83200,0.0,0.0,0.2648436510950753,0,0
20,87360,0.0,0.0,0.2643416729845843,0,0
21,91520,0.0,0.0,0.2633931381806736,0,0
22,95680,0.0,0.0,0.260831618976373,0,0
23,99840,0.0,0.0,0.2591353895701722,0,0
24,104000,0.0,0.0,0.25865479723046486,0,0
25,108160,0.0,0.0,0.2583194418719516,0,0
26,112320,0.0,0.0,0.25793724184698846,0,0
27,116480,0.0,0.0,0.2572711061919695,0,0
28,120640,0.0,0.0,0.25689199975440535,0,0
29,124800,0.0,0.0,0.2563725490196079,0,0
30,128960,0.0,0.0,0.2560900967070633,0,0
31,133120,0.0,0.0,0.2558082660797261,0,0
32,137280,0.0,0.0,0.25533992432564384,0,0
33,141440,0.0,0.0,0.25501310416285733,0,0
34,145600,0.0,0.0,0.2547801729387407,0,0
35,149760,0.0,0.0,0.25533992432564384,0,0
36,153920,0.0,0.0,0.25533992432564384,0,0
37,158080,0.0,0.0,0.25571446033492234,0,0
38,162240,0.0,0.0,0.25562072336265884,0,0
39,166400,0.0,0.0,0.2555270550873336,0,0
40,170560,0.0,0.0,0.25482672513551374,0,0
41,174720,0.0,0.0,0.2546871195519844,0,0
42,178880,0.0,0.0,0.2545941341122064,0,0
43,183040,0.0,0.0,0.2545012165450122,0,0
44,187200,0.0,0.0,0.25436196729284455,0,0
45,191360,0.0,0.0,0.2541765384849037,0,0
46,195520,0.0,0.0,0.2538989016323806,0,0
47,199680,0.0,0.0,0.25371414711054513,0,0
48,203840,0.0,0.0,0.253437518929069,0,0
49,208000,0.0,0.0,0.2531155474894132,0,0
