t,bytes_sent,utility,pheromone,f1_val,agg_count,rollback
0,4160,0.0,0.0,0.287924655230407,0,0
1,8320,0.0,0.0,0.29779539606370403,0,0
2,12480,0.0,0.0,0.27099550661350547,0,0
3,16640,0.0,0.0,0.28036404111831337,0,0
4,20800,0.0,0.0,0.2971753765007981,0,0
5,24960,0.0,0.0,0.28852503200592955,0,0
6,29120,0.0,0.0,0.28342599947047925,0,0
7,33280,0.0,0.0,0.2811925400577883,0,0
8,37440,0.0,0.0,0.28047422545359274,0,0
9,41600,0.0,0.0,0.2851245172459715,0,0
10,45760,0.0,0.0,0.2941580756013746,0,0
11,49920,0.0,0.0,0.3014296781463483,0,0
12,54080,0.0,0.0,0.30438802361140743,0,0
13,58240,0.0,0.0,0.30174844895657077,0,0
14,62400,0.0,0.0,0.30270881957705637,0,0
15,66560,0.0,0.0,0.3041284729624103,0,0
16,70720,0.0,0.0,0.3045829775120979,0,0
17,74880,0.0,0.0,0.3084684684684685,0,0
18,79040,0.0,0.0,0.3084017870010088,0,0
19,83200,0.0,0.0,0.3029016277423921,0,0
20,87360,0.0,0.0,0.299782867549205,0,0
21,91520,0.0,0.0,0.29871580122836405,0,0
22,95680,0.0,0.0,0.2972841564214767,0,0
23,99840,0.0,0.0,0.29537612146307796,0,0
24,104000,0.0,0.0,0.29175187457396046,0,0
25,108160,0.0,0.0,0.29009082282770776,0,0
26,112320,0.0,0.0,0.28809908454496497,0,0
27,116480,0.0,0.0,0.2870556673373575,0,0
28,120640,0.0,0.0,0.28613450996122475,0,0
29,124800,0.0,0.0,0.2856761447069817,0,0
30,128960,0.0,0.0,0.28556178275954097,0,0
31,133120,0.0,0.0,0.28539041141561644,0,0
32,137280,0.0,0.0,0.2856761447069817,0,0
33,141440,0.0,0.0,0.2861919090605149,0,0
34,145600,0.0,0.0,0.28573336003738564,0,0
35,149760,0.0,0.0,0.28504828504828505,0,0
36,153920,0.0,0.0,0.282788239180707,0,0
37,158080,0.0,0.0,0.2817272248551869,0,0
38,162240,0.0,0.0,0.28083989501312334,0,0
39,166400,0.0,0.0,0.28045344341786255,0,0
40,170560,0.0,0.0,0.280398322851153,0,0
41,174720,0.0,0.0,0.28041912246234446,0,0
42,178880,0.0,0.0,0.28041912246234446,0,0
43,183040,0.0,0.0,0.28041912246234446,0,0
44,187200,0.0,0.0,0.28041912246234446,0,0
45,191360,0.0,0.0,0.28041912246234446,0,0
46,195520,0.0,0.0,0.28041912246234446,0,0
47,199680,0.0,0.0,0.28041912246234446,0,0
48,203840,0.0,0.0,0.28041912246234446,0,0
49,208000,0.0,0.0,0.28041912246234446,0,0
