t,bytes_sent,utility,pheromone,f1_val,agg_count,rollback
0,4160,0.0,0.0,0.09022435897435897,0,0
1,8320,0.0,0.0,0.12542296413264156,0,0
2,12480,0.0,0.0,0.14317868293037103,0,0
3,16640,0.0,0.0,0.1414626075446724,0,0
4,20800,0.0,0.0,0.14492753623188406,0,0
5,24960,0.0,0.0,0.14492753623188406,0,0
6,29120,0.0,0.0,0.14285714285714285,0,0
7,33280,0.0,0.0,0.14282594452937322,0,0
8,37440,0.0,0.0,0.14572028073221907,0,0
9,41600,0.0,0.0,0.14843581445523193,0,0
10,45760,0.0,0.0,0.15154764457788264,0,0
11,49920,0.0,0.0,0.15632965165675447,0,0
12,54080,0.0,0.0,0.15643802647412755,0,0
13,58240,0.0,0.0,0.15640481245576787,0,0
14,62400,0.0,0.0,0.1936245572609209,0,0
15,66560,0.0,0.0,0.0,0,0
16,70720,0.0,0.0,0.1445241719214322,0,0
17,74880,0.0,0.0,0.178247324935663,0,0
18,79040,0.0,0.0,0.16165861175316945,0,0
19,83200,0.0,0.0,0.16250611845325502,0,0
20,87360,0.0,0.0,0.18159806295399517,0,0
21,91520,0.0,0.0,0.19246696903963714,0,0
22,95680,0.0,0.0,0.19627021387584767,0,0
23,99840,0.0,0.0,0.20217629257613803,0,0
24,104000,0.0,0.0,0.2059142875391199,0,0
25,108160,0.0,0.0,0.20626715170081053,0,0
26,112320,0.0,0.0,0.2065314453374155,0,0
27,116480,0.0,0.0,0.20749793138565334,0,0
28,120640,0.0,0.0,0.2087221481622548,0,0
29,124800,0.0,0.0,0.20993985438429882,0,0
30,128960,0.0,0.0,0.21304156448468844,0,0
31,133120,0.0,0.0,0.21466165413533833,0,0
32,137280,0.0,0.0,0.21500125219133484,0,0
33,141440,0.0,0.0,0.21567891972993247,0,0
34,145600,0.0,0.0,0.21627021289879503,0,0
35,149760,0.0,0.0,0.21660739908915091,0,0
36,153920,0.0,0.0,0.21702817252555473,0,0
37,158080,0.0,0.0,0.21769977595220313,0,0
38,162240,0.0,0.0,0.21878686285465945,0,0
39,166400,0.0,0.0,0.22078002348723655,0,0
40,170560,0.0,0.0,0.2220989708510507,0,0
41,174720,0.0,0.0,0.22446978055657718,0,0
42,178880,0.0,0.0,0.22568616663610244,0,0
43,183040,0.0,0.0,0.22769867348180603,0,0
44,187200,0.0,0.0,0.22937503788567618,0,0
45,191360,0.0,0.0,0.23008956669087388,0,0
46,195520,0.0,0.0,0.23111755116826663,0,0
47,199680,0.0,0.0,0.23261131167268354,0,0
48,203840,0.0,0.0,0.23440589609922702,0,0
49,208000,0.0,0.0,0.23572281959378735,0,0
