t,bytes_sent,utility,pheromone,f1_val,agg_count,rollback
0,1040,0.0,0.0,0.6511073550164177,0,0
1,2080,0.0,0.0,0.5999818702574382,0,0
2,3120,0.0,0.0,0.6449751949871073,0,0
3,4160,0.0,0.0,0.6472693110129784,0,0
4,5200,0.0,0.0,0.6437131185112273,0,0
5,6240,0.0,0.0,0.6398942050350083,0,0
6,7280,0.0,0.0,0.8471675415768614,0,0
7,8320,0.0,0.0,0.8505923334080641,0,0
8,9360,0.0,0.0,0.8427392091601924,0,0
9,10400,0.0,0.0,0.848111994805258,0,0
10,11440,0.0,0.0,0.8811566129614633,0,0
11,12480,0.0,0.0,0.8809024758102695,0,0
12,13520,0.0,0.0,0.8714769810096226,0,0
13,14560,0.0,0.0,0.8487391556574402,0,0
14,15600,0.0,0.0,0.9151665747545955,0,0
15,16640,0.0,0.0,0.9016979515118859,0,0
16,17680,0.0,0.0,0.907244248145375,0,0
17,18720,0.0,0.0,0.9075328087798759,0,0
18,19760,0.0,0.0,0.8463660091517048,0,0
19,20800,0.0,0.0,0.875988656773777,0,0
20,21840,0.0,0.0,0.9072488963867952,0,0
21,22880,0.0,0.0,0.8826963718709435,0,0
22,23920,0.0,0.0,0.8571594475723152,0,0
23,24960,0.0,0.0,0.9067140595958516,0,0
24,26000,0.0,0.0,0.9075438811981735,0,0
25,27040,0.0,0.0,0.903761778631985,0,0
26,28080,0.0,0.0,0.853319457135866,0,0
27,29120,0.0,0.0,0.9053070603937444,0,0
28,30160,0.0,0.0,0.848785043791126,0,0
29,31200,0.0,0.0,0.8215445176519847,0,0
30,32240,0.0,0.0,0.9069970773515703,0,0
31,33280,0.0,0.0,0.90753761293365,0,0
32,34320,0.0,0.0,0.9075588149992181,0,0
33,35360,0.0,0.0,0.905610056848095,0,0
34,36400,0.0,0.0,0.9050641076247291,0,0
35,37440,0.0,0.0,0.891976002292079,0,0
36,38480,0.0,0.0,0.8847374508046267,0,0
37,39520,0.0,0.0,0.8853108385104571,0,0
38,40560,0.0,0.0,0.8896580716635428,0,0
39,41600,0.0,0.0,0.8435132364268518,0,0
40,42640,0.0,0.0,0.8837850803919414,0,0
41,43680,0.0,0.0,0.8657305489678349,0,0
42,44720,0.0,0.0,0.8774341505968396,0,0
43,45760,0.0,0.0,0.35637223714408806,0,0
44,46800,0.0,0.0,0.8204206518934889,0,0
45,47840,0.0,0.0,0.8769723227782488,0,0
46,48880,0.0,0.0,0.833049068238308,0,0
47,49920,0.0,0.0,0.8762432768981002,0,0
48,50960,0.0,0.0,0.8762432768981002,0,0
49,52000,0.0,0.0,0.8380763453548568,0,0
