t,bytes_sent,utility,pheromone,f1_val,agg_count,rollback
0,1040,0.0,0.0,0.14094896331738438,0,0
1,2080,0.0,0.0,0.14094896331738438,0,0
2,3120,0.0,0.0,0.14094896331738438,0,0
3,4160,0.0,0.0,0.14094896331738438,0,0
4,5200,0.0,0.0,0.14094896331738438,0,0
5,6240,0.0,0.0,0.14094896331738438,0,0
6,7280,0.0,0.0,0.14094896331738438,0,0
7,8320,0.0,0.0,0.14094896331738438,0,0
8,9360,0.0,0.0,0.14094896331738438,0,0
9,10400,0.0,0.0,0.14094896331738438,0,0
10,11440,0.0,0.0,0.3909252655480882,0,0
11,12480,0.0,0.0,0.39138738192265743,0,0
12,13520,0.0,0.0,0.3905199280891525,0,0
13,14560,0.0,0.0,0.3544671060177431,0,0
14,15600,0.0,0.0,0.3529369806152728,0,0
15,16640,0.0,0.0,0.3584784014464075,0,0
16,17680,0.0,0.0,0.3818495490254745,0,0
17,18720,0.0,0.0,0.3896105764397706,0,0
18,19760,0.0,0.0,0.39065562002599663,0,0
19,20800,0.0,0.0,0.391068232910344,0,0
20,21840,0.0,0.0,0.3925989247363454,0,0
21,22880,0.0,0.0,0.6105736584448718,0,0
22,23920,0.0,0.0,0.3844986333642406,0,0
23,24960,0.0,0.0,0.36863032561123926,0,0
24,26000,0.0,0.0,0.3524857748951974,0,0
25,27040,0.0,0.0,0.35262278616445103,0,0
26,28080,0.0,0.0,0.5196180807421604,0,0
27,29120,0.0,0.0,0.3935542215244857,0,0
28,30160,0.0,0.0,0.5855981047928996,0,0
29,31200,0.0,0.0,0.3747200492139352,0,0
30,32240,0.0,0.0,0.3678742952227414,0,0
31,33280,0.0,0.0,0.6398151924094859,0,0
32,34320,0.0,0.0,0.3684935189887111,0,0
33,35360,0.0,0.0,0.3737632329916485,0,0
34,36400,0.0,0.0,0.3850812561579977,0,0
35,37440,0.0,0.0,0.3761143248911937,0,0
36,38480,0.0,0.0,0.46050055927660094,0,0
37,39520,0.0,0.0,0.44057730993979904,0,0
38,40560,0.0,0.0,0.3847197770477618,0,0
39,41600,0.0,0.0,0.4893429967932301,0,0
40,42640,0.0,0.0,0.3860390208091501,0,0
41,43680,0.0,0.0,0.44451130757351376,0,0
42,44720,0.0,0.0,0.3915514245297367,0,0
43,45760,0.0,0.0,0.39526472727681006,0,0
44,46800,0.0,0.0,0.4080529901338408,0,0
45,47840,0.0,0.0,0.3931745352177284,0,0
46,48880,0.0,0.0,0.8457848507425515,0,0
47,49920,0.0,0.0,0.5898673702544341,0,0
48,50960,0.0,0.0,0.848165446185685,0,0
49,52000,0.0,0.0,0.6725928433169307,0,0
