t,bytes_sent,utility,pheromone,f1_val,agg_count,rollback
0,1040,0.0,0.0,0.8396601394035579,0,0
1,2080,0.0,0.0,0.8457884938311716,0,0
2,3120,0.0,0.0,0.9862890039232681,0,0
3,4160,0.0,0.0,0.7956185212579397,0,0
4,5200,0.0,0.0,0.6693732436329456,0,0
5,6240,0.0,0.0,0.9530447079325727,0,0
6,7280,0.0,0.0,0.8254843467184396,0,0
7,8320,0.0,0.0,0.8390234964173469,0,0
8,9360,0.0,0.0,0.6419676110059273,0,0
9,10400,0.0,0.0,0.817984411027502,0,0
10,11440,0.0,0.0,0.8321464080789756,0,0
11,12480,0.0,0.0,0.9330152469171709,0,0
12,13520,0.0,0.0,0.9527542077465279,0,0
13,14560,0.0,0.0,0.9565242348295155,0,0
14,15600,0.0,0.0,0.9851724836795347,0,0
15,16640,0.0,0.0,0.9712612398384293,0,0
16,17680,0.0,0.0,0.9817269347556832,0,0
17,18720,0.0,0.0,0.9771074059468956,0,0
18,19760,0.0,0.0,0.9661757463888868,0,0
19,20800,0.0,0.0,0.9673465100601031,0,0
20,21840,0.0,0.0,0.9678412028811051,0,0
21,22880,0.0,0.0,0.965668721041467,0,0
22,23920,0.0,0.0,0.9629746267453616,0,0
23,24960,0.0,0.0,0.9600923092462225,0,0
24,26000,0.0,0.0,0.9617381238544336,0,0
25,27040,0.0,0.0,0.9552639599285947,0,0
26,28080,0.0,0.0,0.9583061441027192,0,0
27,29120,0.0,0.0,0.9603222397572024,0,0
28,30160,0.0,0.0,0.9573513620953665,0,0
29,31200,0.0,0.0,0.9572630360663582,0,0
30,32240,0.0,0.0,0.957164313259557,0,0
31,33280,0.0,0.0,0.9594747160259327,0,0
32,34320,0.0,0.0,0.9611283804790053,0,0
33,35360,0.0,0.0,0.9637618247389843,0,0
34,36400,0.0,0.0,0.9627000240960075,0,0
35,37440,0.0,0.0,0.9555009601987159,0,0
36,38480,0.0,0.0,0.9650617851048678,0,0
37,39520,0.0,0.0,0.9681381727241678,0,0
38,40560,0.0,0.0,0.9702687433482278,0,0
39,41600,0.0,0.0,0.9715241141487154,0,0
40,42640,0.0,0.0,0.9676054610328326,0,0
41,43680,0.0,0.0,0.9715241141487154,0,0
42,44720,0.0,0.0,0.9685022612453171,0,0
43,45760,0.0,0.0,0.9715241141487154,0,0
44,46800,0.0,0.0,0.9712298186942991,0,0
45,47840,0.0,0.0,0.9707505589358983,0,0
46,48880,0.0,0.0,0.9718781413044147,0,0
47,49920,0.0,0.0,0.9715241141487154,0,0
48,50960,0.0,0.0,0.9711376451604308,0,0
49,52000,0.0,0.0,0.9700518500969133,0,0
