t,bytes_sent,utility,pheromone,f1_val,agg_count,rollback
0,4160,0.0,0.0,0.14063745019920318,0,0
1,8320,0.0,0.0,0.14063745019920318,0,0
2,12480,0.0,0.0,0.14063745019920318,0,0
3,16640,0.0,0.0,0.14063745019920318,0,0
4,20800,0.0,0.0,0.14063745019920318,0,0
5,24960,0.0,0.0,0.14063745019920318,0,0
6,29120,0.0,0.0,0.14063745019920318,0,0
7,33280,0.0,0.0,0.14063745019920318,0,0
8,37440,0.0,0.0,0.14063745019920318,0,0
9,41600,0.0,0.0,0.14063745019920318,0,0
10,45760,0.0,0.0,0.4156626648174509,0,0
11,49920,0.0,0.0,0.41719231679200464,0,0
12,54080,0.0,0.0,0.4171583814486223,0,0
13,58240,0.0,0.0,0.39201328932407187,0,0
14,62400,0.0,0.0,0.3988338430902234,0,0
15,66560,0.0,0.0,0.3462045745099915,0,0
16,70720,0.0,0.0,0.3964544923476877,0,0
17,74880,0.0,0.0,0.4406456071139029,0,0
18,79040,0.0,0.0,0.4345987740687337,0,0
19,83200,0.0,0.0,0.5496980618246289,0,0
20,87360,0.0,0.0,0.5926262107019054,0,0
21,91520,0.0,0.0,0.5687759549970303,0,0
22,95680,0.0,0.0,0.7969909849548824,0,0
23,99840,0.0,0.0,0.864690112813052,0,0
24,104000,0.0,0.0,0.8542708726498696,0,0
25,108160,0.0,0.0,0.9415267335597877,0,0
26,112320,0.0,0.0,0.8388442923773578,0,0
27,116480,0.0,0.0,0.8703655334217856,0,0
28,120640,0.0,0.0,0.9324902775397222,0,0
29,124800,0.0,0.0,0.8556454805788436,0,0
30,128960,0.0,0.0,0.8517808791050351,0,0
31,133120,0.0,0.0,0.8922232356039472,0,0
32,137280,0.0,0.0,0.930567395474898,0,0
33,141440,0.0,0.0,0.845174042093248,0,0
34,145600,0.0,0.0,0.8656435670834166,0,0
35,149760,0.0,0.0,0.988822461396083,0,0
36,153920,0.0,0.0,0.9902960933000571,0,0
37,158080,0.0,0.0,0.9345032627532697,0,0
38,162240,0.0,0.0,0.8524084664733266,0,0
39,166400,0.0,0.0,0.9196839494883575,0,0
40,170560,0.0,0.0,0.8917682741940814,0,0
41,174720,0.0,0.0,0.9843381269926511,0,0
42,178880,0.0,0.0,0.824383884554887,0,0
43,183040,0.0,0.0,0.8475744057508144,0,0
44,187200,0.0,0.0,0.8451405180897451,0,0
45,191360,0.0,0.0,0.9888263645832576,0,0
46,195520,0.0,0.0,0.9336780502175027,0,0
47,199680,0.0,0.0,0.8739029209984743,0,0
48,203840,0.0,0.0,0.972866750205384,0,0
49,208000,0.0,0.0,0.9914292447070242,0,0
