t,bytes_sent,utility,pheromone,f1_val,agg_count,rollback
0,4160,0.0,0.0,0.5032622186884667,0,0
1,8320,0.0,0.0,0.37924989058143876,0,0
2,12480,0.0,0.0,0.6112893922685028,0,0
3,16640,0.0,0.0,0.6396455987186498,0,0
4,20800,0.0,0.0,0.6123032125767285,0,0
5,24960,0.0,0.0,0.589905544604443,0,0
6,29120,0.0,0.0,0.6639086440367742,0,0
7,33280,0.0,0.0,0.7976053890311955,0,0
8,37440,0.0,0.0,0.7564155803606591,0,0
9,41600,0.0,0.0,0.8868689118037817,0,0
10,45760,0.0,0.0,0.881821465193913,0,0
11,49920,0.0,0.0,0.8779224294345762,0,0
12,54080,0.0,0.0,0.8758551013933265,0,0
13,58240,0.0,0.0,0.8606578897827277,0,0
14,62400,0.0,0.0,0.8436642215652946,0,0
15,66560,0.0,0.0,0.8375120799919513,0,0
16,70720,0.0,0.0,0.8802754515187416,0,0
17,74880,0.0,0.0,0.8789074155095365,0,0
18,79040,0.0,0.0,0.87779269894068,0,0
19,83200,0.0,0.0,0.8712179536598283,0,0
20,87360,0.0,0.0,0.8173195827826728,0,0
21,91520,0.0,0.0,0.8217423003066736,0,0
22,95680,0.0,0.0,0.8221663560218961,0,0
23,99840,0.0,0.0,0.8813788796819977,0,0
24,104000,0.0,0.0,0.8606036625031621,0,0
25,108160,0.0,0.0,0.890728401747557,0,0
26,112320,0.0,0.0,0.8926289445493893,0,0
27,116480,0.0,0.0,0.8915054899267303,0,0
28,120640,0.0,0.0,0.8898135654438046,0,0
29,124800,0.0,0.0,0.8901005942148963,0,0
30,128960,0.0,0.0,0.8898431092961236,0,0
31,133120,0.0,0.0,0.8608013897089178,0,0
32,137280,0.0,0.0,0.8893285246802518,0,0
33,141440,0.0,0.0,0.8876387946879741,0,0
34,145600,0.0,0.0,0.8839351208440787,0,0
35,149760,0.0,0.0,0.8588701986961291,0,0
36,153920,0.0,0.0,0.8451465338126154,0,0
37,158080,0.0,0.0,0.8822418697424859,0,0
38,162240,0.0,0.0,0.8539249836943954,0,0
39,166400,0.0,0.0,0.8841642977315323,0,0
40,170560,0.0,0.0,0.8964907749656466,0,0
41,174720,0.0,0.0,0.8946132639307192,0,0
42,178880,0.0,0.0,0.8876459752535466,0,0
43,183040,0.0,0.0,0.8836431056771354,0,0
44,187200,0.0,0.0,0.9751537094728984,0,0
45,191360,0.0,0.0,0.8792287883543012,0,0
46,195520,0.0,0.0,0.8780892245087492,0,0
47,199680,0.0,0.0,0.8789517091225029,0,0
48,203840,0.0,0.0,0.8780892245087492,0,0
49,208000,0.0,0.0,0.8789517091225029,0,0
