t,bytes_sent,utility,pheromone,f1_val,agg_count,rollback
0,4160,0.0,0.0,0.7010509272518727,0,0
1,8320,0.0,0.0,0.7896698871299211,0,0
2,12480,0.0,0.0,0.8543800200960809,0,0
3,16640,0.0,0.0,0.9166810036455908,0,0
4,20800,0.0,0.0,0.753049519477592,0,0
5,24960,0.0,0.0,0.9158115333897848,0,0
6,29120,0.0,0.0,0.848160452327658,0,0
7,33280,0.0,0.0,0.8400654579943542,0,0
8,37440,0.0,0.0,0.8337373524068036,0,0
9,41600,0.0,0.0,0.9124503359801116,0,0
10,45760,0.0,0.0,0.8722305107611789,0,0
11,49920,0.0,0.0,0.8996987421319326,0,0
12,54080,0.0,0.0,0.9129091599409733,0,0
13,58240,0.0,0.0,0.9122231340822329,0,0
14,62400,0.0,0.0,0.8306467290261653,0,0
15,66560,0.0,0.0,0.8332316351990285,0,0
16,70720,0.0,0.0,0.9132754455340553,0,0
17,74880,0.0,0.0,0.913473206570522,0,0
18,79040,0.0,0.0,0.9131141360033256,0,0
19,83200,0.0,0.0,0.9158717257719643,0,0
20,87360,0.0,0.0,0.9133132414420371,0,0
21,91520,0.0,0.0,0.8704850390422012,0,0
22,95680,0.0,0.0,0.9137566744277277,0,0
23,99840,0.0,0.0,0.9131925144463802,0,0
24,104000,0.0,0.0,0.9129874716143758,0,0
25,108160,0.0,0.0,0.9141143876480473,0,0
26,112320,0.0,0.0,0.9129874716143758,0,0
27,116480,0.0,0.0,0.9129874716143758,0,0
28,120640,0.0,0.0,0.9129874716143758,0,0
29,124800,0.0,0.0,0.9141143876480473,0,0
30,128960,0.0,0.0,0.9152366175832883,0,0
31,133120,0.0,0.0,0.9152366175832883,0,0
32,137280,0.0,0.0,0.9157959894379889,0,0
33,141440,0.0,0.0,0.9160796830522233,0,0
34,145600,0.0,0.0,0.9165305234384181,0,0
35,149760,0.0,0.0,0.9166834760901184,0,0
36,153920,0.0,0.0,0.9165305234384181,0,0
37,158080,0.0,0.0,0.9165305234384181,0,0
38,162240,0.0,0.0,0.9165305234384181,0,0
39,166400,0.0,0.0,0.9165305234384181,0,0
40,170560,0.0,0.0,0.9170879353628806,0,0
41,174720,0.0,0.0,0.9165305234384181,0,0
42,178880,0.0,0.0,0.9165305234384181,0,0
43,183040,0.0,0.0,0.9170879353628806,0,0
44,187200,0.0,0.0,0.9165305234384181,0,0
45,191360,0.0,0.0,0.9162711542321528,0,0
46,195520,0.0,0.0,0.9169801203386553,0,0
47,199680,0.0,0.0,0.9162711542321528,0,0
48,203840,0.0,0.0,0.9168017835544523,0,0
49,208000,0.0,0.0,0.9158331799147733,0,0
