t,bytes_sent,utility,pheromone,f1_val,agg_count,rollback
0,4160,0.0,0.0,0.9871370762874481,0,0
1,8320,0.0,0.0,0.9624432111150836,0,0
2,12480,0.0,0.0,0.9922069265978078,0,0
3,16640,0.0,0.0,0.9922069265978078,0,0
4,20800,0.0,0.0,0.9921646161217188,0,0
5,24960,0.0,0.0,0.6908732411484881,0,0
6,29120,0.0,0.0,0.9972129601295068,0,0
7,33280,0.0,0.0,0.9953657279690348,0,0
8,37440,0.0,0.0,0.9953657279690348,0,0
9,41600,0.0,0.0,0.9926604815258784,0,0
10,45760,0.0,0.0,0.993753543259145,0,0
11,49920,0.0,0.0,0.992648827104287,0,0
12,54080,0.0,0.0,0.9944054446837193,0,0
13,58240,0.0,0.0,0.9959385679342783,0,0
14,62400,0.0,0.0,0.9959385679342783,0,0
15,66560,0.0,0.0,0.9959385679342783,0,0
16,70720,0.0,0.0,0.9952036302330463,0,0
17,74880,0.0,0.0,0.9933760214627817,0,0
18,79040,0.0,0.0,0.9943919071145291,0,0
19,83200,0.0,0.0,0.9985093252147398,0,0
20,87360,0.0,0.0,0.9935468345539831,0,0
21,91520,0.0,0.0,0.9942762408357642,0,0
22,95680,0.0,0.0,0.9931735207672097,0,0
23,99840,0.0,0.0,0.9942684235797846,0,0
24,104000,0.0,0.0,0.9892157687637724,0,0
25,108160,0.0,0.0,0.9860170280788096,0,0
26,112320,0.0,0.0,0.9917213096300577,0,0
27,116480,0.0,0.0,0.9710560524555988,0,0
28,120640,0.0,0.0,0.9797960202185599,0,0
29,124800,0.0,0.0,0.99413001400462,0,0
30,128960,0.0,0.0,0.9899909910666524,0,0
31,133120,0.0,0.0,0.9054921976772501,0,0
32,137280,0.0,0.0,0.965085536640225,0,0
33,141440,0.0,0.0,0.9850123415082856,0,0
34,145600,0.0,0.0,0.9931543889282498,0,0
35,149760,0.0,0.0,0.9764406961832924,0,0
36,153920,0.0,0.0,0.979851404104002,0,0
37,158080,0.0,0.0,0.9674690538449888,0,0
38,162240,0.0,0.0,0.9743377410768086,0,0
39,166400,0.0,0.0,0.9937947255030283,0,0
40,170560,0.0,0.0,0.9954489288709992,0,0
41,174720,0.0,0.0,0.9930329208576385,0,0
42,178880,0.0,0.0,0.9826739695332477,0,0
43,183040,0.0,0.0,0.9583290586313081,0,0
44,187200,0.0,0.0,0.8778895553501113,0,0
45,191360,0.0,0.0,0.8954588680753276,0,0
46,195520,0.0,0.0,0.850636673004704,0,0
47,199680,0.0,0.0,0.8422703997184863,0,0
48,203840,0.0,0.0,0.8400615714591854,0,0
49,208000,0.0,0.0,0.838590011566309,0,0
