t,bytes_sent,utility,pheromone,f1_val,agg_count,rollback
0,1040,0.0,0.0,0.13973365136155833,0,0
1,2080,0.0,0.0,0.13973365136155833,0,0
2,3120,0.0,0.0,0.13973365136155833,0,0
3,4160,0.0,0.0,0.13973365136155833,0,0
4,5200,0.0,0.0,0.13973365136155833,0,0
5,6240,0.0,0.0,0.13973365136155833,0,0
6,7280,0.0,0.0,0.13973365136155833,0,0
7,8320,0.0,0.0,0.13973365136155833,0,0
8,9360,0.0,0.0,0.13973365136155833,0,0
9,10400,0.0,0.0,0.13973365136155833,0,0
10,11440,0.0,0.0,0.13973365136155833,0,0
11,12480,0.0,0.0,0.416839147538149,0,0
12,13520,0.0,0.0,0.4167593395843331,0,0
13,14560,0.0,0.0,0.3837715202208868,0,0
14,15600,0.0,0.0,0.37924551020219144,0,0
15,16640,0.0,0.0,0.3828585042569105,0,0
16,17680,0.0,0.0,0.5669192188379358,0,0
17,18720,0.0,0.0,0.6350278578676877,0,0
18,19760,0.0,0.0,0.6707149608033335,0,0
19,20800,0.0,0.0,0.6848168425447692,0,0
20,21840,0.0,0.0,0.6986184249994525,0,0
21,22880,0.0,0.0,0.6998451070242703,0,0
22,23920,0.0,0.0,0.6505274391773844,0,0
23,24960,0.0,0.0,0.6968092492669147,0,0
24,26000,0.0,0.0,0.6964178728678833,0,0
25,27040,0.0,0.0,0.6980928350686617,0,0
26,28080,0.0,0.0,0.6968092492669147,0,0
27,29120,0.0,0.0,0.6880444907007124,0,0
28,30160,0.0,0.0,0.6968939053553627,0,0
29,31200,0.0,0.0,0.6915581178020723,0,0
30,32240,0.0,0.0,0.6914756404008803,0,0
31,33280,0.0,0.0,0.6936574742734993,0,0
32,34320,0.0,0.0,0.6901656195594581,0,0
33,35360,0.0,0.0,0.6589022946744745,0,0
34,36400,0.0,0.0,0.6870181987585156,0,0
35,37440,0.0,0.0,0.6968209427634141,0,0
36,38480,0.0,0.0,0.7855320003797193,0,0
37,39520,0.0,0.0,0.6885919434326279,0,0
38,40560,0.0,0.0,0.6971537763630182,0,0
39,41600,0.0,0.0,0.8958512079956082,0,0
40,42640,0.0,0.0,0.6964762093702271,0,0
41,43680,0.0,0.0,0.9872728634361745,0,0
42,44720,0.0,0.0,0.7008313514471348,0,0
43,45760,0.0,0.0,0.9844197692877964,0,0
44,46800,0.0,0.0,0.8744082334457414,0,0
45,47840,0.0,0.0,0.7461817216336253,0,0
46,48880,0.0,0.0,0.7018692450788687,0,0
47,49920,0.0,0.0,0.7103991648351877,0,0
48,50960,0.0,0.0,0.9679273561142319,0,0
49,52000,0.0,0.0,0.7707212661055377,0,0
