t,bytes_sent,utility,pheromone,f1_val,agg_count,rollback
0,1040,0.0,0.0,0.14226190476190476,0,0
1,2080,0.0,0.0,0.14226190476190476,0,0
2,3120,0.0,0.0,0.14226190476190476,0,0
3,4160,0.0,0.0,0.14226190476190476,0,0
4,5200,0.0,0.0,0.14226190476190476,0,0
5,6240,0.0,0.0,0.14226190476190476,0,0
6,7280,0.0,0.0,0.14226190476190476,0,0
7,8320,0.0,0.0,0.14226190476190476,0,0
8,9360,0.0,0.0,0.14226190476190476,0,0
9,10400,0.0,0.0,0.14226190476190476,0,0
10,11440,0.0,0.0,0.41694544507090897,0,0
11,12480,0.0,0.0,0.41754956401939425,0,0
12,13520,0.0,0.0,0.41778804395810054,0,0
13,14560,0.0,0.0,0.4175465518408786,0,0
14,15600,0.0,0.0,0.38184538137222346,0,0
15,16640,0.0,0.0,0.391567622443421,0,0
16,17680,0.0,0.0,0.41750600063402926,0,0
17,18720,0.0,0.0,0.6781591363417405,0,0
18,19760,0.0,0.0,0.5802479426484889,0,0
19,20800,0.0,0.0,0.7003872829095423,0,0
20,21840,0.0,0.0,0.7005685100046517,0,0
21,22880,0.0,0.0,0.7006081273297473,0,0
22,23920,0.0,0.0,0.7006090940057808,0,0
23,24960,0.0,0.0,0.7003603281361598,0,0
24,26000,0.0,0.0,0.7003603281361598,0,0
25,27040,0.0,0.0,0.7003603281361598,0,0
26,28080,0.0,0.0,0.6623321249647229,0,0
27,29120,0.0,0.0,0.7003603281361598,0,0
28,30160,0.0,0.0,0.7003603281361598,0,0
29,31200,0.0,0.0,0.6447205963254474,0,0
30,32240,0.0,0.0,0.6610273984100251,0,0
31,33280,0.0,0.0,0.6465828729450934,0,0
32,34320,0.0,0.0,0.6573943419787316,0,0
33,35360,0.0,0.0,0.7003603281361598,0,0
34,36400,0.0,0.0,0.7003611031385764,0,0
35,37440,0.0,0.0,0.42547621716661754,0,0
36,38480,0.0,0.0,0.43712268724794134,0,0
37,39520,0.0,0.0,0.7003611031385764,0,0
38,40560,0.0,0.0,0.464099266549999,0,0
39,41600,0.0,0.0,0.7003611031385764,0,0
40,42640,0.0,0.0,0.4208057291644335,0,0
41,43680,0.0,0.0,0.7003611031385764,0,0
42,44720,0.0,0.0,0.6576220841984773,0,0
43,45760,0.0,0.0,0.7000733451188393,0,0
44,46800,0.0,0.0,0.6632038041007285,0,0
45,47840,0.0,0.0,0.6757285162725448,0,0
46,48880,0.0,0.0,0.42773755743465003,0,0
47,49920,0.0,0.0,0.7003213174339138,0,0
48,50960,0.0,0.0,0.43213421050549483,0,0
49,52000,0.0,0.0,0.7000733451188393,0,0
