t,bytes_sent,utility,pheromone,f1_val,agg_count,rollback
0,1040,0.0,0.0,0.14205682272909165,0,0
1,2080,0.0,0.0,0.14205682272909165,0,0
2,3120,0.0,0.0,0.14205682272909165,0,0
3,4160,0.0,0.0,0.14205682272909165,0,0
4,5200,0.0,0.0,0.14205682272909165,0,0
5,6240,0.0,0.0,0.14205682272909165,0,0
6,7280,0.0,0.0,0.14205682272909165,0,0
7,8320,0.0,0.0,0.14205682272909165,0,0
8,9360,0.0,0.0,0.14205682272909165,0,0
9,10400,0.0,0.0,0.14205682272909165,0,0
10,11440,0.0,0.0,0.14205682272909165,0,0
11,12480,0.0,0.0,0.14205682272909165,0,0
12,13520,0.0,0.0,0.14205682272909165,0,0
13,14560,0.0,0.0,0.35320376784812724,0,0
14,15600,0.0,0.0,0.4169130971024577,0,0
15,16640,0.0,0.0,0.41679099637737954,0,0
16,17680,0.0,0.0,0.6825392339148113,0,0
17,18720,0.0,0.0,0.7144974922643522,0,0
18,19760,0.0,0.0,0.5059760288975325,0,0
19,20800,0.0,0.0,0.7139737313795297,0,0
20,21840,0.0,0.0,0.6985264823903713,0,0
21,22880,0.0,0.0,0.6880729985681846,0,0
22,23920,0.0,0.0,0.6855016007942777,0,0
23,24960,0.0,0.0,0.4468447742940891,0,0
24,26000,0.0,0.0,0.6950401048641367,0,0
25,27040,0.0,0.0,0.5228167033104852,0,0
26,28080,0.0,0.0,0.6661452293787677,0,0
27,29120,0.0,0.0,0.49295938728410865,0,0
28,30160,0.0,0.0,0.6942135915914123,0,0
29,31200,0.0,0.0,0.5512482797412019,0,0
30,32240,0.0,0.0,0.6422662746955015,0,0
31,33280,0.0,0.0,0.6989179191025336,0,0
32,34320,0.0,0.0,0.5333328628114474,0,0
33,35360,0.0,0.0,0.6671958256159671,0,0
34,36400,0.0,0.0,0.6421072947539281,0,0
35,37440,0.0,0.0,0.6274541419755333,0,0
36,38480,0.0,0.0,0.6943877911993843,0,0
37,39520,0.0,0.0,0.6143223157709653,0,0
38,40560,0.0,0.0,0.6942135915914123,0,0
39,41600,0.0,0.0,0.6463942875048552,0,0
40,42640,0.0,0.0,0.644967726863478,0,0
41,43680,0.0,0.0,0.6501224682382072,0,0
42,44720,0.0,0.0,0.6766419765863148,0,0
43,45760,0.0,0.0,0.6472130666990784,0,0
44,46800,0.0,0.0,0.6921236717706551,0,0
45,47840,0.0,0.0,0.6180525159127361,0,0
46,48880,0.0,0.0,0.6945619976432517,0,0
47,49920,0.0,0.0,0.6317875064945184,0,0
48,50960,0.0,0.0,0.7329645253072793,0,0
49,52000,0.0,0.0,0.6970118227360105,0,0
