t,bytes_sent,utility,pheromone,f1_val,agg_count,rollback
0,1040,0.0,0.0,0.9953140221195477,0,0
1,2080,0.0,0.0,0.9957455607450773,0,0
2,3120,0.0,0.0,0.9953231205637304,0,0
3,4160,0.0,0.0,0.9949681865317428,0,0
4,5200,0.0,0.0,0.9949681865317428,0,0
5,6240,0.0,0.0,0.9949681865317428,0,0
6,7280,0.0,0.0,0.9947486092193725,0,0
7,8320,0.0,0.0,0.9947486092193725,0,0
8,9360,0.0,0.0,0.9947486092193725,0,0
9,10400,0.0,0.0,0.9947486092193725,0,0
10,11440,0.0,0.0,0.9947486092193725,0,0
11,12480,0.0,0.0,0.9947486092193725,0,0
12,13520,0.0,0.0,0.9947486092193725,0,0
13,14560,0.0,0.0,0.9947486092193725,0,0
14,15600,0.0,0.0,0.9947486092193725,0,0
15,16640,0.0,0.0,0.9947486092193725,0,0
16,17680,0.0,0.0,0.9947486092193725,0,0
17,18720,0.0,0.0,0.9945468312215635,0,0
18,19760,0.0,0.0,0.9945468312215635,0,0
19,20800,0.0,0.0,0.9945468312215635,0,0
20,21840,0.0,0.0,0.9949681865317428,0,0
21,22880,0.0,0.0,0.9945468312215635,0,0
22,23920,0.0,0.0,0.9949681865317428,0,0
23,24960,0.0,0.0,0.9947664837091956,0,0
24,26000,0.0,0.0,0.9947664837091956,0,0
25,27040,0.0,0.0,0.9947664837091956,0,0
26,28080,0.0,0.0,0.9947664837091956,0,0
27,29120,0.0,0.0,0.9947664837091956,0,0
28,30160,0.0,0.0,0.9947664837091956,0,0
29,31200,0.0,0.0,0.9947664837091956,0,0
30,32240,0.0,0.0,0.9949681865317428,0,0
31,33280,0.0,0.0,0.9943272539091932,0,0
32,34320,0.0,0.0,0.5719389242449836,0,0
33,35360,0.0,0.0,0.7513934213475488,0,0
34,36400,0.0,0.0,0.806724730409311,0,0
35,37440,0.0,0.0,0.7973068822366045,0,0
36,38480,0.0,0.0,0.7997213262275882,0,0
37,39520,0.0,0.0,0.8058319568058292,0,0
38,40560,0.0,0.0,0.8001976202467979,0,0
39,41600,0.0,0.0,0.804142212061555,0,0
40,42640,0.0,0.0,0.8109699416994058,0,0
41,43680,0.0,0.0,0.8161579541986739,0,0
42,44720,0.0,0.0,0.8178131665636174,0,0
43,45760,0.0,0.0,0.8169918991857972,0,0
44,46800,0.0,0.0,0.824320778974555,0,0
45,47840,0.0,0.0,0.821642049931683,0,0
46,48880,0.0,0.0,0.8274869410036648,0,0
47,49920,0.0,0.0,0.8338267893218864,0,0
48,50960,0.0,0.0,0.8350781076525853,0,0
49,52000,0.0,0.0,0.8393924427019281,0,0
