t,bytes_sent,utility,pheromone,f1_val,agg_count,rollback
0,1040,0.0,0.0,0.14063745019920318,0,0
1,2080,0.0,0.0,0.16631280962491155,0,0
2,3120,0.0,0.0,0.14063745019920318,0,0
3,4160,0.0,0.0,0.14063745019920318,0,0
4,5200,0.0,0.0,0.14063745019920318,0,0
5,6240,0.0,0.0,0.14063745019920318,0,0
6,7280,0.0,0.0,0.14063745019920318,0,0
7,8320,0.0,0.0,0.14063745019920318,0,0
8,9360,0.0,0.0,0.14063745019920318,0,0
9,10400,0.0,0.0,0.14063745019920318,0,0
10,11440,0.0,0.0,0.4173069283424069,0,0
11,12480,0.0,0.0,0.4170779150236796,0,0
12,13520,0.0,0.0,0.3586922625248399,0,0
13,14560,0.0,0.0,0.34277478276133855,0,0
14,15600,0.0,0.0,0.4198879077195773,0,0
15,16640,0.0,0.0,0.45821216436559487,0,0
16,17680,0.0,0.0,0.6072627742232509,0,0
17,18720,0.0,0.0,0.6519343032396958,0,0
18,19760,0.0,0.0,0.6187682064338097,0,0
19,20800,0.0,0.0,0.6164908681416197,0,0
20,21840,0.0,0.0,0.6064443643205564,0,0
21,22880,0.0,0.0,0.6470621643948782,0,0
22,23920,0.0,0.0,0.917975668040594,0,0
23,24960,0.0,0.0,0.7013191812232097,0,0
24,26000,0.0,0.0,0.8587420579622674,0,0
25,27040,0.0,0.0,0.8949544479657126,0,0
26,28080,0.0,0.0,0.8506519885359416,0,0
27,29120,0.0,0.0,0.974259577522079,0,0
28,30160,0.0,0.0,0.9898804312078954,0,0
29,31200,0.0,0.0,0.8954374964868503,0,0
30,32240,0.0,0.0,0.9781393423481214,0,0
31,33280,0.0,0.0,0.9917638479278549,0,0
32,34320,0.0,0.0,0.8733893803479467,0,0
33,35360,0.0,0.0,0.8855533982565874,0,0
34,36400,0.0,0.0,0.9915714808080252,0,0
35,37440,0.0,0.0,0.98942351120672,0,0
36,38480,0.0,0.0,0.9084202872416617,0,0
37,39520,0.0,0.0,0.8935855472869209,0,0
38,40560,0.0,0.0,0.9408870813177355,0,0
39,41600,0.0,0.0,0.9235695910365286,0,0
40,42640,0.0,0.0,0.8674718391460527,0,0
41,43680,0.0,0.0,0.8728564782312986,0,0
42,44720,0.0,0.0,0.8980686662228508,0,0
43,45760,0.0,0.0,0.9367019163820054,0,0
44,46800,0.0,0.0,0.8755967085539204,0,0
45,47840,0.0,0.0,0.9922687299933257,0,0
46,48880,0.0,0.0,0.8272540852148935,0,0
47,49920,0.0,0.0,0.9920441852898463,0,0
48,50960,0.0,0.0,0.8440631990043341,0,0
49,52000,0.0,0.0,0.9336562666323602,0,0
