t,bytes_sent,utility,pheromone,f1_val,agg_count,rollback
0,1040,0.0,0.0,0.6718013426896539,0,0
1,2080,0.0,0.0,0.6768257630835772,0,0
2,3120,0.0,0.0,0.61865258591224,0,0
3,4160,0.0,0.0,0.6556843036837727,0,0
4,5200,0.0,0.0,0.8036624194499629,0,0
5,6240,0.0,0.0,0.7892297442123766,0,0
6,7280,0.0,0.0,0.7483500027579844,0,0
7,8320,0.0,0.0,0.7077901229045773,0,0
8,9360,0.0,0.0,0.8877075879593999,0,0
9,10400,0.0,0.0,0.8804049369661536,0,0
10,11440,0.0,0.0,0.8799266680672532,0,0
11,12480,0.0,0.0,0.8796746230104051,0,0
12,13520,0.0,0.0,0.8797255147626702,0,0
13,14560,0.0,0.0,0.8789191186013179,0,0
14,15600,0.0,0.0,0.8783391097173685,0,0
15,16640,0.0,0.0,0.8660157251216747,0,0
16,17680,0.0,0.0,0.8780619295468866,0,0
17,18720,0.0,0.0,0.8780619295468866,0,0
18,19760,0.0,0.0,0.878035605468044,0,0
19,20800,0.0,0.0,0.8774268669365194,0,0
20,21840,0.0,0.0,0.877481000419118,0,0
21,22880,0.0,0.0,0.8769802548146719,0,0
22,23920,0.0,0.0,0.8784410538487252,0,0
23,24960,0.0,0.0,0.878514610614936,0,0
24,26000,0.0,0.0,0.8211538138325405,0,0
25,27040,0.0,0.0,0.8789266142789545,0,0
26,28080,0.0,0.0,0.8820344582755313,0,0
27,29120,0.0,0.0,0.8805137987080057,0,0
28,30160,0.0,0.0,0.8797549320298128,0,0
29,31200,0.0,0.0,0.8199394032066529,0,0
30,32240,0.0,0.0,0.8781424820721535,0,0
31,33280,0.0,0.0,0.8420619096674571,0,0
32,34320,0.0,0.0,0.8365263097906147,0,0
33,35360,0.0,0.0,0.8683533883804064,0,0
34,36400,0.0,0.0,0.8459976564077736,0,0
35,37440,0.0,0.0,0.8363119664301779,0,0
36,38480,0.0,0.0,0.8418553639625741,0,0
37,39520,0.0,0.0,0.8555016412822017,0,0
38,40560,0.0,0.0,0.8422449155035241,0,0
39,41600,0.0,0.0,0.8778690659171089,0,0
40,42640,0.0,0.0,0.7937803438648028,0,0
41,43680,0.0,0.0,0.7675797247998365,0,0
42,44720,0.0,0.0,0.7593230715155421,0,0
43,45760,0.0,0.0,0.7559983694003912,0,0
44,46800,0.0,0.0,0.7787494840696969,0,0
45,47840,0.0,0.0,0.8256269395309246,0,0
46,48880,0.0,0.0,0.7923847212488003,0,0
47,49920,0.0,0.0,0.7967517700167329,0,0
48,50960,0.0,0.0,0.8478473281178369,0,0
49,52000,0.0,0.0,0.7915426408227949,0,0
