t,bytes_sent,utility,pheromone,f1_val,agg_count,rollback
0,1040,0.0,0.0,0.3995484340397298,0,0
1,2080,0.0,0.0,0.3411569632813042,0,0
2,3120,0.0,0.0,0.36562340152588296,0,0
3,4160,0.0,0.0,0.414437484659072,0,0
4,5200,0.0,0.0,0.14022662889518414,0,0
5,6240,0.0,0.0,0.14022662889518414,0,0
6,7280,0.0,0.0,0.14022662889518414,0,0
7,8320,0.0,0.0,0.14022662889518414,0,0
8,9360,0.0,0.0,0.14022662889518414,0,0
9,10400,0.0,0.0,0.14022662889518414,0,0
10,11440,0.0,0.0,0.39866221550757835,0,0
11,12480,0.0,0.0,0.659611096718677,0,0
12,13520,0.0,0.0,0.6585256675052814,0,0
13,14560,0.0,0.0,0.6717130655067639,0,0
14,15600,0.0,0.0,0.6812140906671613,0,0
15,16640,0.0,0.0,0.6794906489651049,0,0
16,17680,0.0,0.0,0.6703789587400767,0,0
17,18720,0.0,0.0,0.6918028068210497,0,0
18,19760,0.0,0.0,0.6775454944383084,0,0
19,20800,0.0,0.0,0.6721549368916117,0,0
20,21840,0.0,0.0,0.6911430727322407,0,0
21,22880,0.0,0.0,0.6687820311628281,0,0
22,23920,0.0,0.0,0.6892310742812301,0,0
23,24960,0.0,0.0,0.6764644534327546,0,0
24,26000,0.0,0.0,0.6673382859166016,0,0
25,27040,0.0,0.0,0.9578105630418432,0,0
26,28080,0.0,0.0,0.674090320295915,0,0
27,29120,0.0,0.0,0.9557822253175274,0,0
28,30160,0.0,0.0,0.956791352984537,0,0
29,31200,0.0,0.0,0.9428079928508785,0,0
30,32240,0.0,0.0,0.945592554728927,0,0
31,33280,0.0,0.0,0.9570783048056117,0,0
32,34320,0.0,0.0,0.9421887502972637,0,0
33,35360,0.0,0.0,0.938312976906337,0,0
34,36400,0.0,0.0,0.9385919205616383,0,0
35,37440,0.0,0.0,0.9481122700528741,0,0
36,38480,0.0,0.0,0.9409993390792777,0,0
37,39520,0.0,0.0,0.9399938920723523,0,0
38,40560,0.0,0.0,0.7683780934662077,0,0
39,41600,0.0,0.0,0.9390561990655114,0,0
40,42640,0.0,0.0,0.9401751436732023,0,0
41,43680,0.0,0.0,0.9408099303603901,0,0
42,44720,0.0,0.0,0.94390051876292,0,0
43,45760,0.0,0.0,0.9437326162757431,0,0
44,46800,0.0,0.0,0.9412450959277545,0,0
45,47840,0.0,0.0,0.955687233682432,0,0
46,48880,0.0,0.0,0.9433581883043817,0,0
47,49920,0.0,0.0,0.9477328450999228,0,0
48,50960,0.0,0.0,0.9444154692668166,0,0
49,52000,0.0,0.0,0.9402865968994487,0,0
