t,bytes_sent,utility,pheromone,f1_val,agg_count,rollback
0,0,0.0,1.0,1.0,0,0
1,1796,0.2726303735592684,0.8545260747118537,1.0,0,0
2,3595,0.014878069841957567,0.6865964737378746,1.0,0,0
3,5392,0.0032040701880202208,0.5499179930279038,1.0,0,0
4,7182,0.002459704260793557,0.4404263352744818,1.0,0,0
5,8978,0.0016143406246354759,0.35266393634451254,1.0,0,0
6,10773,0.0008427823237892344,0.2822997055403679,1.0,0,0
7,12568,0.0005064843572420387,0.22594106130374272,1.0,0,0
8,14366,0.0003408765245825607,0.1808210243479107,1.0,0,0
9,16158,0.00024535939555736747,0.14470589135744003,1.0,0,0
10,17953,0.00016895128142634997,0.1157985033422373,1.0,0,0
11,19752,0.00012774523173985177,0.09266435172013782,1.0,0,0
12,21547,9.93800140709145e-05,0.07415135737892443,1.0,0,0
13,23339,7.821924516478884e-05,0.05933672975217251,1.0,0,0
14,25130,6.348021344012813e-05,0.04748207984442604,1.0,0,0
15,26927,5.037712263427404e-05,0.037995739300067694,1.0,0,0
16,28721,4.287735791311541e-05,0.03040516691163678,1.0,0,0
17,30516,3.571723486590976e-05,0.02433127697628261,1.0,0,0
18,32311,2.9483335126153193e-05,0.01947091824805132,1.0,0,0
19,34105,2.5201696376176157e-05,0.015581774937716291,1.0,0,0
20,35903,2.1964223523884997e-05,0.012469812794877811,1.0,0,0
21,37697,1.851364180459751e-05,0.00997955296426317,1.0,0,0
22,39497,1.598921156821084e-05,0.00798684021372418,1.0,0,0
23,41293,1.4094812266625344e-05,0.006392291133432669,1.0,0,0
24,43089,1.2477827863549586e-05,0.005116328472318845,1.0,0,0
