t,bytes_sent,utility,pheromone,f1_val,agg_count,rollback
0,0,0.0,1.0,1.0,0,0
1,0,0.0,0.8,0.4978902953586498,0,0
2,1799,0.011113535391937034,0.6422227070783876,0.49859550561797755,0,0
3,1799,0.0,0.5137781656627101,0.4978902953586498,0,0
4,3594,0.005676808140846085,0.4121578941583373,0.4978902953586498,0,0
5,3594,0.0,0.32972631532666985,0.4978902953586498,0,0
6,5388,0.012112559410342116,0.26620356414340435,0.49859550561797755,0,0
7,5388,0.0,0.21296285131472348,0.4971830985915493,0,0
8,7185,0.009549364907475466,0.17228015403327387,0.4978902953586498,0,0
9,8985,1.0,0.33782412322661914,1.0,0,0
10,8985,0.0,0.2702592985812953,0.49859550561797755,0,0
11,10778,0.0005121329939897709,0.2163098654638342,0.49859550561797755,0,0
12,10778,0.0,0.17304789237106738,0.4957627118644068,0,0
13,12581,0.03968909285022389,0.14637613246689868,0.49859550561797755,0,0
14,14376,0.012708086120292348,0.11964252319757743,0.4992987377279102,0,0
15,14376,0.0,0.09571401855806194,0.49859550561797755,0,0
16,14376,0.0,0.07657121484644956,0.49859550561797755,0,0
17,16181,1.0,0.2612569718771597,1.0,0,0
18,16181,0.0,0.20900557750172777,0.4992987377279102,0,0
19,17986,1.0,0.36720446200138224,1.0,0,0
20,17986,0.0,0.2937635696011058,1.0,0,0
21,17986,0.0,0.23501085568088464,0.4992987377279102,0,0
22,17986,0.0,0.18800868454470773,0.4992987377279102,0,0
23,19785,0.0006939172668612549,0.15054573108913846,0.4992987377279102,0,0
24,21590,2.1648180987871374e-05,0.12044091450750835,0.4992987377279102,0,0
