t,bytes_sent,utility,pheromone,f1_val,agg_count,rollback
0,4160,0.0,0.0,0.103651869669801,0,0
1,8320,0.0,0.0,0.13973365136155833,0,0
2,12480,0.0,0.0,0.13973365136155833,0,0
3,16640,0.0,0.0,0.13973365136155833,0,0
4,20800,0.0,0.0,0.13973365136155833,0,0
5,24960,0.0,0.0,0.13973365136155833,0,0
6,29120,0.0,0.0,0.13973365136155833,0,0
7,33280,0.0,0.0,0.13973365136155833,0,0
8,37440,0.0,0.0,0.13973365136155833,0,0
9,41600,0.0,0.0,0.13973365136155833,0,0
10,45760,0.0,0.0,0.13973365136155833,0,0
11,49920,0.0,0.0,0.41599167481162613,0,0
12,54080,0.0,0.0,0.41680775938714587,0,0
13,58240,0.0,0.0,0.3837715202208868,0,0
14,62400,0.0,0.0,0.3836834137380135,0,0
15,66560,0.0,0.0,0.38721200387858185,0,0
16,70720,0.0,0.0,0.38372740901093455,0,0
17,74880,0.0,0.0,0.693321562439345,0,0
18,79040,0.0,0.0,0.7013083951035614,0,0
19,83200,0.0,0.0,0.6950714577111565,0,0
20,87360,0.0,0.0,0.7013484921390984,0,0
21,91520,0.0,0.0,0.6966193081097617,0,0
22,95680,0.0,0.0,0.6930265827998208,0,0
23,99840,0.0,0.0,0.700833884979711,0,0
24,104000,0.0,0.0,0.6940705978474302,0,0
25,108160,0.0,0.0,0.701112287123778,0,0
26,112320,0.0,0.0,0.6986837535081241,0,0
27,116480,0.0,0.0,0.6948963124793558,0,0
28,120640,0.0,0.0,0.7013013426972695,0,0
29,124800,0.0,0.0,0.994374142940229,0,0
30,128960,0.0,0.0,0.9890792314190613,0,0
31,133120,0.0,0.0,0.7011091029825008,0,0
32,137280,0.0,0.0,0.9593484773584258,0,0
33,141440,0.0,0.0,0.6989198552552879,0,0
34,145600,0.0,0.0,0.701283085679465,0,0
35,149760,0.0,0.0,0.939179915642482,0,0
36,153920,0.0,0.0,0.8426804693174259,0,0
37,158080,0.0,0.0,0.9059308369774252,0,0
38,162240,0.0,0.0,0.7011309266775397,0,0
39,166400,0.0,0.0,0.9957372149007515,0,0
40,170560,0.0,0.0,0.8994479652262333,0,0
41,174720,0.0,0.0,0.7010354653535522,0,0
42,178880,0.0,0.0,0.9242841046106236,0,0
43,183040,0.0,0.0,0.8997782741778236,0,0
44,187200,0.0,0.0,0.9703996550920554,0,0
45,191360,0.0,0.0,0.7992711449643438,0,0
46,195520,0.0,0.0,0.996248502210966,0,0
47,199680,0.0,0.0,0.8100898453676426,0,0
48,203840,0.0,0.0,0.8987615699827138,0,0
49,208000,0.0,0.0,0.9967466683875206,0,0
