t,bytes_sent,utility,pheromone,f1_val,agg_count,rollback
0,4160,0.0,0.0,0.7005859652789095,0,0
1,8320,0.0,0.0,0.960995754132836,0,0
2,12480,0.0,0.0,0.9768574364857311,0,0
3,16640,0.0,0.0,0.9973696976584205,0,0
4,20800,0.0,0.0,0.9969869110332736,0,0
5,24960,0.0,0.0,0.9733111151174647,0,0
6,29120,0.0,0.0,0.9338321896728522,0,0
7,33280,0.0,0.0,0.9610750853994537,0,0
8,37440,0.0,0.0,0.697685958657464,0,0
9,41600,0.0,0.0,0.8892903568792516,0,0
10,45760,0.0,0.0,0.9967321454029545,0,0
11,49920,0.0,0.0,0.8765963277196007,0,0
12,54080,0.0,0.0,0.7105722077737809,0,0
13,58240,0.0,0.0,0.7895980213256462,0,0
14,62400,0.0,0.0,0.7719586911863712,0,0
15,66560,0.0,0.0,0.7624245624316092,0,0
16,70720,0.0,0.0,0.7522143849005105,0,0
17,74880,0.0,0.0,0.7415673488961236,0,0
18,79040,0.0,0.0,0.7400145366005352,0,0
19,83200,0.0,0.0,0.7353065237575114,0,0
20,87360,0.0,0.0,0.7331897511251632,0,0
21,91520,0.0,0.0,0.7262036459145993,0,0
22,95680,0.0,0.0,0.7384535197739824,0,0
23,99840,0.0,0.0,0.7212686122143946,0,0
24,104000,0.0,0.0,0.7168117936215314,0,0
25,108160,0.0,0.0,0.7162499496013315,0,0
26,112320,0.0,0.0,0.7145580031567003,0,0
27,116480,0.0,0.0,0.7145580031567003,0,0
28,120640,0.0,0.0,0.7145580031567003,0,0
29,124800,0.0,0.0,0.7139918699002638,0,0
30,128960,0.0,0.0,0.7139918699002638,0,0
31,133120,0.0,0.0,0.7134246545561308,0,0
32,137280,0.0,0.0,0.7111448931080401,0,0
33,141440,0.0,0.0,0.7111448931080401,0,0
34,145600,0.0,0.0,0.7128563531778559,0,0
35,149760,0.0,0.0,0.7111448931080401,0,0
36,153920,0.0,0.0,0.7111448931080401,0,0
37,158080,0.0,0.0,0.7088474993357179,0,0
38,162240,0.0,0.0,0.7105722077737809,0,0
39,166400,0.0,0.0,0.7099984164060335,0,0
40,170560,0.0,0.0,0.7111448931080401,0,0
41,174720,0.0,0.0,0.7111448931080401,0,0
42,178880,0.0,0.0,0.7111448931080401,0,0
43,183040,0.0,0.0,0.7094235149507819,0,0
44,187200,0.0,0.0,0.7088474993357179,0,0
45,191360,0.0,0.0,0.7076921092448165,0,0
46,195520,0.0,0.0,0.7111448931080401,0,0
47,199680,0.0,0.0,0.7071127265319397,0,0
48,203840,0.0,0.0,0.7071127265319397,0,0
49,208000,0.0,0.0,0.7071127265319397,0,0
