t,bytes_sent,utility,pheromone,f1_val,agg_count,rollback
0,1040,0.0,0.0,0.9984758593419994,0,0
1,2080,0.0,0.0,0.9877162381251717,0,0
2,3120,0.0,0.0,0.9977975102598944,0,0
3,4160,0.0,0.0,0.6124927003096022,0,0
4,5200,0.0,0.0,0.9672562550906405,0,0
5,6240,0.0,0.0,0.9525420104529427,0,0
6,7280,0.0,0.0,0.9663430664283102,0,0
7,8320,0.0,0.0,0.9733248943311374,0,0
8,9360,0.0,0.0,0.9751047262688567,0,0
9,10400,0.0,0.0,0.9868621968364966,0,0
10,11440,0.0,0.0,0.8727443802023394,0,0
11,12480,0.0,0.0,0.9902651355935579,0,0
12,13520,0.0,0.0,0.972226092842815,0,0
13,14560,0.0,0.0,0.9762336717774333,0,0
14,15600,0.0,0.0,0.9875247091797779,0,0
15,16640,0.0,0.0,0.9977975102598944,0,0
16,17680,0.0,0.0,0.9957218763831894,0,0
17,18720,0.0,0.0,0.9892359955784683,0,0
18,19760,0.0,0.0,0.9823672289406733,0,0
19,20800,0.0,0.0,0.9963712797197934,0,0
20,21840,0.0,0.0,0.9936551086934459,0,0
21,22880,0.0,0.0,0.8806940500876884,0,0
22,23920,0.0,0.0,0.9978195179672185,0,0
23,24960,0.0,0.0,0.9505206056758664,0,0
24,26000,0.0,0.0,0.9975765414632514,0,0
25,27040,0.0,0.0,0.9986460105511865,0,0
26,28080,0.0,0.0,0.9988888590993144,0,0
27,29120,0.0,0.0,0.989770095186261,0,0
28,30160,0.0,0.0,0.9895323969040501,0,0
29,31200,0.0,0.0,0.9798942156033763,0,0
30,32240,0.0,0.0,0.9953565702633058,0,0
31,33280,0.0,0.0,0.994875113834828,0,0
32,34320,0.0,0.0,0.9941729977714636,0,0
33,35360,0.0,0.0,0.9915354464715773,0,0
34,36400,0.0,0.0,0.9915354464715773,0,0
35,37440,0.0,0.0,0.988198737592133,0,0
36,38480,0.0,0.0,0.987785521846533,0,0
37,39520,0.0,0.0,0.9887366168706941,0,0
38,40560,0.0,0.0,0.9863621769204081,0,0
39,41600,0.0,0.0,0.981645276825931,0,0
40,42640,0.0,0.0,0.983998523783929,0,0
41,43680,0.0,0.0,0.9832914742019558,0,0
42,44720,0.0,0.0,0.9832914742019558,0,0
43,45760,0.0,0.0,0.981410510002243,0,0
44,46800,0.0,0.0,0.981410510002243,0,0
45,47840,0.0,0.0,0.9818801439622833,0,0
46,48880,0.0,0.0,0.9795359422648837,0,0
47,49920,0.0,0.0,0.9786009980285719,0,0
48,50960,0.0,0.0,0.9781341005763382,0,0
49,52000,0.0,0.0,0.9746442585423054,0,0
