t,bytes_sent,utility,pheromone,f1_val,agg_count,rollback
0,4160,0.0,0.0,0.26177465521727816,0,0
1,8320,0.0,0.0,0.2728055077452668,0,0
2,12480,0.0,0.0,0.27068832173240526,0,0
3,16640,0.0,0.0,0.2535687707191665,0,0
4,20800,0.0,0.0,0.2546483427647534,0,0
5,24960,0.0,0.0,0.24374288964732652,0,0
6,29120,0.0,0.0,0.24712287230376953,0,0
7,33280,0.0,0.0,0.25028952925948633,0,0
8,37440,0.0,0.0,0.2533117058664504,0,0
9,41600,0.0,0.0,0.25373033556140706,0,0
10,45760,0.0,0.0,0.2598712588758378,0,0
11,49920,0.0,0.0,0.26122017317734153,0,0
12,54080,0.0,0.0,0.2615415098078066,0,0
13,58240,0.0,0.0,0.26197071626434504,0,0
14,62400,0.0,0.0,0.26215895610913403,0,0
15,66560,0.0,0.0,0.26215895610913403,0,0
16,70720,0.0,0.0,0.262666140281616,0,0
17,74880,0.0,0.0,0.2630198084743539,0,0
18,79040,0.0,0.0,0.2628923399515104,0,0
19,83200,0.0,0.0,0.26261040235525024,0,0
20,87360,0.0,0.0,0.2623057840449145,0,0
21,91520,0.0,0.0,0.26225442203511523,0,0
22,95680,0.0,0.0,0.26225442203511523,0,0
23,99840,0.0,0.0,0.26225442203511523,0,0
24,104000,0.0,0.0,0.26225442203511523,0,0
25,108160,0.0,0.0,0.2621987066431511,0,0
26,112320,0.0,0.0,0.26225009800078397,0,0
27,116480,0.0,0.0,0.26225009800078397,0,0
28,120640,0.0,0.0,0.26225009800078397,0,0
29,124800,0.0,0.0,0.2621473354231975,0,0
30,128960,0.0,0.0,0.2622030801357348,0,0
31,133120,0.0,0.0,0.2622030801357348,0,0
32,137280,0.0,0.0,0.26210045662100456,0,0
33,141440,0.0,0.0,0.2619745845552297,0,0
34,145600,0.0,0.0,0.2615144418423107,0,0
35,149760,0.0,0.0,0.260982415158004,0,0
36,153920,0.0,0.0,0.2596966763472088,0,0
37,158080,0.0,0.0,0.2588946792768449,0,0
38,162240,0.0,0.0,0.2587947777992154,0,0
39,166400,0.0,0.0,0.2587947777992154,0,0
40,170560,0.0,0.0,0.25869495339119253,0,0
41,174720,0.0,0.0,0.2584955354275069,0,0
42,178880,0.0,0.0,0.25854536108969417,0,0
43,183040,0.0,0.0,0.2587448559670782,0,0
44,187200,0.0,0.0,0.2588946792768449,0,0
45,191360,0.0,0.0,0.2589946579133681,0,0
46,195520,0.0,0.0,0.25914477073673364,0,0
47,199680,0.0,0.0,0.2595459236326109,0,0
48,203840,0.0,0.0,0.26009954107685346,0,0
49,208000,0.0,0.0,0.2607793555080075,0,0
