t,bytes_sent,utility,pheromone,f1_val,agg_count,rollback
0,4160,0.0,0.0,0.39626584025733846,0,0
1,8320,0.0,0.0,0.08969866853538892,0,0
2,12480,0.0,0.0,0.41082227349714995,0,0
3,16640,0.0,0.0,0.13984006561410703,0,0
4,20800,0.0,0.0,0.13984006561410703,0,0
5,24960,0.0,0.0,0.13984006561410703,0,0
6,29120,0.0,0.0,0.13984006561410703,0,0
7,33280,0.0,0.0,0.13984006561410703,0,0
8,37440,0.0,0.0,0.13984006561410703,0,0
9,41600,0.0,0.0,0.13984006561410703,0,0
10,45760,0.0,0.0,0.4225626028819525,0,0
11,49920,0.0,0.0,0.40084078406549706,0,0
12,54080,0.0,0.0,0.4010090932274478,0,0
13,58240,0.0,0.0,0.4017507627824197,0,0
14,62400,0.0,0.0,0.4024484509855121,0,0
15,66560,0.0,0.0,0.7008317350254774,0,0
16,70720,0.0,0.0,0.7003512381127298,0,0
17,74880,0.0,0.0,0.6924948654681071,0,0
18,79040,0.0,0.0,0.7005769689796157,0,0
19,83200,0.0,0.0,0.6930047378052776,0,0
20,87360,0.0,0.0,0.7000803035935849,0,0
21,91520,0.0,0.0,0.7005769689796157,0,0
22,95680,0.0,0.0,0.700330919019862,0,0
23,99840,0.0,0.0,0.6995786553134029,0,0
24,104000,0.0,0.0,0.7005769689796157,0,0
25,108160,0.0,0.0,0.619829634871436,0,0
26,112320,0.0,0.0,0.6927431640931401,0,0
27,116480,0.0,0.0,0.7000757262075916,0,0
28,120640,0.0,0.0,0.6047415341210418,0,0
29,124800,0.0,0.0,0.5222214449319833,0,0
30,128960,0.0,0.0,0.6736915905803882,0,0
31,133120,0.0,0.0,0.7008317350254774,0,0
32,137280,0.0,0.0,0.7005014381049806,0,0
33,141440,0.0,0.0,0.7005014381049806,0,0
34,145600,0.0,0.0,0.6967073436999516,0,0
35,149760,0.0,0.0,0.7006809596653347,0,0
36,153920,0.0,0.0,0.7003512381127298,0,0
37,158080,0.0,0.0,0.7006809596653347,0,0
38,162240,0.0,0.0,0.6901351836534821,0,0
39,166400,0.0,0.0,0.7006060025002057,0,0
40,170560,0.0,0.0,0.7006060025002057,0,0
41,174720,0.0,0.0,0.7003512381127298,0,0
42,178880,0.0,0.0,0.7003512381127298,0,0
43,183040,0.0,0.0,0.7006060025002057,0,0
44,187200,0.0,0.0,0.9196229431821368,0,0
45,191360,0.0,0.0,0.7028132071500766,0,0
46,195520,0.0,0.0,0.997942446405337,0,0
47,199680,0.0,0.0,0.9961576676267762,0,0
48,203840,0.0,0.0,0.7158089961965207,0,0
49,208000,0.0,0.0,0.8817239234417444,0,0
