t,bytes_sent,utility,pheromone,f1_val,agg_count,rollback
0,4160,0.0,0.0,0.7018768808926283,0,0
1,8320,0.0,0.0,0.9619616648309319,0,0
2,12480,0.0,0.0,0.9966721291880053,0,0
3,16640,0.0,0.0,0.9969899019101928,0,0
4,20800,0.0,0.0,0.916320833624475,0,0
5,24960,0.0,0.0,0.9608203197691346,0,0
6,29120,0.0,0.0,0.9834363840689774,0,0
7,33280,0.0,0.0,0.7272892324504086,0,0
8,37440,0.0,0.0,0.9608296089712303,0,0
9,41600,0.0,0.0,0.9409882855788991,0,0
10,45760,0.0,0.0,0.9804167311942987,0,0
11,49920,0.0,0.0,0.960995754132836,0,0
12,54080,0.0,0.0,0.9611152572344858,0,0
13,58240,0.0,0.0,0.7267469371688215,0,0
14,62400,0.0,0.0,0.8551058168468213,0,0
15,66560,0.0,0.0,0.8431027896635914,0,0
16,70720,0.0,0.0,0.8412460129253351,0,0
17,74880,0.0,0.0,0.841618203983645,0,0
18,79040,0.0,0.0,0.8329489177930558,0,0
19,83200,0.0,0.0,0.8314173055834138,0,0
20,87360,0.0,0.0,0.8287192972790026,0,0
21,91520,0.0,0.0,0.8275560112776484,0,0
22,95680,0.0,0.0,0.8314173055834138,0,0
23,99840,0.0,0.0,0.8324808385498512,0,0
24,104000,0.0,0.0,0.8347631155882377,0,0
25,108160,0.0,0.0,0.8324808385498512,0,0
26,112320,0.0,0.0,0.8309503288530912,0,0
27,116480,0.0,0.0,0.8263145936603489,0,0
28,120640,0.0,0.0,0.8259252335205548,0,0
29,124800,0.0,0.0,0.8247542895296294,0,0
30,128960,0.0,0.0,0.8231862908344205,0,0
31,133120,0.0,0.0,0.8231862908344205,0,0
32,137280,0.0,0.0,0.8237406674343991,0,0
33,141440,0.0,0.0,0.8151238822090903,0,0
34,145600,0.0,0.0,0.8131107888010067,0,0
35,149760,0.0,0.0,0.8057540990539365,0,0
36,153920,0.0,0.0,0.8053402334577267,0,0
37,158080,0.0,0.0,0.801590243106856,0,0
38,162240,0.0,0.0,0.7994869914378673,0,0
39,166400,0.0,0.0,0.7941623183940907,0,0
40,170560,0.0,0.0,0.800109981417561,0,0
41,174720,0.0,0.0,0.792872613623296,0,0
42,178880,0.0,0.0,0.7894064361867938,0,0
43,183040,0.0,0.0,0.792441495775825,0,0
44,187200,0.0,0.0,0.7885336753738627,0,0
45,191360,0.0,0.0,0.7885336753738627,0,0
46,195520,0.0,0.0,0.7880963511734353,0,0
47,199680,0.0,0.0,0.7825875546812007,0,0
48,203840,0.0,0.0,0.7839200077975498,0,0
49,208000,0.0,0.0,0.7821420937238229,0,0
