t,bytes_sent,utility,pheromone,f1_val,agg_count,rollback
0,4160,0.0,0.0,0.0885440438156093,0,0
1,8320,0.0,0.0,0.15495207667731628,0,0
2,12480,0.0,0.0,0.4167828138469216,0,0
3,16640,0.0,0.0,0.14293363757543157,0,0
4,20800,0.0,0.0,0.14226190476190476,0,0
5,24960,0.0,0.0,0.14226190476190476,0,0
6,29120,0.0,0.0,0.14226190476190476,0,0
7,33280,0.0,0.0,0.14226190476190476,0,0
8,37440,0.0,0.0,0.14226190476190476,0,0
9,41600,0.0,0.0,0.14226190476190476,0,0
10,45760,0.0,0.0,0.14626778316653916,0,0
11,49920,0.0,0.0,0.41734838192522206,0,0
12,54080,0.0,0.0,0.4183961199382637,0,0
13,58240,0.0,0.0,0.7148917047076433,0,0
14,62400,0.0,0.0,0.5890095543178007,0,0
15,66560,0.0,0.0,0.7009907355533597,0,0
16,70720,0.0,0.0,0.6751092910619508,0,0
17,74880,0.0,0.0,0.7008184048127608,0,0
18,79040,0.0,0.0,0.7077514338154652,0,0
19,83200,0.0,0.0,0.7005691551769304,0,0
20,87360,0.0,0.0,0.7006083926626743,0,0
21,91520,0.0,0.0,0.7006083926626743,0,0
22,95680,0.0,0.0,0.7003221706489986,0,0
23,99840,0.0,0.0,0.7011113551819586,0,0
24,104000,0.0,0.0,0.7003213174339138,0,0
25,108160,0.0,0.0,0.7006083926626743,0,0
26,112320,0.0,0.0,0.7003213174339138,0,0
27,116480,0.0,0.0,0.5936367771680116,0,0
28,120640,0.0,0.0,0.7003213174339138,0,0
29,124800,0.0,0.0,0.6182916607484548,0,0
30,128960,0.0,0.0,0.7003213174339138,0,0
31,133120,0.0,0.0,0.6631176289333264,0,0
32,137280,0.0,0.0,0.700407554886547,0,0
33,141440,0.0,0.0,0.7004069097142683,0,0
34,145600,0.0,0.0,0.7005802511973405,0,0
35,149760,0.0,0.0,0.7004932948021524,0,0
36,153920,0.0,0.0,0.7004938661094564,0,0
37,158080,0.0,0.0,0.700407554886547,0,0
38,162240,0.0,0.0,0.7005797538498719,0,0
39,166400,0.0,0.0,0.7004932948021524,0,0
40,170560,0.0,0.0,0.7004069097142683,0,0
41,174720,0.0,0.0,0.7005797538498719,0,0
42,178880,0.0,0.0,0.7004932948021524,0,0
43,183040,0.0,0.0,0.7004932948021524,0,0
44,187200,0.0,0.0,0.7005797538498719,0,0
45,191360,0.0,0.0,0.7005797538498719,0,0
46,195520,0.0,0.0,0.8406786596919795,0,0
47,199680,0.0,0.0,0.9846526223297347,0,0
48,203840,0.0,0.0,0.7017724816427158,0,0
49,208000,0.0,0.0,0.995996280939491,0,0
