t,bytes_sent,utility,pheromone,f1_val,agg_count,rollback
0,1040,0.0,0.0,0.0894132755437836,0,0
1,2080,0.0,0.0,0.09022435897435897,0,0
2,3120,0.0,0.0,0.13880957610366793,0,0
3,4160,0.0,0.0,0.12975791433891992,0,0
4,5200,0.0,0.0,0.2461233531537834,0,0
5,6240,0.0,0.0,0.24736995059575706,0,0
6,7280,0.0,0.0,0.20405284083621908,0,0
7,8320,0.0,0.0,0.24053399491995983,0,0
8,9360,0.0,0.0,0.23641677103834913,0,0
9,10400,0.0,0.0,0.22226329082732707,0,0
10,11440,0.0,0.0,0.21903698188136014,0,0
11,12480,0.0,0.0,0.21559432251610078,0,0
12,13520,0.0,0.0,0.21508607198748042,0,0
13,14560,0.0,0.0,0.21261329305135954,0,0
14,15600,0.0,0.0,0.2129559748427673,0,0
15,16640,0.0,0.0,0.2098530901722391,0,0
16,17680,0.0,0.0,0.21192637418053453,0,0
17,18720,0.0,0.0,0.21019994937990383,0,0
18,19760,0.0,0.0,0.21184036315490826,0,0
19,20800,0.0,0.0,0.21209829867674856,0,0
20,21840,0.0,0.0,0.212870352896773,0,0
21,22880,0.0,0.0,0.21184036315490826,0,0
22,23920,0.0,0.0,0.21123737373737372,0,0
23,24960,0.0,0.0,0.20976629298878968,0,0
24,26000,0.0,0.0,0.20863492063492062,0,0
25,27040,0.0,0.0,0.20846036585365854,0,0
26,28080,0.0,0.0,0.20767322008016798,0,0
27,29120,0.0,0.0,0.20714695203516145,0,0
28,30160,0.0,0.0,0.2065314453374155,0,0
29,31200,0.0,0.0,0.2064433811802233,0,0
30,32240,0.0,0.0,0.20635528330781008,0,0
31,33280,0.0,0.0,0.20582598696818702,0,0
32,34320,0.0,0.0,0.20520693404976653,0,0
33,35360,0.0,0.0,0.20423076923076922,0,0
34,36400,0.0,0.0,0.20378569136990696,0,0
35,37440,0.0,0.0,0.20289296046287367,0,0
36,38480,0.0,0.0,0.2013673890608875,0,0
37,39520,0.0,0.0,0.2003748949647728,0,0
38,40560,0.0,0.0,0.1991055804005444,0,0
39,41600,0.0,0.0,0.19846832814122536,0,0
40,42640,0.0,0.0,0.19755494862791,0,0
41,43680,0.0,0.0,0.19737184491282853,0,0
42,44720,0.0,0.0,0.19700520833333335,0,0
43,45760,0.0,0.0,0.1968216751335157,0,0
44,46800,0.0,0.0,0.1968216751335157,0,0
45,47840,0.0,0.0,0.19654610622352556,0,0
46,48880,0.0,0.0,0.19627021387584767,0,0
47,49920,0.0,0.0,0.19608610567514675,0,0
48,50960,0.0,0.0,0.19590185330200993,0,0
49,52000,0.0,0.0,0.19553291536050157,0,0
