t,bytes_sent,utility,pheromone,f1_val,agg_count,rollback
0,4160,0.0,0.0,0.33269567989797544,0,0
1,8320,0.0,0.0,0.3326968973747017,0,0
2,12480,0.0,0.0,0.33072360616844604,0,0
3,16640,0.0,0.0,0.3176193729598421,0,0
4,20800,0.0,0.0,0.3164130037177337,0,0
5,24960,0.0,0.0,0.31444516495867647,0,0
6,29120,0.0,0.0,0.31034692689075954,0,0
7,33280,0.0,0.0,0.30057471264367813,0,0
8,37440,0.0,0.0,0.29692711659924775,0,0
9,41600,0.0,0.0,0.29367586158489506,0,0
10,45760,0.0,0.0,0.2895301363227458,0,0
11,49920,0.0,0.0,0.28352646201802534,0,0
12,54080,0.0,0.0,0.27754560530679934,0,0
13,58240,0.0,0.0,0.2738936894474993,0,0
14,62400,0.0,0.0,0.27033662854558377,0,0
15,66560,0.0,0.0,0.2678445682094616,0,0
16,70720,0.0,0.0,0.26514575411913816,0,0
17,74880,0.0,0.0,0.261712641521236,0,0
18,79040,0.0,0.0,0.2571762247218637,0,0
19,83200,0.0,0.0,0.24927018170986,0,0
20,87360,0.0,0.0,0.2459295832598601,0,0
21,91520,0.0,0.0,0.24553990610328638,0,0
22,95680,0.0,0.0,0.24480720847229534,0,0
23,99840,0.0,0.0,0.24442107722864823,0,0
24,104000,0.0,0.0,0.24424985405720956,0,0
25,108160,0.0,0.0,0.243950790041397,0,0
26,112320,0.0,0.0,0.2436524574889355,0,0
27,116480,0.0,0.0,0.2430579760659928,0,0
28,120640,0.0,0.0,0.24310034280402068,0,0
29,124800,0.0,0.0,0.24255072463768115,0,0
30,128960,0.0,0.0,0.24250854923781373,0,0
31,133120,0.0,0.0,0.24242424242424243,0,0
32,137280,0.0,0.0,0.24221373161977536,0,0
33,141440,0.0,0.0,0.24217167332291487,0,0
34,145600,0.0,0.0,0.242087600532315,0,0
35,149760,0.0,0.0,0.24196160074022668,0,0
36,153920,0.0,0.0,0.24196160074022668,0,0
37,158080,0.0,0.0,0.24191962995085284,0,0
38,162240,0.0,0.0,0.24191962995085284,0,0
39,166400,0.0,0.0,0.24187767371950517,0,0
40,170560,0.0,0.0,0.24187767371950517,0,0
41,174720,0.0,0.0,0.24187767371950517,0,0
42,178880,0.0,0.0,0.24187767371950517,0,0
43,183040,0.0,0.0,0.24187767371950517,0,0
44,187200,0.0,0.0,0.24187767371950517,0,0
45,191360,0.0,0.0,0.24187767371950517,0,0
46,195520,0.0,0.0,0.24187767371950517,0,0
47,199680,0.0,0.0,0.24187767371950517,0,0
48,203840,0.0,0.0,0.24187767371950517,0,0
49,208000,0.0,0.0,0.24187767371950517,0,0
