t,bytes_sent,utility,pheromone,f1_val,agg_count,rollback
0,4160,0.0,0.0,0.3032423606251458,0,0
1,8320,0.0,0.0,0.29218909631280765,0,0
2,12480,0.0,0.0,0.26778465428894654,0,0
3,16640,0.0,0.0,0.281041622797782,0,0
4,20800,0.0,0.0,0.276914577722533,0,0
5,24960,0.0,0.0,0.2758288622919246,0,0
6,29120,0.0,0.0,0.2749451754385965,0,0
7,33280,0.0,0.0,0.2744294109607763,0,0
8,37440,0.0,0.0,0.2734380311373989,0,0
9,41600,0.0,0.0,0.2663489541964522,0,0
10,45760,0.0,0.0,0.25284322965755573,0,0
11,49920,0.0,0.0,0.25222514729848317,0,0
12,54080,0.0,0.0,0.2483490711596618,0,0
13,58240,0.0,0.0,0.2554920634920635,0,0
14,62400,0.0,0.0,0.25829642467424097,0,0
15,66560,0.0,0.0,0.26534784042202436,0,0
16,70720,0.0,0.0,0.2655579753184188,0,0
17,74880,0.0,0.0,0.26310971622858637,0,0
18,79040,0.0,0.0,0.2595459236326109,0,0
19,83200,0.0,0.0,0.25814729278932513,0,0
20,87360,0.0,0.0,0.2546674261122714,0,0
21,91520,0.0,0.0,0.25203557559814604,0,0
22,95680,0.0,0.0,0.25222514729848317,0,0
23,99840,0.0,0.0,0.25246251333207853,0,0
24,104000,0.0,0.0,0.25246251333207853,0,0
25,108160,0.0,0.0,0.25217772764304064,0,0
26,112320,0.0,0.0,0.2516572858036273,0,0
27,116480,0.0,0.0,0.2502954531318032,0,0
28,120640,0.0,0.0,0.24853313569266877,0,0
29,124800,0.0,0.0,0.24688631204368364,0,0
30,128960,0.0,0.0,0.24638746020083271,0,0
31,133120,0.0,0.0,0.2455305387760083,0,0
32,137280,0.0,0.0,0.24418957461010984,0,0
33,141440,0.0,0.0,0.2432595816708983,0,0
34,145600,0.0,0.0,0.2429951690821256,0,0
35,149760,0.0,0.0,0.24286317822439496,0,0
36,153920,0.0,0.0,0.24281921313058172,0,0
37,158080,0.0,0.0,0.3641628959276018,0,0
38,162240,0.0,0.0,0.3641628959276018,0,0
39,166400,0.0,0.0,0.3641628959276018,0,0
40,170560,0.0,0.0,0.3641628959276018,0,0
41,174720,0.0,0.0,0.3641628959276018,0,0
42,178880,0.0,0.0,0.3641628959276018,0,0
43,183040,0.0,0.0,0.3641628959276018,0,0
44,187200,0.0,0.0,0.3641628959276018,0,0
45,191360,0.0,0.0,0.3641628959276018,0,0
46,195520,0.0,0.0,0.3641628959276018,0,0
47,199680,0.0,0.0,0.3641628959276018,0,0
48,203840,0.0,0.0,0.3641628959276018,0,0
49,208000,0.0,0.0,0.3641628959276018,0,0
