t,bytes_sent,utility,pheromone,f1_val,agg_count,rollback
0,4160,0.0,0.0,0.3567939207526687,0,0
1,8320,0.0,0.0,0.3567939207526687,0,0
2,12480,0.0,0.0,0.3567939207526687,0,0
3,16640,0.0,0.0,0.3567939207526687,0,0
4,20800,0.0,0.0,0.1811501010472166,0,0
5,24960,0.0,0.0,0.24300677757239678,0,0
6,29120,0.0,0.0,0.24305170395020645,0,0
7,33280,0.0,0.0,0.248613212304589,0,0
8,37440,0.0,0.0,0.24980958553663238,0,0
9,41600,0.0,0.0,0.3927959994052911,0,0
10,45760,0.0,0.0,0.25244340957555295,0,0
11,49920,0.0,0.0,0.2513842895697973,0,0
12,54080,0.0,0.0,0.24905279110886588,0,0
13,58240,0.0,0.0,0.24532897278798918,0,0
14,62400,0.0,0.0,0.33215428667677277,0,0
15,66560,0.0,0.0,0.643568696223274,0,0
16,70720,0.0,0.0,0.645147584330051,0,0
17,74880,0.0,0.0,0.6489217400793906,0,0
18,79040,0.0,0.0,0.6461564029454497,0,0
19,83200,0.0,0.0,0.6450898484866255,0,0
20,87360,0.0,0.0,0.6459557905929098,0,0
21,91520,0.0,0.0,0.4525716462705193,0,0
22,95680,0.0,0.0,0.3295812826984585,0,0
23,99840,0.0,0.0,0.478233864878034,0,0
24,104000,0.0,0.0,0.35777636415471253,0,0
25,108160,0.0,0.0,0.39553133512369926,0,0
26,112320,0.0,0.0,0.3542039690449585,0,0
27,116480,0.0,0.0,0.3330794473821765,0,0
28,120640,0.0,0.0,0.24399901014600345,0,0
29,124800,0.0,0.0,0.2431865828092243,0,0
30,128960,0.0,0.0,0.3294903926482874,0,0
31,133120,0.0,0.0,0.3330799763533485,0,0
32,137280,0.0,0.0,0.33316438587599256,0,0
33,141440,0.0,0.0,0.33316438587599256,0,0
34,145600,0.0,0.0,0.3330799763533485,0,0
35,149760,0.0,0.0,0.33316438587599256,0,0
36,153920,0.0,0.0,0.3330799763533485,0,0
37,158080,0.0,0.0,0.33316438587599256,0,0
38,162240,0.0,0.0,0.33316438587599256,0,0
39,166400,0.0,0.0,0.33316438587599256,0,0
40,170560,0.0,0.0,0.33316438587599256,0,0
41,174720,0.0,0.0,0.33316438587599256,0,0
42,178880,0.0,0.0,0.33316438587599256,0,0
43,183040,0.0,0.0,0.33316438587599256,0,0
44,187200,0.0,0.0,0.33316438587599256,0,0
45,191360,0.0,0.0,0.33316438587599256,0,0
46,195520,0.0,0.0,0.33316438587599256,0,0
47,199680,0.0,0.0,0.33316438587599256,0,0
48,203840,0.0,0.0,0.33316438587599256,0,0
49,208000,0.0,0.0,0.33316438587599256,0,0
