t,bytes_sent,utility,pheromone,f1_val,agg_count,rollback
0,1040,0.0,0.0,0.6255333606942471,0,0
1,2080,0.0,0.0,0.940087060377895,0,0
2,3120,0.0,0.0,0.755099735824592,0,0
3,4160,0.0,0.0,0.9322925413257762,0,0
4,5200,0.0,0.0,0.9201079357247302,0,0
5,6240,0.0,0.0,0.9383200530651123,0,0
6,7280,0.0,0.0,0.9237708677567136,0,0
7,8320,0.0,0.0,0.6893057275202041,0,0
8,9360,0.0,0.0,0.9409366061688396,0,0
9,10400,0.0,0.0,0.9535070699419506,0,0
10,11440,0.0,0.0,0.948654747471557,0,0
11,12480,0.0,0.0,0.6281742583183081,0,0
12,13520,0.0,0.0,0.8532032215807901,0,0
13,14560,0.0,0.0,0.9388794654818645,0,0
14,15600,0.0,0.0,0.9423394388344399,0,0
15,16640,0.0,0.0,0.9523600315044474,0,0
16,17680,0.0,0.0,0.9508090580015286,0,0
17,18720,0.0,0.0,0.9509598517277337,0,0
18,19760,0.0,0.0,0.9510025641589319,0,0
19,20800,0.0,0.0,0.952288902396157,0,0
20,21840,0.0,0.0,0.9518149084551462,0,0
21,22880,0.0,0.0,0.9564593687208486,0,0
22,23920,0.0,0.0,0.9472741494917216,0,0
23,24960,0.0,0.0,0.9531546566962672,0,0
24,26000,0.0,0.0,0.9556808797186644,0,0
25,27040,0.0,0.0,0.954753879228055,0,0
26,28080,0.0,0.0,0.9530182992505816,0,0
27,29120,0.0,0.0,0.9557962010490855,0,0
28,30160,0.0,0.0,0.9561299473871406,0,0
29,31200,0.0,0.0,0.9423838357727334,0,0
30,32240,0.0,0.0,0.9559589083487611,0,0
31,33280,0.0,0.0,0.9293206179304472,0,0
32,34320,0.0,0.0,0.9574480682498003,0,0
33,35360,0.0,0.0,0.9548851763450434,0,0
34,36400,0.0,0.0,0.9542002487063023,0,0
35,37440,0.0,0.0,0.9557732357941721,0,0
36,38480,0.0,0.0,0.9540763625537877,0,0
37,39520,0.0,0.0,0.956369396450721,0,0
38,40560,0.0,0.0,0.9571585499396692,0,0
39,41600,0.0,0.0,0.9539044167856956,0,0
40,42640,0.0,0.0,0.9273213162767211,0,0
41,43680,0.0,0.0,0.9433462248712786,0,0
42,44720,0.0,0.0,0.9526630001087716,0,0
43,45760,0.0,0.0,0.9548220684066633,0,0
44,46800,0.0,0.0,0.9534859304078598,0,0
45,47840,0.0,0.0,0.9554868981494533,0,0
46,48880,0.0,0.0,0.9535447702854143,0,0
47,49920,0.0,0.0,0.95559836593753,0,0
48,50960,0.0,0.0,0.9556752765126175,0,0
49,52000,0.0,0.0,0.9535096342111377,0,0
