t,bytes_sent,utility,pheromone,f1_val,agg_count,rollback
0,1040,0.0,0.0,0.9595323931882617,0,0
1,2080,0.0,0.0,0.8221489466296664,0,0
2,3120,0.0,0.0,0.8773700749938281,0,0
3,4160,0.0,0.0,0.6096982247494384,0,0
4,5200,0.0,0.0,0.7664639816171722,0,0
5,6240,0.0,0.0,0.9388360214906095,0,0
6,7280,0.0,0.0,0.95271902642113,0,0
7,8320,0.0,0.0,0.8402347742119999,0,0
8,9360,0.0,0.0,0.8881367704461938,0,0
9,10400,0.0,0.0,0.771390411991774,0,0
10,11440,0.0,0.0,0.8928788098494753,0,0
11,12480,0.0,0.0,0.9498366373978413,0,0
12,13520,0.0,0.0,0.9064719409081248,0,0
13,14560,0.0,0.0,0.8452637337252613,0,0
14,15600,0.0,0.0,0.932152338143017,0,0
15,16640,0.0,0.0,0.9193755108978257,0,0
16,17680,0.0,0.0,0.8311324328937093,0,0
17,18720,0.0,0.0,0.8164720688452866,0,0
18,19760,0.0,0.0,0.8109519485277881,0,0
19,20800,0.0,0.0,0.8095227671727971,0,0
20,21840,0.0,0.0,0.8078049599387715,0,0
21,22880,0.0,0.0,0.8063710195274245,0,0
22,23920,0.0,0.0,0.8169087516716873,0,0
23,24960,0.0,0.0,0.8113485456213632,0,0
24,26000,0.0,0.0,0.8130618067271506,0,0
25,27040,0.0,0.0,0.811919945787147,0,0
26,28080,0.0,0.0,0.8112972999058514,0,0
27,29120,0.0,0.0,0.8103889375026377,0,0
28,30160,0.0,0.0,0.8089592552603326,0,0
29,31200,0.0,0.0,0.8083867945325163,0,0
30,32240,0.0,0.0,0.8078139889219211,0,0
31,33280,0.0,0.0,0.8063804266563955,0,0
32,34320,0.0,0.0,0.8076263516273643,0,0
33,35360,0.0,0.0,0.8055191975832938,0,0
34,36400,0.0,0.0,0.8055191975832938,0,0
35,37440,0.0,0.0,0.804944577433358,0,0
36,38480,0.0,0.0,0.8046571248637415,0,0
37,39520,0.0,0.0,0.8043695762900027,0,0
38,40560,0.0,0.0,0.8040819309556433,0,0
39,41600,0.0,0.0,0.8032184068149247,0,0
40,42640,0.0,0.0,0.8032184068149247,0,0
41,43680,0.0,0.0,0.8044174314480612,0,0
42,44720,0.0,0.0,0.8044174314480612,0,0
43,45760,0.0,0.0,0.8047528621453566,0,0
44,46800,0.0,0.0,0.8041770180312743,0,0
45,47840,0.0,0.0,0.8038889477812048,0,0
46,48880,0.0,0.0,0.8035537118087059,0,0
47,49920,0.0,0.0,0.8038889477812048,0,0
48,50960,0.0,0.0,0.8036007777246104,0,0
49,52000,0.0,0.0,0.8036007777246104,0,0
