t,bytes_sent,utility,pheromone,f1_val,agg_count,rollback
0,1040,0.0,0.0,0.141397957139996,0,0
1,2080,0.0,0.0,0.141397957139996,0,0
2,3120,0.0,0.0,0.141397957139996,0,0
3,4160,0.0,0.0,0.141397957139996,0,0
4,5200,0.0,0.0,0.141397957139996,0,0
5,6240,0.0,0.0,0.141397957139996,0,0
6,7280,0.0,0.0,0.141397957139996,0,0
7,8320,0.0,0.0,0.141397957139996,0,0
8,9360,0.0,0.0,0.141397957139996,0,0
9,10400,0.0,0.0,0.14341098649741643,0,0
10,11440,0.0,0.0,0.4165709319798545,0,0
11,12480,0.0,0.0,0.5931228071717579,0,0
12,13520,0.0,0.0,0.7012165807733519,0,0
13,14560,0.0,0.0,0.4445846924154301,0,0
14,15600,0.0,0.0,0.47980218708072797,0,0
15,16640,0.0,0.0,0.5492067503436415,0,0
16,17680,0.0,0.0,0.6410707397530238,0,0
17,18720,0.0,0.0,0.7010401564543445,0,0
18,19760,0.0,0.0,0.7010401564543445,0,0
19,20800,0.0,0.0,0.7010401564543445,0,0
20,21840,0.0,0.0,0.7010401564543445,0,0
21,22880,0.0,0.0,0.7009662546266813,0,0
22,23920,0.0,0.0,0.7009662546266813,0,0
23,24960,0.0,0.0,0.6822366662631754,0,0
24,26000,0.0,0.0,0.43736264214639087,0,0
25,27040,0.0,0.0,0.7009662546266813,0,0
26,28080,0.0,0.0,0.7009662546266813,0,0
27,29120,0.0,0.0,0.7009662546266813,0,0
28,30160,0.0,0.0,0.7009662546266813,0,0
29,31200,0.0,0.0,0.9962500947792776,0,0
30,32240,0.0,0.0,0.7625235212655638,0,0
31,33280,0.0,0.0,0.9962500947792776,0,0
32,34320,0.0,0.0,0.9892714523047061,0,0
33,35360,0.0,0.0,0.9964101856672208,0,0
34,36400,0.0,0.0,0.9880286744602689,0,0
35,37440,0.0,0.0,0.995999768632607,0,0
36,38480,0.0,0.0,0.9918149940667227,0,0
37,39520,0.0,0.0,0.9963665676526772,0,0
38,40560,0.0,0.0,0.9963665676526772,0,0
39,41600,0.0,0.0,0.9893150859224193,0,0
40,42640,0.0,0.0,0.99595615083954,0,0
41,43680,0.0,0.0,0.9955808965143278,0,0
42,44720,0.0,0.0,0.9963665676526772,0,0
43,45760,0.0,0.0,0.9963665676526772,0,0
44,46800,0.0,0.0,0.990582573027146,0,0
45,47840,0.0,0.0,0.996808967411047,0,0
46,48880,0.0,0.0,0.9963665676526772,0,0
47,49920,0.0,0.0,0.9951655063899485,0,0
48,50960,0.0,0.0,0.9947440946163844,0,0
49,52000,0.0,0.0,0.99595615083954,0,0
