t,bytes_sent,utility,pheromone,f1_val,agg_count,rollback
0,4160,0.0,0.0,0.0,0,0
1,8320,0.0,0.0,0.00018585633305454884,0,0
2,12480,0.0,0.0,0.0,0,0
3,16640,0.0,0.0,0.0,0,0
4,20800,0.0,0.0,0.0,0,0
5,24960,0.0,0.0,0.0,0,0
6,29120,0.0,0.0,0.0,0,0
7,33280,0.0,0.0,0.0,0,0
8,37440,0.0,0.0,0.0,0,0
9,41600,0.0,0.0,0.0,0,0
10,45760,0.0,0.0,0.0,0,0
11,49920,0.0,0.0,0.0,0,0
12,54080,0.0,0.0,0.0,0,0
13,58240,0.0,0.0,0.3285148302816147,0,0
14,62400,0.0,0.0,0.2601103698212668,0,0
15,66560,0.0,0.0,0.22711254944264656,0,0
16,70720,0.0,0.0,0.21948846260772867,0,0
17,74880,0.0,0.0,0.2081603058466812,0,0
18,79040,0.0,0.0,0.20384714691453654,0,0
19,83200,0.0,0.0,0.20580875720604805,0,0
20,87360,0.0,0.0,0.20691473998636142,0,0
21,91520,0.0,0.0,0.25253021697471806,0,0
22,95680,0.0,0.0,0.3076409942921487,0,0
23,99840,0.0,0.0,0.48785929612420365,0,0
24,104000,0.0,0.0,0.6199115834945497,0,0
25,108160,0.0,0.0,0.6657556935817805,0,0
26,112320,0.0,0.0,0.9994354958690915,0,0
27,116480,0.0,0.0,0.6654400923220111,0,0
28,120640,0.0,0.0,0.2888100866824271,0,0
29,124800,0.0,0.0,0.2385288341367613,0,0
30,128960,0.0,0.0,0.23868165863525492,0,0
31,133120,0.0,0.0,0.23868165863525492,0,0
32,137280,0.0,0.0,0.23829939264022867,0,0
33,141440,0.0,0.0,0.23906324298621018,0,0
34,145600,0.0,0.0,0.23883437407077013,0,0
35,149760,0.0,0.0,0.35939447907390915,0,0
36,153920,0.0,0.0,0.35939447907390915,0,0
37,158080,0.0,0.0,0.35939447907390915,0,0
38,162240,0.0,0.0,0.35939447907390915,0,0
39,166400,0.0,0.0,0.35939447907390915,0,0
40,170560,0.0,0.0,0.35939447907390915,0,0
41,174720,0.0,0.0,0.35939447907390915,0,0
42,178880,0.0,0.0,0.35939447907390915,0,0
43,183040,0.0,0.0,0.35939447907390915,0,0
44,187200,0.0,0.0,0.35939447907390915,0,0
45,191360,0.0,0.0,0.35939447907390915,0,0
46,195520,0.0,0.0,0.35939447907390915,0,0
47,199680,0.0,0.0,0.35939447907390915,0,0
48,203840,0.0,0.0,0.35939447907390915,0,0
49,208000,0.0,0.0,0.44154467292355976,0,0
