t,bytes_sent,utility,pheromone,f1_val,agg_count,rollback
0,1040,0.0,0.0,0.10392028033289531,0,0
1,2080,0.0,0.0,0.1403857625770531,0,0
2,3120,0.0,0.0,0.1403857625770531,0,0
3,4160,0.0,0.0,0.1403857625770531,0,0
4,5200,0.0,0.0,0.1403857625770531,0,0
5,6240,0.0,0.0,0.1403857625770531,0,0
6,7280,0.0,0.0,0.1403857625770531,0,0
7,8320,0.0,0.0,0.1403857625770531,0,0
8,9360,0.0,0.0,0.1403857625770531,0,0
9,10400,0.0,0.0,0.1403857625770531,0,0
10,11440,0.0,0.0,0.1403857625770531,0,0
11,12480,0.0,0.0,0.1403857625770531,0,0
12,13520,0.0,0.0,0.35091542477199017,0,0
13,14560,0.0,0.0,0.41627458463323097,0,0
14,15600,0.0,0.0,0.3716649514240906,0,0
15,16640,0.0,0.0,0.6877170968843018,0,0
16,17680,0.0,0.0,0.7123268397694454,0,0
17,18720,0.0,0.0,0.6246063122194122,0,0
18,19760,0.0,0.0,0.7007554691981991,0,0
19,20800,0.0,0.0,0.5703500284051741,0,0
20,21840,0.0,0.0,0.5833769095980659,0,0
21,22880,0.0,0.0,0.6255103395435669,0,0
22,23920,0.0,0.0,0.6312994567521659,0,0
23,24960,0.0,0.0,0.5759646534046208,0,0
24,26000,0.0,0.0,0.6278199980865939,0,0
25,27040,0.0,0.0,0.6217075039210591,0,0
26,28080,0.0,0.0,0.6149414603679555,0,0
27,29120,0.0,0.0,0.6132643106649491,0,0
28,30160,0.0,0.0,0.5692686182307056,0,0
29,31200,0.0,0.0,0.6045381402618274,0,0
30,32240,0.0,0.0,0.4616054344827046,0,0
31,33280,0.0,0.0,0.6048688079049903,0,0
32,34320,0.0,0.0,0.6046669858899093,0,0
33,35360,0.0,0.0,0.6452483572250254,0,0
34,36400,0.0,0.0,0.6020047409462467,0,0
35,37440,0.0,0.0,0.5776069213830202,0,0
36,38480,0.0,0.0,0.6710614121635687,0,0
37,39520,0.0,0.0,0.6725389076597608,0,0
38,40560,0.0,0.0,0.582586300167812,0,0
39,41600,0.0,0.0,0.6167144634074745,0,0
40,42640,0.0,0.0,0.6522349368067046,0,0
41,43680,0.0,0.0,0.6020827675646909,0,0
42,44720,0.0,0.0,0.5888154959575915,0,0
43,45760,0.0,0.0,0.6501955238279052,0,0
44,46800,0.0,0.0,0.6074090751600512,0,0
45,47840,0.0,0.0,0.5761080460327366,0,0
46,48880,0.0,0.0,0.6263837488205518,0,0
47,49920,0.0,0.0,0.598828692492966,0,0
48,50960,0.0,0.0,0.5759009944007257,0,0
49,52000,0.0,0.0,0.6113274427198554,0,0
