t,bytes_sent,utility,pheromone,f1_val,agg_count,rollback
0,1040,0.0,0.0,0.14142628205128205,0,0
1,2080,0.0,0.0,0.14142628205128205,0,0
2,3120,0.0,0.0,0.14142628205128205,0,0
3,4160,0.0,0.0,0.14142628205128205,0,0
4,5200,0.0,0.0,0.14142628205128205,0,0
5,6240,0.0,0.0,0.14142628205128205,0,0
6,7280,0.0,0.0,0.14142628205128205,0,0
7,8320,0.0,0.0,0.14142628205128205,0,0
8,9360,0.0,0.0,0.14142628205128205,0,0
9,10400,0.0,0.0,0.14142628205128205,0,0
10,11440,0.0,0.0,0.14142628205128205,0,0
11,12480,0.0,0.0,0.14142628205128205,0,0
12,13520,0.0,0.0,0.4172560359570804,0,0
13,14560,0.0,0.0,0.3862426370868439,0,0
14,15600,0.0,0.0,0.3718590977920375,0,0
15,16640,0.0,0.0,0.3779811761393711,0,0
16,17680,0.0,0.0,0.3848326206199815,0,0
17,18720,0.0,0.0,0.3729818685279128,0,0
18,19760,0.0,0.0,0.4091347596423647,0,0
19,20800,0.0,0.0,0.7103229979052081,0,0
20,21840,0.0,0.0,0.6997195338270283,0,0
21,22880,0.0,0.0,0.6981757323449177,0,0
22,23920,0.0,0.0,0.6944949406623682,0,0
23,24960,0.0,0.0,0.6582374885499189,0,0
24,26000,0.0,0.0,0.6947618554068232,0,0
25,27040,0.0,0.0,0.6649273083120334,0,0
26,28080,0.0,0.0,0.6942538211964496,0,0
27,29120,0.0,0.0,0.6956878457803581,0,0
28,30160,0.0,0.0,0.6976368334602626,0,0
29,31200,0.0,0.0,0.6945079023271653,0,0
30,32240,0.0,0.0,0.6913383240525885,0,0
31,33280,0.0,0.0,0.6953079493348706,0,0
32,34320,0.0,0.0,0.6939942661764544,0,0
33,35360,0.0,0.0,0.7072428994429236,0,0
34,36400,0.0,0.0,0.6456423602190302,0,0
35,37440,0.0,0.0,0.6777385405246072,0,0
36,38480,0.0,0.0,0.9481253122395323,0,0
37,39520,0.0,0.0,0.9003228477334907,0,0
38,40560,0.0,0.0,0.7044417187019959,0,0
39,41600,0.0,0.0,0.8198084151109354,0,0
40,42640,0.0,0.0,0.8239071451818003,0,0
41,43680,0.0,0.0,0.8199726882334852,0,0
42,44720,0.0,0.0,0.7547095404408378,0,0
43,45760,0.0,0.0,0.8666932581269146,0,0
44,46800,0.0,0.0,0.7329620215618906,0,0
45,47840,0.0,0.0,0.9613352727357424,0,0
46,48880,0.0,0.0,0.91777639874477,0,0
47,49920,0.0,0.0,0.4762961211977771,0,0
48,50960,0.0,0.0,0.6068723440388277,0,0
49,52000,0.0,0.0,0.9276559373466449,0,0
