t,bytes_sent,utility,pheromone,f1_val,agg_count,rollback
0,1040,0.0,0.0,0.02065167508031207,0,0
1,2080,0.0,0.0,0.01954921803127875,0,0
2,3120,0.0,0.0,0.04308836395450569,0,0
3,4160,0.0,0.0,0.025658492279745686,0,0
4,5200,0.0,0.0,0.025658492279745686,0,0
5,6240,0.0,0.0,0.025873808443032227,0,0
6,7280,0.0,0.0,0.02737556561085973,0,0
7,8320,0.0,0.0,0.061686949223667645,0,0
8,9360,0.0,0.0,0.03182429403854774,0,0
9,10400,0.0,0.0,0.029927992799279927,0,0
10,11440,0.0,0.0,0.032243618450515,0,0
11,12480,0.0,0.0,0.03536476868327402,0,0
12,13520,0.0,0.0,0.0422874671340929,0,0
13,14560,0.0,0.0,0.0422874671340929,0,0
14,15600,0.0,0.0,0.047051170858629664,0,0
15,16640,0.0,0.0,0.03905560458958517,0,0
16,17680,0.0,0.0,0.03762726870296591,0,0
17,18720,0.0,0.0,0.03453654188948307,0,0
18,19760,0.0,0.0,0.033080017881090745,0,0
19,20800,0.0,0.0,0.03140421713772992,0,0
20,21840,0.0,0.0,0.02886783942264321,0,0
21,22880,0.0,0.0,0.028655234657039712,0,0
22,23920,0.0,0.0,0.028442437923250564,0,0
23,24960,0.0,0.0,0.02886783942264321,0,0
24,26000,0.0,0.0,0.028016267510167194,0,0
25,27040,0.0,0.0,0.027802893309222424,0,0
26,28080,0.0,0.0,0.027802893309222424,0,0
27,29120,0.0,0.0,0.028016267510167194,0,0
28,30160,0.0,0.0,0.028016267510167194,0,0
29,31200,0.0,0.0,0.028016267510167194,0,0
30,32240,0.0,0.0,0.027589326096788783,0,0
31,33280,0.0,0.0,0.028016267510167194,0,0
32,34320,0.0,0.0,0.028016267510167194,0,0
33,35360,0.0,0.0,0.028016267510167194,0,0
34,36400,0.0,0.0,0.027589326096788783,0,0
35,37440,0.0,0.0,0.028016267510167194,0,0
36,38480,0.0,0.0,0.028229448961156277,0,0
37,39520,0.0,0.0,0.028229448961156277,0,0
38,40560,0.0,0.0,0.028229448961156277,0,0
39,41600,0.0,0.0,0.028229448961156277,0,0
40,42640,0.0,0.0,0.028442437923250564,0,0
41,43680,0.0,0.0,0.028229448961156277,0,0
42,44720,0.0,0.0,0.027589326096788783,0,0
43,45760,0.0,0.0,0.028016267510167194,0,0
44,46800,0.0,0.0,0.028442437923250564,0,0
45,47840,0.0,0.0,0.028229448961156277,0,0
46,48880,0.0,0.0,0.028229448961156277,0,0
47,49920,0.0,0.0,0.028229448961156277,0,0
48,50960,0.0,0.0,0.028442437923250564,0,0
49,52000,0.0,0.0,0.028229448961156277,0,0
