t,bytes_sent,utility,pheromone,f1_val,agg_count,rollback
0,4160,0.0,0.0,0.9295502825742467,0,0
1,8320,0.0,0.0,0.9926368238932805,0,0
2,12480,0.0,0.0,0.9926368238932805,0,0
3,16640,0.0,0.0,0.9930017911527874,0,0
4,20800,0.0,0.0,0.9946506625800536,0,0
5,24960,0.0,0.0,0.9931022471969293,0,0
6,29120,0.0,0.0,0.993467150337892,0,0
7,33280,0.0,0.0,0.9930242869159148,0,0
8,37440,0.0,0.0,0.9943061170321275,0,0
9,41600,0.0,0.0,0.9958838068115152,0,0
10,45760,0.0,0.0,0.995039935099408,0,0
11,49920,0.0,0.0,0.994226489780355,0,0
12,54080,0.0,0.0,0.9953263813087347,0,0
13,58240,0.0,0.0,0.996497121706994,0,0
14,62400,0.0,0.0,0.9953263813087347,0,0
15,66560,0.0,0.0,0.9783124988866645,0,0
16,70720,0.0,0.0,0.8077021835902557,0,0
17,74880,0.0,0.0,0.9891185407851278,0,0
18,79040,0.0,0.0,0.8802622766599371,0,0
19,83200,0.0,0.0,0.9937914635232307,0,0
20,87360,0.0,0.0,0.9783587516525749,0,0
21,91520,0.0,0.0,0.8903128740925945,0,0
22,95680,0.0,0.0,0.9326747607370114,0,0
23,99840,0.0,0.0,0.8502110151995735,0,0
24,104000,0.0,0.0,0.8317902308933633,0,0
25,108160,0.0,0.0,0.8435634227732198,0,0
26,112320,0.0,0.0,0.8310553763967917,0,0
27,116480,0.0,0.0,0.8283611582194719,0,0
28,120640,0.0,0.0,0.8315452742107836,0,0
29,124800,0.0,0.0,0.8256668768162482,0,0
30,128960,0.0,0.0,0.8256668768162482,0,0
31,133120,0.0,0.0,0.8259118297605619,0,0
32,137280,0.0,0.0,0.8249319835945614,0,0
33,141440,0.0,0.0,0.8300756302958914,0,0
34,145600,0.0,0.0,0.8215014837385843,0,0
35,149760,0.0,0.0,0.8227268907358751,0,0
36,153920,0.0,0.0,0.82199168228697,0,0
37,158080,0.0,0.0,0.8259118297605619,0,0
38,162240,0.0,0.0,0.8190496444023733,0,0
39,166400,0.0,0.0,0.8229719381453275,0,0
40,170560,0.0,0.0,0.8202757532181191,0,0
41,174720,0.0,0.0,0.8188043724362358,0,0
42,178880,0.0,0.0,0.8200305634681699,0,0
43,183040,0.0,0.0,0.814877310994997,0,0
44,187200,0.0,0.0,0.8188043724362358,0,0
45,191360,0.0,0.0,0.8188043724362358,0,0
46,195520,0.0,0.0,0.8188043724362358,0,0
47,199680,0.0,0.0,0.8188043724362358,0,0
48,203840,0.0,0.0,0.8188043724362358,0,0
49,208000,0.0,0.0,0.8175777376120963,0,0
