t,bytes_sent,utility,pheromone,f1_val,agg_count,rollback
0,1040,0.0,0.0,0.14035785288270378,0,0
1,2080,0.0,0.0,0.14035785288270378,0,0
2,3120,0.0,0.0,0.14035785288270378,0,0
3,4160,0.0,0.0,0.14035785288270378,0,0
4,5200,0.0,0.0,0.14035785288270378,0,0
5,6240,0.0,0.0,0.14035785288270378,0,0
6,7280,0.0,0.0,0.14035785288270378,0,0
7,8320,0.0,0.0,0.14035785288270378,0,0
8,9360,0.0,0.0,0.14035785288270378,0,0
9,10400,0.0,0.0,0.14035785288270378,0,0
10,11440,0.0,0.0,0.14035785288270378,0,0
11,12480,0.0,0.0,0.39659360338126215,0,0
12,13520,0.0,0.0,0.39656053564365834,0,0
13,14560,0.0,0.0,0.39656053564365834,0,0
14,15600,0.0,0.0,0.39656053564365834,0,0
15,16640,0.0,0.0,0.39659360338126215,0,0
16,17680,0.0,0.0,0.39659360338126215,0,0
17,18720,0.0,0.0,0.625093333758485,0,0
18,19760,0.0,0.0,0.6923177505287506,0,0
19,20800,0.0,0.0,0.6881473560687068,0,0
20,21840,0.0,0.0,0.6879332308532392,0,0
21,22880,0.0,0.0,0.6390346604759161,0,0
22,23920,0.0,0.0,0.9382970295702913,0,0
23,24960,0.0,0.0,0.9968565610570885,0,0
24,26000,0.0,0.0,0.9970795140208744,0,0
25,27040,0.0,0.0,0.9922699234101122,0,0
26,28080,0.0,0.0,0.9961191272622419,0,0
27,29120,0.0,0.0,0.99727647169645,0,0
28,30160,0.0,0.0,0.997211058727947,0,0
29,31200,0.0,0.0,0.9965996961970629,0,0
30,32240,0.0,0.0,0.997043018986542,0,0
31,33280,0.0,0.0,0.9974537796719909,0,0
32,34320,0.0,0.0,0.9955487427335393,0,0
33,35360,0.0,0.0,0.9968370472946124,0,0
34,36400,0.0,0.0,0.9968002980424979,0,0
35,37440,0.0,0.0,0.9958104325535246,0,0
36,38480,0.0,0.0,0.9963375338307721,0,0
37,39520,0.0,0.0,0.9943166121735121,0,0
38,40560,0.0,0.0,0.9969682102907778,0,0
39,41600,0.0,0.0,0.9809132729385288,0,0
40,42640,0.0,0.0,0.9974284489365712,0,0
41,43680,0.0,0.0,0.9967712526152024,0,0
42,44720,0.0,0.0,0.9971856004327986,0,0
43,45760,0.0,0.0,0.9967712526152024,0,0
44,46800,0.0,0.0,0.9961471738646706,0,0
45,47840,0.0,0.0,0.9970633655553506,0,0
46,48880,0.0,0.0,0.9965574496053289,0,0
47,49920,0.0,0.0,0.9968141151682379,0,0
48,50960,0.0,0.0,0.9963375338307721,0,0
49,52000,0.0,0.0,0.9968205796367875,0,0
