t,bytes_sent,utility,pheromone,f1_val,agg_count,rollback
0,1040,0.0,0.0,0.7014937575602418,0,0
1,2080,0.0,0.0,0.7014937575602418,0,0
2,3120,0.0,0.0,0.8280696483142184,0,0
3,4160,0.0,0.0,0.8304116836456186,0,0
4,5200,0.0,0.0,0.8335023672977142,0,0
5,6240,0.0,0.0,0.8311877609271694,0,0
6,7280,0.0,0.0,0.8311973101268412,0,0
7,8320,0.0,0.0,0.8311973101268412,0,0
8,9360,0.0,0.0,0.8319712027181736,0,0
9,10400,0.0,0.0,0.8304211383528937,0,0
10,11440,0.0,0.0,0.8280696483142184,0,0
11,12480,0.0,0.0,0.8319722773662215,0,0
12,13520,0.0,0.0,0.82834885062498,0,0
13,14560,0.0,0.0,0.8273036504910154,0,0
14,15600,0.0,0.0,0.8257166012173324,0,0
15,16640,0.0,0.0,0.8319722773662215,0,0
16,17680,0.0,0.0,0.8312659100197818,0,0
17,18720,0.0,0.0,0.8280798949880143,0,0
18,19760,0.0,0.0,0.8310061537337254,0,0
19,20800,0.0,0.0,0.8325514829766574,0,0
20,21840,0.0,0.0,0.8129736978901541,0,0
21,22880,0.0,0.0,0.8286710329941332,0,0
22,23920,0.0,0.0,0.8293842202344122,0,0
23,24960,0.0,0.0,0.9068299215480522,0,0
24,26000,0.0,0.0,0.8299704805143636,0,0
25,27040,0.0,0.0,0.8265163702904132,0,0
26,28080,0.0,0.0,0.8320324509163435,0,0
27,29120,0.0,0.0,0.8291921112023747,0,0
28,30160,0.0,0.0,0.8299033146997563,0,0
29,31200,0.0,0.0,0.8314533790650362,0,0
30,32240,0.0,0.0,0.828084872805692,0,0
31,33280,0.0,0.0,0.8296612990987232,0,0
32,34320,0.0,0.0,0.8307497499066057,0,0
33,35360,0.0,0.0,0.8315258271881565,0,0
34,36400,0.0,0.0,0.8315258271881565,0,0
35,37440,0.0,0.0,0.8633873932922165,0,0
36,38480,0.0,0.0,0.933434877831544,0,0
37,39520,0.0,0.0,0.9254135138017451,0,0
38,40560,0.0,0.0,0.93427760336538,0,0
39,41600,0.0,0.0,0.9339646034854611,0,0
40,42640,0.0,0.0,0.9325010804080961,0,0
41,43680,0.0,0.0,0.931457215485014,0,0
42,44720,0.0,0.0,0.9282286653055373,0,0
43,45760,0.0,0.0,0.9283311604438437,0,0
44,46800,0.0,0.0,0.9249074035330417,0,0
45,47840,0.0,0.0,0.6705395747355859,0,0
46,48880,0.0,0.0,0.8227439794435139,0,0
47,49920,0.0,0.0,0.8250411882687745,0,0
48,50960,0.0,0.0,0.8260822017237848,0,0
49,52000,0.0,0.0,0.8258063316880485,0,0
