t,bytes_sent,utility,pheromone,f1_val,agg_count,rollback
0,1040,0.0,0.0,0.3330145066156544,0,0
1,2080,0.0,0.0,0.24964166268514096,0,0
2,3120,0.0,0.0,0.24976122254059216,0,0
3,4160,0.0,0.0,0.24976122254059216,0,0
4,5200,0.0,0.0,0.24976122254059216,0,0
5,6240,0.0,0.0,0.24946339136656331,0,0
6,7280,0.0,0.0,0.23799772468714447,0,0
7,8320,0.0,0.0,0.24068108605614358,0,0
8,9360,0.0,0.0,0.24168207024029575,0,0
9,10400,0.0,0.0,0.24257884972170687,0,0
10,11440,0.0,0.0,0.24157043879907622,0,0
11,12480,0.0,0.0,0.24134748500230735,0,0
12,13520,0.0,0.0,0.24057037718491261,0,0
13,14560,0.0,0.0,0.24068108605614358,0,0
14,15600,0.0,0.0,0.24001835704451582,0,0
15,16640,0.0,0.0,0.23881278538812786,0,0
16,17680,0.0,0.0,0.23756529638882581,0,0
17,18720,0.0,0.0,0.2367051369088029,0,0
18,19760,0.0,0.0,0.2360640938839991,0,0
19,20800,0.0,0.0,0.23574487266170835,0,0
20,21840,0.0,0.0,0.2354795137325529,0,0
21,22880,0.0,0.0,0.23532058492688415,0,0
22,23920,0.0,0.0,0.23468700919901278,0,0
23,24960,0.0,0.0,0.23452914798206279,0,0
24,26000,0.0,0.0,0.23400447427293064,0,0
25,27040,0.0,0.0,0.23369079535299375,0,0
26,28080,0.0,0.0,0.23316986179224253,0,0
27,29120,0.0,0.0,0.23301403430608153,0,0
28,30160,0.0,0.0,0.23301403430608153,0,0
29,31200,0.0,0.0,0.2329621380846325,0,0
30,32240,0.0,0.0,0.2329621380846325,0,0
31,33280,0.0,0.0,0.23301403430608153,0,0
32,34320,0.0,0.0,0.23301403430608153,0,0
33,35360,0.0,0.0,0.23301403430608153,0,0
34,36400,0.0,0.0,0.23301403430608153,0,0
35,37440,0.0,0.0,0.23306595365418895,0,0
36,38480,0.0,0.0,0.23301403430608153,0,0
37,39520,0.0,0.0,0.23316986179224253,0,0
38,40560,0.0,0.0,0.23327386262265834,0,0
39,41600,0.0,0.0,0.23337795626952254,0,0
40,42640,0.0,0.0,0.23332589783627036,0,0
41,43680,0.0,0.0,0.23322185061315495,0,0
42,44720,0.0,0.0,0.2331178961444172,0,0
43,45760,0.0,0.0,0.23301403430608153,0,0
44,46800,0.0,0.0,0.2329621380846325,0,0
45,47840,0.0,0.0,0.2329621380846325,0,0
46,48880,0.0,0.0,0.23291026497439324,0,0
47,49920,0.0,0.0,0.23275478415665332,0,0
48,50960,0.0,0.0,0.2326512455516014,0,0
49,52000,0.0,0.0,0.23254779902178746,0,0
