t,bytes_sent,utility,pheromone,f1_val,agg_count,rollback
0,1040,0.0,0.0,0.24486248215061776,0,0
1,2080,0.0,0.0,0.3567939207526687,0,0
2,3120,0.0,0.0,0.3567939207526687,0,0
3,4160,0.0,0.0,0.3567939207526687,0,0
4,5200,0.0,0.0,0.18238993710691823,0,0
5,6240,0.0,0.0,0.181283324140467,0,0
6,7280,0.0,0.0,0.18242368177613322,0,0
7,8320,0.0,0.0,0.24892703862660945,0,0
8,9360,0.0,0.0,0.25006165251640056,0,0
9,10400,0.0,0.0,0.2498099855308915,0,0
10,11440,0.0,0.0,0.24449260974943024,0,0
11,12480,0.0,0.0,0.24533065210789215,0,0
12,13520,0.0,0.0,0.1833694573120727,0,0
13,14560,0.0,0.0,0.19189352466010226,0,0
14,15600,0.0,0.0,0.4679007298005427,0,0
15,16640,0.0,0.0,0.6528257576375913,0,0
16,17680,0.0,0.0,0.6000784560285809,0,0
17,18720,0.0,0.0,0.4381349432815507,0,0
18,19760,0.0,0.0,0.25696299646340487,0,0
19,20800,0.0,0.0,0.25482950756116685,0,0
20,21840,0.0,0.0,0.256990430778326,0,0
21,22880,0.0,0.0,0.25580354785914156,0,0
22,23920,0.0,0.0,0.24855054197126292,0,0
23,24960,0.0,0.0,0.2512557087436928,0,0
24,26000,0.0,0.0,0.3527332994421174,0,0
25,27040,0.0,0.0,0.3899369547094046,0,0
26,28080,0.0,0.0,0.39382290704082257,0,0
27,29120,0.0,0.0,0.4864789466449312,0,0
28,30160,0.0,0.0,0.4868290886758545,0,0
29,31200,0.0,0.0,0.41017371859154383,0,0
30,32240,0.0,0.0,0.4046923037986211,0,0
31,33280,0.0,0.0,0.4016550755926521,0,0
32,34320,0.0,0.0,0.40484277502164134,0,0
33,35360,0.0,0.0,0.38729885056136915,0,0
34,36400,0.0,0.0,0.35881597715403,0,0
35,37440,0.0,0.0,0.40424010163406865,0,0
36,38480,0.0,0.0,0.4052934025981133,0,0
37,39520,0.0,0.0,0.4116254261591312,0,0
38,40560,0.0,0.0,0.4124905102083585,0,0
39,41600,0.0,0.0,0.4124905102083585,0,0
40,42640,0.0,0.0,0.5490265530410218,0,0
41,43680,0.0,0.0,0.4891586273691857,0,0
42,44720,0.0,0.0,0.6519651806470188,0,0
43,45760,0.0,0.0,0.6523090050780578,0,0
44,46800,0.0,0.0,0.651995412024092,0,0
45,47840,0.0,0.0,0.651995412024092,0,0
46,48880,0.0,0.0,0.651681559466805,0,0
47,49920,0.0,0.0,0.651995412024092,0,0
48,50960,0.0,0.0,0.651995412024092,0,0
49,52000,0.0,0.0,0.651995412024092,0,0
