t,bytes_sent,utility,pheromone,f1_val,agg_count,rollback
0,1040,0.0,0.0,0.33308476261496395,0,0
1,2080,0.0,0.0,0.24956478487938324,0,0
2,3120,0.0,0.0,0.3330019880715706,0,0
3,4160,0.0,0.0,0.28961637524009437,0,0
4,5200,0.0,0.0,0.21341799159919128,0,0
5,6240,0.0,0.0,0.24095143877601713,0,0
6,7280,0.0,0.0,0.23869346733668342,0,0
7,8320,0.0,0.0,0.4219070491871583,0,0
8,9360,0.0,0.0,0.41929539295392954,0,0
9,10400,0.0,0.0,0.34997415387490066,0,0
10,11440,0.0,0.0,0.6654942272342688,0,0
11,12480,0.0,0.0,0.6656603947486558,0,0
12,13520,0.0,0.0,0.6655773316590636,0,0
13,14560,0.0,0.0,0.6424078904132096,0,0
14,15600,0.0,0.0,0.23884702786748,0,0
15,16640,0.0,0.0,0.2396131805157593,0,0
16,17680,0.0,0.0,0.6650780840009912,0,0
17,18720,0.0,0.0,0.6658263970455293,0,0
18,19760,0.0,0.0,0.6646601142356574,0,0
19,20800,0.0,0.0,0.6646601142356574,0,0
20,21840,0.0,0.0,0.665077504440884,0,0
21,22880,0.0,0.0,0.6652446656398898,0,0
22,23920,0.0,0.0,0.6654942272342688,0,0
23,24960,0.0,0.0,0.6655773316590636,0,0
24,26000,0.0,0.0,0.6654942272342688,0,0
25,27040,0.0,0.0,0.6652446656398898,0,0
26,28080,0.0,0.0,0.6652446656398898,0,0
27,29120,0.0,0.0,0.6652446656398898,0,0
28,30160,0.0,0.0,0.6641578689459691,0,0
29,31200,0.0,0.0,0.6646601142356574,0,0
30,32240,0.0,0.0,0.6644091797446431,0,0
31,33280,0.0,0.0,0.6635700089004647,0,0
32,34320,0.0,0.0,0.6638222010490828,0,0
33,35360,0.0,0.0,0.6634858606395057,0,0
34,36400,0.0,0.0,0.665077504440884,0,0
35,37440,0.0,0.0,0.6640740149094783,0,0
36,38480,0.0,0.0,0.6640740149094783,0,0
37,39520,0.0,0.0,0.6648271952537037,0,0
38,40560,0.0,0.0,0.6641578689459691,0,0
39,41600,0.0,0.0,0.6616215499728862,0,0
40,42640,0.0,0.0,0.6644928663451836,0,0
41,43680,0.0,0.0,0.665077504440884,0,0
42,44720,0.0,0.0,0.6644919930925076,0,0
43,45760,0.0,0.0,0.6641568272792373,0,0
44,46800,0.0,0.0,0.6649100095867903,0,0
45,47840,0.0,0.0,0.6641568272792373,0,0
46,48880,0.0,0.0,0.6641568272792373,0,0
47,49920,0.0,0.0,0.6654934835686729,0,0
48,50960,0.0,0.0,0.6645756799111432,0,0
49,52000,0.0,0.0,0.665160319239238,0,0
