t,bytes_sent,utility,pheromone,f1_val,agg_count,rollback
0,1040,0.0,0.0,0.9425433117638209,0,0
1,2080,0.0,0.0,0.9425513805145105,0,0
2,3120,0.0,0.0,0.9416379846791694,0,0
3,4160,0.0,0.0,0.826031225735205,0,0
4,5200,0.0,0.0,0.9455889022658654,0,0
5,6240,0.0,0.0,0.9511040317672574,0,0
6,7280,0.0,0.0,0.9301687753659978,0,0
7,8320,0.0,0.0,0.9418950240843251,0,0
8,9360,0.0,0.0,0.9406506354606695,0,0
9,10400,0.0,0.0,0.951701302466001,0,0
10,11440,0.0,0.0,0.9443940310253109,0,0
11,12480,0.0,0.0,0.9423082909808009,0,0
12,13520,0.0,0.0,0.9456050783410292,0,0
13,14560,0.0,0.0,0.9458040793261145,0,0
14,15600,0.0,0.0,0.9411935393910916,0,0
15,16640,0.0,0.0,0.933414968092321,0,0
16,17680,0.0,0.0,0.9404825474066177,0,0
17,18720,0.0,0.0,0.9432423127170053,0,0
18,19760,0.0,0.0,0.9417820458801089,0,0
19,20800,0.0,0.0,0.9418853424394852,0,0
20,21840,0.0,0.0,0.9423083789055187,0,0
21,22880,0.0,0.0,0.8949048981985606,0,0
22,23920,0.0,0.0,0.9221939915592303,0,0
23,24960,0.0,0.0,0.927485697445158,0,0
24,26000,0.0,0.0,0.9326367630880571,0,0
25,27040,0.0,0.0,0.9331162870085452,0,0
26,28080,0.0,0.0,0.931543825121968,0,0
27,29120,0.0,0.0,0.9305566143437993,0,0
28,30160,0.0,0.0,0.9342226421677109,0,0
29,31200,0.0,0.0,0.9269662530000384,0,0
30,32240,0.0,0.0,0.9276837529117749,0,0
31,33280,0.0,0.0,0.929735781144763,0,0
32,34320,0.0,0.0,0.927322352431449,0,0
33,35360,0.0,0.0,0.9335173969421454,0,0
34,36400,0.0,0.0,0.9330880237773119,0,0
35,37440,0.0,0.0,0.9321898256445302,0,0
36,38480,0.0,0.0,0.9286443300748359,0,0
37,39520,0.0,0.0,0.9296946754662816,0,0
38,40560,0.0,0.0,0.9285713494243752,0,0
39,41600,0.0,0.0,0.9288247105044742,0,0
40,42640,0.0,0.0,0.9294484537936334,0,0
41,43680,0.0,0.0,0.927890637626812,0,0
42,44720,0.0,0.0,0.9288398741657827,0,0
43,45760,0.0,0.0,0.9274979527729,0,0
44,46800,0.0,0.0,0.9276821969643247,0,0
45,47840,0.0,0.0,0.9173387377582529,0,0
46,48880,0.0,0.0,0.930108370611245,0,0
47,49920,0.0,0.0,0.9304260278103341,0,0
48,50960,0.0,0.0,0.9454320362329496,0,0
49,52000,0.0,0.0,0.9328910366743952,0,0
