t,bytes_sent,utility,pheromone,f1_val,agg_count,rollback
0,1040,0.0,0.0,0.14205682272909165,0,0
1,2080,0.0,0.0,0.14205682272909165,0,0
2,3120,0.0,0.0,0.14205682272909165,0,0
3,4160,0.0,0.0,0.14205682272909165,0,0
4,5200,0.0,0.0,0.14205682272909165,0,0
5,6240,0.0,0.0,0.14205682272909165,0,0
6,7280,0.0,0.0,0.14205682272909165,0,0
7,8320,0.0,0.0,0.14205682272909165,0,0
8,9360,0.0,0.0,0.14205682272909165,0,0
9,10400,0.0,0.0,0.14205682272909165,0,0
10,11440,0.0,0.0,0.14205682272909165,0,0
11,12480,0.0,0.0,0.41703542715461484,0,0
12,13520,0.0,0.0,0.41703542715461484,0,0
13,14560,0.0,0.0,0.41683246609844005,0,0
14,15600,0.0,0.0,0.41671011811102343,0,0
15,16640,0.0,0.0,0.41671011811102343,0,0
16,17680,0.0,0.0,0.6325984491289162,0,0
17,18720,0.0,0.0,0.40356553348422264,0,0
18,19760,0.0,0.0,0.6355426547865357,0,0
19,20800,0.0,0.0,0.4767017500433045,0,0
20,21840,0.0,0.0,0.377664905564877,0,0
21,22880,0.0,0.0,0.5555598944775602,0,0
22,23920,0.0,0.0,0.6732631868041625,0,0
23,24960,0.0,0.0,0.3906962679200714,0,0
24,26000,0.0,0.0,0.6694200013313871,0,0
25,27040,0.0,0.0,0.38934447600424915,0,0
26,28080,0.0,0.0,0.681804890150531,0,0
27,29120,0.0,0.0,0.6757057675677023,0,0
28,30160,0.0,0.0,0.3758261754913514,0,0
29,31200,0.0,0.0,0.6798888907760503,0,0
30,32240,0.0,0.0,0.4591794957643427,0,0
31,33280,0.0,0.0,0.6030107851218288,0,0
32,34320,0.0,0.0,0.5440217364403503,0,0
33,35360,0.0,0.0,0.6736122587613216,0,0
34,36400,0.0,0.0,0.3965894676076793,0,0
35,37440,0.0,0.0,0.5728296686513837,0,0
36,38480,0.0,0.0,0.5006746428197146,0,0
37,39520,0.0,0.0,0.6837203835671052,0,0
38,40560,0.0,0.0,0.3854595991326653,0,0
39,41600,0.0,0.0,0.5159292305756539,0,0
40,42640,0.0,0.0,0.45522396295411177,0,0
41,43680,0.0,0.0,0.6604949057221369,0,0
42,44720,0.0,0.0,0.5635310740762766,0,0
43,45760,0.0,0.0,0.419350010817602,0,0
44,46800,0.0,0.0,0.6717036602067257,0,0
45,47840,0.0,0.0,0.5530501952569918,0,0
46,48880,0.0,0.0,0.5080705743751912,0,0
47,49920,0.0,0.0,0.559929235360902,0,0
48,50960,0.0,0.0,0.6243134771407507,0,0
49,52000,0.0,0.0,0.584593496428109,0,0
