t,bytes_sent,utility,pheromone,f1_val,agg_count,rollback
0,1040,0.0,0.0,0.14094896331738438,0,0
1,2080,0.0,0.0,0.14094896331738438,0,0
2,3120,0.0,0.0,0.14094896331738438,0,0
3,4160,0.0,0.0,0.14094896331738438,0,0
4,5200,0.0,0.0,0.14094896331738438,0,0
5,6240,0.0,0.0,0.14094896331738438,0,0
6,7280,0.0,0.0,0.14094896331738438,0,0
7,8320,0.0,0.0,0.14094896331738438,0,0
8,9360,0.0,0.0,0.14094896331738438,0,0
9,10400,0.0,0.0,0.23546922089586805,0,0
10,11440,0.0,0.0,0.41469687789104437,0,0
11,12480,0.0,0.0,0.38914421334008303,0,0
12,13520,0.0,0.0,0.35439340473462533,0,0
13,14560,0.0,0.0,0.35214207793772434,0,0
14,15600,0.0,0.0,0.35140046005564834,0,0
15,16640,0.0,0.0,0.35140046005564834,0,0
16,17680,0.0,0.0,0.3463147669158724,0,0
17,18720,0.0,0.0,0.3525862967346304,0,0
18,19760,0.0,0.0,0.35317771804322007,0,0
19,20800,0.0,0.0,0.3606733252972963,0,0
20,21840,0.0,0.0,0.36766776196080364,0,0
21,22880,0.0,0.0,0.3712800972213123,0,0
22,23920,0.0,0.0,0.47467706301049306,0,0
23,24960,0.0,0.0,0.3724293806354071,0,0
24,26000,0.0,0.0,0.35326933766753077,0,0
25,27040,0.0,0.0,0.3615419222903885,0,0
26,28080,0.0,0.0,0.3682456732367439,0,0
27,29120,0.0,0.0,0.367918122063681,0,0
28,30160,0.0,0.0,0.645201883914631,0,0
29,31200,0.0,0.0,0.6899516115364435,0,0
30,32240,0.0,0.0,0.3877212032650704,0,0
31,33280,0.0,0.0,0.4116397381536768,0,0
32,34320,0.0,0.0,0.39039780203425417,0,0
33,35360,0.0,0.0,0.37795535570576183,0,0
34,36400,0.0,0.0,0.39801574008089446,0,0
35,37440,0.0,0.0,0.39634761465071583,0,0
36,38480,0.0,0.0,0.3919901262361801,0,0
37,39520,0.0,0.0,0.37929571266464956,0,0
38,40560,0.0,0.0,0.41557439249215344,0,0
39,41600,0.0,0.0,0.382707828462438,0,0
40,42640,0.0,0.0,0.3956148900217495,0,0
41,43680,0.0,0.0,0.4252426219035459,0,0
42,44720,0.0,0.0,0.3777879995946368,0,0
43,45760,0.0,0.0,0.38787541784675383,0,0
44,46800,0.0,0.0,0.40595370070291625,0,0
45,47840,0.0,0.0,0.40296278926131746,0,0
46,48880,0.0,0.0,0.7049457926945271,0,0
47,49920,0.0,0.0,0.6783220971646643,0,0
48,50960,0.0,0.0,0.526855844908324,0,0
49,52000,0.0,0.0,0.5995451993951987,0,0
