t,bytes_sent,utility,pheromone,f1_val,agg_count,rollback
0,1040,0.0,0.0,0.14205682272909165,0,0
1,2080,0.0,0.0,0.14205682272909165,0,0
2,3120,0.0,0.0,0.14205682272909165,0,0
3,4160,0.0,0.0,0.14205682272909165,0,0
4,5200,0.0,0.0,0.14205682272909165,0,0
5,6240,0.0,0.0,0.14205682272909165,0,0
6,7280,0.0,0.0,0.14205682272909165,0,0
7,8320,0.0,0.0,0.14205682272909165,0,0
8,9360,0.0,0.0,0.14205682272909165,0,0
9,10400,0.0,0.0,0.14205682272909165,0,0
10,11440,0.0,0.0,0.14205682272909165,0,0
11,12480,0.0,0.0,0.3950521659304643,0,0
12,13520,0.0,0.0,0.4166714190153544,0,0
13,14560,0.0,0.0,0.4169130971024577,0,0
14,15600,0.0,0.0,0.41683246609844005,0,0
15,16640,0.0,0.0,0.41671011811102343,0,0
16,17680,0.0,0.0,0.41671011811102343,0,0
17,18720,0.0,0.0,0.41671011811102343,0,0
18,19760,0.0,0.0,0.41671011811102343,0,0
19,20800,0.0,0.0,0.6795134470216865,0,0
20,21840,0.0,0.0,0.5949912179336608,0,0
21,22880,0.0,0.0,0.663289961579754,0,0
22,23920,0.0,0.0,0.6541336086411721,0,0
23,24960,0.0,0.0,0.40543371831878217,0,0
24,26000,0.0,0.0,0.6795404566595742,0,0
25,27040,0.0,0.0,0.43634292661528895,0,0
26,28080,0.0,0.0,0.6328707695357016,0,0
27,29120,0.0,0.0,0.5153470167273284,0,0
28,30160,0.0,0.0,0.6063748251058508,0,0
29,31200,0.0,0.0,0.5634459291954389,0,0
30,32240,0.0,0.0,0.6306915009308094,0,0
31,33280,0.0,0.0,0.6576793949685548,0,0
32,34320,0.0,0.0,0.4486611290886643,0,0
33,35360,0.0,0.0,0.571167596811036,0,0
34,36400,0.0,0.0,0.6433401078372127,0,0
35,37440,0.0,0.0,0.532156363605113,0,0
36,38480,0.0,0.0,0.6422662746955015,0,0
37,39520,0.0,0.0,0.5408122539206892,0,0
38,40560,0.0,0.0,0.6559500793000786,0,0
39,41600,0.0,0.0,0.5724050057093987,0,0
40,42640,0.0,0.0,0.5946313090328158,0,0
41,43680,0.0,0.0,0.6931685286121934,0,0
42,44720,0.0,0.0,0.6521641675286719,0,0
43,45760,0.0,0.0,0.5644955227026586,0,0
44,46800,0.0,0.0,0.6228407137194746,0,0
45,47840,0.0,0.0,0.653476426271403,0,0
46,48880,0.0,0.0,0.5173074912311789,0,0
47,49920,0.0,0.0,0.6973503601695041,0,0
48,50960,0.0,0.0,0.6097854194303994,0,0
49,52000,0.0,0.0,0.6541837619962982,0,0
