t,bytes_sent,utility,pheromone,f1_val,agg_count,rollback
0,4160,0.0,0.0,0.13973365136155833,0,0
1,8320,0.0,0.0,0.103651869669801,0,0
2,12480,0.0,0.0,0.38935547933735093,0,0
3,16640,0.0,0.0,0.13973365136155833,0,0
4,20800,0.0,0.0,0.13973365136155833,0,0
5,24960,0.0,0.0,0.13973365136155833,0,0
6,29120,0.0,0.0,0.13973365136155833,0,0
7,33280,0.0,0.0,0.13973365136155833,0,0
8,37440,0.0,0.0,0.13973365136155833,0,0
9,41600,0.0,0.0,0.13973365136155833,0,0
10,45760,0.0,0.0,0.13973365136155833,0,0
11,49920,0.0,0.0,0.21053795147369997,0,0
12,54080,0.0,0.0,0.4163758395072774,0,0
13,58240,0.0,0.0,0.4169508412658852,0,0
14,62400,0.0,0.0,0.39501869651540306,0,0
15,66560,0.0,0.0,0.3837715202208868,0,0
16,70720,0.0,0.0,0.4066186722436722,0,0
17,74880,0.0,0.0,0.3910749628896586,0,0
18,79040,0.0,0.0,0.43677143455768613,0,0
19,83200,0.0,0.0,0.6857958269659464,0,0
20,87360,0.0,0.0,0.6924296800597842,0,0
21,91520,0.0,0.0,0.6972209507695298,0,0
22,95680,0.0,0.0,0.6986803874092009,0,0
23,99840,0.0,0.0,0.6963456616397163,0,0
24,104000,0.0,0.0,0.6919702625620663,0,0
25,108160,0.0,0.0,0.7011587382417532,0,0
26,112320,0.0,0.0,0.6967753412562315,0,0
27,116480,0.0,0.0,0.6951377261032485,0,0
28,120640,0.0,0.0,0.7377997914633085,0,0
29,124800,0.0,0.0,0.7000749494768845,0,0
30,128960,0.0,0.0,0.8067331803478489,0,0
31,133120,0.0,0.0,0.967809070316488,0,0
32,137280,0.0,0.0,0.7853217750907089,0,0
33,141440,0.0,0.0,0.9961118271596225,0,0
34,145600,0.0,0.0,0.6984653477235443,0,0
35,149760,0.0,0.0,0.8393318329519587,0,0
36,153920,0.0,0.0,0.9900987660757222,0,0
37,158080,0.0,0.0,0.6986405611798521,0,0
38,162240,0.0,0.0,0.9926012417100616,0,0
39,166400,0.0,0.0,0.7009180804352899,0,0
40,170560,0.0,0.0,0.7300047404793109,0,0
41,174720,0.0,0.0,0.7597296351711327,0,0
42,178880,0.0,0.0,0.8000737940128007,0,0
43,183040,0.0,0.0,0.9921623548367664,0,0
44,187200,0.0,0.0,0.9237572399621768,0,0
45,191360,0.0,0.0,0.694986671036041,0,0
46,195520,0.0,0.0,0.9753592912712687,0,0
47,199680,0.0,0.0,0.7827124107657608,0,0
48,203840,0.0,0.0,0.9932601101038878,0,0
49,208000,0.0,0.0,0.8365810319885602,0,0
