t,bytes_sent,utility,pheromone,f1_val,agg_count,rollback
0,1040,0.0,0.0,0.33301435406698565,0,0
1,2080,0.0,0.0,0.33301496338745623,0,0
2,3120,0.0,0.0,0.33301496338745623,0,0
3,4160,0.0,0.0,0.24976122254059216,0,0
4,5200,0.0,0.0,0.2473397966422322,0,0
5,6240,0.0,0.0,0.2996061582527748,0,0
6,7280,0.0,0.0,0.2958563145241126,0,0
7,8320,0.0,0.0,0.2903136275326117,0,0
8,9360,0.0,0.0,0.28620288665435395,0,0
9,10400,0.0,0.0,0.28329609316812243,0,0
10,11440,0.0,0.0,0.27926845547990925,0,0
11,12480,0.0,0.0,0.2764453254046911,0,0
12,13520,0.0,0.0,0.2743246787306583,0,0
13,14560,0.0,0.0,0.273196212863206,0,0
14,15600,0.0,0.0,0.27271542171815927,0,0
15,16640,0.0,0.0,0.27207699310703604,0,0
16,17680,0.0,0.0,0.27133592736705575,0,0
17,18720,0.0,0.0,0.2710195621194455,0,0
18,19760,0.0,0.0,0.2708090614886732,0,0
19,20800,0.0,0.0,0.27054639508567735,0,0
20,21840,0.0,0.0,0.27028423772609816,0,0
21,22880,0.0,0.0,0.270127187035961,0,0
22,23920,0.0,0.0,0.27002258793159084,0,0
23,24960,0.0,0.0,0.27002258793159084,0,0
24,26000,0.0,0.0,0.27007487735605473,0,0
25,27040,0.0,0.0,0.26991806980194827,0,0
26,28080,0.0,0.0,0.2697092760910204,0,0
27,29120,0.0,0.0,0.26955289266847055,0,0
28,30160,0.0,0.0,0.26924066924066925,0,0
29,31200,0.0,0.0,0.26908482860634125,0,0
30,32240,0.0,0.0,0.26908482860634125,0,0
31,33280,0.0,0.0,0.26861838726245507,0,0
32,34320,0.0,0.0,0.26835995125392853,0,0
33,35360,0.0,0.0,0.268050483695304,0,0
34,36400,0.0,0.0,0.2677417290586805,0,0
35,37440,0.0,0.0,0.26727992845279164,0,0
36,38480,0.0,0.0,0.2669729453802961,0,0
37,39520,0.0,0.0,0.26646287097185073,0,0
38,40560,0.0,0.0,0.26625938653430065,0,0
39,41600,0.0,0.0,0.26590403558945025,0,0
40,42640,0.0,0.0,0.2658026808970205,0,0
41,43680,0.0,0.0,0.26570140344192544,0,0
42,44720,0.0,0.0,0.26560020313591065,0,0
43,45760,0.0,0.0,0.265499079890856,0,0
44,46800,0.0,0.0,0.2652970642318179,0,0
45,47840,0.0,0.0,0.2648939537828427,0,0
46,48880,0.0,0.0,0.26479336750838556,0,0
47,49920,0.0,0.0,0.2646426312460468,0,0
48,50960,0.0,0.0,0.26454223571067276,0,0
49,52000,0.0,0.0,0.26449206650230733,0,0
