t,bytes_sent,utility,pheromone,f1_val,agg_count,rollback
0,1040,0.0,0.0,0.6848352275417211,0,0
1,2080,0.0,0.0,0.828677863189766,0,0
2,3120,0.0,0.0,0.9427910904813597,0,0
3,4160,0.0,0.0,0.9446194413726281,0,0
4,5200,0.0,0.0,0.9722651121289134,0,0
5,6240,0.0,0.0,0.9796056124571128,0,0
6,7280,0.0,0.0,0.9900298062790954,0,0
7,8320,0.0,0.0,0.9862546893558817,0,0
8,9360,0.0,0.0,0.9819278860022137,0,0
9,10400,0.0,0.0,0.9776088123221542,0,0
10,11440,0.0,0.0,0.9758909369039221,0,0
11,12480,0.0,0.0,0.9904010628059288,0,0
12,13520,0.0,0.0,0.8742674925626499,0,0
13,14560,0.0,0.0,0.8689110148619869,0,0
14,15600,0.0,0.0,0.8650048299429829,0,0
15,16640,0.0,0.0,0.8645299811576957,0,0
16,17680,0.0,0.0,0.8689420241529824,0,0
17,18720,0.0,0.0,0.8689064138266929,0,0
18,19760,0.0,0.0,0.8693425756923463,0,0
19,20800,0.0,0.0,0.8654074697856906,0,0
20,21840,0.0,0.0,0.8709067254428644,0,0
21,22880,0.0,0.0,0.8785546645915381,0,0
22,23920,0.0,0.0,0.8864909030404268,0,0
23,24960,0.0,0.0,0.8725344406355877,0,0
24,26000,0.0,0.0,0.8649710075045334,0,0
25,27040,0.0,0.0,0.8826387637981007,0,0
26,28080,0.0,0.0,0.8687930415718588,0,0
27,29120,0.0,0.0,0.8658025501254577,0,0
28,30160,0.0,0.0,0.994561098888036,0,0
29,31200,0.0,0.0,0.9943610903278045,0,0
30,32240,0.0,0.0,0.8724933151350915,0,0
31,33280,0.0,0.0,0.9924092121034972,0,0
32,34320,0.0,0.0,0.9930877898291883,0,0
33,35360,0.0,0.0,0.9950886086970364,0,0
34,36400,0.0,0.0,0.9922112366825185,0,0
35,37440,0.0,0.0,0.9928265939094362,0,0
36,38480,0.0,0.0,0.9928062731594712,0,0
37,39520,0.0,0.0,0.9932397468242828,0,0
38,40560,0.0,0.0,0.9932397468242828,0,0
39,41600,0.0,0.0,0.9932397468242828,0,0
40,42640,0.0,0.0,0.9932397468242828,0,0
41,43680,0.0,0.0,0.9932397468242828,0,0
42,44720,0.0,0.0,0.9932397468242828,0,0
43,45760,0.0,0.0,0.9932397468242828,0,0
44,46800,0.0,0.0,0.9932397468242828,0,0
45,47840,0.0,0.0,0.9932397468242828,0,0
46,48880,0.0,0.0,0.9932397468242828,0,0
47,49920,0.0,0.0,0.9932397468242828,0,0
48,50960,0.0,0.0,0.9932397468242828,0,0
49,52000,0.0,0.0,0.9935258526290403,0,0
