t,bytes_sent,utility,pheromone,f1_val,agg_count,rollback
0,1040,0.0,0.0,0.14063745019920318,0,0
1,2080,0.0,0.0,0.14063745019920318,0,0
2,3120,0.0,0.0,0.14063745019920318,0,0
3,4160,0.0,0.0,0.14063745019920318,0,0
4,5200,0.0,0.0,0.14063745019920318,0,0
5,6240,0.0,0.0,0.14063745019920318,0,0
6,7280,0.0,0.0,0.14063745019920318,0,0
7,8320,0.0,0.0,0.14063745019920318,0,0
8,9360,0.0,0.0,0.14063745019920318,0,0
9,10400,0.0,0.0,0.14063745019920318,0,0
10,11440,0.0,0.0,0.41742175001598325,0,0
11,12480,0.0,0.0,0.41696372269722326,0,0
12,13520,0.0,0.0,0.35855870521389327,0,0
13,14560,0.0,0.0,0.38352974838084275,0,0
14,15600,0.0,0.0,0.36329465375531733,0,0
15,16640,0.0,0.0,0.3848730090459246,0,0
16,17680,0.0,0.0,0.5638392083232302,0,0
17,18720,0.0,0.0,0.4370586663733289,0,0
18,19760,0.0,0.0,0.582682180461199,0,0
19,20800,0.0,0.0,0.4560000585594309,0,0
20,21840,0.0,0.0,0.639842776488614,0,0
21,22880,0.0,0.0,0.6115614818070937,0,0
22,23920,0.0,0.0,0.6192640353725558,0,0
23,24960,0.0,0.0,0.7023444569477827,0,0
24,26000,0.0,0.0,0.7035495593195222,0,0
25,27040,0.0,0.0,0.9884193268222284,0,0
26,28080,0.0,0.0,0.9864764748956851,0,0
27,29120,0.0,0.0,0.990960250590565,0,0
28,30160,0.0,0.0,0.9896837933002787,0,0
29,31200,0.0,0.0,0.961003570616563,0,0
30,32240,0.0,0.0,0.9890806932630781,0,0
31,33280,0.0,0.0,0.9922648414858459,0,0
32,34320,0.0,0.0,0.9899271485904537,0,0
33,35360,0.0,0.0,0.990298140456157,0,0
34,36400,0.0,0.0,0.951712651166885,0,0
35,37440,0.0,0.0,0.9700657258818003,0,0
36,38480,0.0,0.0,0.9920269352212935,0,0
37,39520,0.0,0.0,0.9928342044127872,0,0
38,40560,0.0,0.0,0.992663358619318,0,0
39,41600,0.0,0.0,0.9928300211487953,0,0
40,42640,0.0,0.0,0.9911323116985027,0,0
41,43680,0.0,0.0,0.9835280081976203,0,0
42,44720,0.0,0.0,0.9928343175678505,0,0
43,45760,0.0,0.0,0.9931014609791449,0,0
44,46800,0.0,0.0,0.9924206944045381,0,0
45,47840,0.0,0.0,0.9924206944045381,0,0
46,48880,0.0,0.0,0.992663358619318,0,0
47,49920,0.0,0.0,0.9909138804634889,0,0
48,50960,0.0,0.0,0.9914820622816708,0,0
49,52000,0.0,0.0,0.991529057992619,0,0
