t,bytes_sent,utility,pheromone,f1_val,agg_count,rollback
0,1040,0.0,0.0,0.10398230088495575,0,0
1,2080,0.0,0.0,0.14142628205128205,0,0
2,3120,0.0,0.0,0.14142628205128205,0,0
3,4160,0.0,0.0,0.14142628205128205,0,0
4,5200,0.0,0.0,0.14142628205128205,0,0
5,6240,0.0,0.0,0.14142628205128205,0,0
6,7280,0.0,0.0,0.14142628205128205,0,0
7,8320,0.0,0.0,0.14142628205128205,0,0
8,9360,0.0,0.0,0.14142628205128205,0,0
9,10400,0.0,0.0,0.14142628205128205,0,0
10,11440,0.0,0.0,0.14142628205128205,0,0
11,12480,0.0,0.0,0.34679676998442077,0,0
12,13520,0.0,0.0,0.4173360362516195,0,0
13,14560,0.0,0.0,0.41701593381884106,0,0
14,15600,0.0,0.0,0.5190772567867166,0,0
15,16640,0.0,0.0,0.6086177998577581,0,0
16,17680,0.0,0.0,0.6203722202389004,0,0
17,18720,0.0,0.0,0.69472223988282,0,0
18,19760,0.0,0.0,0.7072167379149058,0,0
19,20800,0.0,0.0,0.6949587089361113,0,0
20,21840,0.0,0.0,0.694284688041451,0,0
21,22880,0.0,0.0,0.6750012012629969,0,0
22,23920,0.0,0.0,0.6938920280624563,0,0
23,24960,0.0,0.0,0.6949501653753581,0,0
24,26000,0.0,0.0,0.6941094471356315,0,0
25,27040,0.0,0.0,0.694284688041451,0,0
26,28080,0.0,0.0,0.6763249700989417,0,0
27,29120,0.0,0.0,0.6940880359355792,0,0
28,30160,0.0,0.0,0.9000269555712342,0,0
29,31200,0.0,0.0,0.6816344803409651,0,0
30,32240,0.0,0.0,0.6542150811047448,0,0
31,33280,0.0,0.0,0.9339167014375844,0,0
32,34320,0.0,0.0,0.599484234161244,0,0
33,35360,0.0,0.0,0.9580825984556856,0,0
34,36400,0.0,0.0,0.6652746393016624,0,0
35,37440,0.0,0.0,0.9619362801087471,0,0
36,38480,0.0,0.0,0.6135220111756524,0,0
37,39520,0.0,0.0,0.7987337502222583,0,0
38,40560,0.0,0.0,0.8069632408120433,0,0
39,41600,0.0,0.0,0.6199447664779654,0,0
40,42640,0.0,0.0,0.8226216195702913,0,0
41,43680,0.0,0.0,0.7886884587971448,0,0
42,44720,0.0,0.0,0.8370641428083417,0,0
43,45760,0.0,0.0,0.9619362801087471,0,0
44,46800,0.0,0.0,0.6081826833923842,0,0
45,47840,0.0,0.0,0.5969851394618749,0,0
46,48880,0.0,0.0,0.9397349204576791,0,0
47,49920,0.0,0.0,0.961642662355696,0,0
48,50960,0.0,0.0,0.6159914788470136,0,0
49,52000,0.0,0.0,0.6047026080111068,0,0
