t,bytes_sent,utility,pheromone,f1_val,agg_count,rollback
0,1040,0.0,0.0,0.7211307087886601,0,0
1,2080,0.0,0.0,0.5657486831134688,0,0
2,3120,0.0,0.0,0.4145609544729585,0,0
3,4160,0.0,0.0,0.625083639033438,0,0
4,5200,0.0,0.0,0.545282874353887,0,0
5,6240,0.0,0.0,0.7966809393953804,0,0
6,7280,0.0,0.0,0.8885003949211214,0,0
7,8320,0.0,0.0,0.8719358917193516,0,0
8,9360,0.0,0.0,0.5790468787001546,0,0
9,10400,0.0,0.0,0.9070684519435686,0,0
10,11440,0.0,0.0,0.9074788822600959,0,0
11,12480,0.0,0.0,0.9070684519435686,0,0
12,13520,0.0,0.0,0.906657724477895,0,0
13,14560,0.0,0.0,0.9114300165375977,0,0
14,15600,0.0,0.0,0.9114300165375977,0,0
15,16640,0.0,0.0,0.9085686260142269,0,0
16,17680,0.0,0.0,0.9082988572832378,0,0
17,18720,0.0,0.0,0.8965770957609094,0,0
18,19760,0.0,0.0,0.9119394305670893,0,0
19,20800,0.0,0.0,0.8433906393250253,0,0
20,21840,0.0,0.0,0.8811822139084478,0,0
21,22880,0.0,0.0,0.8769044896266591,0,0
22,23920,0.0,0.0,0.8593125359409912,0,0
23,24960,0.0,0.0,0.8664614319439928,0,0
24,26000,0.0,0.0,0.8622423860975883,0,0
25,27040,0.0,0.0,0.8694355444671868,0,0
26,28080,0.0,0.0,0.8759759673307825,0,0
27,29120,0.0,0.0,0.9011502280311908,0,0
28,30160,0.0,0.0,0.8258767096210976,0,0
29,31200,0.0,0.0,0.8898895678530421,0,0
30,32240,0.0,0.0,0.8950428737651668,0,0
31,33280,0.0,0.0,0.8820159270574894,0,0
32,34320,0.0,0.0,0.9124782446198736,0,0
33,35360,0.0,0.0,0.9090806922556923,0,0
34,36400,0.0,0.0,0.9116656182540599,0,0
35,37440,0.0,0.0,0.9116656182540599,0,0
36,38480,0.0,0.0,0.9116656182540599,0,0
37,39520,0.0,0.0,0.91137842130161,0,0
38,40560,0.0,0.0,0.8333801483209327,0,0
39,41600,0.0,0.0,0.8516915722981195,0,0
40,42640,0.0,0.0,0.9067192891910287,0,0
41,43680,0.0,0.0,0.9007295060849789,0,0
42,44720,0.0,0.0,0.8980261335636228,0,0
43,45760,0.0,0.0,0.8901568948391088,0,0
44,46800,0.0,0.0,0.8844705252668978,0,0
45,47840,0.0,0.0,0.8954073360278456,0,0
46,48880,0.0,0.0,0.5153164460543186,0,0
47,49920,0.0,0.0,0.7668866738407251,0,0
48,50960,0.0,0.0,0.8714613596347647,0,0
49,52000,0.0,0.0,0.9070697964373142,0,0
