t,bytes_sent,utility,pheromone,f1_val,agg_count,rollback
0,1040,0.0,0.0,0.5996839509350559,0,0
1,2080,0.0,0.0,0.6917366118546302,0,0
2,3120,0.0,0.0,0.6067618477719687,0,0
3,4160,0.0,0.0,0.5642913025609775,0,0
4,5200,0.0,0.0,0.6552434550029989,0,0
5,6240,0.0,0.0,0.5555453702013143,0,0
6,7280,0.0,0.0,0.7350122957672972,0,0
7,8320,0.0,0.0,0.7179309167415041,0,0
8,9360,0.0,0.0,0.6850325384922847,0,0
9,10400,0.0,0.0,0.8962177524795953,0,0
10,11440,0.0,0.0,0.8027778362380387,0,0
11,12480,0.0,0.0,0.672823736028458,0,0
12,13520,0.0,0.0,0.5900646910865457,0,0
13,14560,0.0,0.0,0.7124127318412585,0,0
14,15600,0.0,0.0,0.7882209769625428,0,0
15,16640,0.0,0.0,0.8297094466530855,0,0
16,17680,0.0,0.0,0.828623026355006,0,0
17,18720,0.0,0.0,0.8300855994562143,0,0
18,19760,0.0,0.0,0.8364443184788867,0,0
19,20800,0.0,0.0,0.8247491303591885,0,0
20,21840,0.0,0.0,0.8249193677892346,0,0
21,22880,0.0,0.0,0.7866087616537896,0,0
22,23920,0.0,0.0,0.8009219985875566,0,0
23,24960,0.0,0.0,0.7962463690427918,0,0
24,26000,0.0,0.0,0.7956286100608772,0,0
25,27040,0.0,0.0,0.7919290631414522,0,0
26,28080,0.0,0.0,0.8038105003260668,0,0
27,29120,0.0,0.0,0.8003882890744569,0,0
28,30160,0.0,0.0,0.7886163429004982,0,0
29,31200,0.0,0.0,0.7912832359681533,0,0
30,32240,0.0,0.0,0.791506210921751,0,0
31,33280,0.0,0.0,0.7910625122687827,0,0
32,34320,0.0,0.0,0.7919476657744791,0,0
33,35360,0.0,0.0,0.7779862584129906,0,0
34,36400,0.0,0.0,0.789016032759415,0,0
35,37440,0.0,0.0,0.7950479601167607,0,0
36,38480,0.0,0.0,0.786278415679069,0,0
37,39520,0.0,0.0,0.7816906359187035,0,0
38,40560,0.0,0.0,0.7849170705285067,0,0
39,41600,0.0,0.0,0.7761413612835243,0,0
40,42640,0.0,0.0,0.7811642910519455,0,0
41,43680,0.0,0.0,0.7892235787007288,0,0
42,44720,0.0,0.0,0.7887686703542622,0,0
43,45760,0.0,0.0,0.7889888613746077,0,0
44,46800,0.0,0.0,0.7907911099210454,0,0
45,47840,0.0,0.0,0.7880578221857872,0,0
46,48880,0.0,0.0,0.7794928010432901,0,0
47,49920,0.0,0.0,0.7850425766646365,0,0
48,50960,0.0,0.0,0.7875779324536059,0,0
49,52000,0.0,0.0,0.7889361987087293,0,0
