t,bytes_sent,utility,pheromone,f1_val,agg_count,rollback
0,1040,0.0,0.0,0.20280415027804152,0,0
1,2080,0.0,0.0,0.14094896331738438,0,0
2,3120,0.0,0.0,0.14094896331738438,0,0
3,4160,0.0,0.0,0.14094896331738438,0,0
4,5200,0.0,0.0,0.14094896331738438,0,0
5,6240,0.0,0.0,0.14094896331738438,0,0
6,7280,0.0,0.0,0.14094896331738438,0,0
7,8320,0.0,0.0,0.14094896331738438,0,0
8,9360,0.0,0.0,0.14094896331738438,0,0
9,10400,0.0,0.0,0.3850849962324149,0,0
10,11440,0.0,0.0,0.37204966354908514,0,0
11,12480,0.0,0.0,0.3610544344683792,0,0
12,13520,0.0,0.0,0.35210246234413356,0,0
13,14560,0.0,0.0,0.3517294836228273,0,0
14,15600,0.0,0.0,0.35173301932791945,0,0
15,16640,0.0,0.0,0.3491565804937812,0,0
16,17680,0.0,0.0,0.32935406765457753,0,0
17,18720,0.0,0.0,0.2646359283105909,0,0
18,19760,0.0,0.0,0.34186948031267816,0,0
19,20800,0.0,0.0,0.3521188718727536,0,0
20,21840,0.0,0.0,0.36634307286051665,0,0
21,22880,0.0,0.0,0.4272929315154084,0,0
22,23920,0.0,0.0,0.33430735930735933,0,0
23,24960,0.0,0.0,0.34811269273570844,0,0
24,26000,0.0,0.0,0.3530373181723734,0,0
25,27040,0.0,0.0,0.48680228168124395,0,0
26,28080,0.0,0.0,0.35547302094995314,0,0
27,29120,0.0,0.0,0.37098018584511316,0,0
28,30160,0.0,0.0,0.3811112768864249,0,0
29,31200,0.0,0.0,0.47637924744779825,0,0
30,32240,0.0,0.0,0.33430735930735933,0,0
31,33280,0.0,0.0,0.2015834001820747,0,0
32,34320,0.0,0.0,0.21397330724135405,0,0
33,35360,0.0,0.0,0.337615421106023,0,0
34,36400,0.0,0.0,0.5546262409621888,0,0
35,37440,0.0,0.0,0.6226346202486909,0,0
36,38480,0.0,0.0,0.636424901551387,0,0
37,39520,0.0,0.0,0.60868066647017,0,0
38,40560,0.0,0.0,0.620610672234363,0,0
39,41600,0.0,0.0,0.6444467772354086,0,0
40,42640,0.0,0.0,0.606163250703913,0,0
41,43680,0.0,0.0,0.6281957273729426,0,0
42,44720,0.0,0.0,0.6288526133527239,0,0
43,45760,0.0,0.0,0.6355780739660875,0,0
44,46800,0.0,0.0,0.614233638140973,0,0
45,47840,0.0,0.0,0.6573981610788959,0,0
46,48880,0.0,0.0,0.6193873807528711,0,0
47,49920,0.0,0.0,0.6465022338616264,0,0
48,50960,0.0,0.0,0.6414282262935171,0,0
49,52000,0.0,0.0,0.6162174341710427,0,0
