t,bytes_sent,utility,pheromone,f1_val,agg_count,rollback
0,1040,0.0,0.0,0.10637591321673677,0,0
1,2080,0.0,0.0,0.3780495952328574,0,0
2,3120,0.0,0.0,0.3813963540287404,0,0
3,4160,0.0,0.0,0.40975322511912604,0,0
4,5200,0.0,0.0,0.41057388636287007,0,0
5,6240,0.0,0.0,0.1403970826580227,0,0
6,7280,0.0,0.0,0.14022662889518414,0,0
7,8320,0.0,0.0,0.14022662889518414,0,0
8,9360,0.0,0.0,0.14022662889518414,0,0
9,10400,0.0,0.0,0.410922801108577,0,0
10,11440,0.0,0.0,0.3755624198452622,0,0
11,12480,0.0,0.0,0.37966289473567705,0,0
12,13520,0.0,0.0,0.3784505853841455,0,0
13,14560,0.0,0.0,0.37642029710847064,0,0
14,15600,0.0,0.0,0.37765932361154203,0,0
15,16640,0.0,0.0,0.377044505525491,0,0
16,17680,0.0,0.0,0.6861352069093103,0,0
17,18720,0.0,0.0,0.6925506479725401,0,0
18,19760,0.0,0.0,0.6913682840750808,0,0
19,20800,0.0,0.0,0.6911340609552487,0,0
20,21840,0.0,0.0,0.6740619429132639,0,0
21,22880,0.0,0.0,0.6659376264105843,0,0
22,23920,0.0,0.0,0.6738863349806415,0,0
23,24960,0.0,0.0,0.9546732830890334,0,0
24,26000,0.0,0.0,0.9518152552064834,0,0
25,27040,0.0,0.0,0.9551705716589003,0,0
26,28080,0.0,0.0,0.9538688218233706,0,0
27,29120,0.0,0.0,0.9455109266796654,0,0
28,30160,0.0,0.0,0.9545957990657223,0,0
29,31200,0.0,0.0,0.9553095909569785,0,0
30,32240,0.0,0.0,0.9491033724158066,0,0
31,33280,0.0,0.0,0.9505382307515822,0,0
32,34320,0.0,0.0,0.9505027165850045,0,0
33,35360,0.0,0.0,0.9507544630636535,0,0
34,36400,0.0,0.0,0.9494115690366818,0,0
35,37440,0.0,0.0,0.9505426378229949,0,0
36,38480,0.0,0.0,0.9513737658960776,0,0
37,39520,0.0,0.0,0.9481789170076178,0,0
38,40560,0.0,0.0,0.9488852487452257,0,0
39,41600,0.0,0.0,0.9470534023996815,0,0
40,42640,0.0,0.0,0.9429299068222247,0,0
41,43680,0.0,0.0,0.9441455820970226,0,0
42,44720,0.0,0.0,0.9421906404042044,0,0
43,45760,0.0,0.0,0.9393811538619099,0,0
44,46800,0.0,0.0,0.9426100073088671,0,0
45,47840,0.0,0.0,0.9447427645614555,0,0
46,48880,0.0,0.0,0.9481120743806801,0,0
47,49920,0.0,0.0,0.948650245653218,0,0
48,50960,0.0,0.0,0.9422449139804298,0,0
49,52000,0.0,0.0,0.9423293826731702,0,0
