t,bytes_sent,utility,pheromone,f1_val,agg_count,rollback
0,1040,0.0,0.0,0.6194334588687804,0,0
1,2080,0.0,0.0,0.6007126736810329,0,0
2,3120,0.0,0.0,0.6255870578191233,0,0
3,4160,0.0,0.0,0.708897553853267,0,0
4,5200,0.0,0.0,0.7247397469572354,0,0
5,6240,0.0,0.0,0.6899432653305161,0,0
6,7280,0.0,0.0,0.668294023679297,0,0
7,8320,0.0,0.0,0.6672228875511722,0,0
8,9360,0.0,0.0,0.7612248625414498,0,0
9,10400,0.0,0.0,0.5973267892798209,0,0
10,11440,0.0,0.0,0.65955911913243,0,0
11,12480,0.0,0.0,0.7602545142439272,0,0
12,13520,0.0,0.0,0.6178332796405102,0,0
13,14560,0.0,0.0,0.7658947095365427,0,0
14,15600,0.0,0.0,0.7150494392690716,0,0
15,16640,0.0,0.0,0.6302265698506735,0,0
16,17680,0.0,0.0,0.710423365399606,0,0
17,18720,0.0,0.0,0.6567800429264061,0,0
18,19760,0.0,0.0,0.6567563481376475,0,0
19,20800,0.0,0.0,0.678124588920511,0,0
20,21840,0.0,0.0,0.7323876453870005,0,0
21,22880,0.0,0.0,0.5506595825819379,0,0
22,23920,0.0,0.0,0.6875387049365435,0,0
23,24960,0.0,0.0,0.6940305984944044,0,0
24,26000,0.0,0.0,0.7397864562319275,0,0
25,27040,0.0,0.0,0.7066390219158565,0,0
26,28080,0.0,0.0,0.6029003284838943,0,0
27,29120,0.0,0.0,0.7099249053388187,0,0
28,30160,0.0,0.0,0.5494261886976302,0,0
29,31200,0.0,0.0,0.6955020911717262,0,0
30,32240,0.0,0.0,0.7161247039326106,0,0
31,33280,0.0,0.0,0.6785984174731073,0,0
32,34320,0.0,0.0,0.7319857617451366,0,0
33,35360,0.0,0.0,0.6845192846725576,0,0
34,36400,0.0,0.0,0.5815357535189003,0,0
35,37440,0.0,0.0,0.7859267133822916,0,0
36,38480,0.0,0.0,0.713387889585307,0,0
37,39520,0.0,0.0,0.6097339459729694,0,0
38,40560,0.0,0.0,0.7274455198397143,0,0
39,41600,0.0,0.0,0.6808631378448349,0,0
40,42640,0.0,0.0,0.6717861903162434,0,0
41,43680,0.0,0.0,0.5822227355823693,0,0
42,44720,0.0,0.0,0.7234106166570768,0,0
43,45760,0.0,0.0,0.8226680834297804,0,0
44,46800,0.0,0.0,0.7989421647885593,0,0
45,47840,0.0,0.0,0.607222158526185,0,0
46,48880,0.0,0.0,0.7624029155098966,0,0
47,49920,0.0,0.0,0.7966211141744824,0,0
48,50960,0.0,0.0,0.7482750337869213,0,0
49,52000,0.0,0.0,0.706450792084515,0,0
