t,bytes_sent,utility,pheromone,f1_val,agg_count,rollback
0,1040,0.0,0.0,0.10398230088495575,0,0
1,2080,0.0,0.0,0.14142628205128205,0,0
2,3120,0.0,0.0,0.14142628205128205,0,0
3,4160,0.0,0.0,0.14142628205128205,0,0
4,5200,0.0,0.0,0.14142628205128205,0,0
5,6240,0.0,0.0,0.14142628205128205,0,0
6,7280,0.0,0.0,0.14142628205128205,0,0
7,8320,0.0,0.0,0.14142628205128205,0,0
8,9360,0.0,0.0,0.14142628205128205,0,0
9,10400,0.0,0.0,0.14142628205128205,0,0
10,11440,0.0,0.0,0.14142628205128205,0,0
11,12480,0.0,0.0,0.4164535851642239,0,0
12,13520,0.0,0.0,0.4168551858772006,0,0
13,14560,0.0,0.0,0.37164902431227886,0,0
14,15600,0.0,0.0,0.3714472486867744,0,0
15,16640,0.0,0.0,0.37146063730313755,0,0
16,17680,0.0,0.0,0.3720550869483651,0,0
17,18720,0.0,0.0,0.39229904955954253,0,0
18,19760,0.0,0.0,0.39657876467032444,0,0
19,20800,0.0,0.0,0.39051765350052603,0,0
20,21840,0.0,0.0,0.5481045142607859,0,0
21,22880,0.0,0.0,0.6493917354724418,0,0
22,23920,0.0,0.0,0.6970537144530253,0,0
23,24960,0.0,0.0,0.6971210622634824,0,0
24,26000,0.0,0.0,0.6951021954065395,0,0
25,27040,0.0,0.0,0.6957360825012282,0,0
26,28080,0.0,0.0,0.6949673907574783,0,0
27,29120,0.0,0.0,0.6956016442807766,0,0
28,30160,0.0,0.0,0.7073521613480201,0,0
29,31200,0.0,0.0,0.6724446148592904,0,0
30,32240,0.0,0.0,0.6959017865483379,0,0
31,33280,0.0,0.0,0.6956016442807766,0,0
32,34320,0.0,0.0,0.6970915862848245,0,0
33,35360,0.0,0.0,0.6970514838028855,0,0
34,36400,0.0,0.0,0.6946737814374339,0,0
35,37440,0.0,0.0,0.6963778383403337,0,0
36,38480,0.0,0.0,0.6951730811132092,0,0
37,39520,0.0,0.0,0.6947745407259753,0,0
38,40560,0.0,0.0,0.6974186573480123,0,0
39,41600,0.0,0.0,0.6957360825012282,0,0
40,42640,0.0,0.0,0.6958548461222606,0,0
41,43680,0.0,0.0,0.9606644267746426,0,0
42,44720,0.0,0.0,0.7557763069505794,0,0
43,45760,0.0,0.0,0.7067199708732174,0,0
44,46800,0.0,0.0,0.959391727224272,0,0
45,47840,0.0,0.0,0.8216136115701036,0,0
46,48880,0.0,0.0,0.8397497845452854,0,0
47,49920,0.0,0.0,0.8224438098364241,0,0
48,50960,0.0,0.0,0.9505420020244714,0,0
49,52000,0.0,0.0,0.839424649603665,0,0
