t,bytes_sent,utility,pheromone,f1_val,agg_count,rollback
0,1040,0.0,0.0,0.3641628959276018,0,0
1,2080,0.0,0.0,0.2745674861665616,0,0
2,3120,0.0,0.0,0.23215831787260358,0,0
3,4160,0.0,0.0,0.3641628959276018,0,0
4,5200,0.0,0.0,0.1342729408198833,0,0
5,6240,0.0,0.0,0.16039775183744057,0,0
6,7280,0.0,0.0,0.16039775183744057,0,0
7,8320,0.0,0.0,0.16039775183744057,0,0
8,9360,0.0,0.0,0.16105354058721935,0,0
9,10400,0.0,0.0,0.16181648343752245,0,0
10,11440,0.0,0.0,0.1622514179050901,0,0
11,12480,0.0,0.0,0.16355173648406732,0,0
12,13520,0.0,0.0,0.16473781968852694,0,0
13,14560,0.0,0.0,0.16516773733047824,0,0
14,15600,0.0,0.0,0.1653824200913242,0,0
15,16640,0.0,0.0,0.16527510169128665,0,0
16,17680,0.0,0.0,0.1648453681879866,0,0
17,18720,0.0,0.0,0.16527510169128665,0,0
18,19760,0.0,0.0,0.1648453681879866,0,0
19,20800,0.0,0.0,0.1648453681879866,0,0
20,21840,0.0,0.0,0.16419938496746048,0,0
21,22880,0.0,0.0,0.16473781968852694,0,0
22,23920,0.0,0.0,0.16419938496746048,0,0
23,24960,0.0,0.0,0.1648453681879866,0,0
24,26000,0.0,0.0,0.163659793814433,0,0
25,27040,0.0,0.0,0.16322728575523074,0,0
26,28080,0.0,0.0,0.16322728575523074,0,0
27,29120,0.0,0.0,0.1624686042339433,0,0
28,30160,0.0,0.0,0.16192528735632183,0,0
29,31200,0.0,0.0,0.16138079827400217,0,0
30,32240,0.0,0.0,0.16094436046930108,0,0
31,33280,0.0,0.0,0.1605071680714646,0,0
32,34320,0.0,0.0,0.15984996032604776,0,0
33,35360,0.0,0.0,0.15930098209127672,0,0
34,36400,0.0,0.0,0.15819944999276306,0,0
35,37440,0.0,0.0,0.15742552728854098,0,0
36,38480,0.0,0.0,0.15742552728854098,0,0
37,39520,0.0,0.0,0.15742552728854098,0,0
38,40560,0.0,0.0,0.15698222705839682,0,0
39,41600,0.0,0.0,0.15676028739386022,0,0
40,42640,0.0,0.0,0.15676028739386022,0,0
41,43680,0.0,0.0,0.1543061328666229,0,0
42,44720,0.0,0.0,0.15352030382705228,0,0
43,45760,0.0,0.0,0.15114828674150707,0,0
44,46800,0.0,0.0,0.15114828674150707,0,0
45,47840,0.0,0.0,0.15103478643769266,0,0
46,48880,0.0,0.0,0.15080763582966225,0,0
47,49920,0.0,0.0,0.15103478643769266,0,0
48,50960,0.0,0.0,0.15114828674150707,0,0
49,52000,0.0,0.0,0.15114828674150707,0,0
