t,bytes_sent,utility,pheromone,f1_val,agg_count,rollback
0,1040,0.0,0.0,0.10851126060251536,0,0
1,2080,0.0,0.0,0.13973365136155833,0,0
2,3120,0.0,0.0,0.13973365136155833,0,0
3,4160,0.0,0.0,0.13973365136155833,0,0
4,5200,0.0,0.0,0.13973365136155833,0,0
5,6240,0.0,0.0,0.13973365136155833,0,0
6,7280,0.0,0.0,0.13973365136155833,0,0
7,8320,0.0,0.0,0.13973365136155833,0,0
8,9360,0.0,0.0,0.13973365136155833,0,0
9,10400,0.0,0.0,0.13973365136155833,0,0
10,11440,0.0,0.0,0.13973365136155833,0,0
11,12480,0.0,0.0,0.30755662798008465,0,0
12,13520,0.0,0.0,0.3748398581026515,0,0
13,14560,0.0,0.0,0.4169508412658852,0,0
14,15600,0.0,0.0,0.35080123205986435,0,0
15,16640,0.0,0.0,0.3836834137380135,0,0
16,17680,0.0,0.0,0.4628609535556417,0,0
17,18720,0.0,0.0,0.4676582802049124,0,0
18,19760,0.0,0.0,0.6316788224378624,0,0
19,20800,0.0,0.0,0.6644629334051126,0,0
20,21840,0.0,0.0,0.7013484921390984,0,0
21,22880,0.0,0.0,0.6970656559746546,0,0
22,23920,0.0,0.0,0.7010722616442422,0,0
23,24960,0.0,0.0,0.6975711150691875,0,0
24,26000,0.0,0.0,0.698446658694024,0,0
25,27040,0.0,0.0,0.6982094523377012,0,0
26,28080,0.0,0.0,0.6962842907010217,0,0
27,29120,0.0,0.0,0.6989065220450476,0,0
28,30160,0.0,0.0,0.6969430125505596,0,0
29,31200,0.0,0.0,0.6981195601291847,0,0
30,32240,0.0,0.0,0.6899907664445535,0,0
31,33280,0.0,0.0,0.6998684105884116,0,0
32,34320,0.0,0.0,0.6904333306110121,0,0
33,35360,0.0,0.0,0.6064307714406346,0,0
34,36400,0.0,0.0,0.6991704342356121,0,0
35,37440,0.0,0.0,0.6959324165466407,0,0
36,38480,0.0,0.0,0.6981425263509083,0,0
37,39520,0.0,0.0,0.8056877979556987,0,0
38,40560,0.0,0.0,0.6966513386566328,0,0
39,41600,0.0,0.0,0.6984030364723208,0,0
40,42640,0.0,0.0,0.8096245339745279,0,0
41,43680,0.0,0.0,0.694881236023885,0,0
42,44720,0.0,0.0,0.9417473539465836,0,0
43,45760,0.0,0.0,0.6989287040510996,0,0
44,46800,0.0,0.0,0.9855608788413025,0,0
45,47840,0.0,0.0,0.694881236023885,0,0
46,48880,0.0,0.0,0.793736025613044,0,0
47,49920,0.0,0.0,0.7698495975645786,0,0
48,50960,0.0,0.0,0.6969786331558719,0,0
49,52000,0.0,0.0,0.9068103854864787,0,0
