t,bytes_sent,utility,pheromone,f1_val,agg_count,rollback
0,1040,0.0,0.0,0.09154769997733968,0,0
1,2080,0.0,0.0,0.14063745019920318,0,0
2,3120,0.0,0.0,0.14063745019920318,0,0
3,4160,0.0,0.0,0.14063745019920318,0,0
4,5200,0.0,0.0,0.14063745019920318,0,0
5,6240,0.0,0.0,0.14063745019920318,0,0
6,7280,0.0,0.0,0.14063745019920318,0,0
7,8320,0.0,0.0,0.14063745019920318,0,0
8,9360,0.0,0.0,0.14063745019920318,0,0
9,10400,0.0,0.0,0.4148762816002004,0,0
10,11440,0.0,0.0,0.4171583814486223,0,0
11,12480,0.0,0.0,0.38394453123991273,0,0
12,13520,0.0,0.0,0.3836541374717022,0,0
13,14560,0.0,0.0,0.2847931592681744,0,0
14,15600,0.0,0.0,0.38477958817043323,0,0
15,16640,0.0,0.0,0.40559640600323105,0,0
16,17680,0.0,0.0,0.3466866028365989,0,0
17,18720,0.0,0.0,0.38668118666872076,0,0
18,19760,0.0,0.0,0.4753131571139234,0,0
19,20800,0.0,0.0,0.5087165591445322,0,0
20,21840,0.0,0.0,0.5786301891623916,0,0
21,22880,0.0,0.0,0.6465879109310637,0,0
22,23920,0.0,0.0,0.8016825777584674,0,0
23,24960,0.0,0.0,0.7011569568302944,0,0
24,26000,0.0,0.0,0.9075645217899804,0,0
25,27040,0.0,0.0,0.9294226091307558,0,0
26,28080,0.0,0.0,0.9886250762589142,0,0
27,29120,0.0,0.0,0.9910181937859022,0,0
28,30160,0.0,0.0,0.9906077133743129,0,0
29,31200,0.0,0.0,0.9910205794939276,0,0
30,32240,0.0,0.0,0.988822461396083,0,0
31,33280,0.0,0.0,0.9846611478789801,0,0
32,34320,0.0,0.0,0.9912396687535209,0,0
33,35360,0.0,0.0,0.9890909457517726,0,0
34,36400,0.0,0.0,0.9916684435532964,0,0
35,37440,0.0,0.0,0.9903533791879987,0,0
36,38480,0.0,0.0,0.9688303841092851,0,0
37,39520,0.0,0.0,0.9388902917857609,0,0
38,40560,0.0,0.0,0.9912817851780019,0,0
39,41600,0.0,0.0,0.8797767982144509,0,0
40,42640,0.0,0.0,0.9899664064949796,0,0
41,43680,0.0,0.0,0.9890436125915247,0,0
42,44720,0.0,0.0,0.9769031806927472,0,0
43,45760,0.0,0.0,0.9340837267381694,0,0
44,46800,0.0,0.0,0.9190682154807532,0,0
45,47840,0.0,0.0,0.9861490149127439,0,0
46,48880,0.0,0.0,0.9847849610736872,0,0
47,49920,0.0,0.0,0.9912901988150844,0,0
48,50960,0.0,0.0,0.9916684435532964,0,0
49,52000,0.0,0.0,0.9905112370684581,0,0
