t,bytes_sent,utility,pheromone,f1_val,agg_count,rollback
0,1040,0.0,0.0,0.21670930229623986,0,0
1,2080,0.0,0.0,0.14015227409336806,0,0
2,3120,0.0,0.0,0.13995598239295717,0,0
3,4160,0.0,0.0,0.13995598239295717,0,0
4,5200,0.0,0.0,0.13995598239295717,0,0
5,6240,0.0,0.0,0.13995598239295717,0,0
6,7280,0.0,0.0,0.13995598239295717,0,0
7,8320,0.0,0.0,0.13995598239295717,0,0
8,9360,0.0,0.0,0.13995598239295717,0,0
9,10400,0.0,0.0,0.22367779379416294,0,0
10,11440,0.0,0.0,0.4165552843179967,0,0
11,12480,0.0,0.0,0.7145254456069222,0,0
12,13520,0.0,0.0,0.3728657005221765,0,0
13,14560,0.0,0.0,0.3731326739016295,0,0
14,15600,0.0,0.0,0.3729322731464855,0,0
15,16640,0.0,0.0,0.3729322731464855,0,0
16,17680,0.0,0.0,0.3731322377369826,0,0
17,18720,0.0,0.0,0.3729316501988709,0,0
18,19760,0.0,0.0,0.6274735629524022,0,0
19,20800,0.0,0.0,0.4066130456824921,0,0
20,21840,0.0,0.0,0.7008992245294026,0,0
21,22880,0.0,0.0,0.7008953601033816,0,0
22,23920,0.0,0.0,0.7009013631746674,0,0
23,24960,0.0,0.0,0.7008935950645399,0,0
24,26000,0.0,0.0,0.7138229449839267,0,0
25,27040,0.0,0.0,0.7012191977998596,0,0
26,28080,0.0,0.0,0.9948531060745154,0,0
27,29120,0.0,0.0,0.7139521677339791,0,0
28,30160,0.0,0.0,0.9948741547680577,0,0
29,31200,0.0,0.0,0.7234493575907152,0,0
30,32240,0.0,0.0,0.9948741547680577,0,0
31,33280,0.0,0.0,0.994352627176911,0,0
32,34320,0.0,0.0,0.9941380936044745,0,0
33,35360,0.0,0.0,0.9941380936044745,0,0
34,36400,0.0,0.0,0.993632801855294,0,0
35,37440,0.0,0.0,0.9930141238367984,0,0
36,38480,0.0,0.0,0.9896426608072839,0,0
37,39520,0.0,0.0,0.9936178346089239,0,0
38,40560,0.0,0.0,0.8521689887281569,0,0
39,41600,0.0,0.0,0.9839737891748364,0,0
40,42640,0.0,0.0,0.9932593276801964,0,0
41,43680,0.0,0.0,0.9932593276801964,0,0
42,44720,0.0,0.0,0.9889241575992487,0,0
43,45760,0.0,0.0,0.7651392184963621,0,0
44,46800,0.0,0.0,0.9936253371144965,0,0
45,47840,0.0,0.0,0.9896426608072839,0,0
46,48880,0.0,0.0,0.992174240363445,0,0
47,49920,0.0,0.0,0.9925380579155019,0,0
48,50960,0.0,0.0,0.9914482382097267,0,0
49,52000,0.0,0.0,0.9900027071046373,0,0
