t,bytes_sent,utility,pheromone,f1_val,agg_count,rollback
0,1040,0.0,0.0,0.12005054759898905,0,0
1,2080,0.0,0.0,0.10386473429951691,0,0
2,3120,0.0,0.0,0.12667768682374164,0,0
3,4160,0.0,0.0,0.16611725924181775,0,0
4,5200,0.0,0.0,0.14063745019920318,0,0
5,6240,0.0,0.0,0.14063745019920318,0,0
6,7280,0.0,0.0,0.14063745019920318,0,0
7,8320,0.0,0.0,0.14063745019920318,0,0
8,9360,0.0,0.0,0.14063745019920318,0,0
9,10400,0.0,0.0,0.16238406798092972,0,0
10,11440,0.0,0.0,0.4173463493411514,0,0
11,12480,0.0,0.0,0.4172321401028561,0,0
12,13520,0.0,0.0,0.397981849186102,0,0
13,14560,0.0,0.0,0.3510389254500018,0,0
14,15600,0.0,0.0,0.3385207447261014,0,0
15,16640,0.0,0.0,0.3635271477545597,0,0
16,17680,0.0,0.0,0.3809000577622619,0,0
17,18720,0.0,0.0,0.4830889730388044,0,0
18,19760,0.0,0.0,0.44222243482823154,0,0
19,20800,0.0,0.0,0.4366046002849284,0,0
20,21840,0.0,0.0,0.48288386738876515,0,0
21,22880,0.0,0.0,0.5718048815490704,0,0
22,23920,0.0,0.0,0.6237915478831004,0,0
23,24960,0.0,0.0,0.5610741565162216,0,0
24,26000,0.0,0.0,0.6053381499713586,0,0
25,27040,0.0,0.0,0.9010588300608882,0,0
26,28080,0.0,0.0,0.8776639369631627,0,0
27,29120,0.0,0.0,0.8591273458996759,0,0
28,30160,0.0,0.0,0.8795858207657692,0,0
29,31200,0.0,0.0,0.8635547853695387,0,0
30,32240,0.0,0.0,0.8665322865399294,0,0
31,33280,0.0,0.0,0.930983127073032,0,0
32,34320,0.0,0.0,0.8315042153582488,0,0
33,35360,0.0,0.0,0.913329239047789,0,0
34,36400,0.0,0.0,0.8488218433464434,0,0
35,37440,0.0,0.0,0.8810134476031306,0,0
36,38480,0.0,0.0,0.9917600636430494,0,0
37,39520,0.0,0.0,0.9425602151509695,0,0
38,40560,0.0,0.0,0.9915277733496253,0,0
39,41600,0.0,0.0,0.8316110145230279,0,0
40,42640,0.0,0.0,0.9419913747169092,0,0
41,43680,0.0,0.0,0.9351870178819504,0,0
42,44720,0.0,0.0,0.9420195962036584,0,0
43,45760,0.0,0.0,0.862490158232659,0,0
44,46800,0.0,0.0,0.8567575523955374,0,0
45,47840,0.0,0.0,0.8498523167723718,0,0
46,48880,0.0,0.0,0.8864654121552501,0,0
47,49920,0.0,0.0,0.9319840701003126,0,0
48,50960,0.0,0.0,0.9413652420197745,0,0
49,52000,0.0,0.0,0.942617632535345,0,0
