t,bytes_sent,utility,pheromone,f1_val,agg_count,rollback
0,1040,0.0,0.0,0.14063745019920318,0,0
1,2080,0.0,0.0,0.14063745019920318,0,0
2,3120,0.0,0.0,0.14063745019920318,0,0
3,4160,0.0,0.0,0.14063745019920318,0,0
4,5200,0.0,0.0,0.14063745019920318,0,0
5,6240,0.0,0.0,0.14063745019920318,0,0
6,7280,0.0,0.0,0.14063745019920318,0,0
7,8320,0.0,0.0,0.14063745019920318,0,0
8,9360,0.0,0.0,0.14063745019920318,0,0
9,10400,0.0,0.0,0.14063745019920318,0,0
10,11440,0.0,0.0,0.41467924219943564,0,0
11,12480,0.0,0.0,0.4173069283424069,0,0
12,13520,0.0,0.0,0.3841864616428382,0,0
13,14560,0.0,0.0,0.38538020011071655,0,0
14,15600,0.0,0.0,0.38555091882602555,0,0
15,16640,0.0,0.0,0.3801437813493015,0,0
16,17680,0.0,0.0,0.41051517336609017,0,0
17,18720,0.0,0.0,0.44898346326270344,0,0
18,19760,0.0,0.0,0.5738807665602512,0,0
19,20800,0.0,0.0,0.5549120972738538,0,0
20,21840,0.0,0.0,0.5871935048010667,0,0
21,22880,0.0,0.0,0.946463695074968,0,0
22,23920,0.0,0.0,0.866355129334332,0,0
23,24960,0.0,0.0,0.834074442916392,0,0
24,26000,0.0,0.0,0.9815329950606928,0,0
25,27040,0.0,0.0,0.7772664509344503,0,0
26,28080,0.0,0.0,0.9895397094532051,0,0
27,29120,0.0,0.0,0.988252374335736,0,0
28,30160,0.0,0.0,0.9169357838910812,0,0
29,31200,0.0,0.0,0.9895591571897655,0,0
30,32240,0.0,0.0,0.9325364137006714,0,0
31,33280,0.0,0.0,0.9913080547123103,0,0
32,34320,0.0,0.0,0.9917264684477215,0,0
33,35360,0.0,0.0,0.9165004780712017,0,0
34,36400,0.0,0.0,0.8917106852317219,0,0
35,37440,0.0,0.0,0.9648550306221136,0,0
36,38480,0.0,0.0,0.989861888954731,0,0
37,39520,0.0,0.0,0.8778989080257831,0,0
38,40560,0.0,0.0,0.838581742901678,0,0
39,41600,0.0,0.0,0.942361442298191,0,0
40,42640,0.0,0.0,0.9920072688469921,0,0
41,43680,0.0,0.0,0.9920072688469921,0,0
42,44720,0.0,0.0,0.9410897276411284,0,0
43,45760,0.0,0.0,0.8611143228450636,0,0
44,46800,0.0,0.0,0.845088381291696,0,0
45,47840,0.0,0.0,0.8484629786593901,0,0
46,48880,0.0,0.0,0.8957158698182153,0,0
47,49920,0.0,0.0,0.9400724474965697,0,0
48,50960,0.0,0.0,0.8579007669888951,0,0
49,52000,0.0,0.0,0.9452951163103902,0,0
