t,bytes_sent,utility,pheromone,f1_val,agg_count,rollback
0,1040,0.0,0.0,0.14041368337311058,0,0
1,2080,0.0,0.0,0.14157028344905906,0,0
2,3120,0.0,0.0,0.14041368337311058,0,0
3,4160,0.0,0.0,0.14041368337311058,0,0
4,5200,0.0,0.0,0.14041368337311058,0,0
5,6240,0.0,0.0,0.14041368337311058,0,0
6,7280,0.0,0.0,0.14041368337311058,0,0
7,8320,0.0,0.0,0.14041368337311058,0,0
8,9360,0.0,0.0,0.14041368337311058,0,0
9,10400,0.0,0.0,0.14041368337311058,0,0
10,11440,0.0,0.0,0.14041368337311058,0,0
11,12480,0.0,0.0,0.22441400802745343,0,0
12,13520,0.0,0.0,0.39651855440916606,0,0
13,14560,0.0,0.0,0.39992541946910537,0,0
14,15600,0.0,0.0,0.4005844218082196,0,0
15,16640,0.0,0.0,0.40062503679542427,0,0
16,17680,0.0,0.0,0.41093325902874656,0,0
17,18720,0.0,0.0,0.701890640953942,0,0
18,19760,0.0,0.0,0.7023082095754619,0,0
19,20800,0.0,0.0,0.7016282822309048,0,0
20,21840,0.0,0.0,0.7019353166316534,0,0
21,22880,0.0,0.0,0.702242488399264,0,0
22,23920,0.0,0.0,0.7016934795869249,0,0
23,24960,0.0,0.0,0.7019353166316534,0,0
24,26000,0.0,0.0,0.7016934795869249,0,0
25,27040,0.0,0.0,0.7016934795869249,0,0
26,28080,0.0,0.0,0.7019353166316534,0,0
27,29120,0.0,0.0,0.7016934795869249,0,0
28,30160,0.0,0.0,0.7019353166316534,0,0
29,31200,0.0,0.0,0.7019353166316534,0,0
30,32240,0.0,0.0,0.9573527113557667,0,0
31,33280,0.0,0.0,0.9588982503386194,0,0
32,34320,0.0,0.0,0.9574810798704112,0,0
33,35360,0.0,0.0,0.9940327724445256,0,0
34,36400,0.0,0.0,0.9948729078564705,0,0
35,37440,0.0,0.0,0.9965470045135896,0,0
36,38480,0.0,0.0,0.9965470045135896,0,0
37,39520,0.0,0.0,0.9967887165093644,0,0
38,40560,0.0,0.0,0.9855134457533606,0,0
39,41600,0.0,0.0,0.9816062672054282,0,0
40,42640,0.0,0.0,0.9677647364703066,0,0
41,43680,0.0,0.0,0.9958918378685807,0,0
42,44720,0.0,0.0,0.9883919590756942,0,0
43,45760,0.0,0.0,0.9968091830929121,0,0
44,46800,0.0,0.0,0.9965470045135896,0,0
45,47840,0.0,0.0,0.9961336749133093,0,0
46,48880,0.0,0.0,0.9961336749133093,0,0
47,49920,0.0,0.0,0.9961336749133093,0,0
48,50960,0.0,0.0,0.9963958538641108,0,0
49,52000,0.0,0.0,0.9961336749133093,0,0
