t,bytes_sent,utility,pheromone,f1_val,agg_count,rollback
0,1040,0.0,0.0,0.05619631901840491,0,0
1,2080,0.0,0.0,0.1403857625770531,0,0
2,3120,0.0,0.0,0.1403857625770531,0,0
3,4160,0.0,0.0,0.1403857625770531,0,0
4,5200,0.0,0.0,0.1403857625770531,0,0
5,6240,0.0,0.0,0.1403857625770531,0,0
6,7280,0.0,0.0,0.1403857625770531,0,0
7,8320,0.0,0.0,0.1403857625770531,0,0
8,9360,0.0,0.0,0.1403857625770531,0,0
9,10400,0.0,0.0,0.1403857625770531,0,0
10,11440,0.0,0.0,0.1403857625770531,0,0
11,12480,0.0,0.0,0.4156839344320697,0,0
12,13520,0.0,0.0,0.4163539771616168,0,0
13,14560,0.0,0.0,0.7134489089664795,0,0
14,15600,0.0,0.0,0.7117320092804491,0,0
15,16640,0.0,0.0,0.7132262943575028,0,0
16,17680,0.0,0.0,0.6869486915233622,0,0
17,18720,0.0,0.0,0.7068588700683109,0,0
18,19760,0.0,0.0,0.6355486290072424,0,0
19,20800,0.0,0.0,0.6641891620961472,0,0
20,21840,0.0,0.0,0.6144531375197274,0,0
21,22880,0.0,0.0,0.6149847235999883,0,0
22,23920,0.0,0.0,0.5979554673375047,0,0
23,24960,0.0,0.0,0.6538977682461685,0,0
24,26000,0.0,0.0,0.6205905287698674,0,0
25,27040,0.0,0.0,0.6118633356990502,0,0
26,28080,0.0,0.0,0.5721261167995363,0,0
27,29120,0.0,0.0,0.6193794059487853,0,0
28,30160,0.0,0.0,0.5979554673375047,0,0
29,31200,0.0,0.0,0.617428109869816,0,0
30,32240,0.0,0.0,0.6102844613401625,0,0
31,33280,0.0,0.0,0.573240061248309,0,0
32,34320,0.0,0.0,0.6420823362322544,0,0
33,35360,0.0,0.0,0.5748719376866505,0,0
34,36400,0.0,0.0,0.5663536276457054,0,0
35,37440,0.0,0.0,0.5748692984990764,0,0
36,38480,0.0,0.0,0.5611119509427284,0,0
37,39520,0.0,0.0,0.5654215299605083,0,0
38,40560,0.0,0.0,0.5667107196968086,0,0
39,41600,0.0,0.0,0.56292868495534,0,0
40,42640,0.0,0.0,0.5970030531359354,0,0
41,43680,0.0,0.0,0.552941389743189,0,0
42,44720,0.0,0.0,0.5866743790831317,0,0
43,45760,0.0,0.0,0.553865476965271,0,0
44,46800,0.0,0.0,0.5558222764745585,0,0
45,47840,0.0,0.0,0.5551298165734373,0,0
46,48880,0.0,0.0,0.5537753785461179,0,0
47,49920,0.0,0.0,0.5402003659712514,0,0
48,50960,0.0,0.0,0.5819423633052432,0,0
49,52000,0.0,0.0,0.5886864250354825,0,0
