t,bytes_sent,utility,pheromone,f1_val,agg_count,rollback
0,1040,0.0,0.0,0.0885440438156093,0,0
1,2080,0.0,0.0,0.14226190476190476,0,0
2,3120,0.0,0.0,0.14226190476190476,0,0
3,4160,0.0,0.0,0.14226190476190476,0,0
4,5200,0.0,0.0,0.14226190476190476,0,0
5,6240,0.0,0.0,0.14226190476190476,0,0
6,7280,0.0,0.0,0.14226190476190476,0,0
7,8320,0.0,0.0,0.14226190476190476,0,0
8,9360,0.0,0.0,0.14226190476190476,0,0
9,10400,0.0,0.0,0.14226190476190476,0,0
10,11440,0.0,0.0,0.14226190476190476,0,0
11,12480,0.0,0.0,0.14226190476190476,0,0
12,13520,0.0,0.0,0.41714700908202623,0,0
13,14560,0.0,0.0,0.41795135763108626,0,0
14,15600,0.0,0.0,0.4176671856330787,0,0
15,16640,0.0,0.0,0.43570736519927716,0,0
16,17680,0.0,0.0,0.42718470743053005,0,0
17,18720,0.0,0.0,0.4372504082391554,0,0
18,19760,0.0,0.0,0.437089223240106,0,0
19,20800,0.0,0.0,0.6978090630838152,0,0
20,21840,0.0,0.0,0.6282611486924043,0,0
21,22880,0.0,0.0,0.603013829148051,0,0
22,23920,0.0,0.0,0.7006083926626743,0,0
23,24960,0.0,0.0,0.7006083926626743,0,0
24,26000,0.0,0.0,0.7006083926626743,0,0
25,27040,0.0,0.0,0.7006083926626743,0,0
26,28080,0.0,0.0,0.7003213174339138,0,0
27,29120,0.0,0.0,0.6683902458879067,0,0
28,30160,0.0,0.0,0.6241492308805132,0,0
29,31200,0.0,0.0,0.5808755261069142,0,0
30,32240,0.0,0.0,0.700320598491359,0,0
31,33280,0.0,0.0,0.41738078681722124,0,0
32,34320,0.0,0.0,0.700320598491359,0,0
33,35360,0.0,0.0,0.6609613984985447,0,0
34,36400,0.0,0.0,0.6821180203122843,0,0
35,37440,0.0,0.0,0.5396800660435735,0,0
36,38480,0.0,0.0,0.7003213174339138,0,0
37,39520,0.0,0.0,0.6001502673399071,0,0
38,40560,0.0,0.0,0.6289940730458894,0,0
39,41600,0.0,0.0,0.7003213174339138,0,0
40,42640,0.0,0.0,0.44110425969702355,0,0
41,43680,0.0,0.0,0.7003213174339138,0,0
42,44720,0.0,0.0,0.6150599713250491,0,0
43,45760,0.0,0.0,0.6091130272401379,0,0
44,46800,0.0,0.0,0.647234292609676,0,0
45,47840,0.0,0.0,0.43676623050537206,0,0
46,48880,0.0,0.0,0.436667805632789,0,0
47,49920,0.0,0.0,0.6091130272401379,0,0
48,50960,0.0,0.0,0.7004938661094564,0,0
49,52000,0.0,0.0,0.7004932948021524,0,0
