t,bytes_sent,utility,pheromone,f1_val,agg_count,rollback
0,1040,0.0,0.0,0.05479960415635824,0,0
1,2080,0.0,0.0,0.7144174718161633,0,0
2,3120,0.0,0.0,0.42240241232138576,0,0
3,4160,0.0,0.0,0.4153301243807275,0,0
4,5200,0.0,0.0,0.13995598239295717,0,0
5,6240,0.0,0.0,0.13995598239295717,0,0
6,7280,0.0,0.0,0.13995598239295717,0,0
7,8320,0.0,0.0,0.13995598239295717,0,0
8,9360,0.0,0.0,0.13995598239295717,0,0
9,10400,0.0,0.0,0.13995598239295717,0,0
10,11440,0.0,0.0,0.46164735929238476,0,0
11,12480,0.0,0.0,0.715097844268966,0,0
12,13520,0.0,0.0,0.7144254844922118,0,0
13,14560,0.0,0.0,0.7149686191926397,0,0
14,15600,0.0,0.0,0.7011901646574596,0,0
15,16640,0.0,0.0,0.7142671658282026,0,0
16,17680,0.0,0.0,0.7011901646574596,0,0
17,18720,0.0,0.0,0.7011901646574596,0,0
18,19760,0.0,0.0,0.7011793092964707,0,0
19,20800,0.0,0.0,0.7011901646574596,0,0
20,21840,0.0,0.0,0.7009086045093338,0,0
21,22880,0.0,0.0,0.7008905960470788,0,0
22,23920,0.0,0.0,0.7009086045093338,0,0
23,24960,0.0,0.0,0.7009086045093338,0,0
24,26000,0.0,0.0,0.7008837410168156,0,0
25,27040,0.0,0.0,0.7009086045093338,0,0
26,28080,0.0,0.0,0.7352490057102001,0,0
27,29120,0.0,0.0,0.9935081495003466,0,0
28,30160,0.0,0.0,0.9952430317747349,0,0
29,31200,0.0,0.0,0.9952430317747349,0,0
30,32240,0.0,0.0,0.9945058427751525,0,0
31,33280,0.0,0.0,0.9866701491073004,0,0
32,34320,0.0,0.0,0.9945058427751525,0,0
33,35360,0.0,0.0,0.9947325275702208,0,0
34,36400,0.0,0.0,0.9912372920127487,0,0
35,37440,0.0,0.0,0.9943590272655265,0,0
36,38480,0.0,0.0,0.9926811669910671,0,0
37,39520,0.0,0.0,0.9939988207001527,0,0
38,40560,0.0,0.0,0.9836444136069047,0,0
39,41600,0.0,0.0,0.9939919029218467,0,0
40,42640,0.0,0.0,0.9939919029218467,0,0
41,43680,0.0,0.0,0.9805130611557074,0,0
42,44720,0.0,0.0,0.9939919029218467,0,0
43,45760,0.0,0.0,0.991097207355627,0,0
44,46800,0.0,0.0,0.9784469650889858,0,0
45,47840,0.0,0.0,0.9900154226160678,0,0
46,48880,0.0,0.0,0.7137767251815677,0,0
47,49920,0.0,0.0,0.9939849501843234,0,0
48,50960,0.0,0.0,0.7916318869943884,0,0
49,52000,0.0,0.0,0.9939988207001527,0,0
