t,bytes_sent,utility,pheromone,f1_val,agg_count,rollback
0,1040,0.0,0.0,0.0,0,0
1,2080,0.0,0.0,0.0,0,0
2,3120,0.0,0.0,0.0,0,0
3,4160,0.0,0.0,0.0,0,0
4,5200,0.0,0.0,0.11138613861386139,0,0
5,6240,0.0,0.0,0.36684303350970016,0,0
6,7280,0.0,0.0,0.37347294938917974,0,0
7,8320,0.0,0.0,0.29191321499013806,0,0
8,9360,0.0,0.0,0.3904923599320883,0,0
9,10400,0.0,0.0,0.43285939968404424,0,0
10,11440,0.0,0.0,0.4292527821939587,0,0
11,12480,0.0,0.0,0.428343949044586,0,0
12,13520,0.0,0.0,0.4292527821939587,0,0
13,14560,0.0,0.0,0.4181523500810373,0,0
14,15600,0.0,0.0,0.4346456692913386,0,0
15,16640,0.0,0.0,0.45606060606060606,0,0
16,17680,0.0,0.0,0.45190839694656487,0,0
17,18720,0.0,0.0,0.45933734939759036,0,0
18,19760,0.0,0.0,0.440809968847352,0,0
19,20800,0.0,0.0,0.43375394321766564,0,0
20,21840,0.0,0.0,0.43285939968404424,0,0
21,22880,0.0,0.0,0.4292527821939587,0,0
22,23920,0.0,0.0,0.4292527821939587,0,0
23,24960,0.0,0.0,0.4292527821939587,0,0
24,26000,0.0,0.0,0.36460176991150445,0,0
25,27040,0.0,0.0,0.47667638483965014,0,0
26,28080,0.0,0.0,0.45770392749244715,0,0
27,29120,0.0,0.0,0.43553459119496857,0,0
28,30160,0.0,0.0,0.44513137557959814,0,0
29,31200,0.0,0.0,0.4319620253164557,0,0
30,32240,0.0,0.0,0.44513137557959814,0,0
31,33280,0.0,0.0,0.45852187028657615,0,0
32,34320,0.0,0.0,0.4633781763826607,0,0
33,35360,0.0,0.0,0.4390625,0,0
34,36400,0.0,0.0,0.4736070381231672,0,0
35,37440,0.0,0.0,0.499302649930265,0,0
36,38480,0.0,0.0,0.4936530324400564,0,0
37,39520,0.0,0.0,0.4886039886039886,0,0
38,40560,0.0,0.0,0.48787446504992865,0,0
39,41600,0.0,0.0,0.48787446504992865,0,0
40,42640,0.0,0.0,0.4886039886039886,0,0
41,43680,0.0,0.0,0.4886039886039886,0,0
42,44720,0.0,0.0,0.4886039886039886,0,0
43,45760,0.0,0.0,0.48933143669985774,0,0
44,46800,0.0,0.0,0.4915014164305949,0,0
45,47840,0.0,0.0,0.4915014164305949,0,0
46,48880,0.0,0.0,0.4900568181818182,0,0
47,49920,0.0,0.0,0.4900568181818182,0,0
48,50960,0.0,0.0,0.4900568181818182,0,0
49,52000,0.0,0.0,0.4900568181818182,0,0
