t,bytes_sent,utility,pheromone,f1_val,agg_count,rollback
0,1040,0.0,0.0,0.2490138067061144,0,0
1,2080,0.0,0.0,0.33136482939632544,0,0
2,3120,0.0,0.0,0.3297420829252367,0,0
3,4160,0.0,0.0,0.3297420829252367,0,0
4,5200,0.0,0.0,0.32909742587161944,0,0
5,6240,0.0,0.0,0.32654380860006466,0,0
6,7280,0.0,0.0,0.3209405783285669,0,0
7,8320,0.0,0.0,0.3149360773308388,0,0
8,9360,0.0,0.0,0.3146417445482866,0,0
9,10400,0.0,0.0,0.3146417445482866,0,0
10,11440,0.0,0.0,0.3146417445482866,0,0
11,12480,0.0,0.0,0.3146417445482866,0,0
12,13520,0.0,0.0,0.3146417445482866,0,0
13,14560,0.0,0.0,0.31259671928195604,0,0
14,15600,0.0,0.0,0.29022988505747127,0,0
15,16640,0.0,0.0,0.2909824258138865,0,0
16,17680,0.0,0.0,0.2922453703703704,0,0
17,18720,0.0,0.0,0.2927536231884058,0,0
18,19760,0.0,0.0,0.2927536231884058,0,0
19,20800,0.0,0.0,0.2932636469221835,0,0
20,21840,0.0,0.0,0.29480443666082895,0,0
21,22880,0.0,0.0,0.2950628104002337,0,0
22,23920,0.0,0.0,0.2961008501905599,0,0
23,24960,0.0,0.0,0.2963615023474178,0,0
24,26000,0.0,0.0,0.2987281869269447,0,0
25,27040,0.0,0.0,0.2989934872705743,0,0
26,28080,0.0,0.0,0.3008638665475127,0,0
27,29120,0.0,0.0,0.30303030303030304,0,0
28,30160,0.0,0.0,0.3046757164404223,0,0
29,31200,0.0,0.0,0.30633909614801336,0,0
30,32240,0.0,0.0,0.3074581430745814,0,0
31,33280,0.0,0.0,0.30858539566147264,0,0
32,34320,0.0,0.0,0.3100061387354205,0,0
33,35360,0.0,0.0,0.3108648815020006,0,0
34,36400,0.0,0.0,0.31115218730745536,0,0
35,37440,0.0,0.0,0.3108648815020006,0,0
36,38480,0.0,0.0,0.3105781057810578,0,0
37,39520,0.0,0.0,0.3108648815020006,0,0
38,40560,0.0,0.0,0.3102918586789554,0,0
39,41600,0.0,0.0,0.3102918586789554,0,0
40,42640,0.0,0.0,0.31115218730745536,0,0
41,43680,0.0,0.0,0.3120172999691072,0,0
42,44720,0.0,0.0,0.3117283950617284,0,0
43,45760,0.0,0.0,0.30802073802988716,0,0
44,46800,0.0,0.0,0.2942890442890443,0,0
45,47840,0.0,0.0,0.2927536231884058,0,0
46,48880,0.0,0.0,0.29249927599189113,0,0
47,49920,0.0,0.0,0.29249927599189113,0,0
48,50960,0.0,0.0,0.2932636469221835,0,0
49,52000,0.0,0.0,0.2942890442890443,0,0
