t,bytes_sent,utility,pheromone,f1_val,agg_count,rollback
0,4160,0.0,0.0,0.1522581895716224,0,0
1,8320,0.0,0.0,0.3904795038316109,0,0
2,12480,0.0,0.0,0.45703056470719766,0,0
3,16640,0.0,0.0,0.5297421147829604,0,0
4,20800,0.0,0.0,0.7332133574071055,0,0
5,24960,0.0,0.0,0.8711110713305776,0,0
6,29120,0.0,0.0,0.866663333249998,0,0
7,33280,0.0,0.0,0.8032404239990554,0,0
8,37440,0.0,0.0,0.9344476255511998,0,0
9,41600,0.0,0.0,0.6105287467551371,0,0
10,45760,0.0,0.0,0.9225666044806144,0,0
11,49920,0.0,0.0,0.8583037695519189,0,0
12,54080,0.0,0.0,0.912349851779271,0,0
13,58240,0.0,0.0,0.9109686609686609,0,0
14,62400,0.0,0.0,0.9239480819525192,0,0
15,66560,0.0,0.0,0.9261586988884098,0,0
16,70720,0.0,0.0,0.9275405177013252,0,0
17,74880,0.0,0.0,0.9236717775004457,0,0
18,79040,0.0,0.0,0.9272641416321057,0,0
19,83200,0.0,0.0,0.9303046523038494,0,0
20,87360,0.0,0.0,0.6488935683207459,0,0
21,91520,0.0,0.0,0.6167944571460436,0,0
22,95680,0.0,0.0,0.6355298471490102,0,0
23,99840,0.0,0.0,0.9696969696969697,0,0
24,104000,0.0,0.0,0.6465641284721247,0,0
25,108160,0.0,0.0,0.6480525728576991,0,0
26,112320,0.0,0.0,0.6471334598248865,0,0
27,116480,0.0,0.0,0.9702547892439571,0,0
28,120640,0.0,0.0,0.9705337392193827,0,0
29,124800,0.0,0.0,0.9605074927229453,0,0
30,128960,0.0,0.0,0.9488460664931253,0,0
31,133120,0.0,0.0,0.9430269449037043,0,0
32,137280,0.0,0.0,0.9422054574272851,0,0
33,141440,0.0,0.0,0.956612257037387,0,0
34,145600,0.0,0.0,0.5902342580327063,0,0
35,149760,0.0,0.0,0.8844255744224906,0,0
36,153920,0.0,0.0,0.5895980019589698,0,0
37,158080,0.0,0.0,0.8863642590434917,0,0
38,162240,0.0,0.0,0.8827633041116187,0,0
39,166400,0.0,0.0,0.5882020412345442,0,0
40,170560,0.0,0.0,0.5880171420680399,0,0
41,174720,0.0,0.0,0.5871343346799167,0,0
42,178880,0.0,0.0,0.5876480013510369,0,0
43,183040,0.0,0.0,0.8824875868446289,0,0
44,187200,0.0,0.0,0.5861680904552108,0,0
45,191360,0.0,0.0,0.5874630494074853,0,0
46,195520,0.0,0.0,0.5878128035614859,0,0
47,199680,0.0,0.0,0.5833687222747991,0,0
48,203840,0.0,0.0,0.5884504853598455,0,0
49,208000,0.0,0.0,0.6633706068563033,0,0
