t,bytes_sent,utility,pheromone,f1_val,agg_count,rollback
0,4160,0.0,0.0,0.3641628959276018,0,0
1,8320,0.0,0.0,0.14613994319648851,0,0
2,12480,0.0,0.0,0.28692614770459085,0,0
3,16640,0.0,0.0,0.29450446218882104,0,0
4,20800,0.0,0.0,0.29376384931940486,0,0
5,24960,0.0,0.0,0.29074682949741665,0,0
6,29120,0.0,0.0,0.28309046751669703,0,0
7,33280,0.0,0.0,0.2821269192950609,0,0
8,37440,0.0,0.0,0.27989821882951654,0,0
9,41600,0.0,0.0,0.27783902976846747,0,0
10,45760,0.0,0.0,0.2720578018618869,0,0
11,49920,0.0,0.0,0.27061748860339824,0,0
12,54080,0.0,0.0,0.2686898080787085,0,0
13,58240,0.0,0.0,0.2675,0,0
14,62400,0.0,0.0,0.2648229624973811,0,0
15,66560,0.0,0.0,0.26457461645746166,0,0
16,70720,0.0,0.0,0.2653075376187504,0,0
17,74880,0.0,0.0,0.2642827784628031,0,0
18,79040,0.0,0.0,0.25865580448065173,0,0
19,83200,0.0,0.0,0.2557917688743527,0,0
20,87360,0.0,0.0,0.25216234198270127,0,0
21,91520,0.0,0.0,0.24671817096916024,0,0
22,95680,0.0,0.0,0.2446743011944342,0,0
23,99840,0.0,0.0,0.2438787878787879,0,0
24,104000,0.0,0.0,0.24281921313058172,0,0
25,108160,0.0,0.0,0.3641628959276018,0,0
26,112320,0.0,0.0,0.3641628959276018,0,0
27,116480,0.0,0.0,0.3641628959276018,0,0
28,120640,0.0,0.0,0.3641628959276018,0,0
29,124800,0.0,0.0,0.3641628959276018,0,0
30,128960,0.0,0.0,0.3641628959276018,0,0
31,133120,0.0,0.0,0.3641628959276018,0,0
32,137280,0.0,0.0,0.3641628959276018,0,0
33,141440,0.0,0.0,0.3641628959276018,0,0
34,145600,0.0,0.0,0.3641628959276018,0,0
35,149760,0.0,0.0,0.3641628959276018,0,0
36,153920,0.0,0.0,0.3641628959276018,0,0
37,158080,0.0,0.0,0.3641628959276018,0,0
38,162240,0.0,0.0,0.3641628959276018,0,0
39,166400,0.0,0.0,0.3641628959276018,0,0
40,170560,0.0,0.0,0.3641628959276018,0,0
41,174720,0.0,0.0,0.3641628959276018,0,0
42,178880,0.0,0.0,0.3641628959276018,0,0
43,183040,0.0,0.0,0.3641628959276018,0,0
44,187200,0.0,0.0,0.3641628959276018,0,0
45,191360,0.0,0.0,0.3641628959276018,0,0
46,195520,0.0,0.0,0.3641628959276018,0,0
47,199680,0.0,0.0,0.3641628959276018,0,0
48,203840,0.0,0.0,0.3641628959276018,0,0
49,208000,0.0,0.0,0.3641628959276018,0,0
