t,bytes_sent,utility,pheromone,f1_val,agg_count,rollback
0,1040,0.0,0.0,0.14035785288270378,0,0
1,2080,0.0,0.0,0.20821170076858425,0,0
2,3120,0.0,0.0,0.14035785288270378,0,0
3,4160,0.0,0.0,0.14035785288270378,0,0
4,5200,0.0,0.0,0.14035785288270378,0,0
5,6240,0.0,0.0,0.14035785288270378,0,0
6,7280,0.0,0.0,0.14035785288270378,0,0
7,8320,0.0,0.0,0.14035785288270378,0,0
8,9360,0.0,0.0,0.14035785288270378,0,0
9,10400,0.0,0.0,0.14035785288270378,0,0
10,11440,0.0,0.0,0.15381263616557733,0,0
11,12480,0.0,0.0,0.37220893256861787,0,0
12,13520,0.0,0.0,0.39652757107859105,0,0
13,14560,0.0,0.0,0.39656053564365834,0,0
14,15600,0.0,0.0,0.39659360338126215,0,0
15,16640,0.0,0.0,0.39659360338126215,0,0
16,17680,0.0,0.0,0.39659360338126215,0,0
17,18720,0.0,0.0,0.39659360338126215,0,0
18,19760,0.0,0.0,0.39659360338126215,0,0
19,20800,0.0,0.0,0.39659360338126215,0,0
20,21840,0.0,0.0,0.39659360338126215,0,0
21,22880,0.0,0.0,0.6250334341817806,0,0
22,23920,0.0,0.0,0.6868869931842285,0,0
23,24960,0.0,0.0,0.6923177505287506,0,0
24,26000,0.0,0.0,0.7341910363110472,0,0
25,27040,0.0,0.0,0.9478839053273328,0,0
26,28080,0.0,0.0,0.9671753140450708,0,0
27,29120,0.0,0.0,0.9860972002806329,0,0
28,30160,0.0,0.0,0.9465322550771281,0,0
29,31200,0.0,0.0,0.9970564883947899,0,0
30,32240,0.0,0.0,0.9573877905408588,0,0
31,33280,0.0,0.0,0.9976516241010662,0,0
32,34320,0.0,0.0,0.9974535255208126,0,0
33,35360,0.0,0.0,0.9434045205439059,0,0
34,36400,0.0,0.0,0.9974830777164877,0,0
35,37440,0.0,0.0,0.9974830777164877,0,0
36,38480,0.0,0.0,0.9462889004777876,0,0
37,39520,0.0,0.0,0.9966095684287936,0,0
38,40560,0.0,0.0,0.9974082695017256,0,0
39,41600,0.0,0.0,0.997240356705793,0,0
40,42640,0.0,0.0,0.9974830777164877,0,0
41,43680,0.0,0.0,0.9969975081576651,0,0
42,44720,0.0,0.0,0.997010762750862,0,0
43,45760,0.0,0.0,0.9969975081576651,0,0
44,46800,0.0,0.0,0.9980623665153463,0,0
45,47840,0.0,0.0,0.9965603779504312,0,0
46,48880,0.0,0.0,0.9961605687915402,0,0
47,49920,0.0,0.0,0.9970007132142444,0,0
48,50960,0.0,0.0,0.9969975081576651,0,0
49,52000,0.0,0.0,0.9969975081576651,0,0
