t,bytes_sent,utility,pheromone,f1_val,agg_count,rollback
0,1040,0.0,0.0,0.08791994281629735,0,0
1,2080,0.0,0.0,0.10477605118829982,0,0
2,3120,0.0,0.0,0.10477605118829982,0,0
3,4160,0.0,0.0,0.10477605118829982,0,0
4,5200,0.0,0.0,0.16553808948004836,0,0
5,6240,0.0,0.0,0.1417771333885667,0,0
6,7280,0.0,0.0,0.1417771333885667,0,0
7,8320,0.0,0.0,0.1417771333885667,0,0
8,9360,0.0,0.0,0.1417771333885667,0,0
9,10400,0.0,0.0,0.1417771333885667,0,0
10,11440,0.0,0.0,0.1417771333885667,0,0
11,12480,0.0,0.0,0.1417771333885667,0,0
12,13520,0.0,0.0,0.4107371392538345,0,0
13,14560,0.0,0.0,0.41655739783724066,0,0
14,15600,0.0,0.0,0.6153387842196558,0,0
15,16640,0.0,0.0,0.6612676066838818,0,0
16,17680,0.0,0.0,0.7013740235548288,0,0
17,18720,0.0,0.0,0.7009351753227933,0,0
18,19760,0.0,0.0,0.7015542259878702,0,0
19,20800,0.0,0.0,0.7013938903161618,0,0
20,21840,0.0,0.0,0.7015710590385817,0,0
21,22880,0.0,0.0,0.7013120848906231,0,0
22,23920,0.0,0.0,0.7013120848906231,0,0
23,24960,0.0,0.0,0.7013120848906231,0,0
24,26000,0.0,0.0,0.511633035659448,0,0
25,27040,0.0,0.0,0.7013120848906231,0,0
26,28080,0.0,0.0,0.7012327640453476,0,0
27,29120,0.0,0.0,0.701230889339113,0,0
28,30160,0.0,0.0,0.7010509272518727,0,0
29,31200,0.0,0.0,0.7010509272518727,0,0
30,32240,0.0,0.0,0.6815978417074866,0,0
31,33280,0.0,0.0,0.7010509272518727,0,0
32,34320,0.0,0.0,0.7010509272518727,0,0
33,35360,0.0,0.0,0.7009716073376621,0,0
34,36400,0.0,0.0,0.7012327640453476,0,0
35,37440,0.0,0.0,0.7009716073376621,0,0
36,38480,0.0,0.0,0.7073620367234346,0,0
37,39520,0.0,0.0,0.7061448196334876,0,0
38,40560,0.0,0.0,0.7448541194020384,0,0
39,41600,0.0,0.0,0.8061588148929972,0,0
40,42640,0.0,0.0,0.7863311138843684,0,0
41,43680,0.0,0.0,0.7617597249307286,0,0
42,44720,0.0,0.0,0.8264550688650095,0,0
43,45760,0.0,0.0,0.8098566220332157,0,0
44,46800,0.0,0.0,0.8126153016327178,0,0
45,47840,0.0,0.0,0.6687777065952915,0,0
46,48880,0.0,0.0,0.8174018015876201,0,0
47,49920,0.0,0.0,0.7634610666091485,0,0
48,50960,0.0,0.0,0.7960511023547375,0,0
49,52000,0.0,0.0,0.8060506117874078,0,0
