t,bytes_sent,utility,pheromone,f1_val,agg_count,rollback
0,1040,0.0,0.0,0.08833063209076175,0,0
1,2080,0.0,0.0,0.46727498118229116,0,0
2,3120,0.0,0.0,0.7016032353618362,0,0
3,4160,0.0,0.0,0.40662661273469203,0,0
4,5200,0.0,0.0,0.39852221424250867,0,0
5,6240,0.0,0.0,0.14022662889518414,0,0
6,7280,0.0,0.0,0.14022662889518414,0,0
7,8320,0.0,0.0,0.14022662889518414,0,0
8,9360,0.0,0.0,0.14022662889518414,0,0
9,10400,0.0,0.0,0.41398958886204673,0,0
10,11440,0.0,0.0,0.6835676467980156,0,0
11,12480,0.0,0.0,0.6704108165489321,0,0
12,13520,0.0,0.0,0.6669731387868343,0,0
13,14560,0.0,0.0,0.6666125754439478,0,0
14,15600,0.0,0.0,0.6679234684558553,0,0
15,16640,0.0,0.0,0.6662852188927999,0,0
16,17680,0.0,0.0,0.6669043737902149,0,0
17,18720,0.0,0.0,0.6661497505981686,0,0
18,19760,0.0,0.0,0.6659889856729894,0,0
19,20800,0.0,0.0,0.6654830971202403,0,0
20,21840,0.0,0.0,0.6660109089724461,0,0
21,22880,0.0,0.0,0.6655699990469093,0,0
22,23920,0.0,0.0,0.664967897343806,0,0
23,24960,0.0,0.0,0.6658284769879301,0,0
24,26000,0.0,0.0,0.6659126726877603,0,0
25,27040,0.0,0.0,0.6654415358034949,0,0
26,28080,0.0,0.0,0.6657842073755729,0,0
27,29120,0.0,0.0,0.6657399433835911,0,0
28,30160,0.0,0.0,0.9579518114420483,0,0
29,31200,0.0,0.0,0.9564547654831923,0,0
30,32240,0.0,0.0,0.9565535979942397,0,0
31,33280,0.0,0.0,0.9524450913897444,0,0
32,34320,0.0,0.0,0.9569808749324759,0,0
33,35360,0.0,0.0,0.9522271284146482,0,0
34,36400,0.0,0.0,0.9483021743773663,0,0
35,37440,0.0,0.0,0.9501616380574736,0,0
36,38480,0.0,0.0,0.9558518839088248,0,0
37,39520,0.0,0.0,0.9536025335139848,0,0
38,40560,0.0,0.0,0.9496659446282216,0,0
39,41600,0.0,0.0,0.9468159306379379,0,0
40,42640,0.0,0.0,0.9455504915413269,0,0
41,43680,0.0,0.0,0.9509566155188036,0,0
42,44720,0.0,0.0,0.9503460847732468,0,0
43,45760,0.0,0.0,0.9531252207098874,0,0
44,46800,0.0,0.0,0.9413377854159686,0,0
45,47840,0.0,0.0,0.9413718810546725,0,0
46,48880,0.0,0.0,0.9404300930834926,0,0
47,49920,0.0,0.0,0.9416823731833603,0,0
48,50960,0.0,0.0,0.9490382632357297,0,0
49,52000,0.0,0.0,0.9557843356246303,0,0
