t,bytes_sent,utility,pheromone,f1_val,agg_count,rollback
0,1040,0.0,0.0,0.14094896331738438,0,0
1,2080,0.0,0.0,0.1514546300538567,0,0
2,3120,0.0,0.0,0.1472609872943137,0,0
3,4160,0.0,0.0,0.14094896331738438,0,0
4,5200,0.0,0.0,0.14094896331738438,0,0
5,6240,0.0,0.0,0.14094896331738438,0,0
6,7280,0.0,0.0,0.14094896331738438,0,0
7,8320,0.0,0.0,0.14094896331738438,0,0
8,9360,0.0,0.0,0.14094896331738438,0,0
9,10400,0.0,0.0,0.1417685983557249,0,0
10,11440,0.0,0.0,0.3913486679203072,0,0
11,12480,0.0,0.0,0.38999670636365213,0,0
12,13520,0.0,0.0,0.3667258383421507,0,0
13,14560,0.0,0.0,0.36099472098926366,0,0
14,15600,0.0,0.0,0.35341267706103185,0,0
15,16640,0.0,0.0,0.3526334403190061,0,0
16,17680,0.0,0.0,0.35188451018696787,0,0
17,18720,0.0,0.0,0.3525943626772631,0,0
18,19760,0.0,0.0,0.35237605253976784,0,0
19,20800,0.0,0.0,0.3520013223782355,0,0
20,21840,0.0,0.0,0.35185290575873046,0,0
21,22880,0.0,0.0,0.35185290575873046,0,0
22,23920,0.0,0.0,0.35181396836861994,0,0
23,24960,0.0,0.0,0.27598194039520574,0,0
24,26000,0.0,0.0,0.15627392024700482,0,0
25,27040,0.0,0.0,0.24782234571844353,0,0
26,28080,0.0,0.0,0.35228783858720547,0,0
27,29120,0.0,0.0,0.35341267706103185,0,0
28,30160,0.0,0.0,0.3597715931294292,0,0
29,31200,0.0,0.0,0.3651548353848917,0,0
30,32240,0.0,0.0,0.5160674974156239,0,0
31,33280,0.0,0.0,0.35376849572053815,0,0
32,34320,0.0,0.0,0.35228783858720547,0,0
33,35360,0.0,0.0,0.3469045853652092,0,0
34,36400,0.0,0.0,0.34244427865558474,0,0
35,37440,0.0,0.0,0.35332495072624465,0,0
36,38480,0.0,0.0,0.3536207091334382,0,0
37,39520,0.0,0.0,0.41808052765425374,0,0
38,40560,0.0,0.0,0.4222681355826107,0,0
39,41600,0.0,0.0,0.33332545324406054,0,0
40,42640,0.0,0.0,0.4711219531886296,0,0
41,43680,0.0,0.0,0.38547664466019715,0,0
42,44720,0.0,0.0,0.37502118857973205,0,0
43,45760,0.0,0.0,0.6882715156301482,0,0
44,46800,0.0,0.0,0.6059629119821346,0,0
45,47840,0.0,0.0,0.6370168064148727,0,0
46,48880,0.0,0.0,0.718305401956726,0,0
47,49920,0.0,0.0,0.493172683025789,0,0
48,50960,0.0,0.0,0.588689171132269,0,0
49,52000,0.0,0.0,0.5171030660969723,0,0
