t,bytes_sent,utility,pheromone,f1_val,agg_count,rollback
0,1040,0.0,0.0,0.9913729870729182,0,0
1,2080,0.0,0.0,0.993841890298642,0,0
2,3120,0.0,0.0,0.9934741586295472,0,0
3,4160,0.0,0.0,0.9919185654646655,0,0
4,5200,0.0,0.0,0.9917725281076084,0,0
5,6240,0.0,0.0,0.9813048687220991,0,0
6,7280,0.0,0.0,0.9832928559309241,0,0
7,8320,0.0,0.0,0.9933673104406822,0,0
8,9360,0.0,0.0,0.9874934518419147,0,0
9,10400,0.0,0.0,0.8232392896657825,0,0
10,11440,0.0,0.0,0.9913617725916143,0,0
11,12480,0.0,0.0,0.9930017911527874,0,0
12,13520,0.0,0.0,0.9932881313618805,0,0
13,14560,0.0,0.0,0.9801346260337378,0,0
14,15600,0.0,0.0,0.9938609704924602,0,0
15,16640,0.0,0.0,0.9898036929918578,0,0
16,17680,0.0,0.0,0.9837791158025322,0,0
17,18720,0.0,0.0,0.9833869324765706,0,0
18,19760,0.0,0.0,0.9964188780910143,0,0
19,20800,0.0,0.0,0.8682150016784629,0,0
20,21840,0.0,0.0,0.9096229225589152,0,0
21,22880,0.0,0.0,0.9975227494727534,0,0
22,23920,0.0,0.0,0.9328784869732712,0,0
23,24960,0.0,0.0,0.8236397439475494,0,0
24,26000,0.0,0.0,0.8978892184268532,0,0
25,27040,0.0,0.0,0.9252318717862337,0,0
26,28080,0.0,0.0,0.994130733717923,0,0
27,29120,0.0,0.0,0.9370688811653282,0,0
28,30160,0.0,0.0,0.9221279112962314,0,0
29,31200,0.0,0.0,0.9072777027027027,0,0
30,32240,0.0,0.0,0.8987267284398192,0,0
31,33280,0.0,0.0,0.8966144587916467,0,0
32,34320,0.0,0.0,0.9000518564994091,0,0
33,35360,0.0,0.0,0.8874796721338323,0,0
34,36400,0.0,0.0,0.8955618892508144,0,0
35,37440,0.0,0.0,0.8952991105977571,0,0
36,38480,0.0,0.0,0.8851210020027384,0,0
37,39520,0.0,0.0,0.886410005479098,0,0
38,40560,0.0,0.0,0.8840919309177075,0,0
39,41600,0.0,0.0,0.8851210020027384,0,0
40,42640,0.0,0.0,0.8851210020027384,0,0
41,43680,0.0,0.0,0.8794834373950007,0,0
42,44720,0.0,0.0,0.8759226557565933,0,0
43,45760,0.0,0.0,0.8810156621054753,0,0
44,46800,0.0,0.0,0.873390874106309,0,0
45,47840,0.0,0.0,0.8678519380184101,0,0
46,48880,0.0,0.0,0.8802490711413883,0,0
47,49920,0.0,0.0,0.8670996806438895,0,0
48,50960,0.0,0.0,0.8638476308953921,0,0
49,52000,0.0,0.0,0.8701129735798827,0,0
