t,bytes_sent,utility,pheromone,f1_val,agg_count,rollback
0,4160,0.0,0.0,0.588978867923534,0,0
1,8320,0.0,0.0,0.6725384586171819,0,0
2,12480,0.0,0.0,0.6639942462315507,0,0
3,16640,0.0,0.0,0.6485847856621519,0,0
4,20800,0.0,0.0,0.6436077306755557,0,0
5,24960,0.0,0.0,0.7981129222824757,0,0
6,29120,0.0,0.0,0.7467811374187965,0,0
7,33280,0.0,0.0,0.832253976021029,0,0
8,37440,0.0,0.0,0.8161031023065326,0,0
9,41600,0.0,0.0,0.8411477907115906,0,0
10,45760,0.0,0.0,0.826975718279787,0,0
11,49920,0.0,0.0,0.8260389472071146,0,0
12,54080,0.0,0.0,0.8351909996299052,0,0
13,58240,0.0,0.0,0.9055998991978156,0,0
14,62400,0.0,0.0,0.797926301293984,0,0
15,66560,0.0,0.0,0.826857295956768,0,0
16,70720,0.0,0.0,0.8288910615502374,0,0
17,74880,0.0,0.0,0.882755250089313,0,0
18,79040,0.0,0.0,0.8222765723072964,0,0
19,83200,0.0,0.0,0.9056458623775567,0,0
20,87360,0.0,0.0,0.8871084211643316,0,0
21,91520,0.0,0.0,0.805543134366515,0,0
22,95680,0.0,0.0,0.8518023741522133,0,0
23,99840,0.0,0.0,0.8756794804299791,0,0
24,104000,0.0,0.0,0.8706275496604877,0,0
25,108160,0.0,0.0,0.8659061819682169,0,0
26,112320,0.0,0.0,0.7954484939446659,0,0
27,116480,0.0,0.0,0.8329406253984226,0,0
28,120640,0.0,0.0,0.9063407612150689,0,0
29,124800,0.0,0.0,0.9065086732627938,0,0
30,128960,0.0,0.0,0.9081062610605899,0,0
31,133120,0.0,0.0,0.9064503065232218,0,0
32,137280,0.0,0.0,0.8522949903636887,0,0
33,141440,0.0,0.0,0.8084411799743334,0,0
34,145600,0.0,0.0,0.8576890573676494,0,0
35,149760,0.0,0.0,0.8616606066998123,0,0
36,153920,0.0,0.0,0.8614776007618039,0,0
37,158080,0.0,0.0,0.765167283176533,0,0
38,162240,0.0,0.0,0.8786158972388038,0,0
39,166400,0.0,0.0,0.8789709602397243,0,0
40,170560,0.0,0.0,0.8793177552721577,0,0
41,174720,0.0,0.0,0.8809263014275142,0,0
42,178880,0.0,0.0,0.8796381365953303,0,0
43,183040,0.0,0.0,0.8800879037803362,0,0
44,187200,0.0,0.0,0.8494181799579139,0,0
45,191360,0.0,0.0,0.8562521817181786,0,0
46,195520,0.0,0.0,0.9106595732616416,0,0
47,199680,0.0,0.0,0.8384421967575855,0,0
48,203840,0.0,0.0,0.8511050101664155,0,0
49,208000,0.0,0.0,0.879037887315113,0,0
