t,bytes_sent,utility,pheromone,f1_val,agg_count,rollback
0,4160,0.0,0.0,0.35976373724718097,0,0
1,8320,0.0,0.0,0.35976373724718097,0,0
2,12480,0.0,0.0,0.3330019880715706,0,0
3,16640,0.0,0.0,0.24900299102691925,0,0
4,20800,0.0,0.0,0.6625592893405358,0,0
5,24960,0.0,0.0,0.6612003589954997,0,0
6,29120,0.0,0.0,0.47100300778485493,0,0
7,33280,0.0,0.0,0.6653278942555906,0,0
8,37440,0.0,0.0,0.6647444222245239,0,0
9,41600,0.0,0.0,0.6639073482428115,0,0
10,45760,0.0,0.0,0.6655773316590636,0,0
11,49920,0.0,0.0,0.6640750977014155,0,0
12,54080,0.0,0.0,0.6643264077517587,0,0
13,58240,0.0,0.0,0.6643264077517587,0,0
14,62400,0.0,0.0,0.6647444222245239,0,0
15,66560,0.0,0.0,0.6648279000586513,0,0
16,70720,0.0,0.0,0.6654110814434088,0,0
17,74880,0.0,0.0,0.6656603947486558,0,0
18,79040,0.0,0.0,0.6654110814434088,0,0
19,83200,0.0,0.0,0.6655773316590636,0,0
20,87360,0.0,0.0,0.6655773316590636,0,0
21,91520,0.0,0.0,0.6658261909850812,0,0
22,95680,0.0,0.0,0.6657431691383339,0,0
23,99840,0.0,0.0,0.6659091715479665,0,0
24,104000,0.0,0.0,0.665660105976908,0,0
25,108160,0.0,0.0,0.6658261909850812,0,0
26,112320,0.0,0.0,0.9988640044715731,0,0
27,116480,0.0,0.0,0.6658261909850812,0,0
28,120640,0.0,0.0,0.6658261909850812,0,0
29,124800,0.0,0.0,0.6659921108577754,0,0
30,128960,0.0,0.0,0.6659921108577754,0,0
31,133120,0.0,0.0,0.6660749265620557,0,0
32,137280,0.0,0.0,0.6621316669010925,0,0
33,141440,0.0,0.0,0.49836964975888765,0,0
34,145600,0.0,0.0,0.6648495265193342,0,0
35,149760,0.0,0.0,0.6646831094782292,0,0
36,153920,0.0,0.0,0.6645765111650948,0,0
37,158080,0.0,0.0,0.6642406815761448,0,0
38,162240,0.0,0.0,0.498117620459428,0,0
39,166400,0.0,0.0,0.6638209902953772,0,0
40,170560,0.0,0.0,0.6640740149094783,0,0
41,174720,0.0,0.0,0.6639050125738092,0,0
42,178880,0.0,0.0,0.6638222010490828,0,0
43,183040,0.0,0.0,0.6637381790736424,0,0
44,187200,0.0,0.0,0.6637381790736424,0,0
45,191360,0.0,0.0,0.6640740149094783,0,0
46,195520,0.0,0.0,0.6636541150346346,0,0
47,199680,0.0,0.0,0.6639889928095699,0,0
48,203840,0.0,0.0,0.6643244939563832,0,0
49,208000,0.0,0.0,0.6643244939563832,0,0
