t,bytes_sent,utility,pheromone,f1_val,agg_count,rollback
0,1040,0.0,0.0,0.41589876364504597,0,0
1,2080,0.0,0.0,0.3929845626717058,0,0
2,3120,0.0,0.0,0.14142628205128205,0,0
3,4160,0.0,0.0,0.14142628205128205,0,0
4,5200,0.0,0.0,0.14142628205128205,0,0
5,6240,0.0,0.0,0.14142628205128205,0,0
6,7280,0.0,0.0,0.14142628205128205,0,0
7,8320,0.0,0.0,0.14142628205128205,0,0
8,9360,0.0,0.0,0.14142628205128205,0,0
9,10400,0.0,0.0,0.36503593925984024,0,0
10,11440,0.0,0.0,0.41605123052148413,0,0
11,12480,0.0,0.0,0.4171358730402079,0,0
12,13520,0.0,0.0,0.41701593381884106,0,0
13,14560,0.0,0.0,0.4169753086419753,0,0
14,15600,0.0,0.0,0.45291879494985643,0,0
15,16640,0.0,0.0,0.41693470025384477,0,0
16,17680,0.0,0.0,0.7101942583316938,0,0
17,18720,0.0,0.0,0.7098830125973228,0,0
18,19760,0.0,0.0,0.7012551660178277,0,0
19,20800,0.0,0.0,0.6206994130708898,0,0
20,21840,0.0,0.0,0.7007522124935688,0,0
21,22880,0.0,0.0,0.7022696544665166,0,0
22,23920,0.0,0.0,0.962081379941755,0,0
23,24960,0.0,0.0,0.9247823873375203,0,0
24,26000,0.0,0.0,0.8992651352219402,0,0
25,27040,0.0,0.0,0.6184862290406296,0,0
26,28080,0.0,0.0,0.9757792482909324,0,0
27,29120,0.0,0.0,0.9382505220431923,0,0
28,30160,0.0,0.0,0.6313909815854641,0,0
29,31200,0.0,0.0,0.9660651692632864,0,0
30,32240,0.0,0.0,0.9623500631877142,0,0
31,33280,0.0,0.0,0.710643783135029,0,0
32,34320,0.0,0.0,0.8260810845803983,0,0
33,35360,0.0,0.0,0.835679060973453,0,0
34,36400,0.0,0.0,0.7449003759105312,0,0
35,37440,0.0,0.0,0.9870459776897357,0,0
36,38480,0.0,0.0,0.7622328630293074,0,0
37,39520,0.0,0.0,0.8703081473939451,0,0
38,40560,0.0,0.0,0.8160722305133312,0,0
39,41600,0.0,0.0,0.7109529432627345,0,0
40,42640,0.0,0.0,0.8115923394192143,0,0
41,43680,0.0,0.0,0.9643655873875612,0,0
42,44720,0.0,0.0,0.6145326733142146,0,0
43,45760,0.0,0.0,0.621304209698629,0,0
44,46800,0.0,0.0,0.8623422581172911,0,0
45,47840,0.0,0.0,0.6182222378219541,0,0
46,48880,0.0,0.0,0.6799894369627383,0,0
47,49920,0.0,0.0,0.8582087994444167,0,0
48,50960,0.0,0.0,0.6591779346117246,0,0
49,52000,0.0,0.0,0.8705953285299064,0,0
