t,bytes_sent,utility,pheromone,f1_val,agg_count,rollback
0,4160,0.0,0.0,0.1423422174728863,0,0
1,8320,0.0,0.0,0.1403857625770531,0,0
2,12480,0.0,0.0,0.1403857625770531,0,0
3,16640,0.0,0.0,0.1403857625770531,0,0
4,20800,0.0,0.0,0.1403857625770531,0,0
5,24960,0.0,0.0,0.1403857625770531,0,0
6,29120,0.0,0.0,0.1403857625770531,0,0
7,33280,0.0,0.0,0.1403857625770531,0,0
8,37440,0.0,0.0,0.1403857625770531,0,0
9,41600,0.0,0.0,0.1403857625770531,0,0
10,45760,0.0,0.0,0.1403857625770531,0,0
11,49920,0.0,0.0,0.41607788054795825,0,0
12,54080,0.0,0.0,0.4160404975377924,0,0
13,58240,0.0,0.0,0.37169029467602305,0,0
14,62400,0.0,0.0,0.3716554214927811,0,0
15,66560,0.0,0.0,0.4156104927883405,0,0
16,70720,0.0,0.0,0.5277685592305,0,0
17,74880,0.0,0.0,0.7132262943575028,0,0
18,79040,0.0,0.0,0.7111124605224036,0,0
19,83200,0.0,0.0,0.6566608877375005,0,0
20,87360,0.0,0.0,0.5907369693874857,0,0
21,91520,0.0,0.0,0.6914966922533641,0,0
22,95680,0.0,0.0,0.6517303992420803,0,0
23,99840,0.0,0.0,0.6168129178407878,0,0
24,104000,0.0,0.0,0.5980476721887211,0,0
25,108160,0.0,0.0,0.5790261737590177,0,0
26,112320,0.0,0.0,0.6002566688912446,0,0
27,116480,0.0,0.0,0.5724345677596657,0,0
28,120640,0.0,0.0,0.5669789450470728,0,0
29,124800,0.0,0.0,0.6202536411856161,0,0
30,128960,0.0,0.0,0.5750016934227461,0,0
31,133120,0.0,0.0,0.560437634834416,0,0
32,137280,0.0,0.0,0.5976355446759111,0,0
33,141440,0.0,0.0,0.595375851066517,0,0
34,145600,0.0,0.0,0.613023040930248,0,0
35,149760,0.0,0.0,0.5998456797561097,0,0
36,153920,0.0,0.0,0.533713984449042,0,0
37,158080,0.0,0.0,0.5973845765840355,0,0
38,162240,0.0,0.0,0.6072487494258566,0,0
39,166400,0.0,0.0,0.5185222678542103,0,0
40,170560,0.0,0.0,0.6032817777027267,0,0
41,174720,0.0,0.0,0.6153516642064812,0,0
42,178880,0.0,0.0,0.5308232698167623,0,0
43,183040,0.0,0.0,0.5305489981610301,0,0
44,187200,0.0,0.0,0.5978439794091238,0,0
45,191360,0.0,0.0,0.5444126459622347,0,0
46,195520,0.0,0.0,0.557740860103604,0,0
47,199680,0.0,0.0,0.5842943086081658,0,0
48,203840,0.0,0.0,0.5743755916330164,0,0
49,208000,0.0,0.0,0.6066947253722137,0,0
