t,bytes_sent,utility,pheromone,f1_val,agg_count,rollback
0,4160,0.0,0.0,0.14094896331738438,0,0
1,8320,0.0,0.0,0.14094896331738438,0,0
2,12480,0.0,0.0,0.14094896331738438,0,0
3,16640,0.0,0.0,0.14094896331738438,0,0
4,20800,0.0,0.0,0.14094896331738438,0,0
5,24960,0.0,0.0,0.14094896331738438,0,0
6,29120,0.0,0.0,0.14094896331738438,0,0
7,33280,0.0,0.0,0.14094896331738438,0,0
8,37440,0.0,0.0,0.14094896331738438,0,0
9,41600,0.0,0.0,0.38282906690217394,0,0
10,45760,0.0,0.0,0.3914281902821523,0,0
11,49920,0.0,0.0,0.38955781014259094,0,0
12,54080,0.0,0.0,0.35623204172376954,0,0
13,58240,0.0,0.0,0.3535245246810777,0,0
14,62400,0.0,0.0,0.3530289445322021,0,0
15,66560,0.0,0.0,0.3530289445322021,0,0
16,70720,0.0,0.0,0.3524125915353365,0,0
17,74880,0.0,0.0,0.34160997031099394,0,0
18,79040,0.0,0.0,0.36021917200768705,0,0
19,83200,0.0,0.0,0.3888868970322158,0,0
20,87360,0.0,0.0,0.388845345429741,0,0
21,91520,0.0,0.0,0.3965533737515333,0,0
22,95680,0.0,0.0,0.5885710407259014,0,0
23,99840,0.0,0.0,0.5655802207134116,0,0
24,104000,0.0,0.0,0.3890737276539763,0,0
25,108160,0.0,0.0,0.37615499350956216,0,0
26,112320,0.0,0.0,0.36762526602265166,0,0
27,116480,0.0,0.0,0.43250663875131357,0,0
28,120640,0.0,0.0,0.37166524146209,0,0
29,124800,0.0,0.0,0.37167670938445385,0,0
30,128960,0.0,0.0,0.3785071241767851,0,0
31,133120,0.0,0.0,0.37843126761380985,0,0
32,137280,0.0,0.0,0.37433732664222413,0,0
33,141440,0.0,0.0,0.4105104522856726,0,0
34,145600,0.0,0.0,0.3973944545635947,0,0
35,149760,0.0,0.0,0.4134428837787465,0,0
36,153920,0.0,0.0,0.3805063083068252,0,0
37,158080,0.0,0.0,0.38290630596092945,0,0
38,162240,0.0,0.0,0.4848245701154197,0,0
39,166400,0.0,0.0,0.37819192356406295,0,0
40,170560,0.0,0.0,0.3874986012693691,0,0
41,174720,0.0,0.0,0.39895609302210033,0,0
42,178880,0.0,0.0,0.4533951102042804,0,0
43,183040,0.0,0.0,0.3967759342678737,0,0
44,187200,0.0,0.0,0.5451746049249305,0,0
45,191360,0.0,0.0,0.4020071741917668,0,0
46,195520,0.0,0.0,0.40078561951418656,0,0
47,199680,0.0,0.0,0.41029233463150183,0,0
48,203840,0.0,0.0,0.6857613777139747,0,0
49,208000,0.0,0.0,0.4464825205679331,0,0
