t,bytes_sent,utility,pheromone,f1_val,agg_count,rollback
0,4160,0.0,0.0,0.9943590272655265,0,0
1,8320,0.0,0.0,0.9944672019690619,0,0
2,12480,0.0,0.0,0.699657391044122,0,0
3,16640,0.0,0.0,0.9925125342627262,0,0
4,20800,0.0,0.0,0.9936107548088262,0,0
5,24960,0.0,0.0,0.7140170479737811,0,0
6,29120,0.0,0.0,0.9942226369520374,0,0
7,33280,0.0,0.0,0.9918532151771823,0,0
8,37440,0.0,0.0,0.9927572273717925,0,0
9,41600,0.0,0.0,0.9843673129427775,0,0
10,45760,0.0,0.0,0.8250024881828819,0,0
11,49920,0.0,0.0,0.9887866173042084,0,0
12,54080,0.0,0.0,0.9929231641023735,0,0
13,58240,0.0,0.0,0.9929231641023735,0,0
14,62400,0.0,0.0,0.990607260695432,0,0
15,66560,0.0,0.0,0.8432591964703577,0,0
16,70720,0.0,0.0,0.984322069427893,0,0
17,74880,0.0,0.0,0.8917939640576004,0,0
18,79040,0.0,0.0,0.9612496189235649,0,0
19,83200,0.0,0.0,0.8334862504748887,0,0
20,87360,0.0,0.0,0.8322618479428956,0,0
21,91520,0.0,0.0,0.9838475953285141,0,0
22,95680,0.0,0.0,0.8656061508673198,0,0
23,99840,0.0,0.0,0.8168293914390885,0,0
24,104000,0.0,0.0,0.9936186293577667,0,0
25,108160,0.0,0.0,0.8997265057299012,0,0
26,112320,0.0,0.0,0.886441206143376,0,0
27,116480,0.0,0.0,0.9685180811244525,0,0
28,120640,0.0,0.0,0.99543411842216,0,0
29,124800,0.0,0.0,0.863321687485348,0,0
30,128960,0.0,0.0,0.9934370288131296,0,0
31,133120,0.0,0.0,0.8549064203832792,0,0
32,137280,0.0,0.0,0.9817892855936334,0,0
33,141440,0.0,0.0,0.8337501309426162,0,0
34,145600,0.0,0.0,0.8322801620782477,0,0
35,149760,0.0,0.0,0.8322801620782477,0,0
36,153920,0.0,0.0,0.8322801620782477,0,0
37,158080,0.0,0.0,0.8317902308933633,0,0
38,162240,0.0,0.0,0.8313003228630231,0,0
39,166400,0.0,0.0,0.8313003228630231,0,0
40,170560,0.0,0.0,0.8315452742107836,0,0
41,174720,0.0,0.0,0.8310376038276399,0,0
42,178880,0.0,0.0,0.8309955021578765,0,0
43,183040,0.0,0.0,0.8312824427001523,0,0
44,187200,0.0,0.0,0.8312824427001523,0,0
45,191360,0.0,0.0,0.8310376038276399,0,0
46,195520,0.0,0.0,0.8310376038276399,0,0
47,199680,0.0,0.0,0.8310376038276399,0,0
48,203840,0.0,0.0,0.8307506632853642,0,0
49,208000,0.0,0.0,0.8307506632853642,0,0
