t,bytes_sent,utility,pheromone,f1_val,agg_count,rollback
0,1040,0.0,0.0,0.13679246603137288,0,0
1,2080,0.0,0.0,0.3606077261159717,0,0
2,3120,0.0,0.0,0.38284861633558626,0,0
3,4160,0.0,0.0,0.14094896331738438,0,0
4,5200,0.0,0.0,0.14094896331738438,0,0
5,6240,0.0,0.0,0.14094896331738438,0,0
6,7280,0.0,0.0,0.14094896331738438,0,0
7,8320,0.0,0.0,0.14094896331738438,0,0
8,9360,0.0,0.0,0.14094896331738438,0,0
9,10400,0.0,0.0,0.39000467205660433,0,0
10,11440,0.0,0.0,0.3911334018808198,0,0
11,12480,0.0,0.0,0.31695952423465945,0,0
12,13520,0.0,0.0,0.3701367359063764,0,0
13,14560,0.0,0.0,0.3564648874212287,0,0
14,15600,0.0,0.0,0.3515489095253228,0,0
15,16640,0.0,0.0,0.2716853658876981,0,0
16,17680,0.0,0.0,0.33996133123931943,0,0
17,18720,0.0,0.0,0.35214207793772434,0,0
18,19760,0.0,0.0,0.356559461210624,0,0
19,20800,0.0,0.0,0.3552399657107964,0,0
20,21840,0.0,0.0,0.3534730578482862,0,0
21,22880,0.0,0.0,0.35317771804322007,0,0
22,23920,0.0,0.0,0.35021057904052955,0,0
23,24960,0.0,0.0,0.24310416332419987,0,0
24,26000,0.0,0.0,0.14346611305043616,0,0
25,27040,0.0,0.0,0.16933660179472015,0,0
26,28080,0.0,0.0,0.2894113329207386,0,0
27,29120,0.0,0.0,0.34833581416287973,0,0
28,30160,0.0,0.0,0.35279635654301084,0,0
29,31200,0.0,0.0,0.3682653741077946,0,0
30,32240,0.0,0.0,0.6182734365054139,0,0
31,33280,0.0,0.0,0.38514370890802463,0,0
32,34320,0.0,0.0,0.370229968670856,0,0
33,35360,0.0,0.0,0.36785096146472174,0,0
34,36400,0.0,0.0,0.3462250048710088,0,0
35,37440,0.0,0.0,0.31812956724828023,0,0
36,38480,0.0,0.0,0.21260813819029925,0,0
37,39520,0.0,0.0,0.1603352145663749,0,0
38,40560,0.0,0.0,0.349445235449368,0,0
39,41600,0.0,0.0,0.3999360322968454,0,0
40,42640,0.0,0.0,0.5384871134551805,0,0
41,43680,0.0,0.0,0.3712250342476159,0,0
42,44720,0.0,0.0,0.37656614583151315,0,0
43,45760,0.0,0.0,0.3727030168163038,0,0
44,46800,0.0,0.0,0.37197699275973156,0,0
45,47840,0.0,0.0,0.6336953871363732,0,0
46,48880,0.0,0.0,0.370616219004819,0,0
47,49920,0.0,0.0,0.6611688460078046,0,0
48,50960,0.0,0.0,0.6585759530241826,0,0
49,52000,0.0,0.0,0.6502590722494533,0,0
