t,bytes_sent,utility,pheromone,f1_val,agg_count,rollback
0,1040,0.0,0.0,0.11920614596670935,0,0
1,2080,0.0,0.0,0.13984006561410703,0,0
2,3120,0.0,0.0,0.13984006561410703,0,0
3,4160,0.0,0.0,0.13984006561410703,0,0
4,5200,0.0,0.0,0.13984006561410703,0,0
5,6240,0.0,0.0,0.13984006561410703,0,0
6,7280,0.0,0.0,0.13984006561410703,0,0
7,8320,0.0,0.0,0.13984006561410703,0,0
8,9360,0.0,0.0,0.13984006561410703,0,0
9,10400,0.0,0.0,0.39661056028942454,0,0
10,11440,0.0,0.0,0.39509347091001623,0,0
11,12480,0.0,0.0,0.4007989537646199,0,0
12,13520,0.0,0.0,0.4010090932274478,0,0
13,14560,0.0,0.0,0.4010090932274478,0,0
14,15600,0.0,0.0,0.401708470248874,0,0
15,16640,0.0,0.0,0.40310226040402647,0,0
16,17680,0.0,0.0,0.645802221652852,0,0
17,18720,0.0,0.0,0.7010863553524592,0,0
18,19760,0.0,0.0,0.7007562037352997,0,0
19,20800,0.0,0.0,0.7005813959920884,0,0
20,21840,0.0,0.0,0.6685683783079235,0,0
21,22880,0.0,0.0,0.6464014294913198,0,0
22,23920,0.0,0.0,0.6993228192077114,0,0
23,24960,0.0,0.0,0.6000212252963633,0,0
24,26000,0.0,0.0,0.7005769689796157,0,0
25,27040,0.0,0.0,0.6766248298667251,0,0
26,28080,0.0,0.0,0.6484273947278432,0,0
27,29120,0.0,0.0,0.5485112604878596,0,0
28,30160,0.0,0.0,0.5297869101287658,0,0
29,31200,0.0,0.0,0.4252292356195916,0,0
30,32240,0.0,0.0,0.6904491360860494,0,0
31,33280,0.0,0.0,0.7004261945879899,0,0
32,34320,0.0,0.0,0.7006060025002057,0,0
33,35360,0.0,0.0,0.7006060025002057,0,0
34,36400,0.0,0.0,0.7006060025002057,0,0
35,37440,0.0,0.0,0.7006060025002057,0,0
36,38480,0.0,0.0,0.7006060025002057,0,0
37,39520,0.0,0.0,0.6993276214244372,0,0
38,40560,0.0,0.0,0.7016972838032589,0,0
39,41600,0.0,0.0,0.7028882995108618,0,0
40,42640,0.0,0.0,0.6993818066430753,0,0
41,43680,0.0,0.0,0.7032940092594753,0,0
42,44720,0.0,0.0,0.6557018548400533,0,0
43,45760,0.0,0.0,0.6398956999742769,0,0
44,46800,0.0,0.0,0.8003040479966048,0,0
45,47840,0.0,0.0,0.9960662250195855,0,0
46,48880,0.0,0.0,0.5510499001350514,0,0
47,49920,0.0,0.0,0.9983839737026885,0,0
48,50960,0.0,0.0,0.7851164795145247,0,0
49,52000,0.0,0.0,0.6584811208661008,0,0
