t,bytes_sent,utility,pheromone,f1_val,agg_count,rollback
0,1040,0.0,0.0,0.09148694665153236,0,0
1,2080,0.0,0.0,0.10450549450549451,0,0
2,3120,0.0,0.0,0.42257860386146096,0,0
3,4160,0.0,0.0,0.13995598239295717,0,0
4,5200,0.0,0.0,0.13995598239295717,0,0
5,6240,0.0,0.0,0.13995598239295717,0,0
6,7280,0.0,0.0,0.13995598239295717,0,0
7,8320,0.0,0.0,0.13995598239295717,0,0
8,9360,0.0,0.0,0.13995598239295717,0,0
9,10400,0.0,0.0,0.13995598239295717,0,0
10,11440,0.0,0.0,0.15934799305042913,0,0
11,12480,0.0,0.0,0.7148118385281752,0,0
12,13520,0.0,0.0,0.714267162445818,0,0
13,14560,0.0,0.0,0.7145254456069222,0,0
14,15600,0.0,0.0,0.7140170479737811,0,0
15,16640,0.0,0.0,0.7005557747205764,0,0
16,17680,0.0,0.0,0.7142391053978291,0,0
17,18720,0.0,0.0,0.6987368258861233,0,0
18,19760,0.0,0.0,0.701182975368286,0,0
19,20800,0.0,0.0,0.7142391053978291,0,0
20,21840,0.0,0.0,0.6950512558052118,0,0
21,22880,0.0,0.0,0.6990842992379646,0,0
22,23920,0.0,0.0,0.7006153509900528,0,0
23,24960,0.0,0.0,0.6997870021997,0,0
24,26000,0.0,0.0,0.7084781244164267,0,0
25,27040,0.0,0.0,0.6997470156771546,0,0
26,28080,0.0,0.0,0.7002713181027693,0,0
27,29120,0.0,0.0,0.7002657641832105,0,0
28,30160,0.0,0.0,0.7004840516091662,0,0
29,31200,0.0,0.0,0.699919639225025,0,0
30,32240,0.0,0.0,0.9945346495572485,0,0
31,33280,0.0,0.0,0.9940645577230776,0,0
32,34320,0.0,0.0,0.9940645577230776,0,0
33,35360,0.0,0.0,0.9944311965207839,0,0
34,36400,0.0,0.0,0.9942857583640028,0,0
35,37440,0.0,0.0,0.9924611780272952,0,0
36,38480,0.0,0.0,0.9934090330001144,0,0
37,39520,0.0,0.0,0.9917458091756074,0,0
38,40560,0.0,0.0,0.9875097078386601,0,0
39,41600,0.0,0.0,0.9892253440581832,0,0
40,42640,0.0,0.0,0.993919739519144,0,0
41,43680,0.0,0.0,0.993919739519144,0,0
42,44720,0.0,0.0,0.9929590236620561,0,0
43,45760,0.0,0.0,0.9857540367148059,0,0
44,46800,0.0,0.0,0.9939122747783468,0,0
45,47840,0.0,0.0,0.9004393385674064,0,0
46,48880,0.0,0.0,0.9925380579155019,0,0
47,49920,0.0,0.0,0.9878661038880452,0,0
48,50960,0.0,0.0,0.9918109678295097,0,0
49,52000,0.0,0.0,0.991384145019477,0,0
