t,bytes_sent,utility,pheromone,f1_val,agg_count,rollback
0,0,0.0,1.0,0.0,0,0
1,0,0.1754655689864859,0.8350931137972972,0.14726840855106887,0,0
2,1796,1.0,0.8680744910378377,0.36906854130052724,0,0
3,3594,0.2491242921878677,0.7442844512678438,0.3976510067114094,0,0
4,3594,0.0,0.5954275610142751,0.3925549915397631,0,0
5,5389,0.030698517743107646,0.4824817523600416,0.3904923599320883,0,0
6,7186,0.2908369377949007,0.4441527894470135,0.43106180665610144,0,0
7,7186,0.0,0.3553222315576108,0.4274322169059011,0,0
8,7186,0.0,0.28425778524608863,0.36684303350970016,0,0
9,8979,0.2909341938122211,0.28559306695931513,0.43553459119496857,0,0
10,8979,0.0,0.2284744535674521,0.43553459119496857,0,0
11,10774,0.05032522531894662,0.19284460791775102,0.4364207221350079,0,0
12,12567,0.5854804488492326,0.27137177610404734,0.481962481962482,0,0
13,14363,0.032598042656506065,0.2236170294145391,0.48567335243553006,0,0
14,16159,0.017744563907676397,0.18244253631316656,0.4886039886039886,0,0
15,17953,0.0574603763257313,0.1574461043156795,0.4907801418439716,0,0
16,17953,0.0,0.1259568834525436,0.48419540229885055,0,0
17,19748,0.05213832987229458,0.1111931727364938,0.48933143669985774,0,0
18,19748,0.0,0.08895453818919505,0.48933143669985774,0,0
19,21543,0.004346763081420235,0.07203298316764008,0.48933143669985774,0,0
20,23333,0.04989756681393931,0.06760589989689993,0.4900568181818182,0,0
21,23333,0.0,0.054084719917519945,0.48933143669985774,0,0
22,23333,0.0,0.043267775934015956,0.48933143669985774,0,0
23,25132,0.0002041390813146693,0.0346550485634757,0.48933143669985774,0,0
24,25132,0.0,0.02772403885078056,0.48933143669985774,0,0
