t,bytes_sent,utility,pheromone,f1_val,agg_count,rollback
0,1040,0.0,0.0,0.3148175119419655,0,0
1,2080,0.0,0.0,0.13862163754172394,0,0
2,3120,0.0,0.0,0.13862163754172394,0,0
3,4160,0.0,0.0,0.13862163754172394,0,0
4,5200,0.0,0.0,0.13862163754172394,0,0
5,6240,0.0,0.0,0.13862163754172394,0,0
6,7280,0.0,0.0,0.13862163754172394,0,0
7,8320,0.0,0.0,0.13862163754172394,0,0
8,9360,0.0,0.0,0.13862163754172394,0,0
9,10400,0.0,0.0,0.13862163754172394,0,0
10,11440,0.0,0.0,0.2510840047383223,0,0
11,12480,0.0,0.0,0.41725894337834635,0,0
12,13520,0.0,0.0,0.3861561803544076,0,0
13,14560,0.0,0.0,0.5692918423783953,0,0
14,15600,0.0,0.0,0.38619757426506407,0,0
15,16640,0.0,0.0,0.3880063870474869,0,0
16,17680,0.0,0.0,0.4909253788632446,0,0
17,18720,0.0,0.0,0.6305665908015663,0,0
18,19760,0.0,0.0,0.6833959419019601,0,0
19,20800,0.0,0.0,0.6949967606018063,0,0
20,21840,0.0,0.0,0.5206100529693749,0,0
21,22880,0.0,0.0,0.6941354728058529,0,0
22,23920,0.0,0.0,0.6924461091683408,0,0
23,24960,0.0,0.0,0.6954227425618404,0,0
24,26000,0.0,0.0,0.7853765300086399,0,0
25,27040,0.0,0.0,0.9922259290392057,0,0
26,28080,0.0,0.0,0.9948674007110037,0,0
27,29120,0.0,0.0,0.8626643643401237,0,0
28,30160,0.0,0.0,0.8175261173344129,0,0
29,31200,0.0,0.0,0.9938993845019721,0,0
30,32240,0.0,0.0,0.8219024257633105,0,0
31,33280,0.0,0.0,0.9930642379731851,0,0
32,34320,0.0,0.0,0.9933073753875716,0,0
33,35360,0.0,0.0,0.9948838907637279,0,0
34,36400,0.0,0.0,0.9943624847472301,0,0
35,37440,0.0,0.0,0.991799820432171,0,0
36,38480,0.0,0.0,0.8697663666071531,0,0
37,39520,0.0,0.0,0.9926017449024741,0,0
38,40560,0.0,0.0,0.9938290824763921,0,0
39,41600,0.0,0.0,0.952850250389036,0,0
40,42640,0.0,0.0,0.9936100131187782,0,0
41,43680,0.0,0.0,0.9940063275949004,0,0
42,44720,0.0,0.0,0.9939643640207476,0,0
43,45760,0.0,0.0,0.9938047509450758,0,0
44,46800,0.0,0.0,0.9936100131187782,0,0
45,47840,0.0,0.0,0.9938290824763921,0,0
46,48880,0.0,0.0,0.9936100131187782,0,0
47,49920,0.0,0.0,0.9932830794222977,0,0
48,50960,0.0,0.0,0.993391017001491,0,0
49,52000,0.0,0.0,0.9931477914946747,0,0
