t,bytes_sent,utility,pheromone,f1_val,agg_count,rollback
0,1040,0.0,0.0,0.14094896331738438,0,0
1,2080,0.0,0.0,0.14094896331738438,0,0
2,3120,0.0,0.0,0.14094896331738438,0,0
3,4160,0.0,0.0,0.14094896331738438,0,0
4,5200,0.0,0.0,0.14094896331738438,0,0
5,6240,0.0,0.0,0.14094896331738438,0,0
6,7280,0.0,0.0,0.14094896331738438,0,0
7,8320,0.0,0.0,0.14094896331738438,0,0
8,9360,0.0,0.0,0.14094896331738438,0,0
9,10400,0.0,0.0,0.14094896331738438,0,0
10,11440,0.0,0.0,0.39178269178899605,0,0
11,12480,0.0,0.0,0.34905813002624075,0,0
12,13520,0.0,0.0,0.3742948261623362,0,0
13,14560,0.0,0.0,0.3527871866262332,0,0
14,15600,0.0,0.0,0.3500628995846904,0,0
15,16640,0.0,0.0,0.3418096547910118,0,0
16,17680,0.0,0.0,0.3393551063942811,0,0
17,18720,0.0,0.0,0.3472898868520433,0,0
18,19760,0.0,0.0,0.38071395500743266,0,0
19,20800,0.0,0.0,0.38909231403398714,0,0
20,21840,0.0,0.0,0.3891151275754126,0,0
21,22880,0.0,0.0,0.39413884779840697,0,0
22,23920,0.0,0.0,0.3940475702526091,0,0
23,24960,0.0,0.0,0.3917991027764611,0,0
24,26000,0.0,0.0,0.36800269046999223,0,0
25,27040,0.0,0.0,0.3701148150615853,0,0
26,28080,0.0,0.0,0.35228328818124377,0,0
27,29120,0.0,0.0,0.35233409043049246,0,0
28,30160,0.0,0.0,0.35208942566450785,0,0
29,31200,0.0,0.0,0.3642776957623195,0,0
30,32240,0.0,0.0,0.3591304684188297,0,0
31,33280,0.0,0.0,0.36620842333069903,0,0
32,34320,0.0,0.0,0.35276981947108627,0,0
33,35360,0.0,0.0,0.38422244809323924,0,0
34,36400,0.0,0.0,0.3716856684395532,0,0
35,37440,0.0,0.0,0.5416991176704755,0,0
36,38480,0.0,0.0,0.37091439403769455,0,0
37,39520,0.0,0.0,0.537044352680456,0,0
38,40560,0.0,0.0,0.37450451357580317,0,0
39,41600,0.0,0.0,0.378620513187394,0,0
40,42640,0.0,0.0,0.6406051819728513,0,0
41,43680,0.0,0.0,0.38031571164329925,0,0
42,44720,0.0,0.0,0.38487845234463525,0,0
43,45760,0.0,0.0,0.6842768287476193,0,0
44,46800,0.0,0.0,0.42805253041264285,0,0
45,47840,0.0,0.0,0.6108288496834429,0,0
46,48880,0.0,0.0,0.40837042352365804,0,0
47,49920,0.0,0.0,0.6331254871918129,0,0
48,50960,0.0,0.0,0.39675972975284685,0,0
49,52000,0.0,0.0,0.5863584383317032,0,0
