t,bytes_sent,utility,pheromone,f1_val,agg_count,rollback
0,1040,0.0,0.0,0.7001707053809977,0,0
1,2080,0.0,0.0,0.9673301824052032,0,0
2,3120,0.0,0.0,0.8247095273386034,0,0
3,4160,0.0,0.0,0.9071353003099576,0,0
4,5200,0.0,0.0,0.9088167532657039,0,0
5,6240,0.0,0.0,0.9104876945584951,0,0
6,7280,0.0,0.0,0.9105086980664033,0,0
7,8320,0.0,0.0,0.9065927213229987,0,0
8,9360,0.0,0.0,0.9099527707329491,0,0
9,10400,0.0,0.0,0.9082780262733721,0,0
10,11440,0.0,0.0,0.903759997335562,0,0
11,12480,0.0,0.0,0.9105086980664033,0,0
12,13520,0.0,0.0,0.9105086980664033,0,0
13,14560,0.0,0.0,0.9110634741593684,0,0
14,15600,0.0,0.0,0.9105086980664033,0,0
15,16640,0.0,0.0,0.9138202759812686,0,0
16,17680,0.0,0.0,0.9121695944220523,0,0
17,18720,0.0,0.0,0.914915126767689,0,0
18,19760,0.0,0.0,0.9154608869343202,0,0
19,20800,0.0,0.0,0.9110634741593684,0,0
20,21840,0.0,0.0,0.9105086980664033,0,0
21,22880,0.0,0.0,0.9138202759812686,0,0
22,23920,0.0,0.0,0.9138202759812686,0,0
23,24960,0.0,0.0,0.9138202759812686,0,0
24,26000,0.0,0.0,0.9143682582015927,0,0
25,27040,0.0,0.0,0.914915126767689,0,0
26,28080,0.0,0.0,0.9138202759812686,0,0
27,29120,0.0,0.0,0.9154608869343202,0,0
28,30160,0.0,0.0,0.9154608869343202,0,0
29,31200,0.0,0.0,0.914915126767689,0,0
30,32240,0.0,0.0,0.9165491029480856,0,0
31,33280,0.0,0.0,0.9170915691651845,0,0
32,34320,0.0,0.0,0.9170915691651845,0,0
33,35360,0.0,0.0,0.9170915691651845,0,0
34,36400,0.0,0.0,0.9181732437383219,0,0
35,37440,0.0,0.0,0.9181732437383219,0,0
36,38480,0.0,0.0,0.9181732437383219,0,0
37,39520,0.0,0.0,0.9187124623000102,0,0
38,40560,0.0,0.0,0.9181732437383219,0,0
39,41600,0.0,0.0,0.9181732437383219,0,0
40,42640,0.0,0.0,0.9181732437383219,0,0
41,43680,0.0,0.0,0.9181732437383219,0,0
42,44720,0.0,0.0,0.9192506084705727,0,0
43,45760,0.0,0.0,0.9197876872856581,0,0
44,46800,0.0,0.0,0.9197876872856581,0,0
45,47840,0.0,0.0,0.920858662859514,0,0
46,48880,0.0,0.0,0.9197876872856581,0,0
47,49920,0.0,0.0,0.9203237037543824,0,0
48,50960,0.0,0.0,0.9203237037543824,0,0
49,52000,0.0,0.0,0.9197876872856581,0,0
