t,bytes_sent,utility,pheromone,f1_val,agg_count,rollback
0,4160,0.0,0.0,0.9399471706855214,0,0
1,8320,0.0,0.0,0.9074697522237871,0,0
2,12480,0.0,0.0,0.9929001652683519,0,0
3,16640,0.0,0.0,0.9884268894170298,0,0
4,20800,0.0,0.0,0.9947062082819977,0,0
5,24960,0.0,0.0,0.9951454760991717,0,0
6,29120,0.0,0.0,0.9951454760991717,0,0
7,33280,0.0,0.0,0.9947062082819977,0,0
8,37440,0.0,0.0,0.9938721264633489,0,0
9,41600,0.0,0.0,0.9923687105067067,0,0
10,45760,0.0,0.0,0.9925877986395559,0,0
11,49920,0.0,0.0,0.992593662662571,0,0
12,54080,0.0,0.0,0.9938343768790158,0,0
13,58240,0.0,0.0,0.9938343768790158,0,0
14,62400,0.0,0.0,0.9941208407050612,0,0
15,66560,0.0,0.0,0.9939008142437128,0,0
16,70720,0.0,0.0,0.9939008142437128,0,0
17,74880,0.0,0.0,0.9934609863709029,0,0
18,79040,0.0,0.0,0.9938966969208614,0,0
19,83200,0.0,0.0,0.9941383665265981,0,0
20,87360,0.0,0.0,0.9955287901556995,0,0
21,91520,0.0,0.0,0.9936880158532765,0,0
22,95680,0.0,0.0,0.8644924310653939,0,0
23,99840,0.0,0.0,0.877312272197726,0,0
24,104000,0.0,0.0,0.9375148657370486,0,0
25,108160,0.0,0.0,0.9890471849525573,0,0
26,112320,0.0,0.0,0.9929792224900921,0,0
27,116480,0.0,0.0,0.9943619858943423,0,0
28,120640,0.0,0.0,0.9924376209692186,0,0
29,124800,0.0,0.0,0.9934880270352207,0,0
30,128960,0.0,0.0,0.9928117386935285,0,0
31,133120,0.0,0.0,0.9943183202501388,0,0
32,137280,0.0,0.0,0.9922145522308465,0,0
33,141440,0.0,0.0,0.9927129584323937,0,0
34,145600,0.0,0.0,0.9910716209083987,0,0
35,149760,0.0,0.0,0.9935365503073733,0,0
36,153920,0.0,0.0,0.9935365503073733,0,0
37,158080,0.0,0.0,0.9906624908513375,0,0
38,162240,0.0,0.0,0.9935365503073733,0,0
39,166400,0.0,0.0,0.9910716209083987,0,0
40,170560,0.0,0.0,0.9927129584323937,0,0
41,174720,0.0,0.0,0.9935365503073733,0,0
42,178880,0.0,0.0,0.9935365503073733,0,0
43,183040,0.0,0.0,0.9935365503073733,0,0
44,187200,0.0,0.0,0.9935365503073733,0,0
45,191360,0.0,0.0,0.9935365503073733,0,0
46,195520,0.0,0.0,0.9935365503073733,0,0
47,199680,0.0,0.0,0.9935365503073733,0,0
48,203840,0.0,0.0,0.9935365503073733,0,0
49,208000,0.0,0.0,0.9935365503073733,0,0
