t,bytes_sent,utility,pheromone,f1_val,agg_count,rollback
0,4160,0.0,0.0,0.6995050397292019,0,0
1,8320,0.0,0.0,0.7126056601089168,0,0
2,12480,0.0,0.0,0.6734451804108498,0,0
3,16640,0.0,0.0,0.7127178654702093,0,0
4,20800,0.0,0.0,0.7113920407333173,0,0
5,24960,0.0,0.0,0.7158951098723889,0,0
6,29120,0.0,0.0,0.7072755086146474,0,0
7,33280,0.0,0.0,0.7196769595652246,0,0
8,37440,0.0,0.0,0.7140895378736373,0,0
9,41600,0.0,0.0,0.7135319093568316,0,0
10,45760,0.0,0.0,0.7127846920492955,0,0
11,49920,0.0,0.0,0.7152773891553875,0,0
12,54080,0.0,0.0,0.7207542893356151,0,0
13,58240,0.0,0.0,0.7173501920579856,0,0
14,62400,0.0,0.0,0.7077827467219815,0,0
15,66560,0.0,0.0,0.7077783923703,0,0
16,70720,0.0,0.0,0.7077853709352461,0,0
17,74880,0.0,0.0,0.7068332382481104,0,0
18,79040,0.0,0.0,0.7081270419816857,0,0
19,83200,0.0,0.0,0.7094761923079271,0,0
20,87360,0.0,0.0,0.7134400118661064,0,0
21,91520,0.0,0.0,0.7080424736825214,0,0
22,95680,0.0,0.0,0.709062708174105,0,0
23,99840,0.0,0.0,0.7093214205332543,0,0
24,104000,0.0,0.0,0.7068382204201604,0,0
25,108160,0.0,0.0,0.7066565474777656,0,0
26,112320,0.0,0.0,0.7482066001207058,0,0
27,116480,0.0,0.0,0.7817967150024345,0,0
28,120640,0.0,0.0,0.7573491734728826,0,0
29,124800,0.0,0.0,0.8236448156438494,0,0
30,128960,0.0,0.0,0.8139746571621262,0,0
31,133120,0.0,0.0,0.7575657565740238,0,0
32,137280,0.0,0.0,0.7935117326498724,0,0
33,141440,0.0,0.0,0.7732809558247542,0,0
34,145600,0.0,0.0,0.8036292763344994,0,0
35,149760,0.0,0.0,0.8877033557664448,0,0
36,153920,0.0,0.0,0.7055493084525043,0,0
37,158080,0.0,0.0,0.7055507736109456,0,0
38,162240,0.0,0.0,0.7055493084525043,0,0
39,166400,0.0,0.0,0.7713649781008517,0,0
40,170560,0.0,0.0,0.888195580444568,0,0
41,174720,0.0,0.0,0.8875550841383303,0,0
42,178880,0.0,0.0,0.8773517132636506,0,0
43,183040,0.0,0.0,0.8729830637002227,0,0
44,187200,0.0,0.0,0.8690018768620791,0,0
45,191360,0.0,0.0,0.8658362977908913,0,0
46,195520,0.0,0.0,0.8675951529182283,0,0
47,199680,0.0,0.0,0.8644287632285528,0,0
48,203840,0.0,0.0,0.865596738148066,0,0
49,208000,0.0,0.0,0.8648745316617267,0,0
