t,bytes_sent,utility,pheromone,f1_val,agg_count,rollback
0,1040,0.0,0.0,0.20333932665378882,0,0
1,2080,0.0,0.0,0.3125766281934837,0,0
2,3120,0.0,0.0,0.30380970798684975,0,0
3,4160,0.0,0.0,0.44868473885036386,0,0
4,5200,0.0,0.0,0.4081148407199394,0,0
5,6240,0.0,0.0,0.7533412653743259,0,0
6,7280,0.0,0.0,0.81466501398025,0,0
7,8320,0.0,0.0,0.8035270248019223,0,0
8,9360,0.0,0.0,0.7760461747878477,0,0
9,10400,0.0,0.0,0.8482426536350115,0,0
10,11440,0.0,0.0,0.8194972105943252,0,0
11,12480,0.0,0.0,0.7974972051122877,0,0
12,13520,0.0,0.0,0.8248826693003868,0,0
13,14560,0.0,0.0,0.7865232504143359,0,0
14,15600,0.0,0.0,0.8381413009756019,0,0
15,16640,0.0,0.0,0.8319458145820704,0,0
16,17680,0.0,0.0,0.8691649605615999,0,0
17,18720,0.0,0.0,0.4889845267220454,0,0
18,19760,0.0,0.0,0.9713740100958066,0,0
19,20800,0.0,0.0,0.9677489691939556,0,0
20,21840,0.0,0.0,0.9621841648291101,0,0
21,22880,0.0,0.0,0.9563513048441658,0,0
22,23920,0.0,0.0,0.9499685983855013,0,0
23,24960,0.0,0.0,0.9594074766917653,0,0
24,26000,0.0,0.0,0.9674738388721273,0,0
25,27040,0.0,0.0,0.9627443994242344,0,0
26,28080,0.0,0.0,0.9591295400735793,0,0
27,29120,0.0,0.0,0.9560735915007218,0,0
28,30160,0.0,0.0,0.9968916892640596,0,0
29,31200,0.0,0.0,0.5734475243155956,0,0
30,32240,0.0,0.0,0.9090425195314809,0,0
31,33280,0.0,0.0,0.9126340824151822,0,0
32,34320,0.0,0.0,0.8930091185410334,0,0
33,35360,0.0,0.0,0.8907955077958716,0,0
34,36400,0.0,0.0,0.8899652235768342,0,0
35,37440,0.0,0.0,0.8916256918124909,0,0
36,38480,0.0,0.0,0.8885811844987068,0,0
37,39520,0.0,0.0,0.8896884393067599,0,0
38,40560,0.0,0.0,0.886643015641535,0,0
39,41600,0.0,0.0,0.890241996329822,0,0
40,42640,0.0,0.0,0.8899652235768342,0,0
41,43680,0.0,0.0,0.8916256918124909,0,0
42,44720,0.0,0.0,0.8921790938597661,0,0
43,45760,0.0,0.0,0.8932857730420595,0,0
44,46800,0.0,0.0,0.9738863295637247,0,0
45,47840,0.0,0.0,0.7742918758081936,0,0
46,48880,0.0,0.0,0.9585737295865988,0,0
47,49920,0.0,0.0,0.9616317401662857,0,0
48,50960,0.0,0.0,0.9638498817297971,0,0
49,52000,0.0,0.0,0.9638498817297971,0,0
