t,bytes_sent,utility,pheromone,f1_val,agg_count,rollback
0,1040,0.0,0.0,0.657196420925287,0,0
1,2080,0.0,0.0,0.6227422943583889,0,0
2,3120,0.0,0.0,0.616452453366023,0,0
3,4160,0.0,0.0,0.7451099269364285,0,0
4,5200,0.0,0.0,0.6507206061212409,0,0
5,6240,0.0,0.0,0.7547727589571792,0,0
6,7280,0.0,0.0,0.7103234702993299,0,0
7,8320,0.0,0.0,0.6235124673816322,0,0
8,9360,0.0,0.0,0.7685509356857827,0,0
9,10400,0.0,0.0,0.608878013226325,0,0
10,11440,0.0,0.0,0.702056208365506,0,0
11,12480,0.0,0.0,0.7423175142669098,0,0
12,13520,0.0,0.0,0.7566491050252556,0,0
13,14560,0.0,0.0,0.6167744056476401,0,0
14,15600,0.0,0.0,0.7608903224225197,0,0
15,16640,0.0,0.0,0.7505128309862106,0,0
16,17680,0.0,0.0,0.6697581479347277,0,0
17,18720,0.0,0.0,0.7495861346796768,0,0
18,19760,0.0,0.0,0.5750900350140933,0,0
19,20800,0.0,0.0,0.7423277778594827,0,0
20,21840,0.0,0.0,0.7030234017128801,0,0
21,22880,0.0,0.0,0.7134950896889393,0,0
22,23920,0.0,0.0,0.6508196149680389,0,0
23,24960,0.0,0.0,0.6058635360178284,0,0
24,26000,0.0,0.0,0.5147803062771465,0,0
25,27040,0.0,0.0,0.6952551912277567,0,0
26,28080,0.0,0.0,0.6475836681792666,0,0
27,29120,0.0,0.0,0.6721339300296996,0,0
28,30160,0.0,0.0,0.4233324549398269,0,0
29,31200,0.0,0.0,0.6137771111144682,0,0
30,32240,0.0,0.0,0.6126414963049404,0,0
31,33280,0.0,0.0,0.5126830123801607,0,0
32,34320,0.0,0.0,0.7354961473048997,0,0
33,35360,0.0,0.0,0.6392389265455318,0,0
34,36400,0.0,0.0,0.5920360349304556,0,0
35,37440,0.0,0.0,0.6781431744193163,0,0
36,38480,0.0,0.0,0.6974169211336696,0,0
37,39520,0.0,0.0,0.7234468412538382,0,0
38,40560,0.0,0.0,0.7155499772851777,0,0
39,41600,0.0,0.0,0.6417011964911367,0,0
40,42640,0.0,0.0,0.5853001483579066,0,0
41,43680,0.0,0.0,0.5733957332182632,0,0
42,44720,0.0,0.0,0.6842036559484629,0,0
43,45760,0.0,0.0,0.6167871189968345,0,0
44,46800,0.0,0.0,0.5947506753248661,0,0
45,47840,0.0,0.0,0.5811071115644116,0,0
46,48880,0.0,0.0,0.631628252522765,0,0
47,49920,0.0,0.0,0.5112892608945873,0,0
48,50960,0.0,0.0,0.5618564168141091,0,0
49,52000,0.0,0.0,0.7447107942325598,0,0
