t,bytes_sent,utility,pheromone,f1_val,agg_count,rollback
0,1040,0.0,0.0,0.9980623665153463,0,0
1,2080,0.0,0.0,0.9969975081576651,0,0
2,3120,0.0,0.0,0.9977975102598944,0,0
3,4160,0.0,0.0,0.9973891252095638,0,0
4,5200,0.0,0.0,0.9980403583402068,0,0
5,6240,0.0,0.0,0.9982330107938716,0,0
6,7280,0.0,0.0,0.9971680177638609,0,0
7,8320,0.0,0.0,0.9973891252095638,0,0
8,9360,0.0,0.0,0.9860059165720378,0,0
9,10400,0.0,0.0,0.9973833833620065,0,0
10,11440,0.0,0.0,0.8734280289274138,0,0
11,12480,0.0,0.0,0.9933973734661202,0,0
12,13520,0.0,0.0,0.891495011611302,0,0
13,14560,0.0,0.0,0.9606593651885236,0,0
14,15600,0.0,0.0,0.9951442795271934,0,0
15,16640,0.0,0.0,0.9821390858226591,0,0
16,17680,0.0,0.0,0.8886721928756511,0,0
17,18720,0.0,0.0,0.9323338439298714,0,0
18,19760,0.0,0.0,0.9618340195221793,0,0
19,20800,0.0,0.0,0.9973833833620065,0,0
20,21840,0.0,0.0,0.9057511313614763,0,0
21,22880,0.0,0.0,0.9035606799831055,0,0
22,23920,0.0,0.0,0.9018320019788528,0,0
23,24960,0.0,0.0,0.888399013195272,0,0
24,26000,0.0,0.0,0.9057899354739187,0,0
25,27040,0.0,0.0,0.945549250086808,0,0
26,28080,0.0,0.0,0.9893293910393732,0,0
27,29120,0.0,0.0,0.9675066711610829,0,0
28,30160,0.0,0.0,0.9549262218814141,0,0
29,31200,0.0,0.0,0.9678789098764762,0,0
30,32240,0.0,0.0,0.896417378529518,0,0
31,33280,0.0,0.0,0.8928259543886903,0,0
32,34320,0.0,0.0,0.8869457331951096,0,0
33,35360,0.0,0.0,0.8843245196810867,0,0
34,36400,0.0,0.0,0.8770815462454218,0,0
35,37440,0.0,0.0,0.8781770093870785,0,0
36,38480,0.0,0.0,0.875978464187456,0,0
37,39520,0.0,0.0,0.8698199675679797,0,0
38,40560,0.0,0.0,0.8693692825776126,0,0
39,41600,0.0,0.0,0.8647093641154638,0,0
40,42640,0.0,0.0,0.8629101657636304,0,0
41,43680,0.0,0.0,0.8624586960670525,0,0
42,44720,0.0,0.0,0.8592793554599825,0,0
43,45760,0.0,0.0,0.8560866815319927,0,0
44,46800,0.0,0.0,0.8570069304975787,0,0
45,47840,0.0,0.0,0.8551635697893771,0,0
46,48880,0.0,0.0,0.8535767883923076,0,0
47,49920,0.0,0.0,0.8531587936518897,0,0
48,50960,0.0,0.0,0.8524975278404592,0,0
49,52000,0.0,0.0,0.8509750198848514,0,0
