t,bytes_sent,utility,pheromone,f1_val,agg_count,rollback
0,1040,0.0,0.0,0.7055021293430944,0,0
1,2080,0.0,0.0,0.7080260537400734,0,0
2,3120,0.0,0.0,0.7773837151515002,0,0
3,4160,0.0,0.0,0.7085545614205251,0,0
4,5200,0.0,0.0,0.7253284388391738,0,0
5,6240,0.0,0.0,0.7709914439812122,0,0
6,7280,0.0,0.0,0.7883653939896142,0,0
7,8320,0.0,0.0,0.7065032196337473,0,0
8,9360,0.0,0.0,0.7194374186623758,0,0
9,10400,0.0,0.0,0.8220903558757275,0,0
10,11440,0.0,0.0,0.7054257983957791,0,0
11,12480,0.0,0.0,0.7061691233585625,0,0
12,13520,0.0,0.0,0.7314181049552303,0,0
13,14560,0.0,0.0,0.8196204167832984,0,0
14,15600,0.0,0.0,0.8204201879384706,0,0
15,16640,0.0,0.0,0.7053531131843725,0,0
16,17680,0.0,0.0,0.8084372214803772,0,0
17,18720,0.0,0.0,0.8195985319723318,0,0
18,19760,0.0,0.0,0.8114424319169364,0,0
19,20800,0.0,0.0,0.8129425298286703,0,0
20,21840,0.0,0.0,0.7813743879610036,0,0
21,22880,0.0,0.0,0.7045186462774897,0,0
22,23920,0.0,0.0,0.7258325979188538,0,0
23,24960,0.0,0.0,0.7617993360550852,0,0
24,26000,0.0,0.0,0.7049583329789068,0,0
25,27040,0.0,0.0,0.8207676853907486,0,0
26,28080,0.0,0.0,0.7604977608798348,0,0
27,29120,0.0,0.0,0.7882703914277466,0,0
28,30160,0.0,0.0,0.8005156867279323,0,0
29,31200,0.0,0.0,0.7981042566458129,0,0
30,32240,0.0,0.0,0.8244196410099245,0,0
31,33280,0.0,0.0,0.8273589414865493,0,0
32,34320,0.0,0.0,0.8266207995486907,0,0
33,35360,0.0,0.0,0.8222099235772509,0,0
34,36400,0.0,0.0,0.8231284416894017,0,0
35,37440,0.0,0.0,0.8258157187444407,0,0
36,38480,0.0,0.0,0.826074207103721,0,0
37,39520,0.0,0.0,0.8220574580015105,0,0
38,40560,0.0,0.0,0.8245012181492216,0,0
39,41600,0.0,0.0,0.8276378731231322,0,0
40,42640,0.0,0.0,0.9254499323582985,0,0
41,43680,0.0,0.0,0.9302542061741932,0,0
42,44720,0.0,0.0,0.9313105546659289,0,0
43,45760,0.0,0.0,0.9313105546659289,0,0
44,46800,0.0,0.0,0.9323628901892614,0,0
45,47840,0.0,0.0,0.9328875650475493,0,0
46,48880,0.0,0.0,0.9328875650475493,0,0
47,49920,0.0,0.0,0.9328875650475493,0,0
48,50960,0.0,0.0,0.9328875650475493,0,0
49,52000,0.0,0.0,0.9328875650475493,0,0
