t,bytes_sent,utility,pheromone,f1_val,agg_count,rollback
0,1040,0.0,0.0,0.9971880869158244,0,0
1,2080,0.0,0.0,0.9968353366855305,0,0
2,3120,0.0,0.0,0.86091404183739,0,0
3,4160,0.0,0.0,0.8486117236384787,0,0
4,5200,0.0,0.0,0.9608296089712303,0,0
5,6240,0.0,0.0,0.8540320158037615,0,0
6,7280,0.0,0.0,0.9516624459296599,0,0
7,8320,0.0,0.0,0.9611152572344858,0,0
8,9360,0.0,0.0,0.9470482466295074,0,0
9,10400,0.0,0.0,0.7675104108834392,0,0
10,11440,0.0,0.0,0.7706356462533996,0,0
11,12480,0.0,0.0,0.7517768601344319,0,0
12,13520,0.0,0.0,0.7335103230091033,0,0
13,14560,0.0,0.0,0.7271631671442642,0,0
14,15600,0.0,0.0,0.7212234579808714,0,0
15,16640,0.0,0.0,0.7153272565690914,0,0
16,17680,0.0,0.0,0.7136513129389737,0,0
17,18720,0.0,0.0,0.7109977139920464,0,0
18,19760,0.0,0.0,0.7104311549883663,0,0
19,20800,0.0,0.0,0.7098635173639681,0,0
20,21840,0.0,0.0,0.71059151016342,0,0
21,22880,0.0,0.0,0.71059151016342,0,0
22,23920,0.0,0.0,0.7087249905724858,0,0
23,24960,0.0,0.0,0.7100233826275136,0,0
24,26000,0.0,0.0,0.7094541701493599,0,0
25,27040,0.0,0.0,0.7094541701493599,0,0
26,28080,0.0,0.0,0.7065916949007438,0,0
27,29120,0.0,0.0,0.7094541701493599,0,0
28,30160,0.0,0.0,0.7065916949007438,0,0
29,31200,0.0,0.0,0.7071663916321025,0,0
30,32240,0.0,0.0,0.7065916949007438,0,0
31,33280,0.0,0.0,0.7065916949007438,0,0
32,34320,0.0,0.0,0.7065916949007438,0,0
33,35360,0.0,0.0,0.7065916949007438,0,0
34,36400,0.0,0.0,0.7065916949007438,0,0
35,37440,0.0,0.0,0.7064348200720367,0,0
36,38480,0.0,0.0,0.7065916949007438,0,0
37,39520,0.0,0.0,0.7064348200720367,0,0
38,40560,0.0,0.0,0.7065916949007438,0,0
39,41600,0.0,0.0,0.7064348200720367,0,0
40,42640,0.0,0.0,0.7064348200720367,0,0
41,43680,0.0,0.0,0.7064348200720367,0,0
42,44720,0.0,0.0,0.7064348200720367,0,0
43,45760,0.0,0.0,0.7041269467918125,0,0
44,46800,0.0,0.0,0.7052831124399884,0,0
45,47840,0.0,0.0,0.7052831124399884,0,0
46,48880,0.0,0.0,0.7041269467918125,0,0
47,49920,0.0,0.0,0.7047055889038885,0,0
48,50960,0.0,0.0,0.7047055889038885,0,0
49,52000,0.0,0.0,0.7064348200720367,0,0
