t,bytes_sent,utility,pheromone,f1_val,agg_count,rollback
0,1040,0.0,0.0,0.47115649721618885,0,0
1,2080,0.0,0.0,0.5554461129201458,0,0
2,3120,0.0,0.0,0.636936655255802,0,0
3,4160,0.0,0.0,0.8604289096105691,0,0
4,5200,0.0,0.0,0.6758485040423139,0,0
5,6240,0.0,0.0,0.8888751445671915,0,0
6,7280,0.0,0.0,0.8059539854620466,0,0
7,8320,0.0,0.0,0.9122583977806654,0,0
8,9360,0.0,0.0,0.8714663086821454,0,0
9,10400,0.0,0.0,0.8504586368777193,0,0
10,11440,0.0,0.0,0.8717369938139709,0,0
11,12480,0.0,0.0,0.8603330878153224,0,0
12,13520,0.0,0.0,0.8574367757368502,0,0
13,14560,0.0,0.0,0.8528091098151904,0,0
14,15600,0.0,0.0,0.8106862865306943,0,0
15,16640,0.0,0.0,0.8796190750207739,0,0
16,17680,0.0,0.0,0.8804012345679013,0,0
17,18720,0.0,0.0,0.8798271749447902,0,0
18,19760,0.0,0.0,0.8786355261294737,0,0
19,20800,0.0,0.0,0.8793199995304319,0,0
20,21840,0.0,0.0,0.8801142057968094,0,0
21,22880,0.0,0.0,0.742348240980881,0,0
22,23920,0.0,0.0,0.8735786794827887,0,0
23,24960,0.0,0.0,0.8320768004793538,0,0
24,26000,0.0,0.0,0.8530785881264027,0,0
25,27040,0.0,0.0,0.8798480883978423,0,0
26,28080,0.0,0.0,0.8795607277125992,0,0
27,29120,0.0,0.0,0.8746747255381092,0,0
28,30160,0.0,0.0,0.867482154427131,0,0
29,31200,0.0,0.0,0.8786986274512795,0,0
30,32240,0.0,0.0,0.8503876875532076,0,0
31,33280,0.0,0.0,0.8855882499861693,0,0
32,34320,0.0,0.0,0.8830979850264817,0,0
33,35360,0.0,0.0,0.8816616796567593,0,0
34,36400,0.0,0.0,0.8807997770726009,0,0
35,37440,0.0,0.0,0.6706861695999145,0,0
36,38480,0.0,0.0,0.8393172990612379,0,0
37,39520,0.0,0.0,0.8841522337756751,0,0
38,40560,0.0,0.0,0.8795564119589294,0,0
39,41600,0.0,0.0,0.8840234074974651,0,0
40,42640,0.0,0.0,0.886935033341899,0,0
41,43680,0.0,0.0,0.886935033341899,0,0
42,44720,0.0,0.0,0.8859068866389875,0,0
43,45760,0.0,0.0,0.8820490311674088,0,0
44,46800,0.0,0.0,0.8817430930032621,0,0
45,47840,0.0,0.0,0.92443453201331,0,0
46,48880,0.0,0.0,0.8405480117405293,0,0
47,49920,0.0,0.0,0.8411336189284655,0,0
48,50960,0.0,0.0,0.8399216269477284,0,0
49,52000,0.0,0.0,0.8358511409538043,0,0
