t,bytes_sent,utility,pheromone,f1_val,agg_count,rollback
0,1040,0.0,0.0,0.10398230088495575,0,0
1,2080,0.0,0.0,0.3322443456242393,0,0
2,3120,0.0,0.0,0.14142628205128205,0,0
3,4160,0.0,0.0,0.14142628205128205,0,0
4,5200,0.0,0.0,0.14142628205128205,0,0
5,6240,0.0,0.0,0.14142628205128205,0,0
6,7280,0.0,0.0,0.14142628205128205,0,0
7,8320,0.0,0.0,0.14142628205128205,0,0
8,9360,0.0,0.0,0.14142628205128205,0,0
9,10400,0.0,0.0,0.14142628205128205,0,0
10,11440,0.0,0.0,0.14142628205128205,0,0
11,12480,0.0,0.0,0.14142628205128205,0,0
12,13520,0.0,0.0,0.14142628205128205,0,0
13,14560,0.0,0.0,0.4164535851642239,0,0
14,15600,0.0,0.0,0.41705570454086727,0,0
15,16640,0.0,0.0,0.710084564707472,0,0
16,17680,0.0,0.0,0.7119191137997422,0,0
17,18720,0.0,0.0,0.7108897039194687,0,0
18,19760,0.0,0.0,0.7033267852710441,0,0
19,20800,0.0,0.0,0.6773293019405218,0,0
20,21840,0.0,0.0,0.7077119513704995,0,0
21,22880,0.0,0.0,0.6990041768544302,0,0
22,23920,0.0,0.0,0.7075938192232615,0,0
23,24960,0.0,0.0,0.6972732132929077,0,0
24,26000,0.0,0.0,0.6989581879769219,0,0
25,27040,0.0,0.0,0.6981196162848065,0,0
26,28080,0.0,0.0,0.7067940006619324,0,0
27,29120,0.0,0.0,0.708543111734601,0,0
28,30160,0.0,0.0,0.6977004427148534,0,0
29,31200,0.0,0.0,0.8104521121697608,0,0
30,32240,0.0,0.0,0.9449032673449587,0,0
31,33280,0.0,0.0,0.7017060783751821,0,0
32,34320,0.0,0.0,0.8187815568498608,0,0
33,35360,0.0,0.0,0.9412105995208799,0,0
34,36400,0.0,0.0,0.5666121115257132,0,0
35,37440,0.0,0.0,0.9603379379109688,0,0
36,38480,0.0,0.0,0.5519126324983376,0,0
37,39520,0.0,0.0,0.6416277822312648,0,0
38,40560,0.0,0.0,0.9599152390497621,0,0
39,41600,0.0,0.0,0.6057761128964403,0,0
40,42640,0.0,0.0,0.9654303225701008,0,0
41,43680,0.0,0.0,0.7997683718472716,0,0
42,44720,0.0,0.0,0.7729883540853532,0,0
43,45760,0.0,0.0,0.9683455666552941,0,0
44,46800,0.0,0.0,0.8436964378275349,0,0
45,47840,0.0,0.0,0.891145181082083,0,0
46,48880,0.0,0.0,0.847572597563155,0,0
47,49920,0.0,0.0,0.8422373233562785,0,0
48,50960,0.0,0.0,0.8237587727911982,0,0
49,52000,0.0,0.0,0.982798994863036,0,0
