t,bytes_sent,utility,pheromone,f1_val,agg_count,rollback
0,1040,0.0,0.0,0.9975267313009194,0,0
1,2080,0.0,0.0,0.9975267313009194,0,0
2,3120,0.0,0.0,0.9978100342676263,0,0
3,4160,0.0,0.0,0.960995754132836,0,0
4,5200,0.0,0.0,0.9610352511054436,0,0
5,6240,0.0,0.0,0.9746456354643639,0,0
6,7280,0.0,0.0,0.9610750853994537,0,0
7,8320,0.0,0.0,0.9611152572344858,0,0
8,9360,0.0,0.0,0.960995754132836,0,0
9,10400,0.0,0.0,0.9968600215738044,0,0
10,11440,0.0,0.0,0.8375007405125453,0,0
11,12480,0.0,0.0,0.9605438728991138,0,0
12,13520,0.0,0.0,0.7167286848857082,0,0
13,14560,0.0,0.0,0.916627148298194,0,0
14,15600,0.0,0.0,0.8642756363225915,0,0
15,16640,0.0,0.0,0.8453172819925351,0,0
16,17680,0.0,0.0,0.817291288579045,0,0
17,18720,0.0,0.0,0.8020757843497169,0,0
18,19760,0.0,0.0,0.801231493799306,0,0
19,20800,0.0,0.0,0.7961160474942863,0,0
20,21840,0.0,0.0,0.7948236214435168,0,0
21,22880,0.0,0.0,0.7922221118595357,0,0
22,23920,0.0,0.0,0.793958932972139,0,0
23,24960,0.0,0.0,0.7926572528016921,0,0
24,26000,0.0,0.0,0.7891584458153569,0,0
25,27040,0.0,0.0,0.7891584458153569,0,0
26,28080,0.0,0.0,0.7891584458153569,0,0
27,29120,0.0,0.0,0.7878358589756905,0,0
28,30160,0.0,0.0,0.7895980213256462,0,0
29,31200,0.0,0.0,0.7887182283455005,0,0
30,32240,0.0,0.0,0.7838328502843958,0,0
31,33280,0.0,0.0,0.7856185507745451,0,0
32,34320,0.0,0.0,0.7860633222111442,0,0
33,35360,0.0,0.0,0.7842802720353892,0,0
34,36400,0.0,0.0,0.7838328502843958,0,0
35,37440,0.0,0.0,0.781585674930204,0,0
36,38480,0.0,0.0,0.7802292352775931,0,0
37,39520,0.0,0.0,0.7802292352775931,0,0
38,40560,0.0,0.0,0.782486567367204,0,0
39,41600,0.0,0.0,0.7802292352775931,0,0
40,42640,0.0,0.0,0.7806820649986019,0,0
41,43680,0.0,0.0,0.7788666195516735,0,0
42,44720,0.0,0.0,0.7774977653700177,0,0
43,45760,0.0,0.0,0.7788666195516735,0,0
44,46800,0.0,0.0,0.7797757193320114,0,0
45,47840,0.0,0.0,0.7774977653700177,0,0
46,48880,0.0,0.0,0.7774977653700177,0,0
47,49920,0.0,0.0,0.7761226096353533,0,0
48,50960,0.0,0.0,0.77149242097117,0,0
49,52000,0.0,0.0,0.7691500478256175,0,0
