t,bytes_sent,utility,pheromone,f1_val,agg_count,rollback
0,1040,0.0,0.0,0.10398230088495575,0,0
1,2080,0.0,0.0,0.10398230088495575,0,0
2,3120,0.0,0.0,0.16526217228464418,0,0
3,4160,0.0,0.0,0.14142628205128205,0,0
4,5200,0.0,0.0,0.14142628205128205,0,0
5,6240,0.0,0.0,0.14142628205128205,0,0
6,7280,0.0,0.0,0.14142628205128205,0,0
7,8320,0.0,0.0,0.14142628205128205,0,0
8,9360,0.0,0.0,0.14142628205128205,0,0
9,10400,0.0,0.0,0.335572639023599,0,0
10,11440,0.0,0.0,0.4168551858772006,0,0
11,12480,0.0,0.0,0.41705570454086727,0,0
12,13520,0.0,0.0,0.41705570454086727,0,0
13,14560,0.0,0.0,0.41689493363097396,0,0
14,15600,0.0,0.0,0.41709547116373813,0,0
15,16640,0.0,0.0,0.5708961498632836,0,0
16,17680,0.0,0.0,0.5501955937093026,0,0
17,18720,0.0,0.0,0.7002047656408664,0,0
18,19760,0.0,0.0,0.5741490237007324,0,0
19,20800,0.0,0.0,0.7007489214582685,0,0
20,21840,0.0,0.0,0.7063282449103386,0,0
21,22880,0.0,0.0,0.698707023590097,0,0
22,23920,0.0,0.0,0.6977249740971527,0,0
23,24960,0.0,0.0,0.6548672566411516,0,0
24,26000,0.0,0.0,0.698446095409269,0,0
25,27040,0.0,0.0,0.7076028283554217,0,0
26,28080,0.0,0.0,0.6957678040694056,0,0
27,29120,0.0,0.0,0.6961959326911463,0,0
28,30160,0.0,0.0,0.4168135083356663,0,0
29,31200,0.0,0.0,0.6968690434906699,0,0
30,32240,0.0,0.0,0.6967974354054254,0,0
31,33280,0.0,0.0,0.6956388002285359,0,0
32,34320,0.0,0.0,0.6967504650797101,0,0
33,35360,0.0,0.0,0.7094556142510676,0,0
34,36400,0.0,0.0,0.9612711250829022,0,0
35,37440,0.0,0.0,0.9398695657300683,0,0
36,38480,0.0,0.0,0.6331347553558729,0,0
37,39520,0.0,0.0,0.4502634013351301,0,0
38,40560,0.0,0.0,0.7964525135333264,0,0
39,41600,0.0,0.0,0.9607419319654437,0,0
40,42640,0.0,0.0,0.41568085041203323,0,0
41,43680,0.0,0.0,0.9545819772109971,0,0
42,44720,0.0,0.0,0.9628178665614245,0,0
43,45760,0.0,0.0,0.824868357056681,0,0
44,46800,0.0,0.0,0.6871068613273731,0,0
45,47840,0.0,0.0,0.8727646349143972,0,0
46,48880,0.0,0.0,0.7353662194062659,0,0
47,49920,0.0,0.0,0.5979817003661503,0,0
48,50960,0.0,0.0,0.8214191747345494,0,0
49,52000,0.0,0.0,0.9646733325331582,0,0
