t,bytes_sent,utility,pheromone,f1_val,agg_count,rollback
0,1040,0.0,0.0,0.13862163754172394,0,0
1,2080,0.0,0.0,0.13862163754172394,0,0
2,3120,0.0,0.0,0.13862163754172394,0,0
3,4160,0.0,0.0,0.13862163754172394,0,0
4,5200,0.0,0.0,0.13862163754172394,0,0
5,6240,0.0,0.0,0.13862163754172394,0,0
6,7280,0.0,0.0,0.13862163754172394,0,0
7,8320,0.0,0.0,0.13862163754172394,0,0
8,9360,0.0,0.0,0.13862163754172394,0,0
9,10400,0.0,0.0,0.41670936461107344,0,0
10,11440,0.0,0.0,0.3775935844307571,0,0
11,12480,0.0,0.0,0.38867670237126606,0,0
12,13520,0.0,0.0,0.38872135333834135,0,0
13,14560,0.0,0.0,0.38863268584702637,0,0
14,15600,0.0,0.0,0.38863268584702637,0,0
15,16640,0.0,0.0,0.3886770054556476,0,0
16,17680,0.0,0.0,0.6974562022079724,0,0
17,18720,0.0,0.0,0.6956416957125281,0,0
18,19760,0.0,0.0,0.6600369860021185,0,0
19,20800,0.0,0.0,0.6939786398977361,0,0
20,21840,0.0,0.0,0.6970979656724652,0,0
21,22880,0.0,0.0,0.6916351133600501,0,0
22,23920,0.0,0.0,0.6996640466857562,0,0
23,24960,0.0,0.0,0.6927698421965713,0,0
24,26000,0.0,0.0,0.6821466587329136,0,0
25,27040,0.0,0.0,0.6938881307999789,0,0
26,28080,0.0,0.0,0.8186808787416651,0,0
27,29120,0.0,0.0,0.9330908261677523,0,0
28,30160,0.0,0.0,0.9743804987323612,0,0
29,31200,0.0,0.0,0.8971216969386915,0,0
30,32240,0.0,0.0,0.9957455607450773,0,0
31,33280,0.0,0.0,0.8816950874899405,0,0
32,34320,0.0,0.0,0.9259728459063055,0,0
33,35360,0.0,0.0,0.9934327081542391,0,0
34,36400,0.0,0.0,0.9329910392022344,0,0
35,37440,0.0,0.0,0.9934231972744237,0,0
36,38480,0.0,0.0,0.9940903254969471,0,0
37,39520,0.0,0.0,0.9943096789853013,0,0
38,40560,0.0,0.0,0.9424426586611816,0,0
39,41600,0.0,0.0,0.9951878390193748,0,0
40,42640,0.0,0.0,0.9934231972744237,0,0
41,43680,0.0,0.0,0.9951878390193748,0,0
42,44720,0.0,0.0,0.9707054021059676,0,0
43,45760,0.0,0.0,0.9951878390193748,0,0
44,46800,0.0,0.0,0.9951878390193748,0,0
45,47840,0.0,0.0,0.9951878390193748,0,0
46,48880,0.0,0.0,0.9951878390193748,0,0
47,49920,0.0,0.0,0.9945291067983943,0,0
48,50960,0.0,0.0,0.9947486092193725,0,0
49,52000,0.0,0.0,0.9953063309450747,0,0
