t,bytes_sent,utility,pheromone,f1_val,agg_count,rollback
0,1040,0.0,0.0,0.14226190476190476,0,0
1,2080,0.0,0.0,0.14226190476190476,0,0
2,3120,0.0,0.0,0.14226190476190476,0,0
3,4160,0.0,0.0,0.14226190476190476,0,0
4,5200,0.0,0.0,0.14226190476190476,0,0
5,6240,0.0,0.0,0.14226190476190476,0,0
6,7280,0.0,0.0,0.14226190476190476,0,0
7,8320,0.0,0.0,0.14226190476190476,0,0
8,9360,0.0,0.0,0.14226190476190476,0,0
9,10400,0.0,0.0,0.14226190476190476,0,0
10,11440,0.0,0.0,0.41654174186412063,0,0
11,12480,0.0,0.0,0.41754956401939425,0,0
12,13520,0.0,0.0,0.41778804395810054,0,0
13,14560,0.0,0.0,0.4175465518408786,0,0
14,15600,0.0,0.0,0.5674466117520964,0,0
15,16640,0.0,0.0,0.6973641435264932,0,0
16,17680,0.0,0.0,0.43678059982146716,0,0
17,18720,0.0,0.0,0.4277764652649029,0,0
18,19760,0.0,0.0,0.6571072348739349,0,0
19,20800,0.0,0.0,0.6375942476625809,0,0
20,21840,0.0,0.0,0.6783814851662647,0,0
21,22880,0.0,0.0,0.700320598491359,0,0
22,23920,0.0,0.0,0.6295586367869109,0,0
23,24960,0.0,0.0,0.6222091909579929,0,0
24,26000,0.0,0.0,0.700320598491359,0,0
25,27040,0.0,0.0,0.700320598491359,0,0
26,28080,0.0,0.0,0.42496502752181975,0,0
27,29120,0.0,0.0,0.6843048721464849,0,0
28,30160,0.0,0.0,0.49487071150921075,0,0
29,31200,0.0,0.0,0.4365551966379383,0,0
30,32240,0.0,0.0,0.7003213174339138,0,0
31,33280,0.0,0.0,0.43489674659413674,0,0
32,34320,0.0,0.0,0.6602644834026437,0,0
33,35360,0.0,0.0,0.4365551966379383,0,0
34,36400,0.0,0.0,0.4365059970946088,0,0
35,37440,0.0,0.0,0.6799224423720722,0,0
36,38480,0.0,0.0,0.4184154822180199,0,0
37,39520,0.0,0.0,0.7003213174339138,0,0
38,40560,0.0,0.0,0.49265212338303493,0,0
39,41600,0.0,0.0,0.5537657810438174,0,0
40,42640,0.0,0.0,0.6684732488735179,0,0
41,43680,0.0,0.0,0.700407554886547,0,0
42,44720,0.0,0.0,0.7004069097142683,0,0
43,45760,0.0,0.0,0.7004069097142683,0,0
44,46800,0.0,0.0,0.6683902458879067,0,0
45,47840,0.0,0.0,0.7003213174339138,0,0
46,48880,0.0,0.0,0.5936367771680116,0,0
47,49920,0.0,0.0,0.6761946316358491,0,0
48,50960,0.0,0.0,0.436667805632789,0,0
49,52000,0.0,0.0,0.7003213174339138,0,0
