t,bytes_sent,utility,pheromone,f1_val,agg_count,rollback
0,4160,0.0,0.0,0.09148550724637682,0,0
1,8320,0.0,0.0,0.14063745019920318,0,0
2,12480,0.0,0.0,0.14063745019920318,0,0
3,16640,0.0,0.0,0.14063745019920318,0,0
4,20800,0.0,0.0,0.14063745019920318,0,0
5,24960,0.0,0.0,0.14063745019920318,0,0
6,29120,0.0,0.0,0.14063745019920318,0,0
7,33280,0.0,0.0,0.14063745019920318,0,0
8,37440,0.0,0.0,0.14063745019920318,0,0
9,41600,0.0,0.0,0.14063745019920318,0,0
10,45760,0.0,0.0,0.4164462272013759,0,0
11,49920,0.0,0.0,0.41727255530994717,0,0
12,54080,0.0,0.0,0.4171583814486223,0,0
13,58240,0.0,0.0,0.396056719137632,0,0
14,62400,0.0,0.0,0.3853354139888863,0,0
15,66560,0.0,0.0,0.3871381453576984,0,0
16,70720,0.0,0.0,0.3869124053366822,0,0
17,74880,0.0,0.0,0.5702288554188578,0,0
18,79040,0.0,0.0,0.5255403838328514,0,0
19,83200,0.0,0.0,0.8637631413183713,0,0
20,87360,0.0,0.0,0.7844499510335843,0,0
21,91520,0.0,0.0,0.9515777909392851,0,0
22,95680,0.0,0.0,0.8246340767325226,0,0
23,99840,0.0,0.0,0.9471422055780898,0,0
24,104000,0.0,0.0,0.8474635171906072,0,0
25,108160,0.0,0.0,0.9315519692317413,0,0
26,112320,0.0,0.0,0.9891520797730469,0,0
27,116480,0.0,0.0,0.8644905135641716,0,0
28,120640,0.0,0.0,0.8536986077720095,0,0
29,124800,0.0,0.0,0.9835357206579042,0,0
30,128960,0.0,0.0,0.9856857441295129,0,0
31,133120,0.0,0.0,0.9315283483159418,0,0
32,137280,0.0,0.0,0.9919650973427813,0,0
33,141440,0.0,0.0,0.9699839776934754,0,0
34,145600,0.0,0.0,0.9078767835527577,0,0
35,149760,0.0,0.0,0.9891905244745474,0,0
36,153920,0.0,0.0,0.990064647420791,0,0
37,158080,0.0,0.0,0.9331988420683937,0,0
38,162240,0.0,0.0,0.9390419950106734,0,0
39,166400,0.0,0.0,0.850315696401025,0,0
40,170560,0.0,0.0,0.9278003412624997,0,0
41,174720,0.0,0.0,0.9909399283017342,0,0
42,178880,0.0,0.0,0.9302452342296559,0,0
43,183040,0.0,0.0,0.9444594059083259,0,0
44,187200,0.0,0.0,0.9917880435184186,0,0
45,191360,0.0,0.0,0.9912008292868493,0,0
46,195520,0.0,0.0,0.8835125348246922,0,0
47,199680,0.0,0.0,0.991507465191632,0,0
48,203840,0.0,0.0,0.8748880391655208,0,0
49,208000,0.0,0.0,0.8570064378892852,0,0
