t,bytes_sent,utility,pheromone,f1_val,agg_count,rollback
0,1040,0.0,0.0,0.9624937968802555,0,0
1,2080,0.0,0.0,0.8360796026337781,0,0
2,3120,0.0,0.0,0.6002163243734662,0,0
3,4160,0.0,0.0,0.6598479667647934,0,0
4,5200,0.0,0.0,0.7811382460129883,0,0
5,6240,0.0,0.0,0.6815510498572424,0,0
6,7280,0.0,0.0,0.7163847916439966,0,0
7,8320,0.0,0.0,0.6334802025864097,0,0
8,9360,0.0,0.0,0.8116883953459036,0,0
9,10400,0.0,0.0,0.7852727875389698,0,0
10,11440,0.0,0.0,0.8067759769468623,0,0
11,12480,0.0,0.0,0.8102784593073342,0,0
12,13520,0.0,0.0,0.7916518482885354,0,0
13,14560,0.0,0.0,0.7959231782104845,0,0
14,15600,0.0,0.0,0.7944720354203648,0,0
15,16640,0.0,0.0,0.792458818264546,0,0
16,17680,0.0,0.0,0.79158864081342,0,0
17,18720,0.0,0.0,0.7978968861124749,0,0
18,19760,0.0,0.0,0.8276781300085461,0,0
19,20800,0.0,0.0,0.7976152964137696,0,0
20,21840,0.0,0.0,0.7962989201262753,0,0
21,22880,0.0,0.0,0.7950702259224928,0,0
22,23920,0.0,0.0,0.7994871358463262,0,0
23,24960,0.0,0.0,0.8060959125512448,0,0
24,26000,0.0,0.0,0.802148889946218,0,0
25,27040,0.0,0.0,0.8062514128972619,0,0
26,28080,0.0,0.0,0.8074875908426592,0,0
27,29120,0.0,0.0,0.8080586979167794,0,0
28,30160,0.0,0.0,0.8068241833239497,0,0
29,31200,0.0,0.0,0.806915542911303,0,0
30,32240,0.0,0.0,0.8074664839492756,0,0
31,33280,0.0,0.0,0.8086965510247637,0,0
32,34320,0.0,0.0,0.8080819836178595,0,0
33,35360,0.0,0.0,0.31594817419401255,0,0
34,36400,0.0,0.0,0.8010407235394155,0,0
35,37440,0.0,0.0,0.908568806013029,0,0
36,38480,0.0,0.0,0.9374812232017966,0,0
37,39520,0.0,0.0,0.9377775130646795,0,0
38,40560,0.0,0.0,0.9377118500514046,0,0
39,41600,0.0,0.0,0.9396603599668008,0,0
40,42640,0.0,0.0,0.939360084298896,0,0
41,43680,0.0,0.0,0.9462416139431489,0,0
42,44720,0.0,0.0,0.9635864379831546,0,0
43,45760,0.0,0.0,0.9472243158112641,0,0
44,46800,0.0,0.0,0.945316833558517,0,0
45,47840,0.0,0.0,0.945316833558517,0,0
46,48880,0.0,0.0,0.9441039038067421,0,0
47,49920,0.0,0.0,0.942068483879809,0,0
48,50960,0.0,0.0,0.942476967596648,0,0
49,52000,0.0,0.0,0.942068483879809,0,0
