t,bytes_sent,utility,pheromone,f1_val,agg_count,rollback
0,1040,0.0,0.0,0.05541749502982107,0,0
1,2080,0.0,0.0,0.14205682272909165,0,0
2,3120,0.0,0.0,0.14205682272909165,0,0
3,4160,0.0,0.0,0.14205682272909165,0,0
4,5200,0.0,0.0,0.14205682272909165,0,0
5,6240,0.0,0.0,0.14205682272909165,0,0
6,7280,0.0,0.0,0.14205682272909165,0,0
7,8320,0.0,0.0,0.14205682272909165,0,0
8,9360,0.0,0.0,0.14205682272909165,0,0
9,10400,0.0,0.0,0.14205682272909165,0,0
10,11440,0.0,0.0,0.14205682272909165,0,0
11,12480,0.0,0.0,0.14205682272909165,0,0
12,13520,0.0,0.0,0.14205682272909165,0,0
13,14560,0.0,0.0,0.41626420531236646,0,0
14,15600,0.0,0.0,0.41703542715461484,0,0
15,16640,0.0,0.0,0.4169130971024577,0,0
16,17680,0.0,0.0,0.41683246609844005,0,0
17,18720,0.0,0.0,0.41671011811102343,0,0
18,19760,0.0,0.0,0.41679099637737954,0,0
19,20800,0.0,0.0,0.6249312434637919,0,0
20,21840,0.0,0.0,0.6701192625151522,0,0
21,22880,0.0,0.0,0.7120590315224361,0,0
22,23920,0.0,0.0,0.3763614295620144,0,0
23,24960,0.0,0.0,0.6657446465257918,0,0
24,26000,0.0,0.0,0.6736122587613216,0,0
25,27040,0.0,0.0,0.44971735662051937,0,0
26,28080,0.0,0.0,0.4953749890050414,0,0
27,29120,0.0,0.0,0.6537971349714204,0,0
28,30160,0.0,0.0,0.4736296007448249,0,0
29,31200,0.0,0.0,0.5194745083371732,0,0
30,32240,0.0,0.0,0.640624630927796,0,0
31,33280,0.0,0.0,0.5740487070784812,0,0
32,34320,0.0,0.0,0.5715805114386909,0,0
33,35360,0.0,0.0,0.587553113722786,0,0
34,36400,0.0,0.0,0.6021735759823252,0,0
35,37440,0.0,0.0,0.6477996961768924,0,0
36,38480,0.0,0.0,0.5775186443973441,0,0
37,39520,0.0,0.0,0.6468789956225756,0,0
38,40560,0.0,0.0,0.5762974729227938,0,0
39,41600,0.0,0.0,0.6507875748007201,0,0
40,42640,0.0,0.0,0.5833687244545863,0,0
41,43680,0.0,0.0,0.6981808608812837,0,0
42,44720,0.0,0.0,0.5461931282072838,0,0
43,45760,0.0,0.0,0.6485111372164711,0,0
44,46800,0.0,0.0,0.5791630104350689,0,0
45,47840,0.0,0.0,0.6247870600028396,0,0
46,48880,0.0,0.0,0.6270797519399323,0,0
47,49920,0.0,0.0,0.6969530381266246,0,0
48,50960,0.0,0.0,0.5565313534904159,0,0
49,52000,0.0,0.0,0.6987374687660026,0,0
