t,bytes_sent,utility,pheromone,f1_val,agg_count,rollback
0,1040,0.0,0.0,0.6138710747456877,0,0
1,2080,0.0,0.0,0.5920648186761889,0,0
2,3120,0.0,0.0,0.62490864491897,0,0
3,4160,0.0,0.0,0.7408726722661586,0,0
4,5200,0.0,0.0,0.6886365089182543,0,0
5,6240,0.0,0.0,0.7337895383088151,0,0
6,7280,0.0,0.0,0.6705591494150667,0,0
7,8320,0.0,0.0,0.7380852251901667,0,0
8,9360,0.0,0.0,0.6709972574096718,0,0
9,10400,0.0,0.0,0.7515527914709784,0,0
10,11440,0.0,0.0,0.7510673460295458,0,0
11,12480,0.0,0.0,0.5610592003791397,0,0
12,13520,0.0,0.0,0.6460339618884409,0,0
13,14560,0.0,0.0,0.7630789705735075,0,0
14,15600,0.0,0.0,0.7441622880507007,0,0
15,16640,0.0,0.0,0.7759944863715909,0,0
16,17680,0.0,0.0,0.7458894287958789,0,0
17,18720,0.0,0.0,0.7242564459283447,0,0
18,19760,0.0,0.0,0.6755648654187587,0,0
19,20800,0.0,0.0,0.7295440145842718,0,0
20,21840,0.0,0.0,0.7426299803000673,0,0
21,22880,0.0,0.0,0.7260210714556998,0,0
22,23920,0.0,0.0,0.6436782187857337,0,0
23,24960,0.0,0.0,0.6799596642712841,0,0
24,26000,0.0,0.0,0.7210956905550215,0,0
25,27040,0.0,0.0,0.6305579615010691,0,0
26,28080,0.0,0.0,0.7137082643172412,0,0
27,29120,0.0,0.0,0.5657454762040756,0,0
28,30160,0.0,0.0,0.6311972734574982,0,0
29,31200,0.0,0.0,0.5740235102396495,0,0
30,32240,0.0,0.0,0.5502895955307255,0,0
31,33280,0.0,0.0,0.647072682707087,0,0
32,34320,0.0,0.0,0.6053873568536374,0,0
33,35360,0.0,0.0,0.6237761180525858,0,0
34,36400,0.0,0.0,0.5932918044240525,0,0
35,37440,0.0,0.0,0.5992288747008521,0,0
36,38480,0.0,0.0,0.6760783016829512,0,0
37,39520,0.0,0.0,0.778214799294644,0,0
38,40560,0.0,0.0,0.7138023397280548,0,0
39,41600,0.0,0.0,0.7317592012926818,0,0
40,42640,0.0,0.0,0.7177984846902165,0,0
41,43680,0.0,0.0,0.7218419833165052,0,0
42,44720,0.0,0.0,0.6360590930010548,0,0
43,45760,0.0,0.0,0.7335937506959231,0,0
44,46800,0.0,0.0,0.7069597622393421,0,0
45,47840,0.0,0.0,0.7016232261005704,0,0
46,48880,0.0,0.0,0.6851529615253027,0,0
47,49920,0.0,0.0,0.676984916915726,0,0
48,50960,0.0,0.0,0.6906482742080178,0,0
49,52000,0.0,0.0,0.6578480661640853,0,0
