t,bytes_sent,utility,pheromone,f1_val,agg_count,rollback
0,1040,0.0,0.0,0.09308755760368663,0,0
1,2080,0.0,0.0,0.10386473429951691,0,0
2,3120,0.0,0.0,0.10386473429951691,0,0
3,4160,0.0,0.0,0.22499894087742422,0,0
4,5200,0.0,0.0,0.16706189234052643,0,0
5,6240,0.0,0.0,0.14063745019920318,0,0
6,7280,0.0,0.0,0.14063745019920318,0,0
7,8320,0.0,0.0,0.14063745019920318,0,0
8,9360,0.0,0.0,0.14063745019920318,0,0
9,10400,0.0,0.0,0.14063745019920318,0,0
10,11440,0.0,0.0,0.4150731431819776,0,0
11,12480,0.0,0.0,0.4173869385094645,0,0
12,13520,0.0,0.0,0.384663587877657,0,0
13,14560,0.0,0.0,0.30545629267621516,0,0
14,15600,0.0,0.0,0.3854172567241416,0,0
15,16640,0.0,0.0,0.38182928483160633,0,0
16,17680,0.0,0.0,0.4250937172562764,0,0
17,18720,0.0,0.0,0.54488964887093,0,0
18,19760,0.0,0.0,0.4122061944242971,0,0
19,20800,0.0,0.0,0.5531178218136341,0,0
20,21840,0.0,0.0,0.5125901098638354,0,0
21,22880,0.0,0.0,0.5514756920247457,0,0
22,23920,0.0,0.0,0.6204856594854429,0,0
23,24960,0.0,0.0,0.6348628834053527,0,0
24,26000,0.0,0.0,0.5580974881318642,0,0
25,27040,0.0,0.0,0.6502111760846492,0,0
26,28080,0.0,0.0,0.9834679659366501,0,0
27,29120,0.0,0.0,0.9359751231042999,0,0
28,30160,0.0,0.0,0.8410664193127483,0,0
29,31200,0.0,0.0,0.8723189849966126,0,0
30,32240,0.0,0.0,0.9121335810362377,0,0
31,33280,0.0,0.0,0.9862222213568684,0,0
32,34320,0.0,0.0,0.9390106062780335,0,0
33,35360,0.0,0.0,0.9368968481558846,0,0
34,36400,0.0,0.0,0.9907963457140762,0,0
35,37440,0.0,0.0,0.9295868059471466,0,0
36,38480,0.0,0.0,0.9327742549293895,0,0
37,39520,0.0,0.0,0.9864208952687794,0,0
38,40560,0.0,0.0,0.9367347173223042,0,0
39,41600,0.0,0.0,0.9388204535842729,0,0
40,42640,0.0,0.0,0.8628442483997019,0,0
41,43680,0.0,0.0,0.9229384703947521,0,0
42,44720,0.0,0.0,0.9910215263764057,0,0
43,45760,0.0,0.0,0.8692466091899957,0,0
44,46800,0.0,0.0,0.9724710568353298,0,0
45,47840,0.0,0.0,0.9265806545946944,0,0
46,48880,0.0,0.0,0.8510610019786222,0,0
47,49920,0.0,0.0,0.8430094174241975,0,0
48,50960,0.0,0.0,0.85484332515151,0,0
49,52000,0.0,0.0,0.9340505933835859,0,0
