t,bytes_sent,utility,pheromone,f1_val,agg_count,rollback
0,1040,0.0,0.0,0.6463782961341125,0,0
1,2080,0.0,0.0,0.6354496346820466,0,0
2,3120,0.0,0.0,0.8728018635445899,0,0
3,4160,0.0,0.0,0.8591072462444838,0,0
4,5200,0.0,0.0,0.723982486800906,0,0
5,6240,0.0,0.0,0.9004820548609773,0,0
6,7280,0.0,0.0,0.9153634542518051,0,0
7,8320,0.0,0.0,0.9149639161798627,0,0
8,9360,0.0,0.0,0.9147041510519174,0,0
9,10400,0.0,0.0,0.9589988886134306,0,0
10,11440,0.0,0.0,0.9022087318183394,0,0
11,12480,0.0,0.0,0.9061325070644637,0,0
12,13520,0.0,0.0,0.83253078954474,0,0
13,14560,0.0,0.0,0.872611697381046,0,0
14,15600,0.0,0.0,0.877622537969512,0,0
15,16640,0.0,0.0,0.8856999911986888,0,0
16,17680,0.0,0.0,0.8856999911986888,0,0
17,18720,0.0,0.0,0.8851551647550271,0,0
18,19760,0.0,0.0,0.90049442718452,0,0
19,20800,0.0,0.0,0.9023052687431183,0,0
20,21840,0.0,0.0,0.8577317569471808,0,0
21,22880,0.0,0.0,0.9149409360786741,0,0
22,23920,0.0,0.0,0.9987837454963979,0,0
23,24960,0.0,0.0,0.8723648894798826,0,0
24,26000,0.0,0.0,0.8731181399190496,0,0
25,27040,0.0,0.0,0.8712626924232882,0,0
26,28080,0.0,0.0,0.8704590732972354,0,0
27,29120,0.0,0.0,0.865527183897687,0,0
28,30160,0.0,0.0,0.8712298572880537,0,0
29,31200,0.0,0.0,0.8707614417656517,0,0
30,32240,0.0,0.0,0.8711116861760922,0,0
31,33280,0.0,0.0,0.8707096482574872,0,0
32,34320,0.0,0.0,0.8704263506752777,0,0
33,35360,0.0,0.0,0.8749026122409269,0,0
34,36400,0.0,0.0,0.875167258944905,0,0
35,37440,0.0,0.0,0.8773391850739867,0,0
36,38480,0.0,0.0,0.8781681951456835,0,0
37,39520,0.0,0.0,0.8784446008522551,0,0
38,40560,0.0,0.0,0.8787210423245493,0,0
39,41600,0.0,0.0,0.8784796023603434,0,0
40,42640,0.0,0.0,0.8776402052312344,0,0
41,43680,0.0,0.0,0.8682275872470615,0,0
42,44720,0.0,0.0,0.6406608774175622,0,0
43,45760,0.0,0.0,0.8960123521224594,0,0
44,46800,0.0,0.0,0.941028430355774,0,0
45,47840,0.0,0.0,0.9624371565918934,0,0
46,48880,0.0,0.0,0.9627865006406728,0,0
47,49920,0.0,0.0,0.9691459387914261,0,0
48,50960,0.0,0.0,0.9574536512329593,0,0
49,52000,0.0,0.0,0.6912879272163193,0,0
