t,bytes_sent,utility,pheromone,f1_val,agg_count,rollback
0,1040,0.0,0.0,0.7043947601339703,0,0
1,2080,0.0,0.0,0.7116533290851852,0,0
2,3120,0.0,0.0,0.8278295078534371,0,0
3,4160,0.0,0.0,0.8164759410946181,0,0
4,5200,0.0,0.0,0.8262931387137215,0,0
5,6240,0.0,0.0,0.7267768264226944,0,0
6,7280,0.0,0.0,0.7231447774424922,0,0
7,8320,0.0,0.0,0.7218224951949415,0,0
8,9360,0.0,0.0,0.7227686068154707,0,0
9,10400,0.0,0.0,0.7229735214662156,0,0
10,11440,0.0,0.0,0.7218224951949415,0,0
11,12480,0.0,0.0,0.7227686068154707,0,0
12,13520,0.0,0.0,0.7226950794559106,0,0
13,14560,0.0,0.0,0.7219403669360008,0,0
14,15600,0.0,0.0,0.7203003557009506,0,0
15,16640,0.0,0.0,0.7221071922960622,0,0
16,17680,0.0,0.0,0.7218490793245484,0,0
17,18720,0.0,0.0,0.7170548135041994,0,0
18,19760,0.0,0.0,0.7226701945902111,0,0
19,20800,0.0,0.0,0.7722403350317365,0,0
20,21840,0.0,0.0,0.7104991004491212,0,0
21,22880,0.0,0.0,0.7139149167250448,0,0
22,23920,0.0,0.0,0.7140456281942711,0,0
23,24960,0.0,0.0,0.7138760494854604,0,0
24,26000,0.0,0.0,0.7125950674099052,0,0
25,27040,0.0,0.0,0.7069241356107026,0,0
26,28080,0.0,0.0,0.7051054702147441,0,0
27,29120,0.0,0.0,0.7064034457489656,0,0
28,30160,0.0,0.0,0.7061631882168907,0,0
29,31200,0.0,0.0,0.7061631882168907,0,0
30,32240,0.0,0.0,0.7063445781891242,0,0
31,33280,0.0,0.0,0.7063445781891242,0,0
32,34320,0.0,0.0,0.7170146561953877,0,0
33,35360,0.0,0.0,0.7974290626853298,0,0
34,36400,0.0,0.0,0.7654167441535723,0,0
35,37440,0.0,0.0,0.7047775794393336,0,0
36,38480,0.0,0.0,0.7091908701453538,0,0
37,39520,0.0,0.0,0.8023389279369373,0,0
38,40560,0.0,0.0,0.8229416117913388,0,0
39,41600,0.0,0.0,0.8260940359548344,0,0
40,42640,0.0,0.0,0.8277245350810891,0,0
41,43680,0.0,0.0,0.9285626287583646,0,0
42,44720,0.0,0.0,0.928737968724498,0,0
43,45760,0.0,0.0,0.8132959062168905,0,0
44,46800,0.0,0.0,0.8181782701703765,0,0
45,47840,0.0,0.0,0.8200664814478177,0,0
46,48880,0.0,0.0,0.8157017079069724,0,0
47,49920,0.0,0.0,0.8161451418130319,0,0
48,50960,0.0,0.0,0.8147440204664862,0,0
49,52000,0.0,0.0,0.8137639400445751,0,0
