t,bytes_sent,utility,pheromone,f1_val,agg_count,rollback
0,1040,0.0,0.0,0.14022662889518414,0,0
1,2080,0.0,0.0,0.402583561001186,0,0
2,3120,0.0,0.0,0.14022662889518414,0,0
3,4160,0.0,0.0,0.14022662889518414,0,0
4,5200,0.0,0.0,0.14022662889518414,0,0
5,6240,0.0,0.0,0.14022662889518414,0,0
6,7280,0.0,0.0,0.14022662889518414,0,0
7,8320,0.0,0.0,0.14022662889518414,0,0
8,9360,0.0,0.0,0.14022662889518414,0,0
9,10400,0.0,0.0,0.1476453874842333,0,0
10,11440,0.0,0.0,0.4129540565960764,0,0
11,12480,0.0,0.0,0.6531890961761235,0,0
12,13520,0.0,0.0,0.38169789874835375,0,0
13,14560,0.0,0.0,0.38705632690871844,0,0
14,15600,0.0,0.0,0.6447430223151739,0,0
15,16640,0.0,0.0,0.6572228583844594,0,0
16,17680,0.0,0.0,0.6561325494229501,0,0
17,18720,0.0,0.0,0.6435574893716602,0,0
18,19760,0.0,0.0,0.6468117040848285,0,0
19,20800,0.0,0.0,0.9472504121144011,0,0
20,21840,0.0,0.0,0.7168568783083311,0,0
21,22880,0.0,0.0,0.937373008282096,0,0
22,23920,0.0,0.0,0.9390559415070834,0,0
23,24960,0.0,0.0,0.9409576148897281,0,0
24,26000,0.0,0.0,0.9439041251915667,0,0
25,27040,0.0,0.0,0.9548314562735309,0,0
26,28080,0.0,0.0,0.9469705642378157,0,0
27,29120,0.0,0.0,0.9480037718710097,0,0
28,30160,0.0,0.0,0.9496711634150531,0,0
29,31200,0.0,0.0,0.9543255542479259,0,0
30,32240,0.0,0.0,0.9465949870550024,0,0
31,33280,0.0,0.0,0.9418081950699231,0,0
32,34320,0.0,0.0,0.9514940889603783,0,0
33,35360,0.0,0.0,0.9536737227858568,0,0
34,36400,0.0,0.0,0.9457433834590678,0,0
35,37440,0.0,0.0,0.9428727620100338,0,0
36,38480,0.0,0.0,0.9426605943339016,0,0
37,39520,0.0,0.0,0.9455077016936642,0,0
38,40560,0.0,0.0,0.9421702181920772,0,0
39,41600,0.0,0.0,0.9451749667578596,0,0
40,42640,0.0,0.0,0.9539852671704735,0,0
41,43680,0.0,0.0,0.9424098988087429,0,0
42,44720,0.0,0.0,0.9431060437762567,0,0
43,45760,0.0,0.0,0.9404121922946322,0,0
44,46800,0.0,0.0,0.9419981772708069,0,0
45,47840,0.0,0.0,0.9381254656638511,0,0
46,48880,0.0,0.0,0.9366414030117785,0,0
47,49920,0.0,0.0,0.9542281654133569,0,0
48,50960,0.0,0.0,0.9542072972244016,0,0
49,52000,0.0,0.0,0.9473171362842172,0,0
