t,bytes_sent,utility,pheromone,f1_val,agg_count,rollback
0,1040,0.0,0.0,0.14142628205128205,0,0
1,2080,0.0,0.0,0.10398230088495575,0,0
2,3120,0.0,0.0,0.10398230088495575,0,0
3,4160,0.0,0.0,0.14142628205128205,0,0
4,5200,0.0,0.0,0.14142628205128205,0,0
5,6240,0.0,0.0,0.14142628205128205,0,0
6,7280,0.0,0.0,0.14142628205128205,0,0
7,8320,0.0,0.0,0.14142628205128205,0,0
8,9360,0.0,0.0,0.14142628205128205,0,0
9,10400,0.0,0.0,0.14142628205128205,0,0
10,11440,0.0,0.0,0.14142628205128205,0,0
11,12480,0.0,0.0,0.414434206149037,0,0
12,13520,0.0,0.0,0.41705570454086727,0,0
13,14560,0.0,0.0,0.37469249855635445,0,0
14,15600,0.0,0.0,0.5367217625866216,0,0
15,16640,0.0,0.0,0.547281520280546,0,0
16,17680,0.0,0.0,0.5381346210594737,0,0
17,18720,0.0,0.0,0.7098283726889054,0,0
18,19760,0.0,0.0,0.6990891493420793,0,0
19,20800,0.0,0.0,0.709965291213394,0,0
20,21840,0.0,0.0,0.704612613253593,0,0
21,22880,0.0,0.0,0.7099929224303602,0,0
22,23920,0.0,0.0,0.7005160003640388,0,0
23,24960,0.0,0.0,0.709965291213394,0,0
24,26000,0.0,0.0,0.7063202876498437,0,0
25,27040,0.0,0.0,0.717547332240208,0,0
26,28080,0.0,0.0,0.7006121972315762,0,0
27,29120,0.0,0.0,0.9583465704977686,0,0
28,30160,0.0,0.0,0.6434818898500112,0,0
29,31200,0.0,0.0,0.9609912382398096,0,0
30,32240,0.0,0.0,0.4612195226795634,0,0
31,33280,0.0,0.0,0.9595863894592513,0,0
32,34320,0.0,0.0,0.8246479734278118,0,0
33,35360,0.0,0.0,0.7656070446087438,0,0
34,36400,0.0,0.0,0.8334706489643182,0,0
35,37440,0.0,0.0,0.6172804684859218,0,0
36,38480,0.0,0.0,0.7644538425620603,0,0
37,39520,0.0,0.0,0.8283242926403224,0,0
38,40560,0.0,0.0,0.6046889898865955,0,0
39,41600,0.0,0.0,0.8344037531346816,0,0
40,42640,0.0,0.0,0.8125350067118153,0,0
41,43680,0.0,0.0,0.7824242791396452,0,0
42,44720,0.0,0.0,0.8245021522742874,0,0
43,45760,0.0,0.0,0.7500260618154221,0,0
44,46800,0.0,0.0,0.8240854361231547,0,0
45,47840,0.0,0.0,0.8275735697710541,0,0
46,48880,0.0,0.0,0.5576255256406754,0,0
47,49920,0.0,0.0,0.8850758658720062,0,0
48,50960,0.0,0.0,0.8113053182895921,0,0
49,52000,0.0,0.0,0.7703380919333979,0,0
