t,bytes_sent,utility,pheromone,f1_val,agg_count,rollback
0,1040,0.0,0.0,0.14205682272909165,0,0
1,2080,0.0,0.0,0.10429108604291086,0,0
2,3120,0.0,0.0,0.10429108604291086,0,0
3,4160,0.0,0.0,0.14205682272909165,0,0
4,5200,0.0,0.0,0.14205682272909165,0,0
5,6240,0.0,0.0,0.14205682272909165,0,0
6,7280,0.0,0.0,0.14205682272909165,0,0
7,8320,0.0,0.0,0.14205682272909165,0,0
8,9360,0.0,0.0,0.14205682272909165,0,0
9,10400,0.0,0.0,0.14205682272909165,0,0
10,11440,0.0,0.0,0.14205682272909165,0,0
11,12480,0.0,0.0,0.14205682272909165,0,0
12,13520,0.0,0.0,0.14205682272909165,0,0
13,14560,0.0,0.0,0.4170778520170104,0,0
14,15600,0.0,0.0,0.41703542715461484,0,0
15,16640,0.0,0.0,0.4169130971024577,0,0
16,17680,0.0,0.0,0.41683246609844005,0,0
17,18720,0.0,0.0,0.700969051692148,0,0
18,19760,0.0,0.0,0.7003120854006192,0,0
19,20800,0.0,0.0,0.6996145440454674,0,0
20,21840,0.0,0.0,0.5655486660416176,0,0
21,22880,0.0,0.0,0.6339831072206058,0,0
22,23920,0.0,0.0,0.65542048130427,0,0
23,24960,0.0,0.0,0.5054944463094337,0,0
24,26000,0.0,0.0,0.6757550296073134,0,0
25,27040,0.0,0.0,0.3798535932631826,0,0
26,28080,0.0,0.0,0.6994414932863516,0,0
27,29120,0.0,0.0,0.39785058696783515,0,0
28,30160,0.0,0.0,0.6893381349079328,0,0
29,31200,0.0,0.0,0.6794148879534719,0,0
30,32240,0.0,0.0,0.5564465626332997,0,0
31,33280,0.0,0.0,0.666859359142599,0,0
32,34320,0.0,0.0,0.38987904196177964,0,0
33,35360,0.0,0.0,0.6492405124924319,0,0
34,36400,0.0,0.0,0.6495956692252509,0,0
35,37440,0.0,0.0,0.48475925302181705,0,0
36,38480,0.0,0.0,0.6802950452809744,0,0
37,39520,0.0,0.0,0.44040031927180157,0,0
38,40560,0.0,0.0,0.6905566982660849,0,0
39,41600,0.0,0.0,0.5349389535262203,0,0
40,42640,0.0,0.0,0.6292804539401852,0,0
41,43680,0.0,0.0,0.6785438137850115,0,0
42,44720,0.0,0.0,0.5979609172884723,0,0
43,45760,0.0,0.0,0.5865878139703462,0,0
44,46800,0.0,0.0,0.6815048230550689,0,0
45,47840,0.0,0.0,0.6516281388949186,0,0
46,48880,0.0,0.0,0.5181042848374773,0,0
47,49920,0.0,0.0,0.7000530449509621,0,0
48,50960,0.0,0.0,0.5896081350996542,0,0
49,52000,0.0,0.0,0.6061989777418788,0,0
