t,bytes_sent,utility,pheromone,f1_val,agg_count,rollback
0,1040,0.0,0.0,0.2950668510834486,0,0
1,2080,0.0,0.0,0.30145398717601374,0,0
2,3120,0.0,0.0,0.297351598173516,0,0
3,4160,0.0,0.0,0.2971074003102473,0,0
4,5200,0.0,0.0,0.28750848608282414,0,0
5,6240,0.0,0.0,0.28645441631152335,0,0
6,7280,0.0,0.0,0.290383509895705,0,0
7,8320,0.0,0.0,0.29468136080498325,0,0
8,9360,0.0,0.0,0.2961911521173409,0,0
9,10400,0.0,0.0,0.2959082972747286,0,0
10,11440,0.0,0.0,0.29290006677053193,0,0
11,12480,0.0,0.0,0.2878689000072511,0,0
12,13520,0.0,0.0,0.2849381657016227,0,0
13,14560,0.0,0.0,0.28315946348733234,0,0
14,15600,0.0,0.0,0.2823396279793479,0,0
15,16640,0.0,0.0,0.2830991911451682,0,0
16,17680,0.0,0.0,0.2836213640566105,0,0
17,18720,0.0,0.0,0.28408523982609934,0,0
18,19760,0.0,0.0,0.2838424837997579,0,0
19,20800,0.0,0.0,0.28285835814547,0,0
20,21840,0.0,0.0,0.28107195610888375,0,0
21,22880,0.0,0.0,0.28071654373024235,0,0
22,23920,0.0,0.0,0.2806573957016435,0,0
23,24960,0.0,0.0,0.2804433221099888,0,0
24,26000,0.0,0.0,0.2804433221099888,0,0
25,27040,0.0,0.0,0.28008967353229647,0,0
26,28080,0.0,0.0,0.2799944001119978,0,0
27,29120,0.0,0.0,0.28001679261125106,0,0
28,30160,0.0,0.0,0.27995802728226654,0,0
29,31200,0.0,0.0,0.2798992866135124,0,0
30,32240,0.0,0.0,0.2797818791946309,0,0
31,33280,0.0,0.0,0.2797232124135039,0,0
32,34320,0.0,0.0,0.2797232124135039,0,0
33,35360,0.0,0.0,0.2796059526304758,0,0
34,36400,0.0,0.0,0.2796059526304758,0,0
35,37440,0.0,0.0,0.2796870634255379,0,0
36,38480,0.0,0.0,0.2796870634255379,0,0
37,39520,0.0,0.0,0.2796284656749773,0,0
38,40560,0.0,0.0,0.2795698924731183,0,0
39,41600,0.0,0.0,0.2795698924731183,0,0
40,42640,0.0,0.0,0.2794528196538247,0,0
41,43680,0.0,0.0,0.2796284656749773,0,0
42,44720,0.0,0.0,0.279664570230608,0,0
43,45760,0.0,0.0,0.28020745724698626,0,0
44,46800,0.0,0.0,0.2803253400645071,0,0
45,47840,0.0,0.0,0.2797818791946309,0,0
46,48880,0.0,0.0,0.2794528196538247,0,0
47,49920,0.0,0.0,0.27903091060985796,0,0
48,50960,0.0,0.0,0.27853024935750503,0,0
49,52000,0.0,0.0,0.27806670827265795,0,0
