t,bytes_sent,utility,pheromone,f1_val,agg_count,rollback
0,1040,0.0,0.0,0.1403857625770531,0,0
1,2080,0.0,0.0,0.1403857625770531,0,0
2,3120,0.0,0.0,0.1403857625770531,0,0
3,4160,0.0,0.0,0.1403857625770531,0,0
4,5200,0.0,0.0,0.1403857625770531,0,0
5,6240,0.0,0.0,0.1403857625770531,0,0
6,7280,0.0,0.0,0.1403857625770531,0,0
7,8320,0.0,0.0,0.1403857625770531,0,0
8,9360,0.0,0.0,0.1403857625770531,0,0
9,10400,0.0,0.0,0.1403857625770531,0,0
10,11440,0.0,0.0,0.415486691627877,0,0
11,12480,0.0,0.0,0.4160404975377924,0,0
12,13520,0.0,0.0,0.41592377599636055,0,0
13,14560,0.0,0.0,0.41580726865236384,0,0
14,15600,0.0,0.0,0.41580726865236384,0,0
15,16640,0.0,0.0,0.41580726865236384,0,0
16,17680,0.0,0.0,0.5848722844872705,0,0
17,18720,0.0,0.0,0.5531536836588414,0,0
18,19760,0.0,0.0,0.5911999041867246,0,0
19,20800,0.0,0.0,0.5909019941768303,0,0
20,21840,0.0,0.0,0.5085658837458762,0,0
21,22880,0.0,0.0,0.6483381988714879,0,0
22,23920,0.0,0.0,0.4482734288993512,0,0
23,24960,0.0,0.0,0.6081535305480109,0,0
24,26000,0.0,0.0,0.39280256620303905,0,0
25,27040,0.0,0.0,0.5538202975501738,0,0
26,28080,0.0,0.0,0.4403500341666211,0,0
27,29120,0.0,0.0,0.6307861751825455,0,0
28,30160,0.0,0.0,0.5856697309603673,0,0
29,31200,0.0,0.0,0.5404367916456329,0,0
30,32240,0.0,0.0,0.5714050469690849,0,0
31,33280,0.0,0.0,0.5323376007586534,0,0
32,34320,0.0,0.0,0.5429713671497324,0,0
33,35360,0.0,0.0,0.5824015956508934,0,0
34,36400,0.0,0.0,0.49810540247387947,0,0
35,37440,0.0,0.0,0.5999588621884944,0,0
36,38480,0.0,0.0,0.5477908763499282,0,0
37,39520,0.0,0.0,0.5076071073100015,0,0
38,40560,0.0,0.0,0.5955288351677955,0,0
39,41600,0.0,0.0,0.49115885830500416,0,0
40,42640,0.0,0.0,0.5598143764764736,0,0
41,43680,0.0,0.0,0.5669660411039696,0,0
42,44720,0.0,0.0,0.5015630139954881,0,0
43,45760,0.0,0.0,0.5627263994215231,0,0
44,46800,0.0,0.0,0.5470966638136344,0,0
45,47840,0.0,0.0,0.532026362416726,0,0
46,48880,0.0,0.0,0.5595344833843099,0,0
47,49920,0.0,0.0,0.5326785042690197,0,0
48,50960,0.0,0.0,0.5291065216797177,0,0
49,52000,0.0,0.0,0.5823187852632647,0,0
