t,bytes_sent,utility,pheromone,f1_val,agg_count,rollback
0,1040,0.0,0.0,0.3137854511868681,0,0
1,2080,0.0,0.0,0.14094896331738438,0,0
2,3120,0.0,0.0,0.14094896331738438,0,0
3,4160,0.0,0.0,0.14094896331738438,0,0
4,5200,0.0,0.0,0.14094896331738438,0,0
5,6240,0.0,0.0,0.14094896331738438,0,0
6,7280,0.0,0.0,0.14094896331738438,0,0
7,8320,0.0,0.0,0.14094896331738438,0,0
8,9360,0.0,0.0,0.14094896331738438,0,0
9,10400,0.0,0.0,0.14094896331738438,0,0
10,11440,0.0,0.0,0.38979692945191535,0,0
11,12480,0.0,0.0,0.3701971950638451,0,0
12,13520,0.0,0.0,0.36487649810610834,0,0
13,14560,0.0,0.0,0.3734379305593828,0,0
14,15600,0.0,0.0,0.3792882057537574,0,0
15,16640,0.0,0.0,0.3830481719019312,0,0
16,17680,0.0,0.0,0.3887563738229047,0,0
17,18720,0.0,0.0,0.388845345429741,0,0
18,19760,0.0,0.0,0.388845345429741,0,0
19,20800,0.0,0.0,0.3802747395548496,0,0
20,21840,0.0,0.0,0.3437647924372805,0,0
21,22880,0.0,0.0,0.3385384042185006,0,0
22,23920,0.0,0.0,0.33387508427236834,0,0
23,24960,0.0,0.0,0.3521865396846887,0,0
24,26000,0.0,0.0,0.3969260199365843,0,0
25,27040,0.0,0.0,0.3931116873173195,0,0
26,28080,0.0,0.0,0.3943720278866424,0,0
27,29120,0.0,0.0,0.4927267961602129,0,0
28,30160,0.0,0.0,0.40100303419063105,0,0
29,31200,0.0,0.0,0.36950484001630013,0,0
30,32240,0.0,0.0,0.5517769764469878,0,0
31,33280,0.0,0.0,0.36611825602765924,0,0
32,34320,0.0,0.0,0.3746565220361963,0,0
33,35360,0.0,0.0,0.5180656212072893,0,0
34,36400,0.0,0.0,0.3731074426114871,0,0
35,37440,0.0,0.0,0.49422087879558807,0,0
36,38480,0.0,0.0,0.3679875744932025,0,0
37,39520,0.0,0.0,0.4657954601682053,0,0
38,40560,0.0,0.0,0.3990069880346102,0,0
39,41600,0.0,0.0,0.3888293818863565,0,0
40,42640,0.0,0.0,0.5694824524999417,0,0
41,43680,0.0,0.0,0.4297402747100707,0,0
42,44720,0.0,0.0,0.38956799158646194,0,0
43,45760,0.0,0.0,0.628177020360039,0,0
44,46800,0.0,0.0,0.3841222471428497,0,0
45,47840,0.0,0.0,0.40637895617589465,0,0
46,48880,0.0,0.0,0.5692399709083704,0,0
47,49920,0.0,0.0,0.39014233959635325,0,0
48,50960,0.0,0.0,0.46246293932838645,0,0
49,52000,0.0,0.0,0.3781855769766336,0,0
