t,bytes_sent,utility,pheromone,f1_val,agg_count,rollback
0,1040,0.0,0.0,0.4160938496492347,0,0
1,2080,0.0,0.0,0.1417771333885667,0,0
2,3120,0.0,0.0,0.1417771333885667,0,0
3,4160,0.0,0.0,0.1417771333885667,0,0
4,5200,0.0,0.0,0.1417771333885667,0,0
5,6240,0.0,0.0,0.1417771333885667,0,0
6,7280,0.0,0.0,0.1417771333885667,0,0
7,8320,0.0,0.0,0.1417771333885667,0,0
8,9360,0.0,0.0,0.1417771333885667,0,0
9,10400,0.0,0.0,0.1417771333885667,0,0
10,11440,0.0,0.0,0.1417771333885667,0,0
11,12480,0.0,0.0,0.4152458989119223,0,0
12,13520,0.0,0.0,0.417359413202934,0,0
13,14560,0.0,0.0,0.5931988640200243,0,0
14,15600,0.0,0.0,0.6360689752615151,0,0
15,16640,0.0,0.0,0.6102924431080412,0,0
16,17680,0.0,0.0,0.6754067611218367,0,0
17,18720,0.0,0.0,0.6996621359687365,0,0
18,19760,0.0,0.0,0.7039490541069133,0,0
19,20800,0.0,0.0,0.697265888599,0,0
20,21840,0.0,0.0,0.7044463204815031,0,0
21,22880,0.0,0.0,0.7055160614851723,0,0
22,23920,0.0,0.0,0.6994154962431653,0,0
23,24960,0.0,0.0,0.698341462321408,0,0
24,26000,0.0,0.0,0.7011943230750259,0,0
25,27040,0.0,0.0,0.6969878356068485,0,0
26,28080,0.0,0.0,0.6966234034519383,0,0
27,29120,0.0,0.0,0.7049257054467576,0,0
28,30160,0.0,0.0,0.6976342815272913,0,0
29,31200,0.0,0.0,0.7092820922641533,0,0
30,32240,0.0,0.0,0.6876482702189208,0,0
31,33280,0.0,0.0,0.7123709685043901,0,0
32,34320,0.0,0.0,0.6905640885724988,0,0
33,35360,0.0,0.0,0.6354967703262803,0,0
34,36400,0.0,0.0,0.6116031771355507,0,0
35,37440,0.0,0.0,0.6726135577206469,0,0
36,38480,0.0,0.0,0.646858666420366,0,0
37,39520,0.0,0.0,0.610157141022602,0,0
38,40560,0.0,0.0,0.6363405368835273,0,0
39,41600,0.0,0.0,0.6078808326677743,0,0
40,42640,0.0,0.0,0.6251309895138977,0,0
41,43680,0.0,0.0,0.5686921708767368,0,0
42,44720,0.0,0.0,0.609253760339226,0,0
43,45760,0.0,0.0,0.6070201339307432,0,0
44,46800,0.0,0.0,0.6140171514255357,0,0
45,47840,0.0,0.0,0.6813672088232352,0,0
46,48880,0.0,0.0,0.6033678342075192,0,0
47,49920,0.0,0.0,0.6674650313313977,0,0
48,50960,0.0,0.0,0.5857446420050256,0,0
49,52000,0.0,0.0,0.6874142212384758,0,0
