t,bytes_sent,utility,pheromone,f1_val,agg_count,rollback
0,1040,0.0,0.0,0.3013672616786935,0,0
1,2080,0.0,0.0,0.0,0,0
2,3120,0.0,0.0,0.0,0,0
3,4160,0.0,0.0,0.0,0,0
4,5200,0.0,0.0,0.0,0,0
5,6240,0.0,0.0,0.0,0,0
6,7280,0.0,0.0,0.0,0,0
7,8320,0.0,0.0,0.0,0,0
8,9360,0.0,0.0,0.0,0,0
9,10400,0.0,0.0,0.0,0,0
10,11440,0.0,0.0,0.0,0,0
11,12480,0.0,0.0,0.0,0,0
12,13520,0.0,0.0,0.0,0,0
13,14560,0.0,0.0,0.0,0,0
14,15600,0.0,0.0,0.02837528604118993,0,0
15,16640,0.0,0.0,0.21965811965811965,0,0
16,17680,0.0,0.0,0.08688783570300158,0,0
17,18720,0.0,0.0,0.0004775549188156638,0,0
18,19760,0.0,0.0,0.0,0,0
19,20800,0.0,0.0,0.0,0,0
20,21840,0.0,0.0,0.0,0,0
21,22880,0.0,0.0,0.0,0,0
22,23920,0.0,0.0,0.19217186580341378,0,0
23,24960,0.0,0.0,0.22560335781741866,0,0
24,26000,0.0,0.0,0.24964097654380085,0,0
25,27040,0.0,0.0,0.33277471869762987,0,0
26,28080,0.0,0.0,0.24964097654380085,0,0
27,29120,0.0,0.0,0.24964097654380085,0,0
28,30160,0.0,0.0,0.24958123953098826,0,0
29,31200,0.0,0.0,0.24964114832535886,0,0
30,32240,0.0,0.0,0.24952153110047848,0,0
31,33280,0.0,0.0,0.33277551996175,0,0
32,34320,0.0,0.0,0.24958163997131247,0,0
33,35360,0.0,0.0,0.24958163997131247,0,0
34,36400,0.0,0.0,0.3327757865392274,0,0
35,37440,0.0,0.0,0.3328555502468546,0,0
36,38480,0.0,0.0,0.3328555502468546,0,0
37,39520,0.0,0.0,0.3328555502468546,0,0
38,40560,0.0,0.0,0.3328555502468546,0,0
39,41600,0.0,0.0,0.28369920819306815,0,0
40,42640,0.0,0.0,0.2889884926725947,0,0
41,43680,0.0,0.0,0.30566414917871426,0,0
42,44720,0.0,0.0,0.2723654644475759,0,0
43,45760,0.0,0.0,0.23165595211704723,0,0
44,46800,0.0,0.0,0.22267206477732793,0,0
45,47840,0.0,0.0,0.2076150003222942,0,0
46,48880,0.0,0.0,0.18136063866712948,0,0
47,49920,0.0,0.0,0.18132916883567587,0,0
48,50960,0.0,0.0,0.18132916883567587,0,0
49,52000,0.0,0.0,0.18136063866712948,0,0
