t,bytes_sent,utility,pheromone,f1_val,agg_count,rollback
0,1040,0.0,0.0,0.0,0,0
1,2080,0.0,0.0,0.0,0,0
2,3120,0.0,0.0,0.0,0,0
3,4160,0.0,0.0,0.0,0,0
4,5200,0.0,0.0,0.0,0,0
5,6240,0.0,0.0,0.0,0,0
6,7280,0.0,0.0,0.0,0,0
7,8320,0.0,0.0,0.0,0,0
8,9360,0.0,0.0,0.0,0,0
9,10400,0.0,0.0,0.0,0,0
10,11440,0.0,0.0,0.0,0,0
11,12480,0.0,0.0,0.0,0,0
12,13520,0.0,0.0,0.0,0,0
13,14560,0.0,0.0,0.0,0,0
14,15600,0.0,0.0,0.0,0,0
15,16640,0.0,0.0,0.0,0,0
16,17680,0.0,0.0,0.0,0,0
17,18720,0.0,0.0,0.0,0,0
18,19760,0.0,0.0,0.0,0,0
19,20800,0.0,0.0,0.0,0,0
20,21840,0.0,0.0,0.0,0,0
21,22880,0.0,0.0,0.0,0,0
22,23920,0.0,0.0,0.0,0,0
23,24960,0.0,0.0,0.0,0,0
24,26000,0.0,0.0,0.0,0,0
25,27040,0.0,0.0,0.0,0,0
26,28080,0.0,0.0,0.010652765185856755,0,0
27,29120,0.0,0.0,0.0001858045336306206,0,0
28,30160,0.0,0.0,0.07483702737940026,0,0
29,31200,0.0,0.0,0.00037140204271123495,0,0
30,32240,0.0,0.0,0.08402003554693811,0,0
31,33280,0.0,0.0,0.09097438352884846,0,0
32,34320,0.0,0.0,0.09056061332055582,0,0
33,35360,0.0,0.0,0.09042255771227735,0,0
34,36400,0.0,0.0,0.1294310396187072,0,0
35,37440,0.0,0.0,0.13665417676878996,0,0
36,38480,0.0,0.0,0.005702722590139809,0,0
37,39520,0.0,0.0,0.143799376676089,0,0
38,40560,0.0,0.0,0.13688771388705295,0,0
39,41600,0.0,0.0,0.017172812725958064,0,0
40,42640,0.0,0.0,0.14345807948941108,0,0
41,43680,0.0,0.0,0.1371210452910519,0,0
42,44720,0.0,0.0,0.013100436681222708,0,0
43,45760,0.0,0.0,0.10351288056206089,0,0
44,46800,0.0,0.0,0.1353660332891442,0,0
45,47840,0.0,0.0,0.016820401519262073,0,0
46,48880,0.0,0.0,0.14606336147795337,0,0
47,49920,0.0,0.0,0.17969488321857705,0,0
48,50960,0.0,0.0,0.13205869275233437,0,0
49,52000,0.0,0.0,0.028081400515418114,0,0
