t,bytes_sent,utility,pheromone,f1_val,agg_count,rollback
0,1040,0.0,0.0,0.6124987331585606,0,0
1,2080,0.0,0.0,0.5809124174457483,0,0
2,3120,0.0,0.0,0.6404896034846502,0,0
3,4160,0.0,0.0,0.6171060394349319,0,0
4,5200,0.0,0.0,0.6262571721502277,0,0
5,6240,0.0,0.0,0.7037225259879809,0,0
6,7280,0.0,0.0,0.6715603995281274,0,0
7,8320,0.0,0.0,0.6396172290601103,0,0
8,9360,0.0,0.0,0.6711180563642776,0,0
9,10400,0.0,0.0,0.7514000647006481,0,0
10,11440,0.0,0.0,0.7005399532622226,0,0
11,12480,0.0,0.0,0.7480626627267659,0,0
12,13520,0.0,0.0,0.7459649057364677,0,0
13,14560,0.0,0.0,0.6776409993732606,0,0
14,15600,0.0,0.0,0.7306150683268489,0,0
15,16640,0.0,0.0,0.7308716848247789,0,0
16,17680,0.0,0.0,0.6810927232086055,0,0
17,18720,0.0,0.0,0.6755838138326209,0,0
18,19760,0.0,0.0,0.6296604600602287,0,0
19,20800,0.0,0.0,0.6362186938507831,0,0
20,21840,0.0,0.0,0.7120867935333854,0,0
21,22880,0.0,0.0,0.7379874231194772,0,0
22,23920,0.0,0.0,0.7122805244709233,0,0
23,24960,0.0,0.0,0.7455562013166182,0,0
24,26000,0.0,0.0,0.6541282624288777,0,0
25,27040,0.0,0.0,0.7360000035682508,0,0
26,28080,0.0,0.0,0.6800906972622669,0,0
27,29120,0.0,0.0,0.6726763249942834,0,0
28,30160,0.0,0.0,0.6484459171044604,0,0
29,31200,0.0,0.0,0.717548212964441,0,0
30,32240,0.0,0.0,0.5191033657063572,0,0
31,33280,0.0,0.0,0.6643073694996168,0,0
32,34320,0.0,0.0,0.7400076285084778,0,0
33,35360,0.0,0.0,0.74352397554754,0,0
34,36400,0.0,0.0,0.6476089702405636,0,0
35,37440,0.0,0.0,0.7460073567788607,0,0
36,38480,0.0,0.0,0.7209112002783089,0,0
37,39520,0.0,0.0,0.699482056918475,0,0
38,40560,0.0,0.0,0.696941535946361,0,0
39,41600,0.0,0.0,0.6973985567331794,0,0
40,42640,0.0,0.0,0.6548640496188733,0,0
41,43680,0.0,0.0,0.7168892853351484,0,0
42,44720,0.0,0.0,0.6063588427629427,0,0
43,45760,0.0,0.0,0.7400418500489956,0,0
44,46800,0.0,0.0,0.6533219595650093,0,0
45,47840,0.0,0.0,0.7116078271357776,0,0
46,48880,0.0,0.0,0.7473047004440505,0,0
47,49920,0.0,0.0,0.7320758144283328,0,0
48,50960,0.0,0.0,0.6715656911354666,0,0
49,52000,0.0,0.0,0.7065814272161128,0,0
