t,bytes_sent,utility,pheromone,f1_val,agg_count,rollback
0,1040,0.0,0.0,0.14035785288270378,0,0
1,2080,0.0,0.0,0.14035785288270378,0,0
2,3120,0.0,0.0,0.14035785288270378,0,0
3,4160,0.0,0.0,0.14035785288270378,0,0
4,5200,0.0,0.0,0.14035785288270378,0,0
5,6240,0.0,0.0,0.14035785288270378,0,0
6,7280,0.0,0.0,0.14035785288270378,0,0
7,8320,0.0,0.0,0.14035785288270378,0,0
8,9360,0.0,0.0,0.14035785288270378,0,0
9,10400,0.0,0.0,0.14035785288270378,0,0
10,11440,0.0,0.0,0.14035785288270378,0,0
11,12480,0.0,0.0,0.1539132330499237,0,0
12,13520,0.0,0.0,0.39659360338126215,0,0
13,14560,0.0,0.0,0.39656053564365834,0,0
14,15600,0.0,0.0,0.7005613765736816,0,0
15,16640,0.0,0.0,0.7013974595990027,0,0
16,17680,0.0,0.0,0.7015330427744904,0,0
17,18720,0.0,0.0,0.701467377271745,0,0
18,19760,0.0,0.0,0.8653463411668182,0,0
19,20800,0.0,0.0,0.9302904606526597,0,0
20,21840,0.0,0.0,0.941690941930962,0,0
21,22880,0.0,0.0,0.9651370193285606,0,0
22,23920,0.0,0.0,0.9668968175949952,0,0
23,24960,0.0,0.0,0.935459575948612,0,0
24,26000,0.0,0.0,0.9767701245371754,0,0
25,27040,0.0,0.0,0.9666545399171907,0,0
26,28080,0.0,0.0,0.9310100773433405,0,0
27,29120,0.0,0.0,0.9970371061988317,0,0
28,30160,0.0,0.0,0.9468438039202283,0,0
29,31200,0.0,0.0,0.9972513951122087,0,0
30,32240,0.0,0.0,0.9967943852547877,0,0
31,33280,0.0,0.0,0.9507588903564381,0,0
32,34320,0.0,0.0,0.9974966549531046,0,0
33,35360,0.0,0.0,0.996249506438875,0,0
34,36400,0.0,0.0,0.996748294078148,0,0
35,37440,0.0,0.0,0.9972539966829336,0,0
36,38480,0.0,0.0,0.9977167852361856,0,0
37,39520,0.0,0.0,0.9972539966829336,0,0
38,40560,0.0,0.0,0.9758721504124125,0,0
39,41600,0.0,0.0,0.9969682102907778,0,0
40,42640,0.0,0.0,0.9968370472946124,0,0
41,43680,0.0,0.0,0.9972323560729714,0,0
42,44720,0.0,0.0,0.9883765010290537,0,0
43,45760,0.0,0.0,0.9968432356318464,0,0
44,46800,0.0,0.0,0.9972539966829336,0,0
45,47840,0.0,0.0,0.9968432356318464,0,0
46,48880,0.0,0.0,0.9970633655553506,0,0
47,49920,0.0,0.0,0.996748294078148,0,0
48,50960,0.0,0.0,0.9968370472946124,0,0
49,52000,0.0,0.0,0.9970633655553506,0,0
