t,bytes_sent,utility,pheromone,f1_val,agg_count,rollback
0,1040,0.0,0.0,0.216539129349574,0,0
1,2080,0.0,0.0,0.14022662889518414,0,0
2,3120,0.0,0.0,0.14022662889518414,0,0
3,4160,0.0,0.0,0.14022662889518414,0,0
4,5200,0.0,0.0,0.14022662889518414,0,0
5,6240,0.0,0.0,0.14022662889518414,0,0
6,7280,0.0,0.0,0.14022662889518414,0,0
7,8320,0.0,0.0,0.14022662889518414,0,0
8,9360,0.0,0.0,0.14022662889518414,0,0
9,10400,0.0,0.0,0.14022662889518414,0,0
10,11440,0.0,0.0,0.6853599335193942,0,0
11,12480,0.0,0.0,0.6521833961741785,0,0
12,13520,0.0,0.0,0.6487236462682977,0,0
13,14560,0.0,0.0,0.6518628118709009,0,0
14,15600,0.0,0.0,0.6525692464823518,0,0
15,16640,0.0,0.0,0.6663166650453798,0,0
16,17680,0.0,0.0,0.6692462726950346,0,0
17,18720,0.0,0.0,0.6679204178002118,0,0
18,19760,0.0,0.0,0.6679204178002118,0,0
19,20800,0.0,0.0,0.668480797622689,0,0
20,21840,0.0,0.0,0.6675170057757842,0,0
21,22880,0.0,0.0,0.6676185486900718,0,0
22,23920,0.0,0.0,0.9588226570307979,0,0
23,24960,0.0,0.0,0.9547684237066558,0,0
24,26000,0.0,0.0,0.9552858465254475,0,0
25,27040,0.0,0.0,0.9519552210506369,0,0
26,28080,0.0,0.0,0.9523659054350018,0,0
27,29120,0.0,0.0,0.9520618348881942,0,0
28,30160,0.0,0.0,0.9509370985536553,0,0
29,31200,0.0,0.0,0.9483020851046792,0,0
30,32240,0.0,0.0,0.9559778989976653,0,0
31,33280,0.0,0.0,0.9541099604150377,0,0
32,34320,0.0,0.0,0.9463901845262557,0,0
33,35360,0.0,0.0,0.9405935250693848,0,0
34,36400,0.0,0.0,0.9402763426214723,0,0
35,37440,0.0,0.0,0.9417648810547188,0,0
36,38480,0.0,0.0,0.9411084217558167,0,0
37,39520,0.0,0.0,0.9489844381850991,0,0
38,40560,0.0,0.0,0.9458189144795606,0,0
39,41600,0.0,0.0,0.9381849946738734,0,0
40,42640,0.0,0.0,0.9465297296687994,0,0
41,43680,0.0,0.0,0.9512130922344456,0,0
42,44720,0.0,0.0,0.9470442182301018,0,0
43,45760,0.0,0.0,0.9537617342630763,0,0
44,46800,0.0,0.0,0.9494111021858451,0,0
45,47840,0.0,0.0,0.9469002120615523,0,0
46,48880,0.0,0.0,0.9457056985654233,0,0
47,49920,0.0,0.0,0.941057214624995,0,0
48,50960,0.0,0.0,0.9405475842126589,0,0
49,52000,0.0,0.0,0.9476306052883501,0,0
