t,bytes_sent,utility,pheromone,f1_val,agg_count,rollback
0,4160,0.0,0.0,0.9423248968695345,0,0
1,8320,0.0,0.0,0.9388461746937911,0,0
2,12480,0.0,0.0,0.9460053669543719,0,0
3,16640,0.0,0.0,0.9399565150956548,0,0
4,20800,0.0,0.0,0.9204746736334606,0,0
5,24960,0.0,0.0,0.935844410091208,0,0
6,29120,0.0,0.0,0.6304976572579444,0,0
7,33280,0.0,0.0,0.9358495662113442,0,0
8,37440,0.0,0.0,0.7533497327676688,0,0
9,41600,0.0,0.0,0.9388837897135487,0,0
10,45760,0.0,0.0,0.9501607648264743,0,0
11,49920,0.0,0.0,0.9375347073495263,0,0
12,54080,0.0,0.0,0.9417282058418598,0,0
13,58240,0.0,0.0,0.9411340059455318,0,0
14,62400,0.0,0.0,0.916164791381198,0,0
15,66560,0.0,0.0,0.9405076837164046,0,0
16,70720,0.0,0.0,0.9456491909782833,0,0
17,74880,0.0,0.0,0.9395684082266659,0,0
18,79040,0.0,0.0,0.953301062856718,0,0
19,83200,0.0,0.0,0.9399462216278827,0,0
20,87360,0.0,0.0,0.952397205570521,0,0
21,91520,0.0,0.0,0.9535825136746936,0,0
22,95680,0.0,0.0,0.9485159926761939,0,0
23,99840,0.0,0.0,0.9450810004918343,0,0
24,104000,0.0,0.0,0.9512956275122462,0,0
25,108160,0.0,0.0,0.9536178110261194,0,0
26,112320,0.0,0.0,0.9436204724913094,0,0
27,116480,0.0,0.0,0.9451044393688925,0,0
28,120640,0.0,0.0,0.9521583479270966,0,0
29,124800,0.0,0.0,0.9527388131060142,0,0
30,128960,0.0,0.0,0.9515008011782325,0,0
31,133120,0.0,0.0,0.9493016590426224,0,0
32,137280,0.0,0.0,0.9543152292377332,0,0
33,141440,0.0,0.0,0.9479104308473145,0,0
34,145600,0.0,0.0,0.9518396820747803,0,0
35,149760,0.0,0.0,0.9523833253833204,0,0
36,153920,0.0,0.0,0.9500077511139489,0,0
37,158080,0.0,0.0,0.9512818160445452,0,0
38,162240,0.0,0.0,0.9506797578341725,0,0
39,166400,0.0,0.0,0.951166305459338,0,0
40,170560,0.0,0.0,0.9508628363248255,0,0
41,174720,0.0,0.0,0.9521296490130795,0,0
42,178880,0.0,0.0,0.9493906825316714,0,0
43,183040,0.0,0.0,0.9506226661043459,0,0
44,187200,0.0,0.0,0.9505653163408,0,0
45,191360,0.0,0.0,0.9504586174389592,0,0
46,195520,0.0,0.0,0.9510304117510838,0,0
47,199680,0.0,0.0,0.9506163597176909,0,0
48,203840,0.0,0.0,0.9512777204652245,0,0
49,208000,0.0,0.0,0.9493617378416237,0,0
