t,bytes_sent,utility,pheromone,f1_val,agg_count,rollback
0,4160,0.0,0.0,0.10429108604291086,0,0
1,8320,0.0,0.0,0.14205682272909165,0,0
2,12480,0.0,0.0,0.14205682272909165,0,0
3,16640,0.0,0.0,0.14205682272909165,0,0
4,20800,0.0,0.0,0.14205682272909165,0,0
5,24960,0.0,0.0,0.14205682272909165,0,0
6,29120,0.0,0.0,0.14205682272909165,0,0
7,33280,0.0,0.0,0.14205682272909165,0,0
8,37440,0.0,0.0,0.14205682272909165,0,0
9,41600,0.0,0.0,0.14205682272909165,0,0
10,45760,0.0,0.0,0.14205682272909165,0,0
11,49920,0.0,0.0,0.14205682272909165,0,0
12,54080,0.0,0.0,0.14205682272909165,0,0
13,58240,0.0,0.0,0.14205682272909165,0,0
14,62400,0.0,0.0,0.4168747328879592,0,0
15,66560,0.0,0.0,0.41703542715461484,0,0
16,70720,0.0,0.0,0.41683246609844005,0,0
17,74880,0.0,0.0,0.41671011811102343,0,0
18,79040,0.0,0.0,0.41671011811102343,0,0
19,83200,0.0,0.0,0.7110782703420344,0,0
20,87360,0.0,0.0,0.6634511160430262,0,0
21,91520,0.0,0.0,0.4550760868098454,0,0
22,95680,0.0,0.0,0.6723902973764528,0,0
23,99840,0.0,0.0,0.5641630335989096,0,0
24,104000,0.0,0.0,0.4988875422398671,0,0
25,108160,0.0,0.0,0.6021735759823252,0,0
26,112320,0.0,0.0,0.5510035416110013,0,0
27,116480,0.0,0.0,0.6232092495284223,0,0
28,120640,0.0,0.0,0.699923887872006,0,0
29,124800,0.0,0.0,0.4083276477756398,0,0
30,128960,0.0,0.0,0.6288928897903652,0,0
31,133120,0.0,0.0,0.6795890821635991,0,0
32,137280,0.0,0.0,0.6321696493607096,0,0
33,141440,0.0,0.0,0.6226563587874036,0,0
34,145600,0.0,0.0,0.6515309157824962,0,0
35,149760,0.0,0.0,0.581964402600124,0,0
36,153920,0.0,0.0,0.6710428563676643,0,0
37,158080,0.0,0.0,0.5298647929077026,0,0
38,162240,0.0,0.0,0.6233934307564047,0,0
39,166400,0.0,0.0,0.6727891444555697,0,0
40,170560,0.0,0.0,0.6343630928428131,0,0
41,174720,0.0,0.0,0.6011059814902724,0,0
42,178880,0.0,0.0,0.6767415671656489,0,0
43,183040,0.0,0.0,0.6000097073076832,0,0
44,187200,0.0,0.0,0.6837407010711068,0,0
45,191360,0.0,0.0,0.6610670073936326,0,0
46,195520,0.0,0.0,0.7683329563367348,0,0
47,199680,0.0,0.0,0.5685522104986549,0,0
48,203840,0.0,0.0,0.7246396175154763,0,0
49,208000,0.0,0.0,0.6659187693975801,0,0
