t,bytes_sent,utility,pheromone,f1_val,agg_count,rollback
0,1040,0.0,0.0,0.6142686296130786,0,0
1,2080,0.0,0.0,0.6132735508261324,0,0
2,3120,0.0,0.0,0.717164159290299,0,0
3,4160,0.0,0.0,0.59377429569897,0,0
4,5200,0.0,0.0,0.6976071956069803,0,0
5,6240,0.0,0.0,0.7351590141108686,0,0
6,7280,0.0,0.0,0.6967413320461502,0,0
7,8320,0.0,0.0,0.7442098352473262,0,0
8,9360,0.0,0.0,0.7187546892917868,0,0
9,10400,0.0,0.0,0.6229304848655384,0,0
10,11440,0.0,0.0,0.5255402332697284,0,0
11,12480,0.0,0.0,0.7181490347436303,0,0
12,13520,0.0,0.0,0.7504284566296595,0,0
13,14560,0.0,0.0,0.7487009434315456,0,0
14,15600,0.0,0.0,0.7574585900259965,0,0
15,16640,0.0,0.0,0.6016784856774724,0,0
16,17680,0.0,0.0,0.7143099706305057,0,0
17,18720,0.0,0.0,0.766634526045058,0,0
18,19760,0.0,0.0,0.7639523205414795,0,0
19,20800,0.0,0.0,0.7250619690443405,0,0
20,21840,0.0,0.0,0.7383417776477716,0,0
21,22880,0.0,0.0,0.7783129532512478,0,0
22,23920,0.0,0.0,0.7048134981126143,0,0
23,24960,0.0,0.0,0.7609349866622862,0,0
24,26000,0.0,0.0,0.7134026642161223,0,0
25,27040,0.0,0.0,0.7578263859789641,0,0
26,28080,0.0,0.0,0.7359494531074556,0,0
27,29120,0.0,0.0,0.7663364308944853,0,0
28,30160,0.0,0.0,0.7630269284844939,0,0
29,31200,0.0,0.0,0.7529755726709394,0,0
30,32240,0.0,0.0,0.6997721790732699,0,0
31,33280,0.0,0.0,0.721885965080814,0,0
32,34320,0.0,0.0,0.7101249814072016,0,0
33,35360,0.0,0.0,0.6837335418172027,0,0
34,36400,0.0,0.0,0.7373888877432371,0,0
35,37440,0.0,0.0,0.7695052188174232,0,0
36,38480,0.0,0.0,0.756759740634307,0,0
37,39520,0.0,0.0,0.7152264178637878,0,0
38,40560,0.0,0.0,0.7300634947113563,0,0
39,41600,0.0,0.0,0.690926721073883,0,0
40,42640,0.0,0.0,0.7220241373738412,0,0
41,43680,0.0,0.0,0.7546733673897559,0,0
42,44720,0.0,0.0,0.7479579340131917,0,0
43,45760,0.0,0.0,0.7059850730213654,0,0
44,46800,0.0,0.0,0.7433144261280857,0,0
45,47840,0.0,0.0,0.6881426398007344,0,0
46,48880,0.0,0.0,0.8031701115681077,0,0
47,49920,0.0,0.0,0.7479506465984375,0,0
48,50960,0.0,0.0,0.6920736003153469,0,0
49,52000,0.0,0.0,0.7058879090561627,0,0
