t,bytes_sent,utility,pheromone,f1_val,agg_count,rollback
0,1040,0.0,0.0,0.9971625532153504,0,0
1,2080,0.0,0.0,0.9967577367102773,0,0
2,3120,0.0,0.0,0.9923743659301345,0,0
3,4160,0.0,0.0,0.9892778597473181,0,0
4,5200,0.0,0.0,0.9965690443088828,0,0
5,6240,0.0,0.0,0.9967358680170888,0,0
6,7280,0.0,0.0,0.9973891252095638,0,0
7,8320,0.0,0.0,0.9977998904431125,0,0
8,9360,0.0,0.0,0.9965536345053762,0,0
9,10400,0.0,0.0,0.948929468595723,0,0
10,11440,0.0,0.0,0.9959175922875732,0,0
11,12480,0.0,0.0,0.9236024372615298,0,0
12,13520,0.0,0.0,0.8975277380715766,0,0
13,14560,0.0,0.0,0.9977975102598944,0,0
14,15600,0.0,0.0,0.8869262161908906,0,0
15,16640,0.0,0.0,0.9973891252095638,0,0
16,17680,0.0,0.0,0.8901494492101327,0,0
17,18720,0.0,0.0,0.9982111419559175,0,0
18,19760,0.0,0.0,0.9929837417700971,0,0
19,20800,0.0,0.0,0.8793737555303285,0,0
20,21840,0.0,0.0,0.9213088769531675,0,0
21,22880,0.0,0.0,0.9837280591085258,0,0
22,23920,0.0,0.0,0.8961069231702272,0,0
23,24960,0.0,0.0,0.9059367356332175,0,0
24,26000,0.0,0.0,0.7722243888058208,0,0
25,27040,0.0,0.0,0.9042219564249775,0,0
26,28080,0.0,0.0,0.9026041670467387,0,0
27,29120,0.0,0.0,0.8868185776374404,0,0
28,30160,0.0,0.0,0.8879071765698917,0,0
29,31200,0.0,0.0,0.8872324274542751,0,0
30,32240,0.0,0.0,0.8871917236433591,0,0
31,33280,0.0,0.0,0.8878661956779224,0,0
32,34320,0.0,0.0,0.8871917236433591,0,0
33,35360,0.0,0.0,0.8869711983212698,0,0
34,36400,0.0,0.0,0.8847019332106372,0,0
35,37440,0.0,0.0,0.8830091068069875,0,0
36,38480,0.0,0.0,0.8817919306487646,0,0
37,39520,0.0,0.0,0.8734732140336832,0,0
38,40560,0.0,0.0,0.870658658295006,0,0
39,41600,0.0,0.0,0.8693536937682391,0,0
40,42640,0.0,0.0,0.868263872947068,0,0
41,43680,0.0,0.0,0.8676053166790674,0,0
42,44720,0.0,0.0,0.8667274672436291,0,0
43,45760,0.0,0.0,0.8656610064398254,0,0
44,46800,0.0,0.0,0.8645219835517024,0,0
45,47840,0.0,0.0,0.8638584250847063,0,0
46,48880,0.0,0.0,0.8634148085193126,0,0
47,49920,0.0,0.0,0.8629705539723966,0,0
48,50960,0.0,0.0,0.8625592026971493,0,0
49,52000,0.0,0.0,0.8625592026971493,0,0
