t,bytes_sent,utility,pheromone,f1_val,agg_count,rollback
0,1040,0.0,0.0,0.13973365136155833,0,0
1,2080,0.0,0.0,0.38997097952726484,0,0
2,3120,0.0,0.0,0.13973365136155833,0,0
3,4160,0.0,0.0,0.13973365136155833,0,0
4,5200,0.0,0.0,0.13973365136155833,0,0
5,6240,0.0,0.0,0.13973365136155833,0,0
6,7280,0.0,0.0,0.13973365136155833,0,0
7,8320,0.0,0.0,0.13973365136155833,0,0
8,9360,0.0,0.0,0.13973365136155833,0,0
9,10400,0.0,0.0,0.13973365136155833,0,0
10,11440,0.0,0.0,0.13973365136155833,0,0
11,12480,0.0,0.0,0.13973365136155833,0,0
12,13520,0.0,0.0,0.13973365136155833,0,0
13,14560,0.0,0.0,0.3691812469562532,0,0
14,15600,0.0,0.0,0.41816268809449036,0,0
15,16640,0.0,0.0,0.4789391790547631,0,0
16,17680,0.0,0.0,0.7014013288148583,0,0
17,18720,0.0,0.0,0.6962576465060533,0,0
18,19760,0.0,0.0,0.6956248048080611,0,0
19,20800,0.0,0.0,0.697882874357053,0,0
20,21840,0.0,0.0,0.694518162883516,0,0
21,22880,0.0,0.0,0.6950854207216329,0,0
22,23920,0.0,0.0,0.6988035586504245,0,0
23,24960,0.0,0.0,0.6970822404374162,0,0
24,26000,0.0,0.0,0.6993289521820093,0,0
25,27040,0.0,0.0,0.9130946287837101,0,0
26,28080,0.0,0.0,0.6945412552755276,0,0
27,29120,0.0,0.0,0.694716326878204,0,0
28,30160,0.0,0.0,0.8726305915704795,0,0
29,31200,0.0,0.0,0.6947875838859799,0,0
30,32240,0.0,0.0,0.9929454988743769,0,0
31,33280,0.0,0.0,0.6998405465325113,0,0
32,34320,0.0,0.0,0.993124006550207,0,0
33,35360,0.0,0.0,0.7706873061227195,0,0
34,36400,0.0,0.0,0.898412497399726,0,0
35,37440,0.0,0.0,0.7160583729462728,0,0
36,38480,0.0,0.0,0.7698997885067751,0,0
37,39520,0.0,0.0,0.879536390183068,0,0
38,40560,0.0,0.0,0.9897466463504764,0,0
39,41600,0.0,0.0,0.7023164150785214,0,0
40,42640,0.0,0.0,0.6984653477235443,0,0
41,43680,0.0,0.0,0.9856345054231489,0,0
42,44720,0.0,0.0,0.697239082889915,0,0
43,45760,0.0,0.0,0.7072901000337463,0,0
44,46800,0.0,0.0,0.9901178521048631,0,0
45,47840,0.0,0.0,0.6902505412988341,0,0
46,48880,0.0,0.0,0.8422562441516588,0,0
47,49920,0.0,0.0,0.7507615554116985,0,0
48,50960,0.0,0.0,0.7008129528302237,0,0
49,52000,0.0,0.0,0.9895612267236481,0,0
