t,bytes_sent,utility,pheromone,f1_val,agg_count,rollback
0,1040,0.0,0.0,0.2831827294373167,0,0
1,2080,0.0,0.0,0.14094896331738438,0,0
2,3120,0.0,0.0,0.14094896331738438,0,0
3,4160,0.0,0.0,0.14094896331738438,0,0
4,5200,0.0,0.0,0.14094896331738438,0,0
5,6240,0.0,0.0,0.14094896331738438,0,0
6,7280,0.0,0.0,0.14094896331738438,0,0
7,8320,0.0,0.0,0.14094896331738438,0,0
8,9360,0.0,0.0,0.14094896331738438,0,0
9,10400,0.0,0.0,0.14923523262622795,0,0
10,11440,0.0,0.0,0.39190299739728274,0,0
11,12480,0.0,0.0,0.39115710179023216,0,0
12,13520,0.0,0.0,0.3892026965062273,0,0
13,14560,0.0,0.0,0.356184860522299,0,0
14,15600,0.0,0.0,0.3534335625191428,0,0
15,16640,0.0,0.0,0.3530240071265871,0,0
16,17680,0.0,0.0,0.35343682346538685,0,0
17,18720,0.0,0.0,0.35417127334893367,0,0
18,19760,0.0,0.0,0.3843889332576135,0,0
19,20800,0.0,0.0,0.4256497958552091,0,0
20,21840,0.0,0.0,0.3894043447264861,0,0
21,22880,0.0,0.0,0.3784845924352744,0,0
22,23920,0.0,0.0,0.3972772857936785,0,0
23,24960,0.0,0.0,0.3968432330856574,0,0
24,26000,0.0,0.0,0.3678136199191897,0,0
25,27040,0.0,0.0,0.4061641421408475,0,0
26,28080,0.0,0.0,0.3728566886523542,0,0
27,29120,0.0,0.0,0.4034674031132376,0,0
28,30160,0.0,0.0,0.3716564257027794,0,0
29,31200,0.0,0.0,0.3800005628047038,0,0
30,32240,0.0,0.0,0.39912042114959867,0,0
31,33280,0.0,0.0,0.38036014202218127,0,0
32,34320,0.0,0.0,0.37110610985764003,0,0
33,35360,0.0,0.0,0.4807680527670541,0,0
34,36400,0.0,0.0,0.3795749758752894,0,0
35,37440,0.0,0.0,0.383220332955715,0,0
36,38480,0.0,0.0,0.6159582058486212,0,0
37,39520,0.0,0.0,0.45869768076468564,0,0
38,40560,0.0,0.0,0.3841962258975157,0,0
39,41600,0.0,0.0,0.6798549247317756,0,0
40,42640,0.0,0.0,0.6719374615109303,0,0
41,43680,0.0,0.0,0.6231294749832709,0,0
42,44720,0.0,0.0,0.645675323282932,0,0
43,45760,0.0,0.0,0.6678052484170531,0,0
44,46800,0.0,0.0,0.6425469190719868,0,0
45,47840,0.0,0.0,0.586202995306806,0,0
46,48880,0.0,0.0,0.6651778832869503,0,0
47,49920,0.0,0.0,0.6702708714470499,0,0
48,50960,0.0,0.0,0.8519058454472341,0,0
49,52000,0.0,0.0,0.6671953779934602,0,0
