t,bytes_sent,utility,pheromone,f1_val,agg_count,rollback
0,1040,0.0,0.0,0.37616633898465524,0,0
1,2080,0.0,0.0,0.6501307095434785,0,0
2,3120,0.0,0.0,0.7166560657095364,0,0
3,4160,0.0,0.0,0.7676781031924581,0,0
4,5200,0.0,0.0,0.7401269641014567,0,0
5,6240,0.0,0.0,0.7440855812212925,0,0
6,7280,0.0,0.0,0.8656899582647657,0,0
7,8320,0.0,0.0,0.8844325407153881,0,0
8,9360,0.0,0.0,0.8835661831059065,0,0
9,10400,0.0,0.0,0.8589639273703589,0,0
10,11440,0.0,0.0,0.8411355136129229,0,0
11,12480,0.0,0.0,0.8488551131078804,0,0
12,13520,0.0,0.0,0.8377664612113667,0,0
13,14560,0.0,0.0,0.6852302303014752,0,0
14,15600,0.0,0.0,0.9033643484123364,0,0
15,16640,0.0,0.0,0.8712359454573639,0,0
16,17680,0.0,0.0,0.8193544075822725,0,0
17,18720,0.0,0.0,0.8962611224674546,0,0
18,19760,0.0,0.0,0.8911041204756203,0,0
19,20800,0.0,0.0,0.8911041204756203,0,0
20,21840,0.0,0.0,0.8890444685965272,0,0
21,22880,0.0,0.0,0.8885308365738942,0,0
22,23920,0.0,0.0,0.885176444091848,0,0
23,24960,0.0,0.0,0.8817912891924263,0,0
24,26000,0.0,0.0,0.8780862439790793,0,0
25,27040,0.0,0.0,0.883802325594835,0,0
26,28080,0.0,0.0,0.8535177908711177,0,0
27,29120,0.0,0.0,0.8840274515152194,0,0
28,30160,0.0,0.0,0.8905826405974787,0,0
29,31200,0.0,0.0,0.8937314168384809,0,0
30,32240,0.0,0.0,0.8893638224901015,0,0
31,33280,0.0,0.0,0.8836211334020412,0,0
32,34320,0.0,0.0,0.8811618640414085,0,0
33,35360,0.0,0.0,0.877009066952981,0,0
34,36400,0.0,0.0,0.877009066952981,0,0
35,37440,0.0,0.0,0.8787333659001172,0,0
36,38480,0.0,0.0,0.8789513640257371,0,0
37,39520,0.0,0.0,0.8788823991864645,0,0
38,40560,0.0,0.0,0.8732371131020245,0,0
39,41600,0.0,0.0,0.8789513640257371,0,0
40,42640,0.0,0.0,0.8800318904755138,0,0
41,43680,0.0,0.0,0.8797197434761529,0,0
42,44720,0.0,0.0,0.8794228329835392,0,0
43,45760,0.0,0.0,0.830633676387754,0,0
44,46800,0.0,0.0,0.801879997416251,0,0
45,47840,0.0,0.0,0.8788151523860623,0,0
46,48880,0.0,0.0,0.8652702618528751,0,0
47,49920,0.0,0.0,0.8629231261775451,0,0
48,50960,0.0,0.0,0.8077102218729613,0,0
49,52000,0.0,0.0,0.8762844620430981,0,0
