t,bytes_sent,utility,pheromone,f1_val,agg_count,rollback
0,1040,0.0,0.0,0.9418344269809796,0,0
1,2080,0.0,0.0,0.9318895447766962,0,0
2,3120,0.0,0.0,0.9186005377073777,0,0
3,4160,0.0,0.0,0.9396153856311017,0,0
4,5200,0.0,0.0,0.94230875173053,0,0
5,6240,0.0,0.0,0.9451302336400105,0,0
6,7280,0.0,0.0,0.9410248238548791,0,0
7,8320,0.0,0.0,0.9414584789197211,0,0
8,9360,0.0,0.0,0.9425461416936038,0,0
9,10400,0.0,0.0,0.943153800017777,0,0
10,11440,0.0,0.0,0.9458524979435114,0,0
11,12480,0.0,0.0,0.9433902012366009,0,0
12,13520,0.0,0.0,0.9445892520381783,0,0
13,14560,0.0,0.0,0.9480229281047005,0,0
14,15600,0.0,0.0,0.9429296564848186,0,0
15,16640,0.0,0.0,0.9427217312205041,0,0
16,17680,0.0,0.0,0.9450752190066624,0,0
17,18720,0.0,0.0,0.9440502263987209,0,0
18,19760,0.0,0.0,0.9435646985966422,0,0
19,20800,0.0,0.0,0.8302038170105113,0,0
20,21840,0.0,0.0,0.943130913862648,0,0
21,22880,0.0,0.0,0.9423889472315163,0,0
22,23920,0.0,0.0,0.9469610502750431,0,0
23,24960,0.0,0.0,0.9530282606984405,0,0
24,26000,0.0,0.0,0.9511104207214275,0,0
25,27040,0.0,0.0,0.9444724631627388,0,0
26,28080,0.0,0.0,0.953331912561142,0,0
27,29120,0.0,0.0,0.9503844747237439,0,0
28,30160,0.0,0.0,0.9534946096947601,0,0
29,31200,0.0,0.0,0.9518820706530491,0,0
30,32240,0.0,0.0,0.9478891066817813,0,0
31,33280,0.0,0.0,0.9520842225284596,0,0
32,34320,0.0,0.0,0.950740121281683,0,0
33,35360,0.0,0.0,0.9483319711519818,0,0
34,36400,0.0,0.0,0.9539171807691995,0,0
35,37440,0.0,0.0,0.9516793158502337,0,0
36,38480,0.0,0.0,0.9441774026635323,0,0
37,39520,0.0,0.0,0.9499783355220152,0,0
38,40560,0.0,0.0,0.9539167276012059,0,0
39,41600,0.0,0.0,0.9494569593039026,0,0
40,42640,0.0,0.0,0.9498165193569952,0,0
41,43680,0.0,0.0,0.9497680310215493,0,0
42,44720,0.0,0.0,0.9505917142773233,0,0
43,45760,0.0,0.0,0.9528154145329314,0,0
44,46800,0.0,0.0,0.950772042968471,0,0
45,47840,0.0,0.0,0.9509463763383206,0,0
46,48880,0.0,0.0,0.9508490850522103,0,0
47,49920,0.0,0.0,0.9517837160278325,0,0
48,50960,0.0,0.0,0.9503942400184415,0,0
49,52000,0.0,0.0,0.9499647344210277,0,0
