t,bytes_sent,utility,pheromone,f1_val,agg_count,rollback
0,1040,0.0,0.0,0.103651869669801,0,0
1,2080,0.0,0.0,0.13973365136155833,0,0
2,3120,0.0,0.0,0.13973365136155833,0,0
3,4160,0.0,0.0,0.13973365136155833,0,0
4,5200,0.0,0.0,0.13973365136155833,0,0
5,6240,0.0,0.0,0.13973365136155833,0,0
6,7280,0.0,0.0,0.13973365136155833,0,0
7,8320,0.0,0.0,0.13973365136155833,0,0
8,9360,0.0,0.0,0.13973365136155833,0,0
9,10400,0.0,0.0,0.13973365136155833,0,0
10,11440,0.0,0.0,0.13973365136155833,0,0
11,12480,0.0,0.0,0.1797221048299409,0,0
12,13520,0.0,0.0,0.4167276561389307,0,0
13,14560,0.0,0.0,0.38381574747486924,0,0
14,15600,0.0,0.0,0.3819745966651725,0,0
15,16640,0.0,0.0,0.48863677015357904,0,0
16,17680,0.0,0.0,0.5133608697670135,0,0
17,18720,0.0,0.0,0.597681142427084,0,0
18,19760,0.0,0.0,0.6240375345981652,0,0
19,20800,0.0,0.0,0.6960001628350703,0,0
20,21840,0.0,0.0,0.6890264913434427,0,0
21,22880,0.0,0.0,0.6978593559191293,0,0
22,23920,0.0,0.0,0.6919836366274382,0,0
23,24960,0.0,0.0,0.6990848387354898,0,0
24,26000,0.0,0.0,0.6921584358491131,0,0
25,27040,0.0,0.0,0.6941902581246844,0,0
26,28080,0.0,0.0,0.6499333926133348,0,0
27,29120,0.0,0.0,0.6922661193360723,0,0
28,30160,0.0,0.0,0.6729591137602252,0,0
29,31200,0.0,0.0,0.6976171767535935,0,0
30,32240,0.0,0.0,0.6183238937767772,0,0
31,33280,0.0,0.0,0.689558301495423,0,0
32,34320,0.0,0.0,0.6415166129153581,0,0
33,35360,0.0,0.0,0.6471934685205726,0,0
34,36400,0.0,0.0,0.684993966305975,0,0
35,37440,0.0,0.0,0.6826442579273819,0,0
36,38480,0.0,0.0,0.5595490378299357,0,0
37,39520,0.0,0.0,0.6743347774601061,0,0
38,40560,0.0,0.0,0.6587239225966526,0,0
39,41600,0.0,0.0,0.7125642137931862,0,0
40,42640,0.0,0.0,0.6973519262103403,0,0
41,43680,0.0,0.0,0.6822942955357563,0,0
42,44720,0.0,0.0,0.6688194544372703,0,0
43,45760,0.0,0.0,0.6926077434203199,0,0
44,46800,0.0,0.0,0.6977682318208009,0,0
45,47840,0.0,0.0,0.8648207312243685,0,0
46,48880,0.0,0.0,0.905432944342198,0,0
47,49920,0.0,0.0,0.6995196929652534,0,0
48,50960,0.0,0.0,0.9161328377580269,0,0
49,52000,0.0,0.0,0.7519093209511767,0,0
