t,bytes_sent,utility,pheromone,f1_val,agg_count,rollback
0,1040,0.0,0.0,0.9484589907106227,0,0
1,2080,0.0,0.0,0.9563021402393703,0,0
2,3120,0.0,0.0,0.9452013462675797,0,0
3,4160,0.0,0.0,0.9375653143823502,0,0
4,5200,0.0,0.0,0.9408358896926377,0,0
5,6240,0.0,0.0,0.9410520099373904,0,0
6,7280,0.0,0.0,0.9471470912565523,0,0
7,8320,0.0,0.0,0.9174800942726535,0,0
8,9360,0.0,0.0,0.9419477009569757,0,0
9,10400,0.0,0.0,0.9500177294956169,0,0
10,11440,0.0,0.0,0.9436826207541315,0,0
11,12480,0.0,0.0,0.9426992749669445,0,0
12,13520,0.0,0.0,0.8590076425499508,0,0
13,14560,0.0,0.0,0.9419864745305309,0,0
14,15600,0.0,0.0,0.9424663673142517,0,0
15,16640,0.0,0.0,0.9543624398761112,0,0
16,17680,0.0,0.0,0.9334107614274494,0,0
17,18720,0.0,0.0,0.9436964861462773,0,0
18,19760,0.0,0.0,0.9534794867522939,0,0
19,20800,0.0,0.0,0.9530823144968811,0,0
20,21840,0.0,0.0,0.9501564489152685,0,0
21,22880,0.0,0.0,0.9540997115190719,0,0
22,23920,0.0,0.0,0.9547697834473148,0,0
23,24960,0.0,0.0,0.9298898965664355,0,0
24,26000,0.0,0.0,0.9542167030249893,0,0
25,27040,0.0,0.0,0.9526108366550621,0,0
26,28080,0.0,0.0,0.9520328848024365,0,0
27,29120,0.0,0.0,0.9525227985339138,0,0
28,30160,0.0,0.0,0.9516508124590941,0,0
29,31200,0.0,0.0,0.9431354373615651,0,0
30,32240,0.0,0.0,0.9508910207547487,0,0
31,33280,0.0,0.0,0.946052145909612,0,0
32,34320,0.0,0.0,0.9387308136916287,0,0
33,35360,0.0,0.0,0.9410199483666333,0,0
34,36400,0.0,0.0,0.9342283969278317,0,0
35,37440,0.0,0.0,0.9375754782590638,0,0
36,38480,0.0,0.0,0.9399375445537592,0,0
37,39520,0.0,0.0,0.9413400108856123,0,0
38,40560,0.0,0.0,0.9147256977833063,0,0
39,41600,0.0,0.0,0.9555241624371485,0,0
40,42640,0.0,0.0,0.9551030429921741,0,0
41,43680,0.0,0.0,0.9590483114326194,0,0
42,44720,0.0,0.0,0.9570047327921998,0,0
43,45760,0.0,0.0,0.9592941192532172,0,0
44,46800,0.0,0.0,0.9583753993734051,0,0
45,47840,0.0,0.0,0.9585191708594387,0,0
46,48880,0.0,0.0,0.9588411576048164,0,0
47,49920,0.0,0.0,0.958808906954218,0,0
48,50960,0.0,0.0,0.9476128783674392,0,0
49,52000,0.0,0.0,0.9489183621229731,0,0
