t,bytes_sent,utility,pheromone,f1_val,agg_count,rollback
0,1040,0.0,0.0,0.06559332140727489,0,0
1,2080,0.0,0.0,0.13995598239295717,0,0
2,3120,0.0,0.0,0.13995598239295717,0,0
3,4160,0.0,0.0,0.13995598239295717,0,0
4,5200,0.0,0.0,0.13995598239295717,0,0
5,6240,0.0,0.0,0.13995598239295717,0,0
6,7280,0.0,0.0,0.13995598239295717,0,0
7,8320,0.0,0.0,0.13995598239295717,0,0
8,9360,0.0,0.0,0.13995598239295717,0,0
9,10400,0.0,0.0,0.13995598239295717,0,0
10,11440,0.0,0.0,0.6294708750507987,0,0
11,12480,0.0,0.0,0.7145254456069222,0,0
12,13520,0.0,0.0,0.3728657005221765,0,0
13,14560,0.0,0.0,0.37307134877987713,0,0
14,15600,0.0,0.0,0.3727318090052443,0,0
15,16640,0.0,0.0,0.40674693719942434,0,0
16,17680,0.0,0.0,0.3727983816295533,0,0
17,18720,0.0,0.0,0.7011901646574596,0,0
18,19760,0.0,0.0,0.7011436638604759,0,0
19,20800,0.0,0.0,0.7016259951103819,0,0
20,21840,0.0,0.0,0.7011506828958344,0,0
21,22880,0.0,0.0,0.7009479489522377,0,0
22,23920,0.0,0.0,0.7139521677339791,0,0
23,24960,0.0,0.0,0.7009086045093338,0,0
24,26000,0.0,0.0,0.7011436638604759,0,0
25,27040,0.0,0.0,0.7099142859790177,0,0
26,28080,0.0,0.0,0.7009086045093338,0,0
27,29120,0.0,0.0,0.7009086045093338,0,0
28,30160,0.0,0.0,0.9775228707649126,0,0
29,31200,0.0,0.0,0.9966398743144329,0,0
30,32240,0.0,0.0,0.9967904835007894,0,0
31,33280,0.0,0.0,0.9966398743144329,0,0
32,34320,0.0,0.0,0.9966398743144329,0,0
33,35360,0.0,0.0,0.9966398743144329,0,0
34,36400,0.0,0.0,0.9966398743144329,0,0
35,37440,0.0,0.0,0.9939988207001527,0,0
36,38480,0.0,0.0,0.9947267123181514,0,0
37,39520,0.0,0.0,0.7142391053978291,0,0
38,40560,0.0,0.0,0.9936253371144965,0,0
39,41600,0.0,0.0,0.9947267123181514,0,0
40,42640,0.0,0.0,0.9957512953220012,0,0
41,43680,0.0,0.0,0.9932593276801964,0,0
42,44720,0.0,0.0,0.9878503457462027,0,0
43,45760,0.0,0.0,0.994792642153961,0,0
44,46800,0.0,0.0,0.9924515537855688,0,0
45,47840,0.0,0.0,0.9925945134171912,0,0
46,48880,0.0,0.0,0.992959481021298,0,0
47,49920,0.0,0.0,0.9904161809363135,0,0
48,50960,0.0,0.0,0.9931648515513533,0,0
49,52000,0.0,0.0,0.9867128099339056,0,0
