t,bytes_sent,utility,pheromone,f1_val,agg_count,rollback
0,4160,0.0,0.0,0.3719072021209193,0,0
1,8320,0.0,0.0,0.2843714193387916,0,0
2,12480,0.0,0.0,0.1403857625770531,0,0
3,16640,0.0,0.0,0.1403857625770531,0,0
4,20800,0.0,0.0,0.1403857625770531,0,0
5,24960,0.0,0.0,0.1403857625770531,0,0
6,29120,0.0,0.0,0.1403857625770531,0,0
7,33280,0.0,0.0,0.1403857625770531,0,0
8,37440,0.0,0.0,0.1403857625770531,0,0
9,41600,0.0,0.0,0.1403857625770531,0,0
10,45760,0.0,0.0,0.41607788054795825,0,0
11,49920,0.0,0.0,0.38066502094785565,0,0
12,54080,0.0,0.0,0.37164503101496493,0,0
13,58240,0.0,0.0,0.41580726865236384,0,0
14,62400,0.0,0.0,0.38174041977992906,0,0
15,66560,0.0,0.0,0.5053430301611156,0,0
16,70720,0.0,0.0,0.41580726865236384,0,0
17,74880,0.0,0.0,0.6011349250238823,0,0
18,79040,0.0,0.0,0.7132262943575028,0,0
19,83200,0.0,0.0,0.5985575234390081,0,0
20,87360,0.0,0.0,0.7126989537364117,0,0
21,91520,0.0,0.0,0.7123027546143017,0,0
22,95680,0.0,0.0,0.6775758262910594,0,0
23,99840,0.0,0.0,0.6931876330741553,0,0
24,104000,0.0,0.0,0.7132924984109341,0,0
25,108160,0.0,0.0,0.7067125317685714,0,0
26,112320,0.0,0.0,0.7132924984109341,0,0
27,116480,0.0,0.0,0.6803406108923062,0,0
28,120640,0.0,0.0,0.7132924984109341,0,0
29,124800,0.0,0.0,0.712500904615195,0,0
30,128960,0.0,0.0,0.7080727142703245,0,0
31,133120,0.0,0.0,0.44420831249038684,0,0
32,137280,0.0,0.0,0.5710939980503812,0,0
33,141440,0.0,0.0,0.5428639866750324,0,0
34,145600,0.0,0.0,0.49746169301069926,0,0
35,149760,0.0,0.0,0.49886551007666957,0,0
36,153920,0.0,0.0,0.5000579885800872,0,0
37,158080,0.0,0.0,0.5263267973763514,0,0
38,162240,0.0,0.0,0.5022158681759497,0,0
39,166400,0.0,0.0,0.49799947300785696,0,0
40,170560,0.0,0.0,0.5095205247368962,0,0
41,174720,0.0,0.0,0.5991692424562353,0,0
42,178880,0.0,0.0,0.6040296742882348,0,0
43,183040,0.0,0.0,0.49866579856645266,0,0
44,187200,0.0,0.0,0.4233062953736336,0,0
45,191360,0.0,0.0,0.5410282488746432,0,0
46,195520,0.0,0.0,0.6838402084963981,0,0
47,199680,0.0,0.0,0.5993116692827892,0,0
48,203840,0.0,0.0,0.609899397544758,0,0
49,208000,0.0,0.0,0.605311453100396,0,0
