t,bytes_sent,utility,pheromone,f1_val,agg_count,rollback
0,4160,0.0,0.0,0.13984006561410703,0,0
1,8320,0.0,0.0,0.17294521818386238,0,0
2,12480,0.0,0.0,0.13984006561410703,0,0
3,16640,0.0,0.0,0.13984006561410703,0,0
4,20800,0.0,0.0,0.13984006561410703,0,0
5,24960,0.0,0.0,0.13984006561410703,0,0
6,29120,0.0,0.0,0.13984006561410703,0,0
7,33280,0.0,0.0,0.13984006561410703,0,0
8,37440,0.0,0.0,0.13984006561410703,0,0
9,41600,0.0,0.0,0.13984006561410703,0,0
10,45760,0.0,0.0,0.13984006561410703,0,0
11,49920,0.0,0.0,0.13984006561410703,0,0
12,54080,0.0,0.0,0.39651525753011657,0,0
13,58240,0.0,0.0,0.39626584025733846,0,0
14,62400,0.0,0.0,0.4010090932274478,0,0
15,66560,0.0,0.0,0.4009668676591264,0,0
16,70720,0.0,0.0,0.4010090932274478,0,0
17,74880,0.0,0.0,0.4562881870319486,0,0
18,79040,0.0,0.0,0.5705943905013997,0,0
19,83200,0.0,0.0,0.7005769689796157,0,0
20,87360,0.0,0.0,0.7003512381127298,0,0
21,91520,0.0,0.0,0.7006060025002057,0,0
22,95680,0.0,0.0,0.7006060025002057,0,0
23,99840,0.0,0.0,0.7006060025002057,0,0
24,104000,0.0,0.0,0.7003512381127298,0,0
25,108160,0.0,0.0,0.7006060025002057,0,0
26,112320,0.0,0.0,0.7006060025002057,0,0
27,116480,0.0,0.0,0.7003512381127298,0,0
28,120640,0.0,0.0,0.7006060025002057,0,0
29,124800,0.0,0.0,0.7006060025002057,0,0
30,128960,0.0,0.0,0.7003512381127298,0,0
31,133120,0.0,0.0,0.7006809596653347,0,0
32,137280,0.0,0.0,0.7006809596653347,0,0
33,141440,0.0,0.0,0.9966787034425938,0,0
34,145600,0.0,0.0,0.8956772616734863,0,0
35,149760,0.0,0.0,0.7041498221002689,0,0
36,153920,0.0,0.0,0.9593854978705112,0,0
37,158080,0.0,0.0,0.8368588011481133,0,0
38,162240,0.0,0.0,0.9982282310378889,0,0
39,166400,0.0,0.0,0.9796353908617617,0,0
40,170560,0.0,0.0,0.9798336754059633,0,0
41,174720,0.0,0.0,0.9310611514997948,0,0
42,178880,0.0,0.0,0.8912217868606396,0,0
43,183040,0.0,0.0,0.9979440143278746,0,0
44,187200,0.0,0.0,0.6387446897240177,0,0
45,191360,0.0,0.0,0.7598871890630963,0,0
46,195520,0.0,0.0,0.9954787135961665,0,0
47,199680,0.0,0.0,0.9391731188116254,0,0
48,203840,0.0,0.0,0.9624632639299391,0,0
49,208000,0.0,0.0,0.997942446405337,0,0
