t,bytes_sent,utility,pheromone,f1_val,agg_count,rollback
0,4160,0.0,0.0,0.9851998458175402,0,0
1,8320,0.0,0.0,0.9702058257179825,0,0
2,12480,0.0,0.0,0.9968337624308853,0,0
3,16640,0.0,0.0,0.9382275684308898,0,0
4,20800,0.0,0.0,0.9984539900362299,0,0
5,24960,0.0,0.0,0.9631270228427984,0,0
6,29120,0.0,0.0,0.9393577906816247,0,0
7,33280,0.0,0.0,0.9976226870742808,0,0
8,37440,0.0,0.0,0.9934382557137185,0,0
9,41600,0.0,0.0,0.9549594239202223,0,0
10,45760,0.0,0.0,0.9418524567338815,0,0
11,49920,0.0,0.0,0.9457993910193792,0,0
12,54080,0.0,0.0,0.9423488607791358,0,0
13,58240,0.0,0.0,0.9467775658635726,0,0
14,62400,0.0,0.0,0.9467775658635726,0,0
15,66560,0.0,0.0,0.9467775658635726,0,0
16,70720,0.0,0.0,0.9467775658635726,0,0
17,74880,0.0,0.0,0.9477523799228142,0,0
18,79040,0.0,0.0,0.9487238640217471,0,0
19,83200,0.0,0.0,0.96426672426729,0,0
20,87360,0.0,0.0,0.9369540261003981,0,0
21,91520,0.0,0.0,0.9557025206475394,0,0
22,95680,0.0,0.0,0.9451783663246653,0,0
23,99840,0.0,0.0,0.9489541197712078,0,0
24,104000,0.0,0.0,0.9399824060005961,0,0
25,108160,0.0,0.0,0.9458128877228414,0,0
26,112320,0.0,0.0,0.8496475302711977,0,0
27,116480,0.0,0.0,0.9521938650958397,0,0
28,120640,0.0,0.0,0.840510630710348,0,0
29,124800,0.0,0.0,0.8650993694745358,0,0
30,128960,0.0,0.0,0.9932174648908676,0,0
31,133120,0.0,0.0,0.9987407782270163,0,0
32,137280,0.0,0.0,0.984973103640425,0,0
33,141440,0.0,0.0,0.8760802681611681,0,0
34,145600,0.0,0.0,0.9929322924645094,0,0
35,149760,0.0,0.0,0.9957684891835813,0,0
36,153920,0.0,0.0,0.9802371039991329,0,0
37,158080,0.0,0.0,0.9709360398658077,0,0
38,162240,0.0,0.0,0.899967045426894,0,0
39,166400,0.0,0.0,0.941532264776187,0,0
40,170560,0.0,0.0,0.9632352695792932,0,0
41,174720,0.0,0.0,0.997844976903365,0,0
42,178880,0.0,0.0,0.9988902913891157,0,0
43,183040,0.0,0.0,0.9970068388555989,0,0
44,187200,0.0,0.0,0.9978220361587669,0,0
45,191360,0.0,0.0,0.9606341236342387,0,0
46,195520,0.0,0.0,0.9610988269531083,0,0
47,199680,0.0,0.0,0.9610988269531083,0,0
48,203840,0.0,0.0,0.9610988269531083,0,0
49,208000,0.0,0.0,0.9615627977831126,0,0
