t,bytes_sent,utility,pheromone,f1_val,agg_count,rollback
0,4160,0.0,0.0,0.34731149164339076,0,0
1,8320,0.0,0.0,0.10408432147562582,0,0
2,12480,0.0,0.0,0.14226190476190476,0,0
3,16640,0.0,0.0,0.14226190476190476,0,0
4,20800,0.0,0.0,0.14226190476190476,0,0
5,24960,0.0,0.0,0.14226190476190476,0,0
6,29120,0.0,0.0,0.14226190476190476,0,0
7,33280,0.0,0.0,0.14226190476190476,0,0
8,37440,0.0,0.0,0.14226190476190476,0,0
9,41600,0.0,0.0,0.14226190476190476,0,0
10,45760,0.0,0.0,0.14226190476190476,0,0
11,49920,0.0,0.0,0.4161372689328349,0,0
12,54080,0.0,0.0,0.41714700908202623,0,0
13,58240,0.0,0.0,0.4176671856330787,0,0
14,62400,0.0,0.0,0.4175465518408786,0,0
15,66560,0.0,0.0,0.4175465518408786,0,0
16,70720,0.0,0.0,0.6755212351889188,0,0
17,74880,0.0,0.0,0.41770670426636225,0,0
18,79040,0.0,0.0,0.6658738085952588,0,0
19,83200,0.0,0.0,0.43096826872738925,0,0
20,87360,0.0,0.0,0.6539161045942803,0,0
21,91520,0.0,0.0,0.7005699347162762,0,0
22,95680,0.0,0.0,0.7005691551769304,0,0
23,99840,0.0,0.0,0.7003213174339138,0,0
24,104000,0.0,0.0,0.6218908389205591,0,0
25,108160,0.0,0.0,0.7003213174339138,0,0
26,112320,0.0,0.0,0.6314870976324514,0,0
27,116480,0.0,0.0,0.7006090940057808,0,0
28,120640,0.0,0.0,0.6749264456192542,0,0
29,124800,0.0,0.0,0.7006083926626743,0,0
30,128960,0.0,0.0,0.6675764650447583,0,0
31,133120,0.0,0.0,0.6639815641883968,0,0
32,137280,0.0,0.0,0.700320598491359,0,0
33,141440,0.0,0.0,0.4365101820505449,0,0
34,145600,0.0,0.0,0.700320598491359,0,0
35,149760,0.0,0.0,0.700320598491359,0,0
36,153920,0.0,0.0,0.5748837693203435,0,0
37,158080,0.0,0.0,0.7003213174339138,0,0
38,162240,0.0,0.0,0.5830973571022262,0,0
39,166400,0.0,0.0,0.7003213174339138,0,0
40,170560,0.0,0.0,0.6532880596033608,0,0
41,174720,0.0,0.0,0.7004069097142683,0,0
42,178880,0.0,0.0,0.7004938661094564,0,0
43,183040,0.0,0.0,0.5911482062802446,0,0
44,187200,0.0,0.0,0.7004938661094564,0,0
45,191360,0.0,0.0,0.6841731857360802,0,0
46,195520,0.0,0.0,0.7005802511973405,0,0
47,199680,0.0,0.0,0.5677400239616059,0,0
48,203840,0.0,0.0,0.7017729049353254,0,0
49,208000,0.0,0.0,0.7005802511973405,0,0
