t,bytes_sent,utility,pheromone,f1_val,agg_count,rollback
0,1040,0.0,0.0,0.1403857625770531,0,0
1,2080,0.0,0.0,0.41643344272875704,0,0
2,3120,0.0,0.0,0.41596071143800184,0,0
3,4160,0.0,0.0,0.30499457982209344,0,0
4,5200,0.0,0.0,0.1403857625770531,0,0
5,6240,0.0,0.0,0.1403857625770531,0,0
6,7280,0.0,0.0,0.1403857625770531,0,0
7,8320,0.0,0.0,0.1403857625770531,0,0
8,9360,0.0,0.0,0.1403857625770531,0,0
9,10400,0.0,0.0,0.41607788054795825,0,0
10,11440,0.0,0.0,0.41592377599636055,0,0
11,12480,0.0,0.0,0.37250833393360194,0,0
12,13520,0.0,0.0,0.3714678682549933,0,0
13,14560,0.0,0.0,0.38449297306446506,0,0
14,15600,0.0,0.0,0.4017283707435346,0,0
15,16640,0.0,0.0,0.37127078508589595,0,0
16,17680,0.0,0.0,0.4347083447921562,0,0
17,18720,0.0,0.0,0.41580726865236384,0,0
18,19760,0.0,0.0,0.5245434415497283,0,0
19,20800,0.0,0.0,0.640067816367293,0,0
20,21840,0.0,0.0,0.6720501531788113,0,0
21,22880,0.0,0.0,0.6954780889561805,0,0
22,23920,0.0,0.0,0.7026677314131304,0,0
23,24960,0.0,0.0,0.6958929076519969,0,0
24,26000,0.0,0.0,0.6881360953299938,0,0
25,27040,0.0,0.0,0.7128969022370584,0,0
26,28080,0.0,0.0,0.6817116295270033,0,0
27,29120,0.0,0.0,0.7119061509349174,0,0
28,30160,0.0,0.0,0.7132924984109341,0,0
29,31200,0.0,0.0,0.712500904615195,0,0
30,32240,0.0,0.0,0.6686554621925985,0,0
31,33280,0.0,0.0,0.5849221500548649,0,0
32,34320,0.0,0.0,0.6145391553750686,0,0
33,35360,0.0,0.0,0.7076398600640719,0,0
34,36400,0.0,0.0,0.5734354425605389,0,0
35,37440,0.0,0.0,0.5783771424596681,0,0
36,38480,0.0,0.0,0.5104224803867041,0,0
37,39520,0.0,0.0,0.48508318183399823,0,0
38,40560,0.0,0.0,0.5080709166256806,0,0
39,41600,0.0,0.0,0.5589409499986201,0,0
40,42640,0.0,0.0,0.5064091625654753,0,0
41,43680,0.0,0.0,0.5598077449356641,0,0
42,44720,0.0,0.0,0.5018386596638846,0,0
43,45760,0.0,0.0,0.5623300986531596,0,0
44,46800,0.0,0.0,0.534531863950905,0,0
45,47840,0.0,0.0,0.5325058686780557,0,0
46,48880,0.0,0.0,0.5786807595312826,0,0
47,49920,0.0,0.0,0.5951160433283514,0,0
48,50960,0.0,0.0,0.5888613438284849,0,0
49,52000,0.0,0.0,0.5531899985786668,0,0
