t,bytes_sent,utility,pheromone,f1_val,agg_count,rollback
0,1040,0.0,0.0,0.3304863897193522,0,0
1,2080,0.0,0.0,0.33500242498365773,0,0
2,3120,0.0,0.0,0.35615465113972267,0,0
3,4160,0.0,0.0,0.7062701789639545,0,0
4,5200,0.0,0.0,0.3905571924642758,0,0
5,6240,0.0,0.0,0.38988994913586805,0,0
6,7280,0.0,0.0,0.4106876813298832,0,0
7,8320,0.0,0.0,0.14035785288270378,0,0
8,9360,0.0,0.0,0.14035785288270378,0,0
9,10400,0.0,0.0,0.14035785288270378,0,0
10,11440,0.0,0.0,0.14035785288270378,0,0
11,12480,0.0,0.0,0.177357268064169,0,0
12,13520,0.0,0.0,0.39652757107859105,0,0
13,14560,0.0,0.0,0.39659360338126215,0,0
14,15600,0.0,0.0,0.3958786349245693,0,0
15,16640,0.0,0.0,0.39659360338126215,0,0
16,17680,0.0,0.0,0.3958786349245693,0,0
17,18720,0.0,0.0,0.6683916292593794,0,0
18,19760,0.0,0.0,0.7022331383069342,0,0
19,20800,0.0,0.0,0.7006315286570657,0,0
20,21840,0.0,0.0,0.7016853882309402,0,0
21,22880,0.0,0.0,0.701751957668729,0,0
22,23920,0.0,0.0,0.7012245912013874,0,0
23,24960,0.0,0.0,0.7016822808493273,0,0
24,26000,0.0,0.0,0.9836928812816171,0,0
25,27040,0.0,0.0,0.998105581732476,0,0
26,28080,0.0,0.0,0.9974830777164877,0,0
27,29120,0.0,0.0,0.9967774409524363,0,0
28,30160,0.0,0.0,0.939858001046695,0,0
29,31200,0.0,0.0,0.9919775121572035,0,0
30,32240,0.0,0.0,0.9475082396059272,0,0
31,33280,0.0,0.0,0.9460422395675072,0,0
32,34320,0.0,0.0,0.9480241777530223,0,0
33,35360,0.0,0.0,0.9978195179672185,0,0
34,36400,0.0,0.0,0.9928599076071872,0,0
35,37440,0.0,0.0,0.9969687589007382,0,0
36,38480,0.0,0.0,0.9672556265207932,0,0
37,39520,0.0,0.0,0.9911757130856568,0,0
38,40560,0.0,0.0,0.9963798899511002,0,0
39,41600,0.0,0.0,0.9951276093487663,0,0
40,42640,0.0,0.0,0.9915975566474483,0,0
41,43680,0.0,0.0,0.9906880499145175,0,0
42,44720,0.0,0.0,0.99387641256602,0,0
43,45760,0.0,0.0,0.9936335644857076,0,0
44,46800,0.0,0.0,0.9969755000837764,0,0
45,47840,0.0,0.0,0.9973862616479148,0,0
46,48880,0.0,0.0,0.9974089034627865,0,0
47,49920,0.0,0.0,0.9959647244635018,0,0
48,50960,0.0,0.0,0.9973862616479148,0,0
49,52000,0.0,0.0,0.9967978715641003,0,0
