t,bytes_sent,utility,pheromone,f1_val,agg_count,rollback
0,1040,0.0,0.0,0.1417771333885667,0,0
1,2080,0.0,0.0,0.10477605118829982,0,0
2,3120,0.0,0.0,0.10477605118829982,0,0
3,4160,0.0,0.0,0.39085660178119774,0,0
4,5200,0.0,0.0,0.16707346839150597,0,0
5,6240,0.0,0.0,0.15735632183908047,0,0
6,7280,0.0,0.0,0.1417771333885667,0,0
7,8320,0.0,0.0,0.1417771333885667,0,0
8,9360,0.0,0.0,0.1417771333885667,0,0
9,10400,0.0,0.0,0.1417771333885667,0,0
10,11440,0.0,0.0,0.4155397260602176,0,0
11,12480,0.0,0.0,0.4338782824969962,0,0
12,13520,0.0,0.0,0.6765015697117397,0,0
13,14560,0.0,0.0,0.7061944518336227,0,0
14,15600,0.0,0.0,0.713067175142467,0,0
15,16640,0.0,0.0,0.7126321146117818,0,0
16,17680,0.0,0.0,0.7137638154464938,0,0
17,18720,0.0,0.0,0.7140175886008873,0,0
18,19760,0.0,0.0,0.7139982520197908,0,0
19,20800,0.0,0.0,0.714241908992067,0,0
20,21840,0.0,0.0,0.7136205238668296,0,0
21,22880,0.0,0.0,0.7011185659503735,0,0
22,23920,0.0,0.0,0.7138148445026834,0,0
23,24960,0.0,0.0,0.7015250305165154,0,0
24,26000,0.0,0.0,0.7138314374787538,0,0
25,27040,0.0,0.0,0.7092477155289952,0,0
26,28080,0.0,0.0,0.7002223260765508,0,0
27,29120,0.0,0.0,0.7011533991685285,0,0
28,30160,0.0,0.0,0.6914444497133533,0,0
29,31200,0.0,0.0,0.6994153047499536,0,0
30,32240,0.0,0.0,0.7142080989809518,0,0
31,33280,0.0,0.0,0.6974336176245566,0,0
32,34320,0.0,0.0,0.7091278326686181,0,0
33,35360,0.0,0.0,0.6760632669246718,0,0
34,36400,0.0,0.0,0.7137987336891488,0,0
35,37440,0.0,0.0,0.5457615849678956,0,0
36,38480,0.0,0.0,0.6426528474900102,0,0
37,39520,0.0,0.0,0.716954158761024,0,0
38,40560,0.0,0.0,0.381500491609449,0,0
39,41600,0.0,0.0,0.5919261036804526,0,0
40,42640,0.0,0.0,0.7205711880888416,0,0
41,43680,0.0,0.0,0.6709181110725848,0,0
42,44720,0.0,0.0,0.6561517323984227,0,0
43,45760,0.0,0.0,0.6846458725711269,0,0
44,46800,0.0,0.0,0.6314495979641259,0,0
45,47840,0.0,0.0,0.7125396784423818,0,0
46,48880,0.0,0.0,0.544479801469358,0,0
47,49920,0.0,0.0,0.720346241456473,0,0
48,50960,0.0,0.0,0.6449358294239087,0,0
49,52000,0.0,0.0,0.7219091580594066,0,0
