t,bytes_sent,utility,pheromone,f1_val,agg_count,rollback
0,1040,0.0,0.0,0.10637591321673677,0,0
1,2080,0.0,0.0,0.3424996784135629,0,0
2,3120,0.0,0.0,0.36887569010058757,0,0
3,4160,0.0,0.0,0.3833066447791452,0,0
4,5200,0.0,0.0,0.14022662889518414,0,0
5,6240,0.0,0.0,0.14022662889518414,0,0
6,7280,0.0,0.0,0.14022662889518414,0,0
7,8320,0.0,0.0,0.14022662889518414,0,0
8,9360,0.0,0.0,0.14022662889518414,0,0
9,10400,0.0,0.0,0.4148091473984988,0,0
10,11440,0.0,0.0,0.41127671263165244,0,0
11,12480,0.0,0.0,0.37490500111503056,0,0
12,13520,0.0,0.0,0.3738280370367093,0,0
13,14560,0.0,0.0,0.3728182259314261,0,0
14,15600,0.0,0.0,0.374254172957679,0,0
15,16640,0.0,0.0,0.37418029432706185,0,0
16,17680,0.0,0.0,0.6113518780288655,0,0
17,18720,0.0,0.0,0.6609787088019711,0,0
18,19760,0.0,0.0,0.6690282884221197,0,0
19,20800,0.0,0.0,0.6652009556070837,0,0
20,21840,0.0,0.0,0.6518998058364591,0,0
21,22880,0.0,0.0,0.6651062975126836,0,0
22,23920,0.0,0.0,0.9527460803503467,0,0
23,24960,0.0,0.0,0.9443025471312564,0,0
24,26000,0.0,0.0,0.9561046615817077,0,0
25,27040,0.0,0.0,0.9390307472786158,0,0
26,28080,0.0,0.0,0.9566300267568023,0,0
27,29120,0.0,0.0,0.945426188933789,0,0
28,30160,0.0,0.0,0.94455892192144,0,0
29,31200,0.0,0.0,0.9404497728109422,0,0
30,32240,0.0,0.0,0.9400660563958054,0,0
31,33280,0.0,0.0,0.9466112307560494,0,0
32,34320,0.0,0.0,0.9439358710142904,0,0
33,35360,0.0,0.0,0.9415583516584344,0,0
34,36400,0.0,0.0,0.9410695807786795,0,0
35,37440,0.0,0.0,0.9411969099208091,0,0
36,38480,0.0,0.0,0.9414868460022054,0,0
37,39520,0.0,0.0,0.9392913242525338,0,0
38,40560,0.0,0.0,0.9409206848331279,0,0
39,41600,0.0,0.0,0.940768116729277,0,0
40,42640,0.0,0.0,0.9406376425232146,0,0
41,43680,0.0,0.0,0.9407065647558974,0,0
42,44720,0.0,0.0,0.9399043181223306,0,0
43,45760,0.0,0.0,0.939976158167305,0,0
44,46800,0.0,0.0,0.9399075426110302,0,0
45,47840,0.0,0.0,0.9402604401515463,0,0
46,48880,0.0,0.0,0.9405695916342593,0,0
47,49920,0.0,0.0,0.9434388348494472,0,0
48,50960,0.0,0.0,0.9405886361394913,0,0
49,52000,0.0,0.0,0.9403547718467644,0,0
