t,bytes_sent,utility,pheromone,f1_val,agg_count,rollback
0,1040,0.0,0.0,0.14142628205128205,0,0
1,2080,0.0,0.0,0.14142628205128205,0,0
2,3120,0.0,0.0,0.14142628205128205,0,0
3,4160,0.0,0.0,0.14142628205128205,0,0
4,5200,0.0,0.0,0.14142628205128205,0,0
5,6240,0.0,0.0,0.14142628205128205,0,0
6,7280,0.0,0.0,0.14142628205128205,0,0
7,8320,0.0,0.0,0.14142628205128205,0,0
8,9360,0.0,0.0,0.14142628205128205,0,0
9,10400,0.0,0.0,0.14142628205128205,0,0
10,11440,0.0,0.0,0.14142628205128205,0,0
11,12480,0.0,0.0,0.14142628205128205,0,0
12,13520,0.0,0.0,0.41625250229074906,0,0
13,14560,0.0,0.0,0.41020250723240115,0,0
14,15600,0.0,0.0,0.6211248997424119,0,0
15,16640,0.0,0.0,0.7116262197712628,0,0
16,17680,0.0,0.0,0.6989807548722324,0,0
17,18720,0.0,0.0,0.7088865859159886,0,0
18,19760,0.0,0.0,0.6961805269456727,0,0
19,20800,0.0,0.0,0.7041789051583985,0,0
20,21840,0.0,0.0,0.7033302719885586,0,0
21,22880,0.0,0.0,0.6987264731260053,0,0
22,23920,0.0,0.0,0.7074181211325404,0,0
23,24960,0.0,0.0,0.6984720621618448,0,0
24,26000,0.0,0.0,0.7022640319138509,0,0
25,27040,0.0,0.0,0.6987468955233331,0,0
26,28080,0.0,0.0,0.6956582478222411,0,0
27,29120,0.0,0.0,0.7082266631207565,0,0
28,30160,0.0,0.0,0.6987188928883801,0,0
29,31200,0.0,0.0,0.6187412870029775,0,0
30,32240,0.0,0.0,0.6934671551381848,0,0
31,33280,0.0,0.0,0.6443511907987834,0,0
32,34320,0.0,0.0,0.7080315953433984,0,0
33,35360,0.0,0.0,0.7111976311242585,0,0
34,36400,0.0,0.0,0.6992120982696717,0,0
35,37440,0.0,0.0,0.6830537478583112,0,0
36,38480,0.0,0.0,0.9296751048671749,0,0
37,39520,0.0,0.0,0.6414986612703701,0,0
38,40560,0.0,0.0,0.9857192486310591,0,0
39,41600,0.0,0.0,0.7490096009895698,0,0
40,42640,0.0,0.0,0.957134370419798,0,0
41,43680,0.0,0.0,0.677673845061609,0,0
42,44720,0.0,0.0,0.9025497442713152,0,0
43,45760,0.0,0.0,0.8093395914590805,0,0
44,46800,0.0,0.0,0.6434794988206046,0,0
45,47840,0.0,0.0,0.9529189450523167,0,0
46,48880,0.0,0.0,0.5888488254104888,0,0
47,49920,0.0,0.0,0.9440621640181827,0,0
48,50960,0.0,0.0,0.58947341620994,0,0
49,52000,0.0,0.0,0.8196427330691298,0,0
