t,bytes_sent,utility,pheromone,f1_val,agg_count,rollback
0,1040,0.0,0.0,0.15219918620422399,0,0
1,2080,0.0,0.0,0.30380970798684975,0,0
2,3120,0.0,0.0,0.20261817243825367,0,0
3,4160,0.0,0.0,0.5979854505493384,0,0
4,5200,0.0,0.0,0.7471068869673823,0,0
5,6240,0.0,0.0,0.879159869409321,0,0
6,7280,0.0,0.0,0.824316509940278,0,0
7,8320,0.0,0.0,0.8257315932475169,0,0
8,9360,0.0,0.0,0.8705553957474021,0,0
9,10400,0.0,0.0,0.78710294244156,0,0
10,11440,0.0,0.0,0.8569110459810256,0,0
11,12480,0.0,0.0,0.8457259009456817,0,0
12,13520,0.0,0.0,0.8457259009456817,0,0
13,14560,0.0,0.0,0.7536389289909966,0,0
14,15600,0.0,0.0,0.7027326533820897,0,0
15,16640,0.0,0.0,0.8899652235768342,0,0
16,17680,0.0,0.0,0.9013049295407551,0,0
17,18720,0.0,0.0,0.91512042965451,0,0
18,19760,0.0,0.0,0.9120815527065527,0,0
19,20800,0.0,0.0,0.8988169364881693,0,0
20,21840,0.0,0.0,0.9010285126846603,0,0
21,22880,0.0,0.0,0.8370161784774827,0,0
22,23920,0.0,0.0,0.30491199524034457,0,0
23,24960,0.0,0.0,0.3835769824785642,0,0
24,26000,0.0,0.0,0.4119396205984807,0,0
25,27040,0.0,0.0,0.45595243137342173,0,0
26,28080,0.0,0.0,0.4817996370613213,0,0
27,29120,0.0,0.0,0.5067520928860795,0,0
28,30160,0.0,0.0,0.5019996560741903,0,0
29,31200,0.0,0.0,0.6476037960853286,0,0
30,32240,0.0,0.0,0.6540681036925396,0,0
31,33280,0.0,0.0,0.6159640929717856,0,0
32,34320,0.0,0.0,0.8990872367980384,0,0
33,35360,0.0,0.0,0.6016885569028966,0,0
34,36400,0.0,0.0,0.8932806324110671,0,0
35,37440,0.0,0.0,0.8858085830485944,0,0
36,38480,0.0,0.0,0.6268437551973031,0,0
37,39520,0.0,0.0,0.627769048643103,0,0
38,40560,0.0,0.0,0.6112545145231831,0,0
39,41600,0.0,0.0,0.6385880043795022,0,0
40,42640,0.0,0.0,0.8946634987483377,0,0
41,43680,0.0,0.0,0.6184511571233681,0,0
42,44720,0.0,0.0,0.8666640328697851,0,0
43,45760,0.0,0.0,0.8602613778978228,0,0
44,46800,0.0,0.0,0.5979027440345263,0,0
45,47840,0.0,0.0,0.8633238419334677,0,0
46,48880,0.0,0.0,0.6157753750002065,0,0
47,49920,0.0,0.0,0.9772314132475852,0,0
48,50960,0.0,0.0,0.6355409213332711,0,0
49,52000,0.0,0.0,0.6148484346885734,0,0
