t,bytes_sent,utility,pheromone,f1_val,agg_count,rollback
0,1040,0.0,0.0,0.2457627118644068,0,0
1,2080,0.0,0.0,0.24975124378109453,0,0
2,3120,0.0,0.0,0.24968913205670232,0,0
3,4160,0.0,0.0,0.49786665078681214,0,0
4,5200,0.0,0.0,0.663487239773892,0,0
5,6240,0.0,0.0,0.6649113362787039,0,0
6,7280,0.0,0.0,0.6645773415894515,0,0
7,8320,0.0,0.0,0.6652446656398898,0,0
8,9360,0.0,0.0,0.6647444222245239,0,0
9,10400,0.0,0.0,0.48055971109657836,0,0
10,11440,0.0,0.0,0.6625592893405358,0,0
11,12480,0.0,0.0,0.6639073482428115,0,0
12,13520,0.0,0.0,0.6644937387261324,0,0
13,14560,0.0,0.0,0.6647444222245239,0,0
14,15600,0.0,0.0,0.6643264077517587,0,0
15,16640,0.0,0.0,0.6643264077517587,0,0
16,17680,0.0,0.0,0.6643264077517587,0,0
17,18720,0.0,0.0,0.2516626717371136,0,0
18,19760,0.0,0.0,0.6630644863237208,0,0
19,20800,0.0,0.0,0.4970436452855742,0,0
20,21840,0.0,0.0,0.6627248603807656,0,0
21,22880,0.0,0.0,0.6631472947355797,0,0
22,23920,0.0,0.0,0.663484480122875,0,0
23,24960,0.0,0.0,0.6631472947355797,0,0
24,26000,0.0,0.0,0.4970436452855742,0,0
25,27040,0.0,0.0,0.497361634270602,0,0
26,28080,0.0,0.0,0.49666240253019717,0,0
27,29120,0.0,0.0,0.662301363832452,0,0
28,30160,0.0,0.0,0.6621316669010925,0,0
29,31200,0.0,0.0,0.648642828336453,0,0
30,32240,0.0,0.0,0.6643244939563832,0,0
31,33280,0.0,0.0,0.6439930116027052,0,0
32,34320,0.0,0.0,0.6631472947355797,0,0
33,35360,0.0,0.0,0.49659875017581934,0,0
34,36400,0.0,0.0,0.6627248603807656,0,0
35,37440,0.0,0.0,0.4981805111821086,0,0
36,38480,0.0,0.0,0.6627230936364463,0,0
37,39520,0.0,0.0,0.6631472947355797,0,0
38,40560,0.0,0.0,0.6628094320992012,0,0
39,41600,0.0,0.0,0.4974858786263022,0,0
40,42640,0.0,0.0,0.6627248603807656,0,0
41,43680,0.0,0.0,0.6627248603807656,0,0
42,44720,0.0,0.0,0.4970436452855742,0,0
43,45760,0.0,0.0,0.6619596440541101,0,0
44,46800,0.0,0.0,0.49710578121476373,0,0
45,47840,0.0,0.0,0.6644100941239898,0,0
46,48880,0.0,0.0,0.6424536398128406,0,0
47,49920,0.0,0.0,0.6626420540759356,0,0
48,50960,0.0,0.0,0.662388085261237,0,0
49,52000,0.0,0.0,0.4969815405569517,0,0
