t,bytes_sent,utility,pheromone,f1_val,agg_count,rollback
0,1040,0.0,0.0,0.05487204724409449,0,0
1,2080,0.0,0.0,0.13973365136155833,0,0
2,3120,0.0,0.0,0.13973365136155833,0,0
3,4160,0.0,0.0,0.13973365136155833,0,0
4,5200,0.0,0.0,0.13973365136155833,0,0
5,6240,0.0,0.0,0.13973365136155833,0,0
6,7280,0.0,0.0,0.13973365136155833,0,0
7,8320,0.0,0.0,0.13973365136155833,0,0
8,9360,0.0,0.0,0.13973365136155833,0,0
9,10400,0.0,0.0,0.13973365136155833,0,0
10,11440,0.0,0.0,0.13973365136155833,0,0
11,12480,0.0,0.0,0.24685395836458784,0,0
12,13520,0.0,0.0,0.4166966901809296,0,0
13,14560,0.0,0.0,0.3815627664769751,0,0
14,15600,0.0,0.0,0.37030368335795577,0,0
15,16640,0.0,0.0,0.523919411149942,0,0
16,17680,0.0,0.0,0.6084233433784587,0,0
17,18720,0.0,0.0,0.6908142907324508,0,0
18,19760,0.0,0.0,0.7002487286924591,0,0
19,20800,0.0,0.0,0.6941235346259027,0,0
20,21840,0.0,0.0,0.6941680422578679,0,0
21,22880,0.0,0.0,0.6991816621761269,0,0
22,23920,0.0,0.0,0.6924236050193324,0,0
23,24960,0.0,0.0,0.6900250496958528,0,0
24,26000,0.0,0.0,0.697845384436372,0,0
25,27040,0.0,0.0,0.6976084485602264,0,0
26,28080,0.0,0.0,0.6971447277404368,0,0
27,29120,0.0,0.0,0.6975673174099629,0,0
28,30160,0.0,0.0,0.6964673335429903,0,0
29,31200,0.0,0.0,0.6973912418918402,0,0
30,32240,0.0,0.0,0.6972160920338044,0,0
31,33280,0.0,0.0,0.6973912418918402,0,0
32,34320,0.0,0.0,0.6962258455363919,0,0
33,35360,0.0,0.0,0.697971180167852,0,0
34,36400,0.0,0.0,0.6995280142453981,0,0
35,37440,0.0,0.0,0.6952898851051738,0,0
36,38480,0.0,0.0,0.6935438585549768,0,0
37,39520,0.0,0.0,0.9479695909844978,0,0
38,40560,0.0,0.0,0.6977415639271611,0,0
39,41600,0.0,0.0,0.6959893158271918,0,0
40,42640,0.0,0.0,0.9869654768231091,0,0
41,43680,0.0,0.0,0.7597284996408562,0,0
42,44720,0.0,0.0,0.6974142401340547,0,0
43,45760,0.0,0.0,0.6963634042439761,0,0
44,46800,0.0,0.0,0.8474897178037327,0,0
45,47840,0.0,0.0,0.7719468301159788,0,0
46,48880,0.0,0.0,0.8873339525731085,0,0
47,49920,0.0,0.0,0.993910103023387,0,0
48,50960,0.0,0.0,0.7685275303405409,0,0
49,52000,0.0,0.0,0.6940873598340616,0,0
