t,bytes_sent,utility,pheromone,f1_val,agg_count,rollback
0,1040,0.0,0.0,0.1417771333885667,0,0
1,2080,0.0,0.0,0.1417771333885667,0,0
2,3120,0.0,0.0,0.1417771333885667,0,0
3,4160,0.0,0.0,0.1417771333885667,0,0
4,5200,0.0,0.0,0.1417771333885667,0,0
5,6240,0.0,0.0,0.1417771333885667,0,0
6,7280,0.0,0.0,0.1417771333885667,0,0
7,8320,0.0,0.0,0.1417771333885667,0,0
8,9360,0.0,0.0,0.1417771333885667,0,0
9,10400,0.0,0.0,0.1417771333885667,0,0
10,11440,0.0,0.0,0.41630530508844577,0,0
11,12480,0.0,0.0,0.41702116831542674,0,0
12,13520,0.0,0.0,0.7122789831690529,0,0
13,14560,0.0,0.0,0.6573064399180933,0,0
14,15600,0.0,0.0,0.6570952182795193,0,0
15,16640,0.0,0.0,0.712121690589693,0,0
16,17680,0.0,0.0,0.7119403869090618,0,0
17,18720,0.0,0.0,0.6971591690618376,0,0
18,19760,0.0,0.0,0.6877944015031651,0,0
19,20800,0.0,0.0,0.6990580725325217,0,0
20,21840,0.0,0.0,0.7050719560681915,0,0
21,22880,0.0,0.0,0.6882610550062355,0,0
22,23920,0.0,0.0,0.6875408949438493,0,0
23,24960,0.0,0.0,0.7128219516485461,0,0
24,26000,0.0,0.0,0.7046094820719387,0,0
25,27040,0.0,0.0,0.7085605928120174,0,0
26,28080,0.0,0.0,0.7116200499883144,0,0
27,29120,0.0,0.0,0.711491112199375,0,0
28,30160,0.0,0.0,0.7043193481083359,0,0
29,31200,0.0,0.0,0.6811802580765887,0,0
30,32240,0.0,0.0,0.5992235271071275,0,0
31,33280,0.0,0.0,0.6563663344954553,0,0
32,34320,0.0,0.0,0.7093873561267072,0,0
33,35360,0.0,0.0,0.588161773002243,0,0
34,36400,0.0,0.0,0.6230917715555904,0,0
35,37440,0.0,0.0,0.7075314657260408,0,0
36,38480,0.0,0.0,0.6597058372793136,0,0
37,39520,0.0,0.0,0.6661208916816157,0,0
38,40560,0.0,0.0,0.6593100399910543,0,0
39,41600,0.0,0.0,0.7145969587441388,0,0
40,42640,0.0,0.0,0.6990804170578737,0,0
41,43680,0.0,0.0,0.6794606887095299,0,0
42,44720,0.0,0.0,0.653478610963353,0,0
43,45760,0.0,0.0,0.5795584560897986,0,0
44,46800,0.0,0.0,0.6222430703256626,0,0
45,47840,0.0,0.0,0.6127310274265876,0,0
46,48880,0.0,0.0,0.6563343201827834,0,0
47,49920,0.0,0.0,0.6319547474613312,0,0
48,50960,0.0,0.0,0.6358860040702036,0,0
49,52000,0.0,0.0,0.6448405856815844,0,0
