t,bytes_sent,utility,pheromone,f1_val,agg_count,rollback
0,1040,0.0,0.0,0.14022662889518414,0,0
1,2080,0.0,0.0,0.14022662889518414,0,0
2,3120,0.0,0.0,0.14022662889518414,0,0
3,4160,0.0,0.0,0.14022662889518414,0,0
4,5200,0.0,0.0,0.14022662889518414,0,0
5,6240,0.0,0.0,0.14022662889518414,0,0
6,7280,0.0,0.0,0.14022662889518414,0,0
7,8320,0.0,0.0,0.14022662889518414,0,0
8,9360,0.0,0.0,0.14022662889518414,0,0
9,10400,0.0,0.0,0.14022662889518414,0,0
10,11440,0.0,0.0,0.4135786132312515,0,0
11,12480,0.0,0.0,0.4154217366275759,0,0
12,13520,0.0,0.0,0.6539063082553114,0,0
13,14560,0.0,0.0,0.3811820779474073,0,0
14,15600,0.0,0.0,0.6487928264572221,0,0
15,16640,0.0,0.0,0.646914544391392,0,0
16,17680,0.0,0.0,0.6656270320030414,0,0
17,18720,0.0,0.0,0.6630472624352954,0,0
18,19760,0.0,0.0,0.6626144635771265,0,0
19,20800,0.0,0.0,0.6650949918926666,0,0
20,21840,0.0,0.0,0.9517046661933234,0,0
21,22880,0.0,0.0,0.6640340309799775,0,0
22,23920,0.0,0.0,0.9470063919032261,0,0
23,24960,0.0,0.0,0.9330690471958318,0,0
24,26000,0.0,0.0,0.9497112934553239,0,0
25,27040,0.0,0.0,0.9389149095848566,0,0
26,28080,0.0,0.0,0.92558503642058,0,0
27,29120,0.0,0.0,0.9290041645560069,0,0
28,30160,0.0,0.0,0.9470422250588126,0,0
29,31200,0.0,0.0,0.950186521695492,0,0
30,32240,0.0,0.0,0.9421114642380266,0,0
31,33280,0.0,0.0,0.9413099597945002,0,0
32,34320,0.0,0.0,0.6782792111479238,0,0
33,35360,0.0,0.0,0.9398013999919803,0,0
34,36400,0.0,0.0,0.9396773719289501,0,0
35,37440,0.0,0.0,0.9477854617831505,0,0
36,38480,0.0,0.0,0.9438169205239914,0,0
37,39520,0.0,0.0,0.9405198795604262,0,0
38,40560,0.0,0.0,0.9397921229094349,0,0
39,41600,0.0,0.0,0.9406477555968618,0,0
40,42640,0.0,0.0,0.9380612932625343,0,0
41,43680,0.0,0.0,0.9197878486275248,0,0
42,44720,0.0,0.0,0.8282413750703183,0,0
43,45760,0.0,0.0,0.6528377254757888,0,0
44,46800,0.0,0.0,0.6263829635599879,0,0
45,47840,0.0,0.0,0.6695091727348171,0,0
46,48880,0.0,0.0,0.9327556069016893,0,0
47,49920,0.0,0.0,0.9404737727251988,0,0
48,50960,0.0,0.0,0.8473928592470026,0,0
49,52000,0.0,0.0,0.9375525760175577,0,0
