t,bytes_sent,utility,pheromone,f1_val,agg_count,rollback
0,1040,0.0,0.0,0.3170113972140144,0,0
1,2080,0.0,0.0,0.13984006561410703,0,0
2,3120,0.0,0.0,0.13984006561410703,0,0
3,4160,0.0,0.0,0.13984006561410703,0,0
4,5200,0.0,0.0,0.13984006561410703,0,0
5,6240,0.0,0.0,0.13984006561410703,0,0
6,7280,0.0,0.0,0.13984006561410703,0,0
7,8320,0.0,0.0,0.13984006561410703,0,0
8,9360,0.0,0.0,0.13984006561410703,0,0
9,10400,0.0,0.0,0.13984006561410703,0,0
10,11440,0.0,0.0,0.13984006561410703,0,0
11,12480,0.0,0.0,0.13984006561410703,0,0
12,13520,0.0,0.0,0.3946847742408415,0,0
13,14560,0.0,0.0,0.39780310363019933,0,0
14,15600,0.0,0.0,0.4059122689826149,0,0
15,16640,0.0,0.0,0.700330919019862,0,0
16,17680,0.0,0.0,0.7007562037352997,0,0
17,18720,0.0,0.0,0.7006060025002057,0,0
18,19760,0.0,0.0,0.7009355793019081,0,0
19,20800,0.0,0.0,0.7004261945879899,0,0
20,21840,0.0,0.0,0.7007562037352997,0,0
21,22880,0.0,0.0,0.69982954919712,0,0
22,23920,0.0,0.0,0.7007562037352997,0,0
23,24960,0.0,0.0,0.7006809596653347,0,0
24,26000,0.0,0.0,0.7006809596653347,0,0
25,27040,0.0,0.0,0.7006060025002057,0,0
26,28080,0.0,0.0,0.7006060025002057,0,0
27,29120,0.0,0.0,0.8774232504204234,0,0
28,30160,0.0,0.0,0.7006060025002057,0,0
29,31200,0.0,0.0,0.9777378838954038,0,0
30,32240,0.0,0.0,0.9605709740356257,0,0
31,33280,0.0,0.0,0.9755322014062755,0,0
32,34320,0.0,0.0,0.9610352511054436,0,0
33,35360,0.0,0.0,0.9973670153333725,0,0
34,36400,0.0,0.0,0.9447828245304434,0,0
35,37440,0.0,0.0,0.9973982357793907,0,0
36,38480,0.0,0.0,0.9629245758879437,0,0
37,39520,0.0,0.0,0.9973670153333725,0,0
38,40560,0.0,0.0,0.9143056500150413,0,0
39,41600,0.0,0.0,0.9973956967430226,0,0
40,42640,0.0,0.0,0.9877761827508432,0,0
41,43680,0.0,0.0,0.973347479544107,0,0
42,44720,0.0,0.0,0.9605709740356257,0,0
43,45760,0.0,0.0,0.9961137690377997,0,0
44,46800,0.0,0.0,0.9812697872930806,0,0
45,47840,0.0,0.0,0.9615785680382265,0,0
46,48880,0.0,0.0,0.951605978215727,0,0
47,49920,0.0,0.0,0.9848891514336391,0,0
48,50960,0.0,0.0,0.9764517436075857,0,0
49,52000,0.0,0.0,0.9214203123806376,0,0
