t,bytes_sent,utility,pheromone,f1_val,agg_count,rollback
0,1040,0.0,0.0,0.26481296241224866,0,0
1,2080,0.0,0.0,0.1417771333885667,0,0
2,3120,0.0,0.0,0.1417771333885667,0,0
3,4160,0.0,0.0,0.1417771333885667,0,0
4,5200,0.0,0.0,0.1417771333885667,0,0
5,6240,0.0,0.0,0.1417771333885667,0,0
6,7280,0.0,0.0,0.1417771333885667,0,0
7,8320,0.0,0.0,0.1417771333885667,0,0
8,9360,0.0,0.0,0.1417771333885667,0,0
9,10400,0.0,0.0,0.1417771333885667,0,0
10,11440,0.0,0.0,0.1417771333885667,0,0
11,12480,0.0,0.0,0.36957915194339824,0,0
12,13520,0.0,0.0,0.4168911774125504,0,0
13,14560,0.0,0.0,0.7014499539613122,0,0
14,15600,0.0,0.0,0.7014499539613122,0,0
15,16640,0.0,0.0,0.7011938325409155,0,0
16,17680,0.0,0.0,0.7008546195151354,0,0
17,18720,0.0,0.0,0.6997710619262707,0,0
18,19760,0.0,0.0,0.7009533202285976,0,0
19,20800,0.0,0.0,0.7005909005108348,0,0
20,21840,0.0,0.0,0.7000493224451865,0,0
21,22880,0.0,0.0,0.6999714129314755,0,0
22,23920,0.0,0.0,0.700960142493452,0,0
23,24960,0.0,0.0,0.5831624439620275,0,0
24,26000,0.0,0.0,0.7005127895862524,0,0
25,27040,0.0,0.0,0.7005127895862524,0,0
26,28080,0.0,0.0,0.7010542679632784,0,0
27,29120,0.0,0.0,0.7012327640453476,0,0
28,30160,0.0,0.0,0.7010542679632784,0,0
29,31200,0.0,0.0,0.7009654651380788,0,0
30,32240,0.0,0.0,0.630590515021644,0,0
31,33280,0.0,0.0,0.6985282028722473,0,0
32,34320,0.0,0.0,0.698708569516709,0,0
33,35360,0.0,0.0,0.693661266140993,0,0
34,36400,0.0,0.0,0.7010546349679062,0,0
35,37440,0.0,0.0,0.5677518251909153,0,0
36,38480,0.0,0.0,0.710371806740299,0,0
37,39520,0.0,0.0,0.7044782735399151,0,0
38,40560,0.0,0.0,0.6828472727396252,0,0
39,41600,0.0,0.0,0.6871208459404801,0,0
40,42640,0.0,0.0,0.6662299379822915,0,0
41,43680,0.0,0.0,0.5728861334178956,0,0
42,44720,0.0,0.0,0.7115149184644523,0,0
43,45760,0.0,0.0,0.7012938207055658,0,0
44,46800,0.0,0.0,0.7118060084355445,0,0
45,47840,0.0,0.0,0.6701865116384527,0,0
46,48880,0.0,0.0,0.6794206655358648,0,0
47,49920,0.0,0.0,0.5208210809631953,0,0
48,50960,0.0,0.0,0.6749008677511392,0,0
49,52000,0.0,0.0,0.6639090541024122,0,0
