t,bytes_sent,utility,pheromone,f1_val,agg_count,rollback
0,1040,0.0,0.0,0.13995598239295717,0,0
1,2080,0.0,0.0,0.13995598239295717,0,0
2,3120,0.0,0.0,0.13995598239295717,0,0
3,4160,0.0,0.0,0.13995598239295717,0,0
4,5200,0.0,0.0,0.13995598239295717,0,0
5,6240,0.0,0.0,0.13995598239295717,0,0
6,7280,0.0,0.0,0.13995598239295717,0,0
7,8320,0.0,0.0,0.13995598239295717,0,0
8,9360,0.0,0.0,0.13995598239295717,0,0
9,10400,0.0,0.0,0.13995598239295717,0,0
10,11440,0.0,0.0,0.13995598239295717,0,0
11,12480,0.0,0.0,0.4223211046749751,0,0
12,13520,0.0,0.0,0.47955293540759925,0,0
13,14560,0.0,0.0,0.699876274598335,0,0
14,15600,0.0,0.0,0.7141050122163014,0,0
15,16640,0.0,0.0,0.6997837443794457,0,0
16,17680,0.0,0.0,0.7001972626269999,0,0
17,18720,0.0,0.0,0.700647729942721,0,0
18,19760,0.0,0.0,0.6988029663388644,0,0
19,20800,0.0,0.0,0.7140170479737811,0,0
20,21840,0.0,0.0,0.6993265801087674,0,0
21,22880,0.0,0.0,0.7001864661544916,0,0
22,23920,0.0,0.0,0.6993233688475011,0,0
23,24960,0.0,0.0,0.6993233688475011,0,0
24,26000,0.0,0.0,0.7140170479737811,0,0
25,27040,0.0,0.0,0.7000897734398239,0,0
26,28080,0.0,0.0,0.6956425664922042,0,0
27,29120,0.0,0.0,0.6994961839030125,0,0
28,30160,0.0,0.0,0.7140170479737811,0,0
29,31200,0.0,0.0,0.6993233688475011,0,0
30,32240,0.0,0.0,0.713360124866679,0,0
31,33280,0.0,0.0,0.6988029663388644,0,0
32,34320,0.0,0.0,0.7002523982633279,0,0
33,35360,0.0,0.0,0.7135790152243451,0,0
34,36400,0.0,0.0,0.6986236906127976,0,0
35,37440,0.0,0.0,0.9922184364034721,0,0
36,38480,0.0,0.0,0.992392260479464,0,0
37,39520,0.0,0.0,0.9830495320131151,0,0
38,40560,0.0,0.0,0.7135780681239317,0,0
39,41600,0.0,0.0,0.9926368238932805,0,0
40,42640,0.0,0.0,0.9916639743166928,0,0
41,43680,0.0,0.0,0.9919085369259982,0,0
42,44720,0.0,0.0,0.9835375302390839,0,0
43,45760,0.0,0.0,0.9921776990995944,0,0
44,46800,0.0,0.0,0.9915132095885838,0,0
45,47840,0.0,0.0,0.9884280922259011,0,0
46,48880,0.0,0.0,0.9873556550456547,0,0
47,49920,0.0,0.0,0.9859329861895747,0,0
48,50960,0.0,0.0,0.990703258966612,0,0
49,52000,0.0,0.0,0.7876820620308893,0,0
