t,bytes_sent,utility,pheromone,f1_val,agg_count,rollback
0,1040,0.0,0.0,0.40977156769885004,0,0
1,2080,0.0,0.0,0.1403857625770531,0,0
2,3120,0.0,0.0,0.1403857625770531,0,0
3,4160,0.0,0.0,0.1403857625770531,0,0
4,5200,0.0,0.0,0.1403857625770531,0,0
5,6240,0.0,0.0,0.1403857625770531,0,0
6,7280,0.0,0.0,0.1403857625770531,0,0
7,8320,0.0,0.0,0.1403857625770531,0,0
8,9360,0.0,0.0,0.1403857625770531,0,0
9,10400,0.0,0.0,0.4164711099175653,0,0
10,11440,0.0,0.0,0.4160038662657951,0,0
11,12480,0.0,0.0,0.41592377599636055,0,0
12,13520,0.0,0.0,0.3714491508657184,0,0
13,14560,0.0,0.0,0.371898811601989,0,0
14,15600,0.0,0.0,0.41580726865236384,0,0
15,16640,0.0,0.0,0.4318988990375913,0,0
16,17680,0.0,0.0,0.6112660266325985,0,0
17,18720,0.0,0.0,0.6220930755745315,0,0
18,19760,0.0,0.0,0.563964101472396,0,0
19,20800,0.0,0.0,0.7113104823159138,0,0
20,21840,0.0,0.0,0.6996042926129292,0,0
21,22880,0.0,0.0,0.6879239552906066,0,0
22,23920,0.0,0.0,0.6498701802464422,0,0
23,24960,0.0,0.0,0.626086421734456,0,0
24,26000,0.0,0.0,0.6063098779419491,0,0
25,27040,0.0,0.0,0.5745710645551702,0,0
26,28080,0.0,0.0,0.6030886961042627,0,0
27,29120,0.0,0.0,0.6022993222202148,0,0
28,30160,0.0,0.0,0.5990235238965971,0,0
29,31200,0.0,0.0,0.60591895748961,0,0
30,32240,0.0,0.0,0.6017592986608149,0,0
31,33280,0.0,0.0,0.5816584071947293,0,0
32,34320,0.0,0.0,0.5770951400374045,0,0
33,35360,0.0,0.0,0.6046567390106232,0,0
34,36400,0.0,0.0,0.6007373850563709,0,0
35,37440,0.0,0.0,0.6012423843694394,0,0
36,38480,0.0,0.0,0.5647210927704709,0,0
37,39520,0.0,0.0,0.58323176240786,0,0
38,40560,0.0,0.0,0.586506559484272,0,0
39,41600,0.0,0.0,0.5931496338448128,0,0
40,42640,0.0,0.0,0.5952239880961657,0,0
41,43680,0.0,0.0,0.5322070933355547,0,0
42,44720,0.0,0.0,0.619600724943359,0,0
43,45760,0.0,0.0,0.5787500689038689,0,0
44,46800,0.0,0.0,0.6262638104034735,0,0
45,47840,0.0,0.0,0.5452310061554785,0,0
46,48880,0.0,0.0,0.5788282967104045,0,0
47,49920,0.0,0.0,0.5892148854944546,0,0
48,50960,0.0,0.0,0.5997044706458392,0,0
49,52000,0.0,0.0,0.5972624256130707,0,0
