t,bytes_sent,utility,pheromone,f1_val,agg_count,rollback
0,1040,0.0,0.0,0.14142628205128205,0,0
1,2080,0.0,0.0,0.41593845666952717,0,0
2,3120,0.0,0.0,0.14142628205128205,0,0
3,4160,0.0,0.0,0.14142628205128205,0,0
4,5200,0.0,0.0,0.14142628205128205,0,0
5,6240,0.0,0.0,0.14142628205128205,0,0
6,7280,0.0,0.0,0.14142628205128205,0,0
7,8320,0.0,0.0,0.14142628205128205,0,0
8,9360,0.0,0.0,0.14142628205128205,0,0
9,10400,0.0,0.0,0.4148396098038316,0,0
10,11440,0.0,0.0,0.4168551858772006,0,0
11,12480,0.0,0.0,0.41705570454086727,0,0
12,13520,0.0,0.0,0.4171358730402079,0,0
13,14560,0.0,0.0,0.41689493363097396,0,0
14,15600,0.0,0.0,0.41697448575925256,0,0
15,16640,0.0,0.0,0.699301802463752,0,0
16,17680,0.0,0.0,0.4165307367551375,0,0
17,18720,0.0,0.0,0.7088918354245715,0,0
18,19760,0.0,0.0,0.7036491862567216,0,0
19,20800,0.0,0.0,0.6975990075831962,0,0
20,21840,0.0,0.0,0.699658377498181,0,0
21,22880,0.0,0.0,0.6968793078668074,0,0
22,23920,0.0,0.0,0.875230070540882,0,0
23,24960,0.0,0.0,0.9620495235047656,0,0
24,26000,0.0,0.0,0.9621070514177885,0,0
25,27040,0.0,0.0,0.9636935494218402,0,0
26,28080,0.0,0.0,0.7636763801293316,0,0
27,29120,0.0,0.0,0.80439168105791,0,0
28,30160,0.0,0.0,0.7078300605511465,0,0
29,31200,0.0,0.0,0.7896022314281715,0,0
30,32240,0.0,0.0,0.7861234892409723,0,0
31,33280,0.0,0.0,0.9410177489586466,0,0
32,34320,0.0,0.0,0.8220973484900683,0,0
33,35360,0.0,0.0,0.9634338571327454,0,0
34,36400,0.0,0.0,0.7266160793665339,0,0
35,37440,0.0,0.0,0.7698964394837565,0,0
36,38480,0.0,0.0,0.989070743907966,0,0
37,39520,0.0,0.0,0.7900028751301352,0,0
38,40560,0.0,0.0,0.5929096110191324,0,0
39,41600,0.0,0.0,0.8436744297872066,0,0
40,42640,0.0,0.0,0.7760374122720644,0,0
41,43680,0.0,0.0,0.8671710589703842,0,0
42,44720,0.0,0.0,0.7770983094844133,0,0
43,45760,0.0,0.0,0.8711989221155858,0,0
44,46800,0.0,0.0,0.7771450985924907,0,0
45,47840,0.0,0.0,0.8672154345320825,0,0
46,48880,0.0,0.0,0.7854502220866815,0,0
47,49920,0.0,0.0,0.6512467323283558,0,0
48,50960,0.0,0.0,0.9676590844712689,0,0
49,52000,0.0,0.0,0.6827777375959349,0,0
