t,bytes_sent,utility,pheromone,f1_val,agg_count,rollback
0,1040,0.0,0.0,0.19690625189196925,0,0
1,2080,0.0,0.0,0.09148550724637682,0,0
2,3120,0.0,0.0,0.09148550724637682,0,0
3,4160,0.0,0.0,0.3669444971357032,0,0
4,5200,0.0,0.0,0.41526982732562534,0,0
5,6240,0.0,0.0,0.14063745019920318,0,0
6,7280,0.0,0.0,0.14063745019920318,0,0
7,8320,0.0,0.0,0.14063745019920318,0,0
8,9360,0.0,0.0,0.14063745019920318,0,0
9,10400,0.0,0.0,0.4156626648174509,0,0
10,11440,0.0,0.0,0.38299479286051674,0,0
11,12480,0.0,0.0,0.3837939711474868,0,0
12,13520,0.0,0.0,0.37664196166469455,0,0
13,14560,0.0,0.0,0.38274247327645383,0,0
14,15600,0.0,0.0,0.38313904770513657,0,0
15,16640,0.0,0.0,0.3909670058031614,0,0
16,17680,0.0,0.0,0.380213767874251,0,0
17,18720,0.0,0.0,0.4116860376101286,0,0
18,19760,0.0,0.0,0.6111550747579202,0,0
19,20800,0.0,0.0,0.5757170918366386,0,0
20,21840,0.0,0.0,0.606590538756851,0,0
21,22880,0.0,0.0,0.6523273939013651,0,0
22,23920,0.0,0.0,0.8939976968196337,0,0
23,24960,0.0,0.0,0.9107362448542479,0,0
24,26000,0.0,0.0,0.8461677369527286,0,0
25,27040,0.0,0.0,0.9854123916211202,0,0
26,28080,0.0,0.0,0.924579442161308,0,0
27,29120,0.0,0.0,0.9385452862711565,0,0
28,30160,0.0,0.0,0.9306134637599857,0,0
29,31200,0.0,0.0,0.9917841456168617,0,0
30,32240,0.0,0.0,0.9241302501295826,0,0
31,33280,0.0,0.0,0.9172913684799564,0,0
32,34320,0.0,0.0,0.8732061772613523,0,0
33,35360,0.0,0.0,0.9404131903933612,0,0
34,36400,0.0,0.0,0.9429413219321476,0,0
35,37440,0.0,0.0,0.9912802580756278,0,0
36,38480,0.0,0.0,0.9420555203918461,0,0
37,39520,0.0,0.0,0.9445606444031802,0,0
38,40560,0.0,0.0,0.9418468580381628,0,0
39,41600,0.0,0.0,0.9399694994532851,0,0
40,42640,0.0,0.0,0.9462568206325623,0,0
41,43680,0.0,0.0,0.9397609668139892,0,0
42,44720,0.0,0.0,0.8939299867110724,0,0
43,45760,0.0,0.0,0.8742447509866997,0,0
44,46800,0.0,0.0,0.9407764109970222,0,0
45,47840,0.0,0.0,0.9435136752372393,0,0
46,48880,0.0,0.0,0.9922439429761212,0,0
47,49920,0.0,0.0,0.9392930558667354,0,0
48,50960,0.0,0.0,0.9357473077359544,0,0
49,52000,0.0,0.0,0.9328288965557889,0,0
