t,bytes_sent,utility,pheromone,f1_val,agg_count,rollback
0,1040,0.0,0.0,0.14094896331738438,0,0
1,2080,0.0,0.0,0.24279818773571954,0,0
2,3120,0.0,0.0,0.14094896331738438,0,0
3,4160,0.0,0.0,0.14094896331738438,0,0
4,5200,0.0,0.0,0.14094896331738438,0,0
5,6240,0.0,0.0,0.14094896331738438,0,0
6,7280,0.0,0.0,0.14094896331738438,0,0
7,8320,0.0,0.0,0.14094896331738438,0,0
8,9360,0.0,0.0,0.14094896331738438,0,0
9,10400,0.0,0.0,0.38847892791196403,0,0
10,11440,0.0,0.0,0.39188870365597117,0,0
11,12480,0.0,0.0,0.3874316796488532,0,0
12,13520,0.0,0.0,0.3543196388484247,0,0
13,14560,0.0,0.0,0.36450054175434987,0,0
14,15600,0.0,0.0,0.34761045767831616,0,0
15,16640,0.0,0.0,0.3342753623188406,0,0
16,17680,0.0,0.0,0.331203699315388,0,0
17,18720,0.0,0.0,0.3513976095726187,0,0
18,19760,0.0,0.0,0.36516513927850985,0,0
19,20800,0.0,0.0,0.37857706706042915,0,0
20,21840,0.0,0.0,0.6198580088760934,0,0
21,22880,0.0,0.0,0.4250171915218511,0,0
22,23920,0.0,0.0,0.3909680202940137,0,0
23,24960,0.0,0.0,0.3909680202940137,0,0
24,26000,0.0,0.0,0.3911980630728032,0,0
25,27040,0.0,0.0,0.41710890039405046,0,0
26,28080,0.0,0.0,0.6122579063467811,0,0
27,29120,0.0,0.0,0.3889802526960997,0,0
28,30160,0.0,0.0,0.41723876735118515,0,0
29,31200,0.0,0.0,0.41670706253833023,0,0
30,32240,0.0,0.0,0.4146736003570353,0,0
31,33280,0.0,0.0,0.5514022389541661,0,0
32,34320,0.0,0.0,0.6549312383786544,0,0
33,35360,0.0,0.0,0.6736111776390246,0,0
34,36400,0.0,0.0,0.6277687592395349,0,0
35,37440,0.0,0.0,0.6354064321955508,0,0
36,38480,0.0,0.0,0.6502274371046332,0,0
37,39520,0.0,0.0,0.6509149333467698,0,0
38,40560,0.0,0.0,0.6523943109987693,0,0
39,41600,0.0,0.0,0.6273621490055574,0,0
40,42640,0.0,0.0,0.6718397131177872,0,0
41,43680,0.0,0.0,0.6223785018087569,0,0
42,44720,0.0,0.0,0.6596680151121078,0,0
43,45760,0.0,0.0,0.5096066064280582,0,0
44,46800,0.0,0.0,0.6139895973551338,0,0
45,47840,0.0,0.0,0.6927685805657672,0,0
46,48880,0.0,0.0,0.6814149377754147,0,0
47,49920,0.0,0.0,0.677216701269745,0,0
48,50960,0.0,0.0,0.7370628793684614,0,0
49,52000,0.0,0.0,0.7204602946663632,0,0
