t,bytes_sent,utility,pheromone,f1_val,agg_count,rollback
0,1040,0.0,0.0,0.14022662889518414,0,0
1,2080,0.0,0.0,0.08833063209076175,0,0
2,3120,0.0,0.0,0.35661194703100296,0,0
3,4160,0.0,0.0,0.3742530324432519,0,0
4,5200,0.0,0.0,0.1933578703892359,0,0
5,6240,0.0,0.0,0.14022662889518414,0,0
6,7280,0.0,0.0,0.14022662889518414,0,0
7,8320,0.0,0.0,0.14022662889518414,0,0
8,9360,0.0,0.0,0.14022662889518414,0,0
9,10400,0.0,0.0,0.14022662889518414,0,0
10,11440,0.0,0.0,0.6768197847288598,0,0
11,12480,0.0,0.0,0.6772178886612057,0,0
12,13520,0.0,0.0,0.6605009059206011,0,0
13,14560,0.0,0.0,0.37302342190136495,0,0
14,15600,0.0,0.0,0.36903524537524574,0,0
15,16640,0.0,0.0,0.3697745814631529,0,0
16,17680,0.0,0.0,0.3708613641313826,0,0
17,18720,0.0,0.0,0.37258562743122636,0,0
18,19760,0.0,0.0,0.6659591955982151,0,0
19,20800,0.0,0.0,0.6688564953637295,0,0
20,21840,0.0,0.0,0.6655793724867287,0,0
21,22880,0.0,0.0,0.6658497406060195,0,0
22,23920,0.0,0.0,0.666190335310143,0,0
23,24960,0.0,0.0,0.6658863528813858,0,0
24,26000,0.0,0.0,0.6652859985161895,0,0
25,27040,0.0,0.0,0.6655794639308215,0,0
26,28080,0.0,0.0,0.6646966951234909,0,0
27,29120,0.0,0.0,0.665507627819671,0,0
28,30160,0.0,0.0,0.6654227332840492,0,0
29,31200,0.0,0.0,0.9481013589986981,0,0
30,32240,0.0,0.0,0.9476865103359042,0,0
31,33280,0.0,0.0,0.945741852141551,0,0
32,34320,0.0,0.0,0.9416166573800256,0,0
33,35360,0.0,0.0,0.941514819819577,0,0
34,36400,0.0,0.0,0.9381410939088635,0,0
35,37440,0.0,0.0,0.9398220179372099,0,0
36,38480,0.0,0.0,0.9405611319383395,0,0
37,39520,0.0,0.0,0.9430453914262991,0,0
38,40560,0.0,0.0,0.940745612040699,0,0
39,41600,0.0,0.0,0.9452316745474444,0,0
40,42640,0.0,0.0,0.9410910971044848,0,0
41,43680,0.0,0.0,0.9479184870210149,0,0
42,44720,0.0,0.0,0.9568831150990647,0,0
43,45760,0.0,0.0,0.9416309921818411,0,0
44,46800,0.0,0.0,0.9480485124011451,0,0
45,47840,0.0,0.0,0.9570382552044064,0,0
46,48880,0.0,0.0,0.939876657815478,0,0
47,49920,0.0,0.0,0.6387728577080505,0,0
48,50960,0.0,0.0,0.879834047740447,0,0
49,52000,0.0,0.0,0.6241638885836446,0,0
