t,bytes_sent,utility,pheromone,f1_val,agg_count,rollback
0,1040,0.0,0.0,0.08954368264159597,0,0
1,2080,0.0,0.0,0.10398230088495575,0,0
2,3120,0.0,0.0,0.3943332013859141,0,0
3,4160,0.0,0.0,0.1415964701163257,0,0
4,5200,0.0,0.0,0.14142628205128205,0,0
5,6240,0.0,0.0,0.14142628205128205,0,0
6,7280,0.0,0.0,0.14142628205128205,0,0
7,8320,0.0,0.0,0.14142628205128205,0,0
8,9360,0.0,0.0,0.14142628205128205,0,0
9,10400,0.0,0.0,0.14142628205128205,0,0
10,11440,0.0,0.0,0.14142628205128205,0,0
11,12480,0.0,0.0,0.25273197479972,0,0
12,13520,0.0,0.0,0.4166544795555117,0,0
13,14560,0.0,0.0,0.6977649820271274,0,0
14,15600,0.0,0.0,0.59031576484058,0,0
15,16640,0.0,0.0,0.707300005222427,0,0
16,17680,0.0,0.0,0.6009149163881694,0,0
17,18720,0.0,0.0,0.7102313781195689,0,0
18,19760,0.0,0.0,0.7112641556013506,0,0
19,20800,0.0,0.0,0.710970917380809,0,0
20,21840,0.0,0.0,0.7109985389461638,0,0
21,22880,0.0,0.0,0.709965291213394,0,0
22,23920,0.0,0.0,0.698806322763317,0,0
23,24960,0.0,0.0,0.7086355610416801,0,0
24,26000,0.0,0.0,0.6979500730326981,0,0
25,27040,0.0,0.0,0.6992535260585606,0,0
26,28080,0.0,0.0,0.6971403968420818,0,0
27,29120,0.0,0.0,0.7038432891227522,0,0
28,30160,0.0,0.0,0.6951107356924833,0,0
29,31200,0.0,0.0,0.6971115236565787,0,0
30,32240,0.0,0.0,0.6966827115685563,0,0
31,33280,0.0,0.0,0.7930365423583161,0,0
32,34320,0.0,0.0,0.955669075238694,0,0
33,35360,0.0,0.0,0.7950004787674095,0,0
34,36400,0.0,0.0,0.9138400017824347,0,0
35,37440,0.0,0.0,0.8232903638529889,0,0
36,38480,0.0,0.0,0.9609954300081833,0,0
37,39520,0.0,0.0,0.8088467420924963,0,0
38,40560,0.0,0.0,0.8246809892371547,0,0
39,41600,0.0,0.0,0.8247814060608525,0,0
40,42640,0.0,0.0,0.9612234287875385,0,0
41,43680,0.0,0.0,0.5968678216656408,0,0
42,44720,0.0,0.0,0.8238276089592989,0,0
43,45760,0.0,0.0,0.9591690227481335,0,0
44,46800,0.0,0.0,0.9600817277459578,0,0
45,47840,0.0,0.0,0.8121128619001045,0,0
46,48880,0.0,0.0,0.6490095353527376,0,0
47,49920,0.0,0.0,0.7930869565237273,0,0
48,50960,0.0,0.0,0.945300799864486,0,0
49,52000,0.0,0.0,0.8022252918009458,0,0
