t,bytes_sent,utility,pheromone,f1_val,agg_count,rollback
0,1040,0.0,0.0,0.1417771333885667,0,0
1,2080,0.0,0.0,0.1417771333885667,0,0
2,3120,0.0,0.0,0.1417771333885667,0,0
3,4160,0.0,0.0,0.1417771333885667,0,0
4,5200,0.0,0.0,0.1417771333885667,0,0
5,6240,0.0,0.0,0.1417771333885667,0,0
6,7280,0.0,0.0,0.1417771333885667,0,0
7,8320,0.0,0.0,0.1417771333885667,0,0
8,9360,0.0,0.0,0.1417771333885667,0,0
9,10400,0.0,0.0,0.1417771333885667,0,0
10,11440,0.0,0.0,0.1417771333885667,0,0
11,12480,0.0,0.0,0.32969072902425844,0,0
12,13520,0.0,0.0,0.4163461343671842,0,0
13,14560,0.0,0.0,0.7139575110290329,0,0
14,15600,0.0,0.0,0.7013425800115826,0,0
15,16640,0.0,0.0,0.7134990257686797,0,0
16,17680,0.0,0.0,0.7004013652469925,0,0
17,18720,0.0,0.0,0.7008025720857128,0,0
18,19760,0.0,0.0,0.6989509584713486,0,0
19,20800,0.0,0.0,0.7001288903417247,0,0
20,21840,0.0,0.0,0.6998656982151524,0,0
21,22880,0.0,0.0,0.6991496675670532,0,0
22,23920,0.0,0.0,0.6804172560713273,0,0
23,24960,0.0,0.0,0.692760454374533,0,0
24,26000,0.0,0.0,0.7007512774529193,0,0
25,27040,0.0,0.0,0.7005072917861883,0,0
26,28080,0.0,0.0,0.6933080203517432,0,0
27,29120,0.0,0.0,0.6792657069561568,0,0
28,30160,0.0,0.0,0.7001534558173058,0,0
29,31200,0.0,0.0,0.7022191751140008,0,0
30,32240,0.0,0.0,0.699973153059608,0,0
31,33280,0.0,0.0,0.688448461303087,0,0
32,34320,0.0,0.0,0.7008747778078441,0,0
33,35360,0.0,0.0,0.5300676229408372,0,0
34,36400,0.0,0.0,0.7012886193482484,0,0
35,37440,0.0,0.0,0.7027149797426105,0,0
36,38480,0.0,0.0,0.7067874832879771,0,0
37,39520,0.0,0.0,0.7136017037212156,0,0
38,40560,0.0,0.0,0.6898611684939582,0,0
39,41600,0.0,0.0,0.6222680822693245,0,0
40,42640,0.0,0.0,0.6843986410805448,0,0
41,43680,0.0,0.0,0.69823094836745,0,0
42,44720,0.0,0.0,0.6620198918669897,0,0
43,45760,0.0,0.0,0.7121107877353701,0,0
44,46800,0.0,0.0,0.6928592365972538,0,0
45,47840,0.0,0.0,0.6966995854238437,0,0
46,48880,0.0,0.0,0.5097516485795852,0,0
47,49920,0.0,0.0,0.6826081641973172,0,0
48,50960,0.0,0.0,0.6924617911432298,0,0
49,52000,0.0,0.0,0.7117812533796823,0,0
