t,bytes_sent,utility,pheromone,f1_val,agg_count,rollback
0,1040,0.0,0.0,0.20305027788548533,0,0
1,2080,0.0,0.0,0.30380970798684975,0,0
2,3120,0.0,0.0,0.717629323623435,0,0
3,4160,0.0,0.0,0.47069615383150304,0,0
4,5200,0.0,0.0,0.4736047732282757,0,0
5,6240,0.0,0.0,0.5279373137737357,0,0
6,7280,0.0,0.0,0.5862903695773143,0,0
7,8320,0.0,0.0,0.5903656179920279,0,0
8,9360,0.0,0.0,0.5872169983432288,0,0
9,10400,0.0,0.0,0.5884311735880811,0,0
10,11440,0.0,0.0,0.5877106798115178,0,0
11,12480,0.0,0.0,0.8802710430239479,0,0
12,13520,0.0,0.0,0.5923698438733978,0,0
13,14560,0.0,0.0,0.9566248843038749,0,0
14,15600,0.0,0.0,0.30765964764372966,0,0
15,16640,0.0,0.0,0.46394276199379875,0,0
16,17680,0.0,0.0,0.7554232914987078,0,0
17,18720,0.0,0.0,0.7473715076789476,0,0
18,19760,0.0,0.0,0.7654836750970578,0,0
19,20800,0.0,0.0,0.7557204168262729,0,0
20,21840,0.0,0.0,0.8563503052015746,0,0
21,22880,0.0,0.0,0.8896905508132389,0,0
22,23920,0.0,0.0,0.8485226441275773,0,0
23,24960,0.0,0.0,0.8783295780733973,0,0
24,26000,0.0,0.0,0.783039961628401,0,0
25,27040,0.0,0.0,0.8566294522744947,0,0
26,28080,0.0,0.0,0.7783815549573818,0,0
27,29120,0.0,0.0,0.866939916705499,0,0
28,30160,0.0,0.0,0.7754616736452695,0,0
29,31200,0.0,0.0,0.8468465846116643,0,0
30,32240,0.0,0.0,0.8423607398233208,0,0
31,33280,0.0,0.0,0.7986475813700451,0,0
32,34320,0.0,0.0,0.8516073095905028,0,0
33,35360,0.0,0.0,0.8863642590434917,0,0
34,36400,0.0,0.0,0.6265689972046283,0,0
35,37440,0.0,0.0,0.6383547803610314,0,0
36,38480,0.0,0.0,0.6310136720890346,0,0
37,39520,0.0,0.0,0.6250934023366447,0,0
38,40560,0.0,0.0,0.6118901368232611,0,0
39,41600,0.0,0.0,0.6051605969714202,0,0
40,42640,0.0,0.0,0.6033150024782722,0,0
41,43680,0.0,0.0,0.6007306603154313,0,0
42,44720,0.0,0.0,0.597236815147263,0,0
43,45760,0.0,0.0,0.5922498903646571,0,0
44,46800,0.0,0.0,0.5778299040577153,0,0
45,47840,0.0,0.0,0.5664466887510394,0,0
46,48880,0.0,0.0,0.5625969942007677,0,0
47,49920,0.0,0.0,0.5731290931126144,0,0
48,50960,0.0,0.0,0.5850357577117538,0,0
49,52000,0.0,0.0,0.5970521992150619,0,0
