t,bytes_sent,utility,pheromone,f1_val,agg_count,rollback
0,1040,0.0,0.0,0.7010509272518727,0,0
1,2080,0.0,0.0,0.6991532556897917,0,0
2,3120,0.0,0.0,0.7147808161315508,0,0
3,4160,0.0,0.0,0.7153199085391703,0,0
4,5200,0.0,0.0,0.689355186087503,0,0
5,6240,0.0,0.0,0.7006374336408369,0,0
6,7280,0.0,0.0,0.7041606468140165,0,0
7,8320,0.0,0.0,0.7042363530536486,0,0
8,9360,0.0,0.0,0.7125886137584895,0,0
9,10400,0.0,0.0,0.712864191253356,0,0
10,11440,0.0,0.0,0.6870904514185652,0,0
11,12480,0.0,0.0,0.6984946282267817,0,0
12,13520,0.0,0.0,0.7045150611048445,0,0
13,14560,0.0,0.0,0.697932672469054,0,0
14,15600,0.0,0.0,0.7128992227996457,0,0
15,16640,0.0,0.0,0.6994120767997494,0,0
16,17680,0.0,0.0,0.6998273732242204,0,0
17,18720,0.0,0.0,0.7040590228906105,0,0
18,19760,0.0,0.0,0.7062413948659614,0,0
19,20800,0.0,0.0,0.7122991850942948,0,0
20,21840,0.0,0.0,0.7107351845796545,0,0
21,22880,0.0,0.0,0.699691474857948,0,0
22,23920,0.0,0.0,0.699352924935977,0,0
23,24960,0.0,0.0,0.7005760146587799,0,0
24,26000,0.0,0.0,0.7002247830613407,0,0
25,27040,0.0,0.0,0.7010799926900608,0,0
26,28080,0.0,0.0,0.6947190137000855,0,0
27,29120,0.0,0.0,0.7146934835364456,0,0
28,30160,0.0,0.0,0.6965257963474094,0,0
29,31200,0.0,0.0,0.7118341202780033,0,0
30,32240,0.0,0.0,0.7042570495263347,0,0
31,33280,0.0,0.0,0.7026426109362572,0,0
32,34320,0.0,0.0,0.7021844127513406,0,0
33,35360,0.0,0.0,0.7226147482316859,0,0
34,36400,0.0,0.0,0.7078253797246417,0,0
35,37440,0.0,0.0,0.7064507107823913,0,0
36,38480,0.0,0.0,0.7117538509704812,0,0
37,39520,0.0,0.0,0.7083395971242434,0,0
38,40560,0.0,0.0,0.7068416652672357,0,0
39,41600,0.0,0.0,0.7080568296705949,0,0
40,42640,0.0,0.0,0.7762755755611307,0,0
41,43680,0.0,0.0,0.9439908522322327,0,0
42,44720,0.0,0.0,0.8289451995229002,0,0
43,45760,0.0,0.0,0.8398370001616738,0,0
44,46800,0.0,0.0,0.8132500775770177,0,0
45,47840,0.0,0.0,0.8246200205278378,0,0
46,48880,0.0,0.0,0.8061646658891238,0,0
47,49920,0.0,0.0,0.8075642705769952,0,0
48,50960,0.0,0.0,0.8162074867666381,0,0
49,52000,0.0,0.0,0.8119785005345524,0,0
