t,bytes_sent,utility,pheromone,f1_val,agg_count,rollback
0,1040,0.0,0.0,0.370945918318037,0,0
1,2080,0.0,0.0,0.14022662889518414,0,0
2,3120,0.0,0.0,0.14022662889518414,0,0
3,4160,0.0,0.0,0.14022662889518414,0,0
4,5200,0.0,0.0,0.14022662889518414,0,0
5,6240,0.0,0.0,0.14022662889518414,0,0
6,7280,0.0,0.0,0.14022662889518414,0,0
7,8320,0.0,0.0,0.14022662889518414,0,0
8,9360,0.0,0.0,0.14022662889518414,0,0
9,10400,0.0,0.0,0.14631148057546248,0,0
10,11440,0.0,0.0,0.4183209368639341,0,0
11,12480,0.0,0.0,0.6549318933848082,0,0
12,13520,0.0,0.0,0.5171209702605849,0,0
13,14560,0.0,0.0,0.4979325646764242,0,0
14,15600,0.0,0.0,0.6649195174641742,0,0
15,16640,0.0,0.0,0.6654878218357908,0,0
16,17680,0.0,0.0,0.66555215034353,0,0
17,18720,0.0,0.0,0.663653370273114,0,0
18,19760,0.0,0.0,0.6632243578091852,0,0
19,20800,0.0,0.0,0.6635168575385294,0,0
20,21840,0.0,0.0,0.6630876829495392,0,0
21,22880,0.0,0.0,0.6634327794249648,0,0
22,23920,0.0,0.0,0.6634327794249648,0,0
23,24960,0.0,0.0,0.6649133396820787,0,0
24,26000,0.0,0.0,0.6631435409938631,0,0
25,27040,0.0,0.0,0.6632886335266462,0,0
26,28080,0.0,0.0,0.6628651329978807,0,0
27,29120,0.0,0.0,0.6632093191231165,0,0
28,30160,0.0,0.0,0.9530267449092469,0,0
29,31200,0.0,0.0,0.9548529467648539,0,0
30,32240,0.0,0.0,0.9380125649271918,0,0
31,33280,0.0,0.0,0.9490559629909247,0,0
32,34320,0.0,0.0,0.9529991999335372,0,0
33,35360,0.0,0.0,0.9382215928998564,0,0
34,36400,0.0,0.0,0.9400167265038577,0,0
35,37440,0.0,0.0,0.9549979990622869,0,0
36,38480,0.0,0.0,0.939582948006757,0,0
37,39520,0.0,0.0,0.949849151049706,0,0
38,40560,0.0,0.0,0.9419235008184277,0,0
39,41600,0.0,0.0,0.8997801720348331,0,0
40,42640,0.0,0.0,0.9431835408501454,0,0
41,43680,0.0,0.0,0.9458728534271844,0,0
42,44720,0.0,0.0,0.9470917349788056,0,0
43,45760,0.0,0.0,0.9400433769493237,0,0
44,46800,0.0,0.0,0.941792420447994,0,0
45,47840,0.0,0.0,0.9391847767962029,0,0
46,48880,0.0,0.0,0.9392601544796353,0,0
47,49920,0.0,0.0,0.9394608063678975,0,0
48,50960,0.0,0.0,0.9510116965364263,0,0
49,52000,0.0,0.0,0.9411041148077675,0,0
