t,bytes_sent,utility,pheromone,f1_val,agg_count,rollback
0,1040,0.0,0.0,0.9404076546649035,0,0
1,2080,0.0,0.0,0.9513505905178892,0,0
2,3120,0.0,0.0,0.9281781998045429,0,0
3,4160,0.0,0.0,0.9342040398074978,0,0
4,5200,0.0,0.0,0.7442670712136258,0,0
5,6240,0.0,0.0,0.9209432164447441,0,0
6,7280,0.0,0.0,0.9411029824135668,0,0
7,8320,0.0,0.0,0.9391566478929211,0,0
8,9360,0.0,0.0,0.944671399825121,0,0
9,10400,0.0,0.0,0.9518654482231754,0,0
10,11440,0.0,0.0,0.9376593727420961,0,0
11,12480,0.0,0.0,0.940797671443547,0,0
12,13520,0.0,0.0,0.9501520295778036,0,0
13,14560,0.0,0.0,0.9518015139425413,0,0
14,15600,0.0,0.0,0.9418847281377697,0,0
15,16640,0.0,0.0,0.9520082805158806,0,0
16,17680,0.0,0.0,0.9350659824574725,0,0
17,18720,0.0,0.0,0.9488972005119907,0,0
18,19760,0.0,0.0,0.9353375162989277,0,0
19,20800,0.0,0.0,0.9346682768567791,0,0
20,21840,0.0,0.0,0.9334554238294132,0,0
21,22880,0.0,0.0,0.9483995292199675,0,0
22,23920,0.0,0.0,0.9372474279674449,0,0
23,24960,0.0,0.0,0.946110791465668,0,0
24,26000,0.0,0.0,0.9511386775705577,0,0
25,27040,0.0,0.0,0.936791793028822,0,0
26,28080,0.0,0.0,0.9349593590496408,0,0
27,29120,0.0,0.0,0.9312052600661143,0,0
28,30160,0.0,0.0,0.9331690311079658,0,0
29,31200,0.0,0.0,0.9306390548592238,0,0
30,32240,0.0,0.0,0.9326590591195028,0,0
31,33280,0.0,0.0,0.9343414391653981,0,0
32,34320,0.0,0.0,0.9326909360346435,0,0
33,35360,0.0,0.0,0.9460640920786869,0,0
34,36400,0.0,0.0,0.946681213100994,0,0
35,37440,0.0,0.0,0.9459486339897825,0,0
36,38480,0.0,0.0,0.9357034812481038,0,0
37,39520,0.0,0.0,0.9355240997239903,0,0
38,40560,0.0,0.0,0.9510226615620453,0,0
39,41600,0.0,0.0,0.9473421692448303,0,0
40,42640,0.0,0.0,0.9176674176119214,0,0
41,43680,0.0,0.0,0.9500718452178325,0,0
42,44720,0.0,0.0,0.949322795504008,0,0
43,45760,0.0,0.0,0.9503383443813123,0,0
44,46800,0.0,0.0,0.95424587812334,0,0
45,47840,0.0,0.0,0.9517442218336466,0,0
46,48880,0.0,0.0,0.9518193702291895,0,0
47,49920,0.0,0.0,0.9554681044360416,0,0
48,50960,0.0,0.0,0.9551316848963997,0,0
49,52000,0.0,0.0,0.955436184336909,0,0
