t,bytes_sent,utility,pheromone,f1_val,agg_count,rollback
0,1040,0.0,0.0,0.6720464564796393,0,0
1,2080,0.0,0.0,0.5613074337812153,0,0
2,3120,0.0,0.0,0.6242965568390755,0,0
3,4160,0.0,0.0,0.4855545648820729,0,0
4,5200,0.0,0.0,0.676403282136189,0,0
5,6240,0.0,0.0,0.6151129337032769,0,0
6,7280,0.0,0.0,0.6858617403960661,0,0
7,8320,0.0,0.0,0.589056156988165,0,0
8,9360,0.0,0.0,0.8403645168912492,0,0
9,10400,0.0,0.0,0.8891505607685755,0,0
10,11440,0.0,0.0,0.8115357770346666,0,0
11,12480,0.0,0.0,0.9208162214245877,0,0
12,13520,0.0,0.0,0.8421081727988362,0,0
13,14560,0.0,0.0,0.8952574736693042,0,0
14,15600,0.0,0.0,0.8391070505141751,0,0
15,16640,0.0,0.0,0.8358351708003287,0,0
16,17680,0.0,0.0,0.8357050842688656,0,0
17,18720,0.0,0.0,0.747892428135082,0,0
18,19760,0.0,0.0,0.8230324491567449,0,0
19,20800,0.0,0.0,0.8221103148106642,0,0
20,21840,0.0,0.0,0.8175639066375011,0,0
21,22880,0.0,0.0,0.8242449742408249,0,0
22,23920,0.0,0.0,0.8029128056223973,0,0
23,24960,0.0,0.0,0.8013744499037487,0,0
24,26000,0.0,0.0,0.8176227722162295,0,0
25,27040,0.0,0.0,0.7983576619452732,0,0
26,28080,0.0,0.0,0.7982369397423876,0,0
27,29120,0.0,0.0,0.8186291147857703,0,0
28,30160,0.0,0.0,0.5759312454576175,0,0
29,31200,0.0,0.0,0.6635826094212088,0,0
30,32240,0.0,0.0,0.8028563341936542,0,0
31,33280,0.0,0.0,0.8056230706398295,0,0
32,34320,0.0,0.0,0.8342914117286035,0,0
33,35360,0.0,0.0,0.8338597739649185,0,0
34,36400,0.0,0.0,0.8358409924512202,0,0
35,37440,0.0,0.0,0.8423618170480338,0,0
36,38480,0.0,0.0,0.844157790825532,0,0
37,39520,0.0,0.0,0.8295067893570466,0,0
38,40560,0.0,0.0,0.8389590621820117,0,0
39,41600,0.0,0.0,0.8381825942931427,0,0
40,42640,0.0,0.0,0.8350482493746997,0,0
41,43680,0.0,0.0,0.8298242485867671,0,0
42,44720,0.0,0.0,0.8282039746962893,0,0
43,45760,0.0,0.0,0.826161126535608,0,0
44,46800,0.0,0.0,0.8284478688187618,0,0
45,47840,0.0,0.0,0.8239000400315634,0,0
46,48880,0.0,0.0,0.8160708548781044,0,0
47,49920,0.0,0.0,0.8099702570757901,0,0
48,50960,0.0,0.0,0.8097427768570241,0,0
49,52000,0.0,0.0,0.8097427768570241,0,0
