t,bytes_sent,utility,pheromone,f1_val,agg_count,rollback
0,1040,0.0,0.0,0.30380970798684975,0,0
1,2080,0.0,0.0,0.30380970798684975,0,0
2,3120,0.0,0.0,0.30380970798684975,0,0
3,4160,0.0,0.0,0.7052317095420544,0,0
4,5200,0.0,0.0,0.6438767391962852,0,0
5,6240,0.0,0.0,0.7283499668227215,0,0
6,7280,0.0,0.0,0.915940891416229,0,0
7,8320,0.0,0.0,0.5895606424821768,0,0
8,9360,0.0,0.0,0.5604166282945285,0,0
9,10400,0.0,0.0,0.5289553147989774,0,0
10,11440,0.0,0.0,0.5073706250796474,0,0
11,12480,0.0,0.0,0.5411901367859638,0,0
12,13520,0.0,0.0,0.5882450178961426,0,0
13,14560,0.0,0.0,0.5897440178866103,0,0
14,15600,0.0,0.0,0.5871548494983967,0,0
15,16640,0.0,0.0,0.5865997801418018,0,0
16,17680,0.0,0.0,0.585303233790239,0,0
17,18720,0.0,0.0,0.58437678629447,0,0
18,19760,0.0,0.0,0.5743499292084573,0,0
19,20800,0.0,0.0,0.5647920573873546,0,0
20,21840,0.0,0.0,0.5958130848356412,0,0
21,22880,0.0,0.0,0.5898856469870177,0,0
22,23920,0.0,0.0,0.5907896267438956,0,0
23,24960,0.0,0.0,0.8866411609278755,0,0
24,26000,0.0,0.0,0.5959754191531684,0,0
25,27040,0.0,0.0,0.8979784017218577,0,0
26,28080,0.0,0.0,0.8938364624505929,0,0
27,29120,0.0,0.0,0.889963015346825,0,0
28,30160,0.0,0.0,0.5915465883046115,0,0
29,31200,0.0,0.0,0.5868047500421603,0,0
30,32240,0.0,0.0,0.5823029897753674,0,0
31,33280,0.0,0.0,0.5840060272384577,0,0
32,34320,0.0,0.0,0.5623718798271605,0,0
33,35360,0.0,0.0,0.5015542364546851,0,0
34,36400,0.0,0.0,0.6285169841060695,0,0
35,37440,0.0,0.0,0.6340722855993494,0,0
36,38480,0.0,0.0,0.630088265884366,0,0
37,39520,0.0,0.0,0.6482825141354257,0,0
38,40560,0.0,0.0,0.6484549349766189,0,0
39,41600,0.0,0.0,0.6480960754887769,0,0
40,42640,0.0,0.0,0.6469778278837844,0,0
41,43680,0.0,0.0,0.6583793920407418,0,0
42,44720,0.0,0.0,0.6573575243099748,0,0
43,45760,0.0,0.0,0.6553806807804926,0,0
44,46800,0.0,0.0,0.6585662932355569,0,0
45,47840,0.0,0.0,0.6470776197028932,0,0
46,48880,0.0,0.0,0.6463322343598829,0,0
47,49920,0.0,0.0,0.6461459322570434,0,0
48,50960,0.0,0.0,0.6465185540655983,0,0
49,52000,0.0,0.0,0.6465185540655983,0,0
