t,bytes_sent,utility,pheromone,f1_val,agg_count,rollback
0,4160,0.0,0.0,0.33162711338607104,0,0
1,8320,0.0,0.0,0.3178069979942055,0,0
2,12480,0.0,0.0,0.323943661971831,0,0
3,16640,0.0,0.0,0.32387008857597094,0,0
4,20800,0.0,0.0,0.32387008857597094,0,0
5,24960,0.0,0.0,0.3237965485921889,0,0
6,29120,0.0,0.0,0.3232094288304624,0,0
7,33280,0.0,0.0,0.31465136804942634,0,0
8,37440,0.0,0.0,0.3030818278427205,0,0
9,41600,0.0,0.0,0.29578925534121553,0,0
10,45760,0.0,0.0,0.28936688311688313,0,0
11,49920,0.0,0.0,0.2835751672960975,0,0
12,54080,0.0,0.0,0.28072937163846257,0,0
13,58240,0.0,0.0,0.280398322851153,0,0
14,62400,0.0,0.0,0.2803432239470754,0,0
15,66560,0.0,0.0,0.28008895866038724,0,0
16,70720,0.0,0.0,0.27992416813754334,0,0
17,74880,0.0,0.0,0.2803432239470754,0,0
18,79040,0.0,0.0,0.280398322851153,0,0
19,83200,0.0,0.0,0.280398322851153,0,0
20,87360,0.0,0.0,0.280398322851153,0,0
21,91520,0.0,0.0,0.280398322851153,0,0
22,95680,0.0,0.0,0.28045344341786255,0,0
23,99840,0.0,0.0,0.280784622449649,0,0
24,104000,0.0,0.0,0.28200566646899916,0,0
25,108160,0.0,0.0,0.2826761772670233,0,0
26,112320,0.0,0.0,0.28385727550072953,0,0
27,116480,0.0,0.0,0.2847069779817734,0,0
28,120640,0.0,0.0,0.2870556673373575,0,0
29,124800,0.0,0.0,0.2883902701974261,0,0
30,128960,0.0,0.0,0.2908003804864791,0,0
31,133120,0.0,0.0,0.29062266585183677,0,0
32,137280,0.0,0.0,0.28926736955934035,0,0
33,141440,0.0,0.0,0.2882154882154882,0,0
34,145600,0.0,0.0,0.28746054133924376,0,0
35,149760,0.0,0.0,0.2857905982905983,0,0
36,153920,0.0,0.0,0.28430981798857446,0,0
37,158080,0.0,0.0,0.2833498841443231,0,0
38,162240,0.0,0.0,0.2833498841443231,0,0
39,166400,0.0,0.0,0.2836315440689198,0,0
40,170560,0.0,0.0,0.28425317128245997,0,0
41,174720,0.0,0.0,0.2861919090605149,0,0
42,178880,0.0,0.0,0.2879827748620643,0,0
43,183040,0.0,0.0,0.28879892037786775,0,0
44,187200,0.0,0.0,0.2892087303196162,0,0
45,191360,0.0,0.0,0.28932603258297845,0,0
46,195520,0.0,0.0,0.2889744109108095,0,0
47,199680,0.0,0.0,0.28879892037786775,0,0
48,203840,0.0,0.0,0.28827372533171686,0,0
49,208000,0.0,0.0,0.2880409179621778,0,0
