t,bytes_sent,utility,pheromone,f1_val,agg_count,rollback
0,4160,0.0,0.0,0.08899598393574297,0,0
1,8320,0.0,0.0,0.1297208538587849,0,0
2,12480,0.0,0.0,0.16102110947471773,0,0
3,16640,0.0,0.0,0.14260793720017445,0,0
4,20800,0.0,0.0,0.09008575779434158,0,0
5,24960,0.0,0.0,0.13973543813491193,0,0
6,29120,0.0,0.0,0.0894132755437836,0,0
7,33280,0.0,0.0,0.11103389699637094,0,0
8,37440,0.0,0.0,0.13738887664389096,0,0
9,41600,0.0,0.0,0.14215044376545904,0,0
10,45760,0.0,0.0,0.1427221858876535,0,0
11,49920,0.0,0.0,0.14386193894568922,0,0
12,54080,0.0,0.0,0.1456752655538695,0,0
13,58240,0.0,0.0,0.14601386481802428,0,0
14,62400,0.0,0.0,0.1462393532553775,0,0
15,66560,0.0,0.0,0.1462393532553775,0,0
16,70720,0.0,0.0,0.14657721993796438,0,0
17,74880,0.0,0.0,0.14825999424791486,0,0
18,79040,0.0,0.0,0.14870689655172414,0,0
19,83200,0.0,0.0,0.14870689655172414,0,0
20,87360,0.0,0.0,0.14904156795175533,0,0
21,91520,0.0,0.0,0.1489300588826655,0,0
22,95680,0.0,0.0,0.14881850175967823,0,0
23,99840,0.0,0.0,0.14915302899799024,0,0
24,104000,0.0,0.0,0.149375807145932,0,0
25,108160,0.0,0.0,0.1497096149709615,0,0
26,112320,0.0,0.0,0.15037593984962405,0,0
27,116480,0.0,0.0,0.15104054923836088,0,0
28,120640,0.0,0.0,0.15170344975358904,0,0
29,124800,0.0,0.0,0.15247468264156325,0,0
30,128960,0.0,0.0,0.15335326783425887,0,0
31,133120,0.0,0.0,0.15466553046442266,0,0
32,137280,0.0,0.0,0.1568377881487767,0,0
33,141440,0.0,0.0,0.1583474337281444,0,0
34,145600,0.0,0.0,0.15909890883491729,0,0
35,149760,0.0,0.0,0.15942028985507248,0,0
36,153920,0.0,0.0,0.15931320807824925,0,0
37,158080,0.0,0.0,0.160061832490163,0,0
38,162240,0.0,0.0,0.160061832490163,0,0
39,166400,0.0,0.0,0.16038199564637315,0,0
40,170560,0.0,0.0,0.16059521302730398,0,0
41,174720,0.0,0.0,0.16038199564637315,0,0
42,178880,0.0,0.0,0.16048862679022746,0,0
43,183040,0.0,0.0,0.16027531956735497,0,0
44,187200,0.0,0.0,0.160061832490163,0,0
45,191360,0.0,0.0,0.15952732644017725,0,0
46,195520,0.0,0.0,0.15920608108108109,0,0
47,199680,0.0,0.0,0.15909890883491729,0,0
48,203840,0.0,0.0,0.15909890883491729,0,0
49,208000,0.0,0.0,0.15899169131108296,0,0
