t,bytes_sent,utility,pheromone,f1_val,agg_count,rollback
0,4160,0.0,0.0,0.20052013272352254,0,0
1,8320,0.0,0.0,0.24516443956312162,0,0
2,12480,0.0,0.0,0.24552398411243506,0,0
3,16640,0.0,0.0,0.24615573117686698,0,0
4,20800,0.0,0.0,0.24729197439684883,0,0
5,24960,0.0,0.0,0.24880797572605115,0,0
6,29120,0.0,0.0,0.24899299745925516,0,0
7,33280,0.0,0.0,0.24876176324913324,0,0
8,37440,0.0,0.0,0.24903929589686377,0,0
9,41600,0.0,0.0,0.24936386768447838,0,0
10,45760,0.0,0.0,0.2495497174088566,0,0
11,49920,0.0,0.0,0.24964274619447033,0,0
12,54080,0.0,0.0,0.24968928660203826,0,0
13,58240,0.0,0.0,0.24950322901142574,0,0
14,62400,0.0,0.0,0.2506706594297835,0,0
15,66560,0.0,0.0,0.25071758392612004,0,0
16,70720,0.0,0.0,0.25203864007025467,0,0
17,74880,0.0,0.0,0.2539501959297181,0,0
18,79040,0.0,0.0,0.2547229618359325,0,0
19,83200,0.0,0.0,0.2558420885068449,0,0
20,87360,0.0,0.0,0.256626429073258,0,0
21,91520,0.0,0.0,0.2570204055523572,0,0
22,95680,0.0,0.0,0.25761364364941974,0,0
23,99840,0.0,0.0,0.2578616352201258,0,0
24,104000,0.0,0.0,0.25806037251123953,0,0
25,108160,0.0,0.0,0.25830922532947603,0,0
26,112320,0.0,0.0,0.25840890089394813,0,0
27,116480,0.0,0.0,0.25860848297612155,0,0
28,120640,0.0,0.0,0.2589084348218313,0,0
29,124800,0.0,0.0,0.25925925925925924,0,0
30,128960,0.0,0.0,0.25865842667696665,0,0
31,133120,0.0,0.0,0.25905867182462927,0,0
32,137280,0.0,0.0,0.25935966950684225,0,0
33,141440,0.0,0.0,0.2609768771109379,0,0
34,145600,0.0,0.0,0.2608244076598507,0,0
35,149760,0.0,0.0,0.26067211625794734,0,0
36,153920,0.0,0.0,0.2604186920733683,0,0
37,158080,0.0,0.0,0.2598628896649851,0,0
38,162240,0.0,0.0,0.2595607235142119,0,0
39,166400,0.0,0.0,0.25925925925925924,0,0
40,170560,0.0,0.0,0.259008573454522,0,0
41,174720,0.0,0.0,0.25870838967226834,0,0
42,178880,0.0,0.0,0.25820962663067926,0,0
43,183040,0.0,0.0,0.25761364364941974,0,0
44,187200,0.0,0.0,0.2573166826769132,0,0
45,191360,0.0,0.0,0.2570204055523572,0,0
46,195520,0.0,0.0,0.2570204055523572,0,0
47,199680,0.0,0.0,0.2570204055523572,0,0
48,203840,0.0,0.0,0.2570204055523572,0,0
49,208000,0.0,0.0,0.2569710923509849,0,0
