t,bytes_sent,utility,pheromone,f1_val,agg_count,rollback
0,4160,0.0,0.0,0.06223805532271584,0,0
1,8320,0.0,0.0,0.02065167508031207,0,0
2,12480,0.0,0.0,0.020211299954065228,0,0
3,16640,0.0,0.0,0.020871559633027524,0,0
4,20800,0.0,0.0,0.024362477231329692,0,0
5,24960,0.0,0.0,0.020871559633027524,0,0
6,29120,0.0,0.0,0.024578971324533454,0,0
7,33280,0.0,0.0,0.02501136880400182,0,0
8,37440,0.0,0.0,0.025227272727272727,0,0
9,41600,0.0,0.0,0.025227272727272727,0,0
10,45760,0.0,0.0,0.02501136880400182,0,0
11,49920,0.0,0.0,0.025658492279745686,0,0
12,54080,0.0,0.0,0.025873808443032227,0,0
13,58240,0.0,0.0,0.025873808443032227,0,0
14,62400,0.0,0.0,0.025658492279745686,0,0
15,66560,0.0,0.0,0.025658492279745686,0,0
16,70720,0.0,0.0,0.025658492279745686,0,0
17,74880,0.0,0.0,0.025658492279745686,0,0
18,79040,0.0,0.0,0.025873808443032227,0,0
19,83200,0.0,0.0,0.025873808443032227,0,0
20,87360,0.0,0.0,0.025873808443032227,0,0
21,91520,0.0,0.0,0.026088929219600727,0,0
22,95680,0.0,0.0,0.029504504504504505,0,0
23,99840,0.0,0.0,0.033497096918267084,0,0
24,104000,0.0,0.0,0.033497096918267084,0,0
25,108160,0.0,0.0,0.03453654188948307,0,0
26,112320,0.0,0.0,0.03453654188948307,0,0
27,116480,0.0,0.0,0.034951024042742654,0,0
28,120640,0.0,0.0,0.038852097130242826,0,0
29,124800,0.0,0.0,0.04007045354469397,0,0
30,128960,0.0,0.0,0.04646113764654798,0,0
31,133120,0.0,0.0,0.04646113764654798,0,0
32,137280,0.0,0.0,0.05055938037865749,0,0
33,141440,0.0,0.0,0.059839865149599665,0,0
34,145600,0.0,0.0,0.0635185959047221,0,0
35,149760,0.0,0.0,0.06260469011725293,0,0
36,153920,0.0,0.0,0.06333612040133779,0,0
37,158080,0.0,0.0,0.06223805532271584,0,0
38,162240,0.0,0.0,0.06442869057547956,0,0
39,166400,0.0,0.0,0.061870805369127514,0,0
40,170560,0.0,0.0,0.061870805369127514,0,0
41,174720,0.0,0.0,0.061686949223667645,0,0
42,178880,0.0,0.0,0.0603956228956229,0,0
43,183040,0.0,0.0,0.06260469011725293,0,0
44,187200,0.0,0.0,0.061686949223667645,0,0
45,191360,0.0,0.0,0.06515403830141549,0,0
46,195520,0.0,0.0,0.06388308977035491,0,0
47,199680,0.0,0.0,0.0635185959047221,0,0
48,203840,0.0,0.0,0.0635185959047221,0,0
49,208000,0.0,0.0,0.06533499791926758,0,0
