t,bytes_sent,utility,pheromone,f1_val,agg_count,rollback
0,1040,0.0,0.0,0.9944609296138943,0,0
1,2080,0.0,0.0,0.9938554489473111,0,0
2,3120,0.0,0.0,0.991490485949629,0,0
3,4160,0.0,0.0,0.9923336433861609,0,0
4,5200,0.0,0.0,0.9841019500626469,0,0
5,6240,0.0,0.0,0.9920372758728229,0,0
6,7280,0.0,0.0,0.991479862271931,0,0
7,8320,0.0,0.0,0.9944117504162611,0,0
8,9360,0.0,0.0,0.8742492985791267,0,0
9,10400,0.0,0.0,0.9942226369520374,0,0
10,11440,0.0,0.0,0.9929126860801906,0,0
11,12480,0.0,0.0,0.9925782724684282,0,0
12,13520,0.0,0.0,0.89409422308299,0,0
13,14560,0.0,0.0,0.9926874967842629,0,0
14,15600,0.0,0.0,0.8024754255292849,0,0
15,16640,0.0,0.0,0.6822050491890522,0,0
16,17680,0.0,0.0,0.8660423929584289,0,0
17,18720,0.0,0.0,0.8417448620214767,0,0
18,19760,0.0,0.0,0.8302679899489042,0,0
19,20800,0.0,0.0,0.9500166589158072,0,0
20,21840,0.0,0.0,0.8691267472882339,0,0
21,22880,0.0,0.0,0.8379234629246074,0,0
22,23920,0.0,0.0,0.9771468874628303,0,0
23,24960,0.0,0.0,0.833737431249481,0,0
24,26000,0.0,0.0,0.9298329462140001,0,0
25,27040,0.0,0.0,0.9717200121520669,0,0
26,28080,0.0,0.0,0.9603342069162043,0,0
27,29120,0.0,0.0,0.8334925446953558,0,0
28,30160,0.0,0.0,0.9836028593594017,0,0
29,31200,0.0,0.0,0.8315337434437234,0,0
30,32240,0.0,0.0,0.9787963783809391,0,0
31,33280,0.0,0.0,0.6824740432665606,0,0
32,34320,0.0,0.0,0.8165928576638639,0,0
33,35360,0.0,0.0,0.831778569538582,0,0
34,36400,0.0,0.0,0.831778569538582,0,0
35,37440,0.0,0.0,0.831778569538582,0,0
36,38480,0.0,0.0,0.831288922861516,0,0
37,39520,0.0,0.0,0.8307992964236032,0,0
38,40560,0.0,0.0,0.8307992964236032,0,0
39,41600,0.0,0.0,0.8307992964236032,0,0
40,42640,0.0,0.0,0.829820089796863,0,0
41,43680,0.0,0.0,0.8305544896632144,0,0
42,44720,0.0,0.0,0.829820089796863,0,0
43,45760,0.0,0.0,0.8295752951433173,0,0
44,46800,0.0,0.0,0.829820089796863,0,0
45,47840,0.0,0.0,0.8295752951433173,0,0
46,48880,0.0,0.0,0.8295752951433173,0,0
47,49920,0.0,0.0,0.8295752951433173,0,0
48,50960,0.0,0.0,0.8295752951433173,0,0
49,52000,0.0,0.0,0.8295752951433173,0,0
