t,bytes_sent,utility,pheromone,f1_val,agg_count,rollback
0,4160,0.0,0.0,0.12660509123676503,0,0
1,8320,0.0,0.0,0.08901743391982003,0,0
2,12480,0.0,0.0,0.08915662650602409,0,0
3,16640,0.0,0.0,0.08901743391982003,0,0
4,20800,0.0,0.0,0.08915662650602409,0,0
5,24960,0.0,0.0,0.17993920972644376,0,0
6,29120,0.0,0.0,0.13791079812206572,0,0
7,33280,0.0,0.0,0.1362766740250184,0,0
8,37440,0.0,0.0,0.14218147420504984,0,0
9,41600,0.0,0.0,0.14320987654320988,0,0
10,45760,0.0,0.0,0.14590104730949802,0,0
11,49920,0.0,0.0,0.14635202424767266,0,0
12,54080,0.0,0.0,0.1469464272838705,0,0
13,58240,0.0,0.0,0.14762007633038093,0,0
14,62400,0.0,0.0,0.14525462962962962,0,0
15,66560,0.0,0.0,0.14241035711688124,0,0
16,70720,0.0,0.0,0.14795624640184227,0,0
17,74880,0.0,0.0,0.14862728187437113,0,0
18,79040,0.0,0.0,0.14951929975606257,0,0
19,83200,0.0,0.0,0.15184629669309335,0,0
20,87360,0.0,0.0,0.1549165779197728,0,0
21,91520,0.0,0.0,0.15140467510186575,0,0
22,95680,0.0,0.0,0.15107296137339057,0,0
23,99840,0.0,0.0,0.14951929975606257,0,0
24,104000,0.0,0.0,0.1442342538232949,0,0
25,108160,0.0,0.0,0.14593266868949575,0,0
26,112320,0.0,0.0,0.14795624640184227,0,0
27,116480,0.0,0.0,0.14806820634578027,0,0
28,120640,0.0,0.0,0.14536775873291388,0,0
29,124800,0.0,0.0,0.14818011796863761,0,0
30,128960,0.0,0.0,0.14806820634578027,0,0
31,133120,0.0,0.0,0.14762007633038093,0,0
32,137280,0.0,0.0,0.14795624640184227,0,0
33,141440,0.0,0.0,0.14818011796863761,0,0
34,145600,0.0,0.0,0.14773218142548597,0,0
35,149760,0.0,0.0,0.14862728187437113,0,0
36,153920,0.0,0.0,0.1500752526338422,0,0
37,158080,0.0,0.0,0.15085158150851583,0,0
38,162240,0.0,0.0,0.15206682373099165,0,0
39,166400,0.0,0.0,0.15349565712658408,0,0
40,170560,0.0,0.0,0.15458937198067632,0,0
41,174720,0.0,0.0,0.1561880487114132,0,0
42,178880,0.0,0.0,0.1561880487114132,0,0
43,183040,0.0,0.0,0.1561880487114132,0,0
44,187200,0.0,0.0,0.1574858757062147,0,0
45,191360,0.0,0.0,0.1584549235215338,0,0
46,195520,0.0,0.0,0.15866976678644404,0,0
47,199680,0.0,0.0,0.16102110947471773,0,0
48,203840,0.0,0.0,0.1621886369997201,0,0
49,208000,0.0,0.0,0.16176470588235295,0,0
