t,bytes_sent,utility,pheromone,f1_val,agg_count,rollback
0,4160,0.0,0.0,0.6021155962965238,0,0
1,8320,0.0,0.0,0.5865863276284412,0,0
2,12480,0.0,0.0,0.7494748005718709,0,0
3,16640,0.0,0.0,0.6660258203967641,0,0
4,20800,0.0,0.0,0.6366469643655903,0,0
5,24960,0.0,0.0,0.6199025354369545,0,0
6,29120,0.0,0.0,0.7399229860664335,0,0
7,33280,0.0,0.0,0.6421998238580783,0,0
8,37440,0.0,0.0,0.6782337699546218,0,0
9,41600,0.0,0.0,0.6489939724551521,0,0
10,45760,0.0,0.0,0.7250741880118095,0,0
11,49920,0.0,0.0,0.6827853439581855,0,0
12,54080,0.0,0.0,0.7474682796174162,0,0
13,58240,0.0,0.0,0.7327616814678152,0,0
14,62400,0.0,0.0,0.539597844570242,0,0
15,66560,0.0,0.0,0.7376564549434235,0,0
16,70720,0.0,0.0,0.7422259821142234,0,0
17,74880,0.0,0.0,0.7352914848345382,0,0
18,79040,0.0,0.0,0.766514649691836,0,0
19,83200,0.0,0.0,0.7662544995914637,0,0
20,87360,0.0,0.0,0.6038665386380881,0,0
21,91520,0.0,0.0,0.7496820378436658,0,0
22,95680,0.0,0.0,0.7345796372296771,0,0
23,99840,0.0,0.0,0.7215371352093201,0,0
24,104000,0.0,0.0,0.6761078574263346,0,0
25,108160,0.0,0.0,0.7355098726946783,0,0
26,112320,0.0,0.0,0.7390097262608991,0,0
27,116480,0.0,0.0,0.6879093586874399,0,0
28,120640,0.0,0.0,0.7719639441543676,0,0
29,124800,0.0,0.0,0.6797837210930203,0,0
30,128960,0.0,0.0,0.7191917696752795,0,0
31,133120,0.0,0.0,0.7457001244837465,0,0
32,137280,0.0,0.0,0.6355490137216321,0,0
33,141440,0.0,0.0,0.6732981473654336,0,0
34,145600,0.0,0.0,0.777222999156981,0,0
35,149760,0.0,0.0,0.7738738082774494,0,0
36,153920,0.0,0.0,0.7274963315363803,0,0
37,158080,0.0,0.0,0.741627002032048,0,0
38,162240,0.0,0.0,0.7173041386816063,0,0
39,166400,0.0,0.0,0.7355978879619496,0,0
40,170560,0.0,0.0,0.672542716800943,0,0
41,174720,0.0,0.0,0.6033595433683561,0,0
42,178880,0.0,0.0,0.7427088750063406,0,0
43,183040,0.0,0.0,0.6385304499216274,0,0
44,187200,0.0,0.0,0.7394469398527744,0,0
45,191360,0.0,0.0,0.7156965124557282,0,0
46,195520,0.0,0.0,0.7229620445871641,0,0
47,199680,0.0,0.0,0.6762183034101565,0,0
48,203840,0.0,0.0,0.6788937895165703,0,0
49,208000,0.0,0.0,0.6687632969481058,0,0
