t,bytes_sent,utility,pheromone,f1_val,agg_count,rollback
0,4160,0.0,0.0,0.6469764243003737,0,0
1,8320,0.0,0.0,0.7160905516706029,0,0
2,12480,0.0,0.0,0.8649718393759722,0,0
3,16640,0.0,0.0,0.9753570686636179,0,0
4,20800,0.0,0.0,0.7942403472163687,0,0
5,24960,0.0,0.0,0.8439324918194766,0,0
6,29120,0.0,0.0,0.8501495862214137,0,0
7,33280,0.0,0.0,0.8749475212468247,0,0
8,37440,0.0,0.0,0.8447659142198926,0,0
9,41600,0.0,0.0,0.8611189346698387,0,0
10,45760,0.0,0.0,0.8429090872077953,0,0
11,49920,0.0,0.0,0.7187479119585611,0,0
12,54080,0.0,0.0,0.8842921867883682,0,0
13,58240,0.0,0.0,0.8571819270327119,0,0
14,62400,0.0,0.0,0.9109825420151696,0,0
15,66560,0.0,0.0,0.8682564715032104,0,0
16,70720,0.0,0.0,0.8764841964564819,0,0
17,74880,0.0,0.0,0.9064367315056903,0,0
18,79040,0.0,0.0,0.9116843820056906,0,0
19,83200,0.0,0.0,0.9050837543919322,0,0
20,87360,0.0,0.0,0.8993296224205561,0,0
21,91520,0.0,0.0,0.9034076256765331,0,0
22,95680,0.0,0.0,0.8967144696632761,0,0
23,99840,0.0,0.0,0.8816137002118403,0,0
24,104000,0.0,0.0,0.8888274362850312,0,0
25,108160,0.0,0.0,0.8736646233117511,0,0
26,112320,0.0,0.0,0.8856111410748868,0,0
27,116480,0.0,0.0,0.8971499033262695,0,0
28,120640,0.0,0.0,0.8875755409767305,0,0
29,124800,0.0,0.0,0.8549076944016479,0,0
30,128960,0.0,0.0,0.9169082379608695,0,0
31,133120,0.0,0.0,0.9152300495346524,0,0
32,137280,0.0,0.0,0.9087089283303571,0,0
33,141440,0.0,0.0,0.8891506460733452,0,0
34,145600,0.0,0.0,0.9150111328069876,0,0
35,149760,0.0,0.0,0.9395075395223644,0,0
36,153920,0.0,0.0,0.8635007655283604,0,0
37,158080,0.0,0.0,0.8623544638746293,0,0
38,162240,0.0,0.0,0.8681309009283129,0,0
39,166400,0.0,0.0,0.8783756918737261,0,0
40,170560,0.0,0.0,0.8849289571627368,0,0
41,174720,0.0,0.0,0.8775284057711559,0,0
42,178880,0.0,0.0,0.8803199486602398,0,0
43,183040,0.0,0.0,0.8466497141212663,0,0
44,187200,0.0,0.0,0.881919701137134,0,0
45,191360,0.0,0.0,0.8822362288014521,0,0
46,195520,0.0,0.0,0.8849825007984475,0,0
47,199680,0.0,0.0,0.8801299637149431,0,0
48,203840,0.0,0.0,0.8755585611122805,0,0
49,208000,0.0,0.0,0.8919629614819593,0,0
