t,bytes_sent,utility,pheromone,f1_val,agg_count,rollback
0,4160,0.0,0.0,0.9927550234483596,0,0
1,8320,0.0,0.0,0.992174240363445,0,0
2,12480,0.0,0.0,0.9914482382097267,0,0
3,16640,0.0,0.0,0.7760813959196595,0,0
4,20800,0.0,0.0,0.7010074722942796,0,0
5,24960,0.0,0.0,0.9939122747783468,0,0
6,29120,0.0,0.0,0.988630461106919,0,0
7,33280,0.0,0.0,0.972634456393005,0,0
8,37440,0.0,0.0,0.9918763177247631,0,0
9,41600,0.0,0.0,0.899354963262819,0,0
10,45760,0.0,0.0,0.9942788405856967,0,0
11,49920,0.0,0.0,0.8026392275179474,0,0
12,54080,0.0,0.0,0.9902896447684875,0,0
13,58240,0.0,0.0,0.9931808101287989,0,0
14,62400,0.0,0.0,0.9739773984825619,0,0
15,66560,0.0,0.0,0.9926035371309061,0,0
16,70720,0.0,0.0,0.9929679663698754,0,0
17,74880,0.0,0.0,0.9889889874193012,0,0
18,79040,0.0,0.0,0.9904283763476012,0,0
19,83200,0.0,0.0,0.9475420995604995,0,0
20,87360,0.0,0.0,0.9933250006304741,0,0
21,91520,0.0,0.0,0.9445037955503224,0,0
22,95680,0.0,0.0,0.9587233919960565,0,0
23,99840,0.0,0.0,0.8695049131568294,0,0
24,104000,0.0,0.0,0.8488981387189222,0,0
25,108160,0.0,0.0,0.9877220099931292,0,0
26,112320,0.0,0.0,0.9912875550309705,0,0
27,116480,0.0,0.0,0.8717975898126059,0,0
28,120640,0.0,0.0,0.8355794798937266,0,0
29,124800,0.0,0.0,0.8830048445535473,0,0
30,128960,0.0,0.0,0.8807426471653924,0,0
31,133120,0.0,0.0,0.8705918641312199,0,0
32,137280,0.0,0.0,0.8809984876038132,0,0
33,141440,0.0,0.0,0.8743804359496654,0,0
34,145600,0.0,0.0,0.8693333623513211,0,0
35,149760,0.0,0.0,0.8685792542454385,0,0
36,153920,0.0,0.0,0.8702999864635906,0,0
37,158080,0.0,0.0,0.8657833347930229,0,0
38,162240,0.0,0.0,0.8627857755205958,0,0
39,166400,0.0,0.0,0.8708034595607587,0,0
40,170560,0.0,0.0,0.8592877668153502,0,0
41,174720,0.0,0.0,0.8672860580057898,0,0
42,178880,0.0,0.0,0.8567453461911303,0,0
43,183040,0.0,0.0,0.8573244166619409,0,0
44,187200,0.0,0.0,0.8580975287952128,0,0
45,191360,0.0,0.0,0.8566097461579236,0,0
46,195520,0.0,0.0,0.8578494253892384,0,0
47,199680,0.0,0.0,0.8576013785259677,0,0
48,203840,0.0,0.0,0.8566097461579236,0,0
49,208000,0.0,0.0,0.8583456892624258,0,0
