t,bytes_sent,utility,pheromone,f1_val,agg_count,rollback
0,4160,0.0,0.0,0.9982330107938716,0,0
1,8320,0.0,0.0,0.997193359313759,0,0
2,12480,0.0,0.0,0.8793317869388646,0,0
3,16640,0.0,0.0,0.9971687801929319,0,0
4,20800,0.0,0.0,0.996333081002392,0,0
5,24960,0.0,0.0,0.9306614144214664,0,0
6,29120,0.0,0.0,0.8776869298887249,0,0
7,33280,0.0,0.0,0.98917471100831,0,0
8,37440,0.0,0.0,0.8905893796951876,0,0
9,41600,0.0,0.0,0.9742160909914447,0,0
10,45760,0.0,0.0,0.8764376141059119,0,0
11,49920,0.0,0.0,0.9309267274247419,0,0
12,54080,0.0,0.0,0.8668701284954007,0,0
13,58240,0.0,0.0,0.8416092754381416,0,0
14,62400,0.0,0.0,0.8853816368814102,0,0
15,66560,0.0,0.0,0.8281137922819671,0,0
16,70720,0.0,0.0,0.8681489486068318,0,0
17,74880,0.0,0.0,0.8686225013860966,0,0
18,79040,0.0,0.0,0.866171135551995,0,0
19,83200,0.0,0.0,0.8841848187881253,0,0
20,87360,0.0,0.0,0.8870942392043755,0,0
21,91520,0.0,0.0,0.8875078709003986,0,0
22,95680,0.0,0.0,0.8878794940486961,0,0
23,99840,0.0,0.0,0.991725983443504,0,0
24,104000,0.0,0.0,0.8682653363877332,0,0
25,108160,0.0,0.0,0.8647741609613395,0,0
26,112320,0.0,0.0,0.8623286203738956,0,0
27,116480,0.0,0.0,0.8607653327406061,0,0
28,120640,0.0,0.0,0.8580617693917278,0,0
29,124800,0.0,0.0,0.8576088236087276,0,0
30,128960,0.0,0.0,0.8567008881765633,0,0
31,133120,0.0,0.0,0.8567008881765633,0,0
32,137280,0.0,0.0,0.8594165564108577,0,0
33,141440,0.0,0.0,0.8607653327406061,0,0
34,145600,0.0,0.0,0.8612136034164098,0,0
35,149760,0.0,0.0,0.8612136034164098,0,0
36,153920,0.0,0.0,0.8616282247915318,0,0
37,158080,0.0,0.0,0.8627462354460915,0,0
38,162240,0.0,0.0,0.8640790020337035,0,0
39,166400,0.0,0.0,0.8640790020337035,0,0
40,170560,0.0,0.0,0.8640790020337035,0,0
41,174720,0.0,0.0,0.8640790020337035,0,0
42,178880,0.0,0.0,0.8638559364713466,0,0
43,183040,0.0,0.0,0.8645219835517024,0,0
44,187200,0.0,0.0,0.8645219835517024,0,0
45,191360,0.0,0.0,0.8645219835517024,0,0
46,195520,0.0,0.0,0.8645219835517024,0,0
47,199680,0.0,0.0,0.8649643329437771,0,0
48,203840,0.0,0.0,0.8649643329437771,0,0
49,208000,0.0,0.0,0.8662876173909491,0,0
