t,bytes_sent,utility,pheromone,f1_val,agg_count,rollback
0,4160,0.0,0.0,0.941393188378254,0,0
1,8320,0.0,0.0,0.9436459386546588,0,0
2,12480,0.0,0.0,0.9423978269384078,0,0
3,16640,0.0,0.0,0.9433418595450429,0,0
4,20800,0.0,0.0,0.9352314147293633,0,0
5,24960,0.0,0.0,0.6226358411746644,0,0
6,29120,0.0,0.0,0.9191544746455063,0,0
7,33280,0.0,0.0,0.9404286114844953,0,0
8,37440,0.0,0.0,0.9402154391989576,0,0
9,41600,0.0,0.0,0.8975704124856819,0,0
10,45760,0.0,0.0,0.929102330086083,0,0
11,49920,0.0,0.0,0.9401107407499135,0,0
12,54080,0.0,0.0,0.9408152617741964,0,0
13,58240,0.0,0.0,0.9392264364599328,0,0
14,62400,0.0,0.0,0.9388951635503394,0,0
15,66560,0.0,0.0,0.9385017437044437,0,0
16,70720,0.0,0.0,0.9420786628323901,0,0
17,74880,0.0,0.0,0.9426894594748931,0,0
18,79040,0.0,0.0,0.9463536447467866,0,0
19,83200,0.0,0.0,0.9443714124065832,0,0
20,87360,0.0,0.0,0.9416559770957207,0,0
21,91520,0.0,0.0,0.9415030640235322,0,0
22,95680,0.0,0.0,0.9492753048471054,0,0
23,99840,0.0,0.0,0.9462923526617119,0,0
24,104000,0.0,0.0,0.9524166847705746,0,0
25,108160,0.0,0.0,0.9464598466082698,0,0
26,112320,0.0,0.0,0.9520255137611213,0,0
27,116480,0.0,0.0,0.9490311211333526,0,0
28,120640,0.0,0.0,0.9425355506776434,0,0
29,124800,0.0,0.0,0.9512930709669007,0,0
30,128960,0.0,0.0,0.9459161668607399,0,0
31,133120,0.0,0.0,0.9487805147695743,0,0
32,137280,0.0,0.0,0.9513332308258594,0,0
33,141440,0.0,0.0,0.9481764277970259,0,0
34,145600,0.0,0.0,0.9462048109595804,0,0
35,149760,0.0,0.0,0.9516926387331703,0,0
36,153920,0.0,0.0,0.9496845956106759,0,0
37,158080,0.0,0.0,0.9482330556613753,0,0
38,162240,0.0,0.0,0.9504756071338708,0,0
39,166400,0.0,0.0,0.9501398078418698,0,0
40,170560,0.0,0.0,0.9482050631418719,0,0
41,174720,0.0,0.0,0.9503877461012861,0,0
42,178880,0.0,0.0,0.9517068030444393,0,0
43,183040,0.0,0.0,0.9501800298321729,0,0
44,187200,0.0,0.0,0.9505019407529464,0,0
45,191360,0.0,0.0,0.951653142505895,0,0
46,195520,0.0,0.0,0.9518739955685847,0,0
47,199680,0.0,0.0,0.9525971778762006,0,0
48,203840,0.0,0.0,0.9520101347198747,0,0
49,208000,0.0,0.0,0.9525099490543736,0,0
