t,bytes_sent,utility,pheromone,f1_val,agg_count,rollback
0,4160,0.0,0.0,0.15231723870467326,0,0
1,8320,0.0,0.0,0.1696912905042961,0,0
2,12480,0.0,0.0,0.3103958499908685,0,0
3,16640,0.0,0.0,0.5415332521933349,0,0
4,20800,0.0,0.0,0.7616471084252687,0,0
5,24960,0.0,0.0,0.7844924096547401,0,0
6,29120,0.0,0.0,0.5654652493812798,0,0
7,33280,0.0,0.0,0.8627640541831961,0,0
8,37440,0.0,0.0,0.8683313420480742,0,0
9,41600,0.0,0.0,0.8638781335809249,0,0
10,45760,0.0,0.0,0.8694434370635575,0,0
11,49920,0.0,0.0,0.84403899766406,0,0
12,54080,0.0,0.0,0.8799916660879228,0,0
13,58240,0.0,0.0,0.9106924189255099,0,0
14,62400,0.0,0.0,0.8206322989981589,0,0
15,66560,0.0,0.0,0.8197810492948969,0,0
16,70720,0.0,0.0,0.876942308026181,0,0
17,74880,0.0,0.0,0.5907053228658016,0,0
18,79040,0.0,0.0,0.5889618950872112,0,0
19,83200,0.0,0.0,0.5863321552964575,0,0
20,87360,0.0,0.0,0.5917299088129314,0,0
21,91520,0.0,0.0,0.6174352095429287,0,0
22,95680,0.0,0.0,0.595420362911529,0,0
23,99840,0.0,0.0,0.8883043407254785,0,0
24,104000,0.0,0.0,0.3265775818268207,0,0
25,108160,0.0,0.0,0.8930066077297245,0,0
26,112320,0.0,0.0,0.6002141837649324,0,0
27,116480,0.0,0.0,0.5970801816334697,0,0
28,120640,0.0,0.0,0.8968756232457911,0,0
29,124800,0.0,0.0,0.6247205372796136,0,0
30,128960,0.0,0.0,0.6257372863887309,0,0
31,133120,0.0,0.0,0.6290632085908038,0,0
32,137280,0.0,0.0,0.9289224967962861,0,0
33,141440,0.0,0.0,0.9327930283224402,0,0
34,145600,0.0,0.0,0.9383254618710501,0,0
35,149760,0.0,0.0,0.9424777388228724,0,0
36,153920,0.0,0.0,0.629335607652079,0,0
37,158080,0.0,0.0,0.629886759764438,0,0
38,162240,0.0,0.0,0.6310899783722862,0,0
39,166400,0.0,0.0,0.6504478450489731,0,0
40,170560,0.0,0.0,0.6498754219495058,0,0
41,174720,0.0,0.0,0.6499613071462184,0,0
42,178880,0.0,0.0,0.6508915887089327,0,0
43,183040,0.0,0.0,0.6508915887089327,0,0
44,187200,0.0,0.0,0.6512492980556631,0,0
45,191360,0.0,0.0,0.6505027171952066,0,0
46,195520,0.0,0.0,0.6499429902490848,0,0
47,199680,0.0,0.0,0.6505027171952066,0,0
48,203840,0.0,0.0,0.6506893324139559,0,0
49,208000,0.0,0.0,0.6506893324139559,0,0
