t,bytes_sent,utility,pheromone,f1_val,agg_count,rollback
0,1040,0.0,0.0,0.14022662889518414,0,0
1,2080,0.0,0.0,0.10637591321673677,0,0
2,3120,0.0,0.0,0.3459359710773281,0,0
3,4160,0.0,0.0,0.14022662889518414,0,0
4,5200,0.0,0.0,0.14022662889518414,0,0
5,6240,0.0,0.0,0.14022662889518414,0,0
6,7280,0.0,0.0,0.14022662889518414,0,0
7,8320,0.0,0.0,0.14022662889518414,0,0
8,9360,0.0,0.0,0.14022662889518414,0,0
9,10400,0.0,0.0,0.4143997657321641,0,0
10,11440,0.0,0.0,0.4327710911760446,0,0
11,12480,0.0,0.0,0.6546565540817758,0,0
12,13520,0.0,0.0,0.38204810760137475,0,0
13,14560,0.0,0.0,0.47094993842866206,0,0
14,15600,0.0,0.0,0.3806830001318692,0,0
15,16640,0.0,0.0,0.647121516177159,0,0
16,17680,0.0,0.0,0.663350848331393,0,0
17,18720,0.0,0.0,0.658587213020918,0,0
18,19760,0.0,0.0,0.6587092818923846,0,0
19,20800,0.0,0.0,0.6611281846745014,0,0
20,21840,0.0,0.0,0.6631980170623448,0,0
21,22880,0.0,0.0,0.6631616653355784,0,0
22,23920,0.0,0.0,0.6643691177329824,0,0
23,24960,0.0,0.0,0.9459096887359373,0,0
24,26000,0.0,0.0,0.6820450675706682,0,0
25,27040,0.0,0.0,0.9556684741889699,0,0
26,28080,0.0,0.0,0.9510242929426662,0,0
27,29120,0.0,0.0,0.950433934930141,0,0
28,30160,0.0,0.0,0.9412057100843976,0,0
29,31200,0.0,0.0,0.9427911746114681,0,0
30,32240,0.0,0.0,0.9544778201438788,0,0
31,33280,0.0,0.0,0.9492990460124451,0,0
32,34320,0.0,0.0,0.9415022996744846,0,0
33,35360,0.0,0.0,0.9429140513718379,0,0
34,36400,0.0,0.0,0.9396846621018435,0,0
35,37440,0.0,0.0,0.9507901094275046,0,0
36,38480,0.0,0.0,0.9439862928408671,0,0
37,39520,0.0,0.0,0.9393605640253024,0,0
38,40560,0.0,0.0,0.9432124580353376,0,0
39,41600,0.0,0.0,0.9419384515201287,0,0
40,42640,0.0,0.0,0.9432602427122444,0,0
41,43680,0.0,0.0,0.9415169547759901,0,0
42,44720,0.0,0.0,0.864341213409751,0,0
43,45760,0.0,0.0,0.9398232249485459,0,0
44,46800,0.0,0.0,0.9443617160689537,0,0
45,47840,0.0,0.0,0.9378873043869655,0,0
46,48880,0.0,0.0,0.9425278071866247,0,0
47,49920,0.0,0.0,0.9428365449932211,0,0
48,50960,0.0,0.0,0.9409162569477594,0,0
49,52000,0.0,0.0,0.9417404472311427,0,0
