t,bytes_sent,utility,pheromone,f1_val,agg_count,rollback
0,1040,0.0,0.0,0.38374972649181815,0,0
1,2080,0.0,0.0,0.10398230088495575,0,0
2,3120,0.0,0.0,0.15288003464703334,0,0
3,4160,0.0,0.0,0.14142628205128205,0,0
4,5200,0.0,0.0,0.14142628205128205,0,0
5,6240,0.0,0.0,0.14142628205128205,0,0
6,7280,0.0,0.0,0.14142628205128205,0,0
7,8320,0.0,0.0,0.14142628205128205,0,0
8,9360,0.0,0.0,0.14142628205128205,0,0
9,10400,0.0,0.0,0.14142628205128205,0,0
10,11440,0.0,0.0,0.14142628205128205,0,0
11,12480,0.0,0.0,0.14142628205128205,0,0
12,13520,0.0,0.0,0.41605123052148413,0,0
13,14560,0.0,0.0,0.41705570454086727,0,0
14,15600,0.0,0.0,0.4155939742414618,0,0
15,16640,0.0,0.0,0.527426293658847,0,0
16,17680,0.0,0.0,0.6201973691171749,0,0
17,18720,0.0,0.0,0.7030955323510474,0,0
18,19760,0.0,0.0,0.6091666179744395,0,0
19,20800,0.0,0.0,0.6970435945091712,0,0
20,21840,0.0,0.0,0.7033053542023276,0,0
21,22880,0.0,0.0,0.6730870758911881,0,0
22,23920,0.0,0.0,0.6811043246944707,0,0
23,24960,0.0,0.0,0.695171515108662,0,0
24,26000,0.0,0.0,0.6943240250096481,0,0
25,27040,0.0,0.0,0.6951562099823356,0,0
26,28080,0.0,0.0,0.6749206005564645,0,0
27,29120,0.0,0.0,0.6938249987240028,0,0
28,30160,0.0,0.0,0.6940307065155036,0,0
29,31200,0.0,0.0,0.6987375348436474,0,0
30,32240,0.0,0.0,0.6943240250096481,0,0
31,33280,0.0,0.0,0.7071331295848956,0,0
32,34320,0.0,0.0,0.6855936503535975,0,0
33,35360,0.0,0.0,0.694157006372984,0,0
34,36400,0.0,0.0,0.685309468513388,0,0
35,37440,0.0,0.0,0.6946964390093682,0,0
36,38480,0.0,0.0,0.7004210537133573,0,0
37,39520,0.0,0.0,0.6900081853082837,0,0
38,40560,0.0,0.0,0.6949118167408831,0,0
39,41600,0.0,0.0,0.6946487554995553,0,0
40,42640,0.0,0.0,0.8108793525569398,0,0
41,43680,0.0,0.0,0.8226319169164461,0,0
42,44720,0.0,0.0,0.6840198916173101,0,0
43,45760,0.0,0.0,0.8249004104277424,0,0
44,46800,0.0,0.0,0.8236906225713326,0,0
45,47840,0.0,0.0,0.9606535570890673,0,0
46,48880,0.0,0.0,0.7027923842841484,0,0
47,49920,0.0,0.0,0.7329786823628677,0,0
48,50960,0.0,0.0,0.8099402932721674,0,0
49,52000,0.0,0.0,0.7458344383983818,0,0
