t,bytes_sent,utility,pheromone,f1_val,agg_count,rollback
0,1040,0.0,0.0,0.15828047921071178,0,0
1,2080,0.0,0.0,0.0989977728285078,0,0
2,3120,0.0,0.0,0.12678682411435674,0,0
3,4160,0.0,0.0,0.12564955310746206,0,0
4,5200,0.0,0.0,0.12015177065767285,0,0
5,6240,0.0,0.0,0.11835697649798857,0,0
6,7280,0.0,0.0,0.0,0,0
7,8320,0.0,0.0,0.0,0,0
8,9360,0.0,0.0,0.17992846055206857,0,0
9,10400,0.0,0.0,0.1941823899371069,0,0
10,11440,0.0,0.0,0.2050691244239631,0,0
11,12480,0.0,0.0,0.20328964276535597,0,0
12,13520,0.0,0.0,0.20364663585002565,0,0
13,14560,0.0,0.0,0.20945860276404207,0,0
14,15600,0.0,0.0,0.21041310811665717,0,0
15,16640,0.0,0.0,0.2138506937904188,0,0
16,17680,0.0,0.0,0.1633358236832275,0,0
17,18720,0.0,0.0,0.1650250882735551,0,0
18,19760,0.0,0.0,0.16626550638770599,0,0
19,20800,0.0,0.0,0.1680478821362799,0,0
20,21840,0.0,0.0,0.16932672904054302,0,0
21,22880,0.0,0.0,0.17068933991588955,0,0
22,23920,0.0,0.0,0.17080972399926886,0,0
23,24960,0.0,0.0,0.17242633684976355,0,0
24,26000,0.0,0.0,0.17260498091256135,0,0
25,27040,0.0,0.0,0.17325834542815674,0,0
26,28080,0.0,0.0,0.1739406012314379,0,0
27,29120,0.0,0.0,0.17435340929643697,0,0
28,30160,0.0,0.0,0.17546863734679163,0,0
29,31200,0.0,0.0,0.1765181458857348,0,0
30,32240,0.0,0.0,0.17853954650955187,0,0
31,33280,0.0,0.0,0.1800817341862118,0,0
32,34320,0.0,0.0,0.18121458923512748,0,0
33,35360,0.0,0.0,0.18306636155606407,0,0
34,36400,0.0,0.0,0.18384547848990343,0,0
35,37440,0.0,0.0,0.1844183190033339,0,0
36,38480,0.0,0.0,0.18473684210526317,0,0
37,39520,0.0,0.0,0.18630742049469964,0,0
38,40560,0.0,0.0,0.18819023868899182,0,0
39,41600,0.0,0.0,0.1896427930353617,0,0
40,42640,0.0,0.0,0.19446487679293858,0,0
41,43680,0.0,0.0,0.19366068156834004,0,0
42,44720,0.0,0.0,0.19426575997059364,0,0
43,45760,0.0,0.0,0.19523457702253416,0,0
44,46800,0.0,0.0,0.19698099142750652,0,0
45,47840,0.0,0.0,0.19827424498217971,0,0
46,48880,0.0,0.0,0.1988337095560572,0,0
47,49920,0.0,0.0,0.19950924877312193,0,0
48,50960,0.0,0.0,0.19945252029450633,0,0
49,52000,0.0,0.0,0.20076117982873454,0,0
