t,bytes_sent,utility,pheromone,f1_val,agg_count,rollback
0,1040,0.0,0.0,0.2037613488975357,0,0
1,2080,0.0,0.0,0.2031034959632616,0,0
2,3120,0.0,0.0,0.5238415625754098,0,0
3,4160,0.0,0.0,0.49890404785316295,0,0
4,5200,0.0,0.0,0.7917318798775955,0,0
5,6240,0.0,0.0,0.581377028598479,0,0
6,7280,0.0,0.0,0.5820710610196071,0,0
7,8320,0.0,0.0,0.8738887331959668,0,0
8,9360,0.0,0.0,0.566769347702499,0,0
9,10400,0.0,0.0,0.5809016795575971,0,0
10,11440,0.0,0.0,0.8499221355277229,0,0
11,12480,0.0,0.0,0.8123863858554141,0,0
12,13520,0.0,0.0,0.4212564169211775,0,0
13,14560,0.0,0.0,0.6157797825724489,0,0
14,15600,0.0,0.0,0.8571876651634223,0,0
15,16640,0.0,0.0,0.6386077737535731,0,0
16,17680,0.0,0.0,0.8009457172270593,0,0
17,18720,0.0,0.0,0.8802710430239479,0,0
18,19760,0.0,0.0,0.8885831795332024,0,0
19,20800,0.0,0.0,0.8835974499785044,0,0
20,21840,0.0,0.0,0.8899673637767251,0,0
21,22880,0.0,0.0,0.9541258741258741,0,0
22,23920,0.0,0.0,0.9574582419058708,0,0
23,24960,0.0,0.0,0.9544034651501597,0,0
24,26000,0.0,0.0,0.901578086944917,0,0
25,27040,0.0,0.0,0.7359390529994132,0,0
26,28080,0.0,0.0,0.8899673637767251,0,0
27,29120,0.0,0.0,0.8860908605974396,0,0
28,30160,0.0,0.0,0.8727777777777778,0,0
29,31200,0.0,0.0,0.8885831795332024,0,0
30,32240,0.0,0.0,0.5957769111534225,0,0
31,33280,0.0,0.0,0.5931921584137817,0,0
32,34320,0.0,0.0,0.850201942511174,0,0
33,35360,0.0,0.0,0.8118162511923144,0,0
34,36400,0.0,0.0,0.893283235741223,0,0
35,37440,0.0,0.0,0.9822801411244563,0,0
36,38480,0.0,0.0,0.9985877513635849,0,0
37,39520,0.0,0.0,0.9985877513635849,0,0
38,40560,0.0,0.0,0.9983054246182264,0,0
39,41600,0.0,0.0,0.9985877513635849,0,0
40,42640,0.0,0.0,0.9985877513635849,0,0
41,43680,0.0,0.0,0.9985877513635849,0,0
42,44720,0.0,0.0,0.9983054246182264,0,0
43,45760,0.0,0.0,0.9985877513635849,0,0
44,46800,0.0,0.0,0.9983054246182264,0,0
45,47840,0.0,0.0,0.9985877513635849,0,0
46,48880,0.0,0.0,0.9985877513635849,0,0
47,49920,0.0,0.0,0.9985877513635849,0,0
48,50960,0.0,0.0,0.9985877513635849,0,0
49,52000,0.0,0.0,0.9985877513635849,0,0
