t,bytes_sent,utility,pheromone,f1_val,agg_count,rollback
0,1040,0.0,0.0,0.13271124935199585,0,0
1,2080,0.0,0.0,0.0,0,0
2,3120,0.0,0.0,0.0,0,0
3,4160,0.0,0.0,0.1818915103851583,0,0
4,5200,0.0,0.0,0.18692210470298676,0,0
5,6240,0.0,0.0,0.1651363383416806,0,0
6,7280,0.0,0.0,0.1569459172852598,0,0
7,8320,0.0,0.0,0.15607959776219815,0,0
8,9360,0.0,0.0,0.1553522025962971,0,0
9,10400,0.0,0.0,0.1523972602739726,0,0
10,11440,0.0,0.0,0.14891476211010493,0,0
11,12480,0.0,0.0,0.14127262113251607,0,0
12,13520,0.0,0.0,0.1368955619342018,0,0
13,14560,0.0,0.0,0.13642725598526703,0,0
14,15600,0.0,0.0,0.13724624889673434,0,0
15,16640,0.0,0.0,0.13724624889673434,0,0
16,17680,0.0,0.0,0.13782969656895158,0,0
17,18720,0.0,0.0,0.1380627157229933,0,0
18,19760,0.0,0.0,0.13622291021671826,0,0
19,20800,0.0,0.0,0.13531280005908855,0,0
20,21840,0.0,0.0,0.13657458563535912,0,0
21,22880,0.0,0.0,0.13887666813315735,0,0
22,23920,0.0,0.0,0.14092734574662286,0,0
23,24960,0.0,0.0,0.14138761216896475,0,0
24,26000,0.0,0.0,0.14038166264531696,0,0
25,27040,0.0,0.0,0.14127262113251607,0,0
26,28080,0.0,0.0,0.14173228346456693,0,0
27,29120,0.0,0.0,0.14253476013685665,0,0
28,30160,0.0,0.0,0.1442461181250907,0,0
29,31200,0.0,0.0,0.1450409331304789,0,0
30,32240,0.0,0.0,0.14617219692040773,0,0
31,33280,0.0,0.0,0.14707368117197084,0,0
32,34320,0.0,0.0,0.14696116645012272,0,0
33,35360,0.0,0.0,0.1481961546770361,0,0
34,36400,0.0,0.0,0.14920224234583873,0,0
35,37440,0.0,0.0,0.15050526768436895,0,0
36,38480,0.0,0.0,0.15337467037274607,0,0
37,39520,0.0,0.0,0.155853364532369,0,0
38,40560,0.0,0.0,0.15715397128509795,0,0
39,41600,0.0,0.0,0.1601631160795894,0,0
40,42640,0.0,0.0,0.16415620641562065,0,0
41,43680,0.0,0.0,0.16572818908585332,0,0
42,44720,0.0,0.0,0.1671865252651279,0,0
43,45760,0.0,0.0,0.1704881911450802,0,0
44,46800,0.0,0.0,0.1728344298245614,0,0
45,47840,0.0,0.0,0.17495735243944047,0,0
46,48880,0.0,0.0,0.176762526344415,0,0
47,49920,0.0,0.0,0.1793103448275862,0,0
48,50960,0.0,0.0,0.180886911982747,0,0
49,52000,0.0,0.0,0.18206265967459997,0,0
