t,bytes_sent,utility,pheromone,f1_val,agg_count,rollback
0,1040,0.0,0.0,0.5992565822375789,0,0
1,2080,0.0,0.0,0.57574680425961,0,0
2,3120,0.0,0.0,0.6046792905763199,0,0
3,4160,0.0,0.0,0.7296524118276485,0,0
4,5200,0.0,0.0,0.6306959536835577,0,0
5,6240,0.0,0.0,0.7110921110508543,0,0
6,7280,0.0,0.0,0.6641680708337274,0,0
7,8320,0.0,0.0,0.6241232935353205,0,0
8,9360,0.0,0.0,0.7326185120808009,0,0
9,10400,0.0,0.0,0.7287595180919901,0,0
10,11440,0.0,0.0,0.6701847338223184,0,0
11,12480,0.0,0.0,0.7035367205330876,0,0
12,13520,0.0,0.0,0.7402278996779296,0,0
13,14560,0.0,0.0,0.650680563394004,0,0
14,15600,0.0,0.0,0.6858596955964473,0,0
15,16640,0.0,0.0,0.7390789441276906,0,0
16,17680,0.0,0.0,0.7124301834136283,0,0
17,18720,0.0,0.0,0.6814034370277879,0,0
18,19760,0.0,0.0,0.6974775183350268,0,0
19,20800,0.0,0.0,0.6255863813518227,0,0
20,21840,0.0,0.0,0.7320187811130405,0,0
21,22880,0.0,0.0,0.6981836146073847,0,0
22,23920,0.0,0.0,0.609126120772121,0,0
23,24960,0.0,0.0,0.6689448193807093,0,0
24,26000,0.0,0.0,0.7547143147161607,0,0
25,27040,0.0,0.0,0.7162439410828825,0,0
26,28080,0.0,0.0,0.7250667893242295,0,0
27,29120,0.0,0.0,0.7077849340090026,0,0
28,30160,0.0,0.0,0.7617340560199153,0,0
29,31200,0.0,0.0,0.6897189242147553,0,0
30,32240,0.0,0.0,0.6693501225354237,0,0
31,33280,0.0,0.0,0.7359651285572653,0,0
32,34320,0.0,0.0,0.5749891719470089,0,0
33,35360,0.0,0.0,0.6637212432033928,0,0
34,36400,0.0,0.0,0.6740317328937301,0,0
35,37440,0.0,0.0,0.6978463887903876,0,0
36,38480,0.0,0.0,0.7746678140485087,0,0
37,39520,0.0,0.0,0.6176228981739614,0,0
38,40560,0.0,0.0,0.5655950100584185,0,0
39,41600,0.0,0.0,0.7851058100930336,0,0
40,42640,0.0,0.0,0.7436726315355706,0,0
41,43680,0.0,0.0,0.6582660280145926,0,0
42,44720,0.0,0.0,0.747695809998184,0,0
43,45760,0.0,0.0,0.6565909607956594,0,0
44,46800,0.0,0.0,0.6727811754433071,0,0
45,47840,0.0,0.0,0.6675206534558762,0,0
46,48880,0.0,0.0,0.7054764224848923,0,0
47,49920,0.0,0.0,0.6711775265052282,0,0
48,50960,0.0,0.0,0.6409394376291422,0,0
49,52000,0.0,0.0,0.7131408448007761,0,0
