t,bytes_sent,utility,pheromone,f1_val,agg_count,rollback
0,1040,0.0,0.0,0.0,0,0
1,2080,0.0,0.0,0.0,0,0
2,3120,0.0,0.0,0.3496376811594203,0,0
3,4160,0.0,0.0,0.3723776223776224,0,0
4,5200,0.0,0.0,0.3925549915397631,0,0
5,6240,0.0,0.0,0.4979020979020979,0,0
6,7280,0.0,0.0,0.4364207221350079,0,0
7,8320,0.0,0.0,0.4381846635367762,0,0
8,9360,0.0,0.0,0.4381846635367762,0,0
9,10400,0.0,0.0,0.4381846635367762,0,0
10,11440,0.0,0.0,0.4381846635367762,0,0
11,12480,0.0,0.0,0.4381846635367762,0,0
12,13520,0.0,0.0,0.44254658385093165,0,0
13,14560,0.0,0.0,0.44427244582043346,0,0
14,15600,0.0,0.0,0.4510703363914373,0,0
15,16640,0.0,0.0,0.45933734939759036,0,0
16,17680,0.0,0.0,1.0,0,0
17,18720,0.0,0.0,0.44254658385093165,0,0
18,19760,0.0,0.0,0.44254658385093165,0,0
19,20800,0.0,0.0,0.4390625,0,0
20,21840,0.0,0.0,0.43553459119496857,0,0
21,22880,0.0,0.0,0.4046434494195688,0,0
22,23920,0.0,0.0,0.40266222961730447,0,0
23,24960,0.0,0.0,0.44254658385093165,0,0
24,26000,0.0,0.0,0.41147540983606556,0,0
25,27040,0.0,0.0,0.4046434494195688,0,0
26,28080,0.0,0.0,0.29035639412997905,0,0
27,29120,0.0,0.0,0.4907801418439716,0,0
28,30160,0.0,0.0,0.45770392749244715,0,0
29,31200,0.0,0.0,0.4827089337175792,0,0
30,32240,0.0,0.0,0.47514619883040937,0,0
31,33280,0.0,0.0,0.4827089337175792,0,0
32,34320,0.0,0.0,0.4759124087591241,0,0
33,35360,0.0,0.0,0.4736070381231672,0,0
34,36400,0.0,0.0,0.47514619883040937,0,0
35,37440,0.0,0.0,0.4736070381231672,0,0
36,38480,0.0,0.0,0.48567335243553006,0,0
37,39520,0.0,0.0,0.4797101449275362,0,0
38,40560,0.0,0.0,0.48121387283236994,0,0
39,41600,0.0,0.0,0.47514619883040937,0,0
40,42640,0.0,0.0,0.4759124087591241,0,0
41,43680,0.0,0.0,0.47514619883040937,0,0
42,44720,0.0,0.0,0.47819767441860467,0,0
43,45760,0.0,0.0,0.47514619883040937,0,0
44,46800,0.0,0.0,0.48419540229885055,0,0
45,47840,0.0,0.0,0.48419540229885055,0,0
46,48880,0.0,0.0,0.481962481962482,0,0
47,49920,0.0,0.0,0.48121387283236994,0,0
48,50960,0.0,0.0,0.48121387283236994,0,0
49,52000,0.0,0.0,0.4797101449275362,0,0
