t,bytes_sent,utility,pheromone,f1_val,agg_count,rollback
0,1040,0.0,0.0,0.1830705093347834,0,0
1,2080,0.0,0.0,0.3310390036053753,0,0
2,3120,0.0,0.0,0.1496961612568549,0,0
3,4160,0.0,0.0,0.22374833850243686,0,0
4,5200,0.0,0.0,0.22374833850243686,0,0
5,6240,0.0,0.0,0.14923167848699764,0,0
6,7280,0.0,0.0,0.14996288047512993,0,0
7,8320,0.0,0.0,0.15070128319904505,0,0
8,9360,0.0,0.0,0.1512428870919437,0,0
9,10400,0.0,0.0,0.15151515151515152,0,0
10,11440,0.0,0.0,0.14989611160581776,0,0
11,12480,0.0,0.0,0.14943038911081521,0,0
12,13520,0.0,0.0,0.14929785661492978,0,0
13,14560,0.0,0.0,0.14943038911081521,0,0
14,15600,0.0,0.0,0.14936409346347235,0,0
15,16640,0.0,0.0,0.14956315711535614,0,0
16,17680,0.0,0.0,0.14989611160581776,0,0
17,18720,0.0,0.0,0.1505664877757901,0,0
18,19760,0.0,0.0,0.15206263173742848,0,0
19,20800,0.0,0.0,0.15358880778588807,0,0
20,21840,0.0,0.0,0.15550423402617397,0,0
21,22880,0.0,0.0,0.15666201333953778,0,0
22,23920,0.0,0.0,0.15850596359070937,0,0
23,24960,0.0,0.0,0.15963331752805437,0,0
24,26000,0.0,0.0,0.16024115500555292,0,0
25,27040,0.0,0.0,0.16139341642697347,0,0
26,28080,0.0,0.0,0.16264090177133655,0,0
27,29120,0.0,0.0,0.16350979439857535,0,0
28,30160,0.0,0.0,0.16479034100179474,0,0
29,31200,0.0,0.0,0.16535690897184022,0,0
30,32240,0.0,0.0,0.16708023159636062,0,0
31,33280,0.0,0.0,0.16850183516850184,0,0
32,34320,0.0,0.0,0.16883985289200934,0,0
33,35360,0.0,0.0,0.16960537363560035,0,0
34,36400,0.0,0.0,0.17011958901802257,0,0
35,37440,0.0,0.0,0.1702055948769801,0,0
36,38480,0.0,0.0,0.1703778677462888,0,0
37,39520,0.0,0.0,0.17029168774237058,0,0
38,40560,0.0,0.0,0.1702055948769801,0,0
39,41600,0.0,0.0,0.16994783779236078,0,0
40,42640,0.0,0.0,0.16994783779236078,0,0
41,43680,0.0,0.0,0.16994783779236078,0,0
42,44720,0.0,0.0,0.16986209216279854,0,0
43,45760,0.0,0.0,0.16926428691134573,0,0
44,46800,0.0,0.0,0.16875522138680032,0,0
45,47840,0.0,0.0,0.16782984380192756,0,0
46,48880,0.0,0.0,0.16650181338608638,0,0
47,49920,0.0,0.0,0.16495182100277642,0,0
48,50960,0.0,0.0,0.16327190430003233,0,0
49,52000,0.0,0.0,0.16224899598393575,0,0
