t,bytes_sent,utility,pheromone,f1_val,agg_count,rollback
0,1040,0.0,0.0,0.09754189944134078,0,0
1,2080,0.0,0.0,0.14094896331738438,0,0
2,3120,0.0,0.0,0.14094896331738438,0,0
3,4160,0.0,0.0,0.14094896331738438,0,0
4,5200,0.0,0.0,0.14094896331738438,0,0
5,6240,0.0,0.0,0.14094896331738438,0,0
6,7280,0.0,0.0,0.14094896331738438,0,0
7,8320,0.0,0.0,0.14094896331738438,0,0
8,9360,0.0,0.0,0.14094896331738438,0,0
9,10400,0.0,0.0,0.14094896331738438,0,0
10,11440,0.0,0.0,0.388261548927354,0,0
11,12480,0.0,0.0,0.391712709287791,0,0
12,13520,0.0,0.0,0.35554504787299135,0,0
13,14560,0.0,0.0,0.3546145128731806,0,0
14,15600,0.0,0.0,0.3551562453846554,0,0
15,16640,0.0,0.0,0.3529369806152728,0,0
16,17680,0.0,0.0,0.35288462554833255,0,0
17,18720,0.0,0.0,0.3530373181723734,0,0
18,19760,0.0,0.0,0.3534335625191428,0,0
19,20800,0.0,0.0,0.3531853185318532,0,0
20,21840,0.0,0.0,0.3531853185318532,0,0
21,22880,0.0,0.0,0.3563111037884795,0,0
22,23920,0.0,0.0,0.3518407262774941,0,0
23,24960,0.0,0.0,0.3518407262774941,0,0
24,26000,0.0,0.0,0.37716131001135617,0,0
25,27040,0.0,0.0,0.3376188590886847,0,0
26,28080,0.0,0.0,0.18194934352757763,0,0
27,29120,0.0,0.0,0.3549152168167336,0,0
28,30160,0.0,0.0,0.35636925877461695,0,0
29,31200,0.0,0.0,0.36361666719848473,0,0
30,32240,0.0,0.0,0.36670566561145845,0,0
31,33280,0.0,0.0,0.35564463356920806,0,0
32,34320,0.0,0.0,0.38439477746503525,0,0
33,35360,0.0,0.0,0.39359139290851164,0,0
34,36400,0.0,0.0,0.6693830890190239,0,0
35,37440,0.0,0.0,0.38325212626987915,0,0
36,38480,0.0,0.0,0.39825324852456867,0,0
37,39520,0.0,0.0,0.6120381239343985,0,0
38,40560,0.0,0.0,0.3765417460997632,0,0
39,41600,0.0,0.0,0.4004214665790643,0,0
40,42640,0.0,0.0,0.4933888564016846,0,0
41,43680,0.0,0.0,0.37880800287708594,0,0
42,44720,0.0,0.0,0.6321749237038843,0,0
43,45760,0.0,0.0,0.41235631043478166,0,0
44,46800,0.0,0.0,0.38608054525613855,0,0
45,47840,0.0,0.0,0.3816640463573828,0,0
46,48880,0.0,0.0,0.522550460604883,0,0
47,49920,0.0,0.0,0.5730247883104167,0,0
48,50960,0.0,0.0,0.7157561453326441,0,0
49,52000,0.0,0.0,0.7974071878061606,0,0
