t,bytes_sent,utility,pheromone,f1_val,agg_count,rollback
0,1040,0.0,0.0,0.2633297273473967,0,0
1,2080,0.0,0.0,0.20769386726345118,0,0
2,3120,0.0,0.0,0.13995598239295717,0,0
3,4160,0.0,0.0,0.13995598239295717,0,0
4,5200,0.0,0.0,0.13995598239295717,0,0
5,6240,0.0,0.0,0.13995598239295717,0,0
6,7280,0.0,0.0,0.13995598239295717,0,0
7,8320,0.0,0.0,0.13995598239295717,0,0
8,9360,0.0,0.0,0.13995598239295717,0,0
9,10400,0.0,0.0,0.13995598239295717,0,0
10,11440,0.0,0.0,0.2841555775321407,0,0
11,12480,0.0,0.0,0.4162451106207262,0,0
12,13520,0.0,0.0,0.3728657005221765,0,0
13,14560,0.0,0.0,0.3727318090052443,0,0
14,15600,0.0,0.0,0.7138874667974482,0,0
15,16640,0.0,0.0,0.5676480039119027,0,0
16,17680,0.0,0.0,0.7009086045093338,0,0
17,18720,0.0,0.0,0.7051099628380847,0,0
18,19760,0.0,0.0,0.7009086045093338,0,0
19,20800,0.0,0.0,0.7139521677339791,0,0
20,21840,0.0,0.0,0.7009086045093338,0,0
21,22880,0.0,0.0,0.7009086045093338,0,0
22,23920,0.0,0.0,0.7142391053978291,0,0
23,24960,0.0,0.0,0.7009013631746674,0,0
24,26000,0.0,0.0,0.7011415995054135,0,0
25,27040,0.0,0.0,0.7011482055830367,0,0
26,28080,0.0,0.0,0.7077811133922667,0,0
27,29120,0.0,0.0,0.7009086045093338,0,0
28,30160,0.0,0.0,0.7011415995054135,0,0
29,31200,0.0,0.0,0.9289212084241727,0,0
30,32240,0.0,0.0,0.9963530749356245,0,0
31,33280,0.0,0.0,0.7144610111876308,0,0
32,34320,0.0,0.0,0.9952904955831205,0,0
33,35360,0.0,0.0,0.9963530749356245,0,0
34,36400,0.0,0.0,0.9966398743144329,0,0
35,37440,0.0,0.0,0.9956663736194682,0,0
36,38480,0.0,0.0,0.9963530749356245,0,0
37,39520,0.0,0.0,0.9588257519605788,0,0
38,40560,0.0,0.0,0.9967904835007894,0,0
39,41600,0.0,0.0,0.9962031034001528,0,0
40,42640,0.0,0.0,0.9966398743144329,0,0
41,43680,0.0,0.0,0.9951399054533239,0,0
42,44720,0.0,0.0,0.9962031034001528,0,0
43,45760,0.0,0.0,0.9961159308586409,0,0
44,46800,0.0,0.0,0.9958289931947908,0,0
45,47840,0.0,0.0,0.9966398743144329,0,0
46,48880,0.0,0.0,0.9943993544440428,0,0
47,49920,0.0,0.0,0.9936686458350827,0,0
48,50960,0.0,0.0,0.9944248929832828,0,0
49,52000,0.0,0.0,0.9924515537855688,0,0
