t,bytes_sent,utility,pheromone,f1_val,agg_count,rollback
0,1040,0.0,0.0,0.9957544250645473,0,0
1,2080,0.0,0.0,0.9949255377402499,0,0
2,3120,0.0,0.0,0.9951878390193748,0,0
3,4160,0.0,0.0,0.9950533454418405,0,0
4,5200,0.0,0.0,0.9946326116076992,0,0
5,6240,0.0,0.0,0.9946326116076992,0,0
6,7280,0.0,0.0,0.9935295728226101,0,0
7,8320,0.0,0.0,0.9926937099363592,0,0
8,9360,0.0,0.0,0.9922764410570261,0,0
9,10400,0.0,0.0,0.9922764410570261,0,0
10,11440,0.0,0.0,0.9889538877764438,0,0
11,12480,0.0,0.0,0.9844290815692893,0,0
12,13520,0.0,0.0,0.9799617126934004,0,0
13,14560,0.0,0.0,0.976736961483228,0,0
14,15600,0.0,0.0,0.9739339210101612,0,0
15,16640,0.0,0.0,0.9715445988523341,0,0
16,17680,0.0,0.0,0.9715445988523341,0,0
17,18720,0.0,0.0,0.967982640796742,0,0
18,19760,0.0,0.0,0.968377144568495,0,0
19,20800,0.0,0.0,0.9703543948633928,0,0
20,21840,0.0,0.0,0.9509064745291211,0,0
21,22880,0.0,0.0,0.9731361414964144,0,0
22,23920,0.0,0.0,0.9848436095950177,0,0
23,24960,0.0,0.0,0.9759215806704786,0,0
24,26000,0.0,0.0,0.9868943360344262,0,0
25,27040,0.0,0.0,0.9932384722592069,0,0
26,28080,0.0,0.0,0.9703374440981196,0,0
27,29120,0.0,0.0,0.981981397387859,0,0
28,30160,0.0,0.0,0.995047565533058,0,0
29,31200,0.0,0.0,0.6850909873792443,0,0
30,32240,0.0,0.0,0.9952985899745774,0,0
31,33280,0.0,0.0,0.9955183051359886,0,0
32,34320,0.0,0.0,0.9955183051359886,0,0
33,35360,0.0,0.0,0.9955183051359886,0,0
34,36400,0.0,0.0,0.9955183051359886,0,0
35,37440,0.0,0.0,0.9955183051359886,0,0
36,38480,0.0,0.0,0.9955183051359886,0,0
37,39520,0.0,0.0,0.9955183051359886,0,0
38,40560,0.0,0.0,0.9955183051359886,0,0
39,41600,0.0,0.0,0.9955183051359886,0,0
40,42640,0.0,0.0,0.9955183051359886,0,0
41,43680,0.0,0.0,0.9962605599108371,0,0
42,44720,0.0,0.0,0.9955324128473187,0,0
43,45760,0.0,0.0,0.9964111156985842,0,0
44,46800,0.0,0.0,0.9937201318545267,0,0
45,47840,0.0,0.0,0.9966308311260796,0,0
46,48880,0.0,0.0,0.9955324128473187,0,0
47,49920,0.0,0.0,0.975294904111363,0,0
48,50960,0.0,0.0,0.9960443555885385,0,0
49,52000,0.0,0.0,0.9951673848886461,0,0
