t,bytes_sent,utility,pheromone,f1_val,agg_count,rollback
0,1040,0.0,0.0,0.1403857625770531,0,0
1,2080,0.0,0.0,0.1403857625770531,0,0
2,3120,0.0,0.0,0.1403857625770531,0,0
3,4160,0.0,0.0,0.1403857625770531,0,0
4,5200,0.0,0.0,0.1403857625770531,0,0
5,6240,0.0,0.0,0.1403857625770531,0,0
6,7280,0.0,0.0,0.1403857625770531,0,0
7,8320,0.0,0.0,0.1403857625770531,0,0
8,9360,0.0,0.0,0.1403857625770531,0,0
9,10400,0.0,0.0,0.1403857625770531,0,0
10,11440,0.0,0.0,0.1403857625770531,0,0
11,12480,0.0,0.0,0.4007859877306994,0,0
12,13520,0.0,0.0,0.41627458463323097,0,0
13,14560,0.0,0.0,0.4160038662657951,0,0
14,15600,0.0,0.0,0.37169029467602305,0,0
15,16640,0.0,0.0,0.6405647047112861,0,0
16,17680,0.0,0.0,0.6925850712085383,0,0
17,18720,0.0,0.0,0.6411889795929681,0,0
18,19760,0.0,0.0,0.5978262795827567,0,0
19,20800,0.0,0.0,0.690257873457228,0,0
20,21840,0.0,0.0,0.6191741567107143,0,0
21,22880,0.0,0.0,0.663358836424629,0,0
22,23920,0.0,0.0,0.6357476494470788,0,0
23,24960,0.0,0.0,0.6666161368984014,0,0
24,26000,0.0,0.0,0.6466153600019267,0,0
25,27040,0.0,0.0,0.6162529830172808,0,0
26,28080,0.0,0.0,0.6335560949646494,0,0
27,29120,0.0,0.0,0.6128336715402082,0,0
28,30160,0.0,0.0,0.6346964189711302,0,0
29,31200,0.0,0.0,0.6132881516627513,0,0
30,32240,0.0,0.0,0.651538791613425,0,0
31,33280,0.0,0.0,0.6250543531807703,0,0
32,34320,0.0,0.0,0.6294673485814152,0,0
33,35360,0.0,0.0,0.6180883783303582,0,0
34,36400,0.0,0.0,0.6176754525949387,0,0
35,37440,0.0,0.0,0.6630825316363665,0,0
36,38480,0.0,0.0,0.6011419199575054,0,0
37,39520,0.0,0.0,0.6322802590180807,0,0
38,40560,0.0,0.0,0.6217881496415449,0,0
39,41600,0.0,0.0,0.6227888240615436,0,0
40,42640,0.0,0.0,0.6339474420667437,0,0
41,43680,0.0,0.0,0.6262275413348698,0,0
42,44720,0.0,0.0,0.634149274137515,0,0
43,45760,0.0,0.0,0.6372858672305275,0,0
44,46800,0.0,0.0,0.6052359565935432,0,0
45,47840,0.0,0.0,0.6399571489147269,0,0
46,48880,0.0,0.0,0.6112276499185423,0,0
47,49920,0.0,0.0,0.6244783238613751,0,0
48,50960,0.0,0.0,0.6175039707475993,0,0
49,52000,0.0,0.0,0.5902924377860073,0,0
