t,bytes_sent,utility,pheromone,f1_val,agg_count,rollback
0,1040,0.0,0.0,0.1403857625770531,0,0
1,2080,0.0,0.0,0.1403857625770531,0,0
2,3120,0.0,0.0,0.1403857625770531,0,0
3,4160,0.0,0.0,0.1403857625770531,0,0
4,5200,0.0,0.0,0.1403857625770531,0,0
5,6240,0.0,0.0,0.1403857625770531,0,0
6,7280,0.0,0.0,0.1403857625770531,0,0
7,8320,0.0,0.0,0.1403857625770531,0,0
8,9360,0.0,0.0,0.1403857625770531,0,0
9,10400,0.0,0.0,0.1403857625770531,0,0
10,11440,0.0,0.0,0.415486691627877,0,0
11,12480,0.0,0.0,0.4160404975377924,0,0
12,13520,0.0,0.0,0.4160038662657951,0,0
13,14560,0.0,0.0,0.41580726865236384,0,0
14,15600,0.0,0.0,0.4126381980197527,0,0
15,16640,0.0,0.0,0.6269438076089409,0,0
16,17680,0.0,0.0,0.5861132408833968,0,0
17,18720,0.0,0.0,0.6102688661635614,0,0
18,19760,0.0,0.0,0.6116210597403959,0,0
19,20800,0.0,0.0,0.6043120760123947,0,0
20,21840,0.0,0.0,0.6069944804683747,0,0
21,22880,0.0,0.0,0.5701647859167296,0,0
22,23920,0.0,0.0,0.6055210672297182,0,0
23,24960,0.0,0.0,0.4118692547564447,0,0
24,26000,0.0,0.0,0.5768886380303282,0,0
25,27040,0.0,0.0,0.6024660660361201,0,0
26,28080,0.0,0.0,0.6078854523639732,0,0
27,29120,0.0,0.0,0.6111009769589323,0,0
28,30160,0.0,0.0,0.6179678864075138,0,0
29,31200,0.0,0.0,0.6150703299549551,0,0
30,32240,0.0,0.0,0.5927673313101931,0,0
31,33280,0.0,0.0,0.6112877299082183,0,0
32,34320,0.0,0.0,0.6199750868384749,0,0
33,35360,0.0,0.0,0.5875128642674162,0,0
34,36400,0.0,0.0,0.6097278024168118,0,0
35,37440,0.0,0.0,0.6100741121605243,0,0
36,38480,0.0,0.0,0.6094485595528834,0,0
37,39520,0.0,0.0,0.5977552162904318,0,0
38,40560,0.0,0.0,0.5808886571540299,0,0
39,41600,0.0,0.0,0.6043085025585102,0,0
40,42640,0.0,0.0,0.6057207980241823,0,0
41,43680,0.0,0.0,0.6057819967684495,0,0
42,44720,0.0,0.0,0.6058895364089274,0,0
43,45760,0.0,0.0,0.5758351629319318,0,0
44,46800,0.0,0.0,0.5658106984754001,0,0
45,47840,0.0,0.0,0.5244852078343853,0,0
46,48880,0.0,0.0,0.5637346036460338,0,0
47,49920,0.0,0.0,0.5953256645817141,0,0
48,50960,0.0,0.0,0.5885070099880575,0,0
49,52000,0.0,0.0,0.5652196586751036,0,0
