t,bytes_sent,utility,pheromone,f1_val,agg_count,rollback
0,1040,0.0,0.0,0.14022662889518414,0,0
1,2080,0.0,0.0,0.14022662889518414,0,0
2,3120,0.0,0.0,0.14022662889518414,0,0
3,4160,0.0,0.0,0.14022662889518414,0,0
4,5200,0.0,0.0,0.14022662889518414,0,0
5,6240,0.0,0.0,0.14022662889518414,0,0
6,7280,0.0,0.0,0.14022662889518414,0,0
7,8320,0.0,0.0,0.14022662889518414,0,0
8,9360,0.0,0.0,0.14022662889518414,0,0
9,10400,0.0,0.0,0.14022662889518414,0,0
10,11440,0.0,0.0,0.14022662889518414,0,0
11,12480,0.0,0.0,0.6858678114462821,0,0
12,13520,0.0,0.0,0.6695223507101224,0,0
13,14560,0.0,0.0,0.6681386153264787,0,0
14,15600,0.0,0.0,0.6668373081140351,0,0
15,16640,0.0,0.0,0.6666640265755676,0,0
16,17680,0.0,0.0,0.6658357899141373,0,0
17,18720,0.0,0.0,0.6661837865865794,0,0
18,19760,0.0,0.0,0.665549559052443,0,0
19,20800,0.0,0.0,0.6670393356979468,0,0
20,21840,0.0,0.0,0.6669734817407583,0,0
21,22880,0.0,0.0,0.6664761005616974,0,0
22,23920,0.0,0.0,0.9548936648142108,0,0
23,24960,0.0,0.0,0.9500897881466022,0,0
24,26000,0.0,0.0,0.9538871130804805,0,0
25,27040,0.0,0.0,0.9564855992806257,0,0
26,28080,0.0,0.0,0.9544298337809562,0,0
27,29120,0.0,0.0,0.9502522393404698,0,0
28,30160,0.0,0.0,0.9535871456261897,0,0
29,31200,0.0,0.0,0.947915513513248,0,0
30,32240,0.0,0.0,0.948441425991891,0,0
31,33280,0.0,0.0,0.9482201848398419,0,0
32,34320,0.0,0.0,0.9589825120339294,0,0
33,35360,0.0,0.0,0.951095955792285,0,0
34,36400,0.0,0.0,0.9418273617809807,0,0
35,37440,0.0,0.0,0.9411782820688515,0,0
36,38480,0.0,0.0,0.9444859792899646,0,0
37,39520,0.0,0.0,0.9551120713525401,0,0
38,40560,0.0,0.0,0.9458311127958035,0,0
39,41600,0.0,0.0,0.9466243940700604,0,0
40,42640,0.0,0.0,0.9548695507571174,0,0
41,43680,0.0,0.0,0.9548866447949858,0,0
42,44720,0.0,0.0,0.9472821795977038,0,0
43,45760,0.0,0.0,0.943472887539977,0,0
44,46800,0.0,0.0,0.943472887539977,0,0
45,47840,0.0,0.0,0.9438510424603217,0,0
46,48880,0.0,0.0,0.9461768650485011,0,0
47,49920,0.0,0.0,0.9448469283207777,0,0
48,50960,0.0,0.0,0.9481244988666191,0,0
49,52000,0.0,0.0,0.9509498268056742,0,0
