t,bytes_sent,utility,pheromone,f1_val,agg_count,rollback
0,1040,0.0,0.0,0.41750764008433106,0,0
1,2080,0.0,0.0,0.14226190476190476,0,0
2,3120,0.0,0.0,0.14226190476190476,0,0
3,4160,0.0,0.0,0.14226190476190476,0,0
4,5200,0.0,0.0,0.14226190476190476,0,0
5,6240,0.0,0.0,0.14226190476190476,0,0
6,7280,0.0,0.0,0.14226190476190476,0,0
7,8320,0.0,0.0,0.14226190476190476,0,0
8,9360,0.0,0.0,0.14226190476190476,0,0
9,10400,0.0,0.0,0.41734838192522206,0,0
10,11440,0.0,0.0,0.41750764008433106,0,0
11,12480,0.0,0.0,0.4173865207428088,0,0
12,13520,0.0,0.0,0.4174665005497404,0,0
13,14560,0.0,0.0,0.4174665005497404,0,0
14,15600,0.0,0.0,0.42722646471196163,0,0
15,16640,0.0,0.0,0.4173446081896786,0,0
16,17680,0.0,0.0,0.7005691551769304,0,0
17,18720,0.0,0.0,0.700320598491359,0,0
18,19760,0.0,0.0,0.698778830857778,0,0
19,20800,0.0,0.0,0.7003213174339138,0,0
20,21840,0.0,0.0,0.4178296265806952,0,0
21,22880,0.0,0.0,0.7003221706489986,0,0
22,23920,0.0,0.0,0.6595149699615146,0,0
23,24960,0.0,0.0,0.7003213174339138,0,0
24,26000,0.0,0.0,0.7003213174339138,0,0
25,27040,0.0,0.0,0.43440332227167033,0,0
26,28080,0.0,0.0,0.4444249671791533,0,0
27,29120,0.0,0.0,0.6790423102388284,0,0
28,30160,0.0,0.0,0.6945129619003162,0,0
29,31200,0.0,0.0,0.6451083876804655,0,0
30,32240,0.0,0.0,0.420445295190884,0,0
31,33280,0.0,0.0,0.7003213174339138,0,0
32,34320,0.0,0.0,0.700320598491359,0,0
33,35360,0.0,0.0,0.7003213174339138,0,0
34,36400,0.0,0.0,0.700320598491359,0,0
35,37440,0.0,0.0,0.7003213174339138,0,0
36,38480,0.0,0.0,0.700320598491359,0,0
37,39520,0.0,0.0,0.6214625276953982,0,0
38,40560,0.0,0.0,0.700320598491359,0,0
39,41600,0.0,0.0,0.700407554886547,0,0
40,42640,0.0,0.0,0.5876888300881522,0,0
41,43680,0.0,0.0,0.700320598491359,0,0
42,44720,0.0,0.0,0.700320598491359,0,0
43,45760,0.0,0.0,0.700320598491359,0,0
44,46800,0.0,0.0,0.4243503880982571,0,0
45,47840,0.0,0.0,0.700407554886547,0,0
46,48880,0.0,0.0,0.5999813688616925,0,0
47,49920,0.0,0.0,0.7004083344258929,0,0
48,50960,0.0,0.0,0.7004083344258929,0,0
49,52000,0.0,0.0,0.6047772077849562,0,0
