t,bytes_sent,utility,pheromone,f1_val,agg_count,rollback
0,1040,0.0,0.0,0.09037372593431484,0,0
1,2080,0.0,0.0,0.404400976138226,0,0
2,3120,0.0,0.0,0.1403857625770531,0,0
3,4160,0.0,0.0,0.1403857625770531,0,0
4,5200,0.0,0.0,0.1403857625770531,0,0
5,6240,0.0,0.0,0.1403857625770531,0,0
6,7280,0.0,0.0,0.1403857625770531,0,0
7,8320,0.0,0.0,0.1403857625770531,0,0
8,9360,0.0,0.0,0.1403857625770531,0,0
9,10400,0.0,0.0,0.4164711099175653,0,0
10,11440,0.0,0.0,0.4161203556905605,0,0
11,12480,0.0,0.0,0.41592377599636055,0,0
12,13520,0.0,0.0,0.37204267259558305,0,0
13,14560,0.0,0.0,0.41580726865236384,0,0
14,15600,0.0,0.0,0.41580726865236384,0,0
15,16640,0.0,0.0,0.4474340338580899,0,0
16,17680,0.0,0.0,0.6555536044828003,0,0
17,18720,0.0,0.0,0.7111117215716545,0,0
18,19760,0.0,0.0,0.6618102132222377,0,0
19,20800,0.0,0.0,0.5648712306447398,0,0
20,21840,0.0,0.0,0.6247723362949285,0,0
21,22880,0.0,0.0,0.598656416701296,0,0
22,23920,0.0,0.0,0.5674194491182247,0,0
23,24960,0.0,0.0,0.6054702625969595,0,0
24,26000,0.0,0.0,0.5729267750127756,0,0
25,27040,0.0,0.0,0.5860729597690905,0,0
26,28080,0.0,0.0,0.5703872756869166,0,0
27,29120,0.0,0.0,0.5618367699025776,0,0
28,30160,0.0,0.0,0.5866881598465845,0,0
29,31200,0.0,0.0,0.5617490255257271,0,0
30,32240,0.0,0.0,0.5355046882507426,0,0
31,33280,0.0,0.0,0.6145529271177327,0,0
32,34320,0.0,0.0,0.6011442410885939,0,0
33,35360,0.0,0.0,0.5481308325584117,0,0
34,36400,0.0,0.0,0.5399856399862154,0,0
35,37440,0.0,0.0,0.562514890625168,0,0
36,38480,0.0,0.0,0.5693301936611207,0,0
37,39520,0.0,0.0,0.5460671555230703,0,0
38,40560,0.0,0.0,0.5459450686486809,0,0
39,41600,0.0,0.0,0.5711259311113217,0,0
40,42640,0.0,0.0,0.5884733940746263,0,0
41,43680,0.0,0.0,0.5607283820936685,0,0
42,44720,0.0,0.0,0.6080087388982257,0,0
43,45760,0.0,0.0,0.5824704104201592,0,0
44,46800,0.0,0.0,0.5883919677310907,0,0
45,47840,0.0,0.0,0.6047460786854943,0,0
46,48880,0.0,0.0,0.564962818239586,0,0
47,49920,0.0,0.0,0.5726235205640144,0,0
48,50960,0.0,0.0,0.6141819138128376,0,0
49,52000,0.0,0.0,0.6147084384545858,0,0
