t,bytes_sent,utility,pheromone,f1_val,agg_count,rollback
0,1040,0.0,0.0,0.4038388831837816,0,0
1,2080,0.0,0.0,0.7010108237857944,0,0
2,3120,0.0,0.0,0.45632761016807893,0,0
3,4160,0.0,0.0,0.9596804739176257,0,0
4,5200,0.0,0.0,0.9926611813456954,0,0
5,6240,0.0,0.0,0.9595525296904387,0,0
6,7280,0.0,0.0,0.7658112717283032,0,0
7,8320,0.0,0.0,0.7036125404849061,0,0
8,9360,0.0,0.0,0.9146167819614188,0,0
9,10400,0.0,0.0,0.9591329808543642,0,0
10,11440,0.0,0.0,0.757012787347979,0,0
11,12480,0.0,0.0,0.7937717475102583,0,0
12,13520,0.0,0.0,0.7862406407487019,0,0
13,14560,0.0,0.0,0.7747152097334715,0,0
14,15600,0.0,0.0,0.7607112775896421,0,0
15,16640,0.0,0.0,0.7466796933427999,0,0
16,17680,0.0,0.0,0.7359985907156017,0,0
17,18720,0.0,0.0,0.7324774637312897,0,0
18,19760,0.0,0.0,0.7332658248825913,0,0
19,20800,0.0,0.0,0.724913797120142,0,0
20,21840,0.0,0.0,0.7251323255538442,0,0
21,22880,0.0,0.0,0.7247408140614995,0,0
22,23920,0.0,0.0,0.7211136865977978,0,0
23,24960,0.0,0.0,0.7195357324045972,0,0
24,26000,0.0,0.0,0.7170250766430615,0,0
25,27040,0.0,0.0,0.7187423659580134,0,0
26,28080,0.0,0.0,0.7178181228739654,0,0
27,29120,0.0,0.0,0.7146280951060182,0,0
28,30160,0.0,0.0,0.7150294679542936,0,0
29,31200,0.0,0.0,0.7138230742975615,0,0
30,32240,0.0,0.0,0.7154300864510625,0,0
31,33280,0.0,0.0,0.7122038470258195,0,0
32,34320,0.0,0.0,0.7096645696305625,0,0
33,35360,0.0,0.0,0.7120971084076981,0,0
34,36400,0.0,0.0,0.7093227042285813,0,0
35,37440,0.0,0.0,0.7109408824206753,0,0
36,38480,0.0,0.0,0.7089162273283574,0,0
37,39520,0.0,0.0,0.7081623921363871,0,0
38,40560,0.0,0.0,0.7071742156220473,0,0
39,41600,0.0,0.0,0.7097801523818905,0,0
40,42640,0.0,0.0,0.7080305394012397,0,0
41,43680,0.0,0.0,0.7080305394012397,0,0
42,44720,0.0,0.0,0.7088345105216882,0,0
43,45760,0.0,0.0,0.7072606649525647,0,0
44,46800,0.0,0.0,0.7088345105216882,0,0
45,47840,0.0,0.0,0.7076621657105199,0,0
46,48880,0.0,0.0,0.7052416835174169,0,0
47,49920,0.0,0.0,0.7064553770661421,0,0
48,50960,0.0,0.0,0.7054219545512539,0,0
49,52000,0.0,0.0,0.7048355702291349,0,0
