t,bytes_sent,utility,pheromone,f1_val,agg_count,rollback
0,1040,0.0,0.0,0.14226190476190476,0,0
1,2080,0.0,0.0,0.4248650736430116,0,0
2,3120,0.0,0.0,0.42513098490624535,0,0
3,4160,0.0,0.0,0.14226190476190476,0,0
4,5200,0.0,0.0,0.14226190476190476,0,0
5,6240,0.0,0.0,0.14226190476190476,0,0
6,7280,0.0,0.0,0.14226190476190476,0,0
7,8320,0.0,0.0,0.14226190476190476,0,0
8,9360,0.0,0.0,0.14226190476190476,0,0
9,10400,0.0,0.0,0.14226190476190476,0,0
10,11440,0.0,0.0,0.41734838192522206,0,0
11,12480,0.0,0.0,0.41770847824441854,0,0
12,13520,0.0,0.0,0.41778804395810054,0,0
13,14560,0.0,0.0,0.4176671856330787,0,0
14,15600,0.0,0.0,0.4176671856330787,0,0
15,16640,0.0,0.0,0.43729965937461046,0,0
16,17680,0.0,0.0,0.4235722368633761,0,0
17,18720,0.0,0.0,0.6871970396878953,0,0
18,19760,0.0,0.0,0.4175423871076045,0,0
19,20800,0.0,0.0,0.7008184048127608,0,0
20,21840,0.0,0.0,0.4209393834455897,0,0
21,22880,0.0,0.0,0.6293642851788794,0,0
22,23920,0.0,0.0,0.5805365512299899,0,0
23,24960,0.0,0.0,0.7006083926626743,0,0
24,26000,0.0,0.0,0.700320598491359,0,0
25,27040,0.0,0.0,0.700320598491359,0,0
26,28080,0.0,0.0,0.700320598491359,0,0
27,29120,0.0,0.0,0.700320598491359,0,0
28,30160,0.0,0.0,0.700320598491359,0,0
29,31200,0.0,0.0,0.6672704785395195,0,0
30,32240,0.0,0.0,0.6927848005761511,0,0
31,33280,0.0,0.0,0.700320598491359,0,0
32,34320,0.0,0.0,0.6246009155219703,0,0
33,35360,0.0,0.0,0.700320598491359,0,0
34,36400,0.0,0.0,0.700320598491359,0,0
35,37440,0.0,0.0,0.6480037321620411,0,0
36,38480,0.0,0.0,0.6461581438722556,0,0
37,39520,0.0,0.0,0.7004069097142683,0,0
38,40560,0.0,0.0,0.7003213174339138,0,0
39,41600,0.0,0.0,0.7004932948021524,0,0
40,42640,0.0,0.0,0.5543545553988263,0,0
41,43680,0.0,0.0,0.6776676671729875,0,0
42,44720,0.0,0.0,0.7005802511973405,0,0
43,45760,0.0,0.0,0.7004932948021524,0,0
44,46800,0.0,0.0,0.690139748384096,0,0
45,47840,0.0,0.0,0.6322712085001707,0,0
46,48880,0.0,0.0,0.7892447120896504,0,0
47,49920,0.0,0.0,0.5900928559664123,0,0
48,50960,0.0,0.0,0.6987760934989099,0,0
49,52000,0.0,0.0,0.6457557821929977,0,0
