t,bytes_sent,utility,pheromone,f1_val,agg_count,rollback
0,1040,0.0,0.0,0.3873283417428505,0,0
1,2080,0.0,0.0,0.13862163754172394,0,0
2,3120,0.0,0.0,0.13862163754172394,0,0
3,4160,0.0,0.0,0.13862163754172394,0,0
4,5200,0.0,0.0,0.13862163754172394,0,0
5,6240,0.0,0.0,0.13862163754172394,0,0
6,7280,0.0,0.0,0.13862163754172394,0,0
7,8320,0.0,0.0,0.13862163754172394,0,0
8,9360,0.0,0.0,0.13862163754172394,0,0
9,10400,0.0,0.0,0.13862163754172394,0,0
10,11440,0.0,0.0,0.13862163754172394,0,0
11,12480,0.0,0.0,0.13862163754172394,0,0
12,13520,0.0,0.0,0.4170758964666951,0,0
13,14560,0.0,0.0,0.38872080961228583,0,0
14,15600,0.0,0.0,0.3787213521674837,0,0
15,16640,0.0,0.0,0.5041922081183057,0,0
16,17680,0.0,0.0,0.5539824406395397,0,0
17,18720,0.0,0.0,0.6622547055981562,0,0
18,19760,0.0,0.0,0.7000134762741985,0,0
19,20800,0.0,0.0,0.6965207435993628,0,0
20,21840,0.0,0.0,0.6998387566314846,0,0
21,22880,0.0,0.0,0.6673855972874361,0,0
22,23920,0.0,0.0,0.692806053080447,0,0
23,24960,0.0,0.0,0.6955952797359047,0,0
24,26000,0.0,0.0,0.756394187223358,0,0
25,27040,0.0,0.0,0.93801860901513,0,0
26,28080,0.0,0.0,0.9566745629877609,0,0
27,29120,0.0,0.0,0.9782427887193018,0,0
28,30160,0.0,0.0,0.9853636290611265,0,0
29,31200,0.0,0.0,0.9950444545353663,0,0
30,32240,0.0,0.0,0.9854035779243695,0,0
31,33280,0.0,0.0,0.9871830456383313,0,0
32,34320,0.0,0.0,0.913658875249778,0,0
33,35360,0.0,0.0,0.9534425668785851,0,0
34,36400,0.0,0.0,0.9951034680760983,0,0
35,37440,0.0,0.0,0.9951034680760983,0,0
36,38480,0.0,0.0,0.9935596857182292,0,0
37,39520,0.0,0.0,0.9951034680760983,0,0
38,40560,0.0,0.0,0.9947918903119958,0,0
39,41600,0.0,0.0,0.9952559410723143,0,0
40,42640,0.0,0.0,0.9951034680760983,0,0
41,43680,0.0,0.0,0.9948838907637279,0,0
42,44720,0.0,0.0,0.9948838907637279,0,0
43,45760,0.0,0.0,0.9937452946631335,0,0
44,46800,0.0,0.0,0.9939149604967501,0,0
45,47840,0.0,0.0,0.9948413794931923,0,0
46,48880,0.0,0.0,0.9941591713273794,0,0
47,49920,0.0,0.0,0.9939400388726987,0,0
48,50960,0.0,0.0,0.9939643640207476,0,0
49,52000,0.0,0.0,0.9939400388726987,0,0
