t,bytes_sent,utility,pheromone,f1_val,agg_count,rollback
0,1040,0.0,0.0,0.1403857625770531,0,0
1,2080,0.0,0.0,0.1403857625770531,0,0
2,3120,0.0,0.0,0.1403857625770531,0,0
3,4160,0.0,0.0,0.1403857625770531,0,0
4,5200,0.0,0.0,0.1403857625770531,0,0
5,6240,0.0,0.0,0.1403857625770531,0,0
6,7280,0.0,0.0,0.1403857625770531,0,0
7,8320,0.0,0.0,0.1403857625770531,0,0
8,9360,0.0,0.0,0.1403857625770531,0,0
9,10400,0.0,0.0,0.1403857625770531,0,0
10,11440,0.0,0.0,0.4144977645890915,0,0
11,12480,0.0,0.0,0.4160404975377924,0,0
12,13520,0.0,0.0,0.4160038662657951,0,0
13,14560,0.0,0.0,0.41580726865236384,0,0
14,15600,0.0,0.0,0.41580726865236384,0,0
15,16640,0.0,0.0,0.41580726865236384,0,0
16,17680,0.0,0.0,0.6994914079160017,0,0
17,18720,0.0,0.0,0.41580726865236384,0,0
18,19760,0.0,0.0,0.7102620738043565,0,0
19,20800,0.0,0.0,0.5672173756552491,0,0
20,21840,0.0,0.0,0.6891947742937553,0,0
21,22880,0.0,0.0,0.7121045034741973,0,0
22,23920,0.0,0.0,0.6268046016474932,0,0
23,24960,0.0,0.0,0.5730905737209576,0,0
24,26000,0.0,0.0,0.6105301318200974,0,0
25,27040,0.0,0.0,0.5381581535365965,0,0
26,28080,0.0,0.0,0.578633602057504,0,0
27,29120,0.0,0.0,0.588326796483386,0,0
28,30160,0.0,0.0,0.5653656323816452,0,0
29,31200,0.0,0.0,0.6220692413555727,0,0
30,32240,0.0,0.0,0.5534771784232644,0,0
31,33280,0.0,0.0,0.5902884685750421,0,0
32,34320,0.0,0.0,0.5896740641866457,0,0
33,35360,0.0,0.0,0.5289285386066396,0,0
34,36400,0.0,0.0,0.5838686785182653,0,0
35,37440,0.0,0.0,0.5715619379412329,0,0
36,38480,0.0,0.0,0.5892428878225524,0,0
37,39520,0.0,0.0,0.5467534060146302,0,0
38,40560,0.0,0.0,0.5947431578923429,0,0
39,41600,0.0,0.0,0.6201746761304727,0,0
40,42640,0.0,0.0,0.5782193877592398,0,0
41,43680,0.0,0.0,0.6241248453153706,0,0
42,44720,0.0,0.0,0.6194110667539428,0,0
43,45760,0.0,0.0,0.6294954692940988,0,0
44,46800,0.0,0.0,0.6515978789364895,0,0
45,47840,0.0,0.0,0.5996137537113027,0,0
46,48880,0.0,0.0,0.6272927184657207,0,0
47,49920,0.0,0.0,0.6278538848586428,0,0
48,50960,0.0,0.0,0.595362844931356,0,0
49,52000,0.0,0.0,0.7527073971446812,0,0
