t,bytes_sent,utility,pheromone,f1_val,agg_count,rollback
0,1040,0.0,0.0,0.14035785288270378,0,0
1,2080,0.0,0.0,0.14035785288270378,0,0
2,3120,0.0,0.0,0.14035785288270378,0,0
3,4160,0.0,0.0,0.14035785288270378,0,0
4,5200,0.0,0.0,0.14035785288270378,0,0
5,6240,0.0,0.0,0.14035785288270378,0,0
6,7280,0.0,0.0,0.14035785288270378,0,0
7,8320,0.0,0.0,0.14035785288270378,0,0
8,9360,0.0,0.0,0.14035785288270378,0,0
9,10400,0.0,0.0,0.15381263616557733,0,0
10,11440,0.0,0.0,0.22407832850423762,0,0
11,12480,0.0,0.0,0.39290418175207026,0,0
12,13520,0.0,0.0,0.28554335432230216,0,0
13,14560,0.0,0.0,0.6617082776106273,0,0
14,15600,0.0,0.0,0.44313822698175326,0,0
15,16640,0.0,0.0,0.7020620161542324,0,0
16,17680,0.0,0.0,0.7019943617210709,0,0
17,18720,0.0,0.0,0.7016841223542372,0,0
18,19760,0.0,0.0,0.7016841223542372,0,0
19,20800,0.0,0.0,0.7410643398169725,0,0
20,21840,0.0,0.0,0.9286248341407514,0,0
21,22880,0.0,0.0,0.9309444101570085,0,0
22,23920,0.0,0.0,0.9312182960980281,0,0
23,24960,0.0,0.0,0.9342984928403986,0,0
24,26000,0.0,0.0,0.986671201141203,0,0
25,27040,0.0,0.0,0.9371413212652682,0,0
26,28080,0.0,0.0,0.9374027029214781,0,0
27,29120,0.0,0.0,0.9556990544095489,0,0
28,30160,0.0,0.0,0.9568172478224787,0,0
29,31200,0.0,0.0,0.9378492043471004,0,0
30,32240,0.0,0.0,0.9570793389677558,0,0
31,33280,0.0,0.0,0.9755480907512115,0,0
32,34320,0.0,0.0,0.9622122448196077,0,0
33,35360,0.0,0.0,0.9971633156444213,0,0
34,36400,0.0,0.0,0.9840706790256515,0,0
35,37440,0.0,0.0,0.9971660554268293,0,0
36,38480,0.0,0.0,0.9942274539731304,0,0
37,39520,0.0,0.0,0.9775125222132376,0,0
38,40560,0.0,0.0,0.9971660554268293,0,0
39,41600,0.0,0.0,0.9942513266194934,0,0
40,42640,0.0,0.0,0.9975773038923221,0,0
41,43680,0.0,0.0,0.9971660554268293,0,0
42,44720,0.0,0.0,0.9967257829826226,0,0
43,45760,0.0,0.0,0.9844742761895678,0,0
44,46800,0.0,0.0,0.9971404074438908,0,0
45,47840,0.0,0.0,0.9948880898436442,0,0
46,48880,0.0,0.0,0.9733248943311374,0,0
47,49920,0.0,0.0,0.9971687801929319,0,0
48,50960,0.0,0.0,0.9975773038923221,0,0
49,52000,0.0,0.0,0.9838552821423519,0,0
