t,bytes_sent,utility,pheromone,f1_val,agg_count,rollback
0,1040,0.0,0.0,0.1417771333885667,0,0
1,2080,0.0,0.0,0.1417771333885667,0,0
2,3120,0.0,0.0,0.1417771333885667,0,0
3,4160,0.0,0.0,0.1417771333885667,0,0
4,5200,0.0,0.0,0.1417771333885667,0,0
5,6240,0.0,0.0,0.1417771333885667,0,0
6,7280,0.0,0.0,0.1417771333885667,0,0
7,8320,0.0,0.0,0.1417771333885667,0,0
8,9360,0.0,0.0,0.1417771333885667,0,0
9,10400,0.0,0.0,0.1417771333885667,0,0
10,11440,0.0,0.0,0.1417771333885667,0,0
11,12480,0.0,0.0,0.1417771333885667,0,0
12,13520,0.0,0.0,0.4163461343671842,0,0
13,14560,0.0,0.0,0.4170202001771538,0,0
14,15600,0.0,0.0,0.6061522949029228,0,0
15,16640,0.0,0.0,0.4822262368350532,0,0
16,17680,0.0,0.0,0.540526870020251,0,0
17,18720,0.0,0.0,0.5660113632256267,0,0
18,19760,0.0,0.0,0.7140108588144345,0,0
19,20800,0.0,0.0,0.7017961767673263,0,0
20,21840,0.0,0.0,0.7011349212275069,0,0
21,22880,0.0,0.0,0.701055136928628,0,0
22,23920,0.0,0.0,0.7010542679632784,0,0
23,24960,0.0,0.0,0.7012396961949537,0,0
24,26000,0.0,0.0,0.7006944303130371,0,0
25,27040,0.0,0.0,0.690428125917756,0,0
26,28080,0.0,0.0,0.7010529594768992,0,0
27,29120,0.0,0.0,0.7009652472052541,0,0
28,30160,0.0,0.0,0.7009735608554166,0,0
29,31200,0.0,0.0,0.7010542679632784,0,0
30,32240,0.0,0.0,0.7005127895862524,0,0
31,33280,0.0,0.0,0.7007952220838272,0,0
32,34320,0.0,0.0,0.7009681364200602,0,0
33,35360,0.0,0.0,0.6974461934155867,0,0
34,36400,0.0,0.0,0.7010521691391168,0,0
35,37440,0.0,0.0,0.5895240852394632,0,0
36,38480,0.0,0.0,0.7068432446207658,0,0
37,39520,0.0,0.0,0.7065562975551305,0,0
38,40560,0.0,0.0,0.7067359165120993,0,0
39,41600,0.0,0.0,0.7134688470530688,0,0
40,42640,0.0,0.0,0.7072612956396904,0,0
41,43680,0.0,0.0,0.7098900901363416,0,0
42,44720,0.0,0.0,0.7361791908418683,0,0
43,45760,0.0,0.0,0.7084366289194504,0,0
44,46800,0.0,0.0,0.7103495816003595,0,0
45,47840,0.0,0.0,0.7081241571843977,0,0
46,48880,0.0,0.0,0.7087929775409841,0,0
47,49920,0.0,0.0,0.7237805306723608,0,0
48,50960,0.0,0.0,0.6515585726876635,0,0
49,52000,0.0,0.0,0.7081248395942885,0,0
