t,bytes_sent,utility,pheromone,f1_val,agg_count,rollback
0,1040,0.0,0.0,0.18637293208721778,0,0
1,2080,0.0,0.0,0.14022662889518414,0,0
2,3120,0.0,0.0,0.14022662889518414,0,0
3,4160,0.0,0.0,0.14022662889518414,0,0
4,5200,0.0,0.0,0.14022662889518414,0,0
5,6240,0.0,0.0,0.14022662889518414,0,0
6,7280,0.0,0.0,0.14022662889518414,0,0
7,8320,0.0,0.0,0.14022662889518414,0,0
8,9360,0.0,0.0,0.14022662889518414,0,0
9,10400,0.0,0.0,0.14022662889518414,0,0
10,11440,0.0,0.0,0.14022662889518414,0,0
11,12480,0.0,0.0,0.4135786132312515,0,0
12,13520,0.0,0.0,0.6828270497849547,0,0
13,14560,0.0,0.0,0.38007293582446766,0,0
14,15600,0.0,0.0,0.3761355186059136,0,0
15,16640,0.0,0.0,0.37782504377765236,0,0
16,17680,0.0,0.0,0.3774627827456841,0,0
17,18720,0.0,0.0,0.6642656747740467,0,0
18,19760,0.0,0.0,0.6676856187642503,0,0
19,20800,0.0,0.0,0.6675126623599663,0,0
20,21840,0.0,0.0,0.6649602417741496,0,0
21,22880,0.0,0.0,0.664730613386724,0,0
22,23920,0.0,0.0,0.66588270212024,0,0
23,24960,0.0,0.0,0.6649156490677024,0,0
24,26000,0.0,0.0,0.6662880597409008,0,0
25,27040,0.0,0.0,0.6676643384142118,0,0
26,28080,0.0,0.0,0.6674199009233494,0,0
27,29120,0.0,0.0,0.6671988826620614,0,0
28,30160,0.0,0.0,0.9573810829379475,0,0
29,31200,0.0,0.0,0.9524080621412595,0,0
30,32240,0.0,0.0,0.9433563188527823,0,0
31,33280,0.0,0.0,0.9586043924052295,0,0
32,34320,0.0,0.0,0.9573726756971574,0,0
33,35360,0.0,0.0,0.935853747118251,0,0
34,36400,0.0,0.0,0.9386080218220043,0,0
35,37440,0.0,0.0,0.955010694554935,0,0
36,38480,0.0,0.0,0.9417959784411467,0,0
37,39520,0.0,0.0,0.9133896684942792,0,0
38,40560,0.0,0.0,0.9473786416449594,0,0
39,41600,0.0,0.0,0.9571537195810778,0,0
40,42640,0.0,0.0,0.9407706914308677,0,0
41,43680,0.0,0.0,0.634632497782181,0,0
42,44720,0.0,0.0,0.9389569310573266,0,0
43,45760,0.0,0.0,0.9527637975164363,0,0
44,46800,0.0,0.0,0.9514660039603003,0,0
45,47840,0.0,0.0,0.957462168972275,0,0
46,48880,0.0,0.0,0.9530282995527606,0,0
47,49920,0.0,0.0,0.937265102108326,0,0
48,50960,0.0,0.0,0.93986231176116,0,0
49,52000,0.0,0.0,0.9385803405442248,0,0
