t,bytes_sent,utility,pheromone,f1_val,agg_count,rollback
0,1040,0.0,0.0,0.7752527711215027,0,0
1,2080,0.0,0.0,0.9963164379542544,0,0
2,3120,0.0,0.0,0.9971773386779533,0,0
3,4160,0.0,0.0,0.989635249632218,0,0
4,5200,0.0,0.0,0.9967466683875206,0,0
5,6240,0.0,0.0,0.9845230985192723,0,0
6,7280,0.0,0.0,0.987939970038929,0,0
7,8320,0.0,0.0,0.9810700326853032,0,0
8,9360,0.0,0.0,0.9740497817263074,0,0
9,10400,0.0,0.0,0.972715825812984,0,0
10,11440,0.0,0.0,0.9677746957009835,0,0
11,12480,0.0,0.0,0.9673215186055643,0,0
12,13520,0.0,0.0,0.9673215186055643,0,0
13,14560,0.0,0.0,0.9664131296232913,0,0
14,15600,0.0,0.0,0.9659579114815917,0,0
15,16640,0.0,0.0,0.9655020067130645,0,0
16,17680,0.0,0.0,0.9632120722874211,0,0
17,18720,0.0,0.0,0.9613674390849617,0,0
18,19760,0.0,0.0,0.9613674390849617,0,0
19,20800,0.0,0.0,0.9609044917527205,0,0
20,21840,0.0,0.0,0.9585788553094909,0,0
21,22880,0.0,0.0,0.9581115245894447,0,0
22,23920,0.0,0.0,0.9562347437343942,0,0
23,24960,0.0,0.0,0.9533968179993169,0,0
24,26000,0.0,0.0,0.951967409939166,0,0
25,27040,0.0,0.0,0.9452014552592172,0,0
26,28080,0.0,0.0,0.9429004481172103,0,0
27,29120,0.0,0.0,0.9394259128886685,0,0
28,30160,0.0,0.0,0.9394259128886685,0,0
29,31200,0.0,0.0,0.9389260228219427,0,0
30,32240,0.0,0.0,0.9389260228219427,0,0
31,33280,0.0,0.0,0.9369174784300789,0,0
32,34320,0.0,0.0,0.9369174784300789,0,0
33,35360,0.0,0.0,0.9384252384984216,0,0
34,36400,0.0,0.0,0.9384252384984216,0,0
35,37440,0.0,0.0,0.9369174784300789,0,0
36,38480,0.0,0.0,0.9354015195734948,0,0
37,39520,0.0,0.0,0.9348943582185678,0,0
38,40560,0.0,0.0,0.9343862688593145,0,0
39,41600,0.0,0.0,0.9333672888498293,0,0
40,42640,0.0,0.0,0.9323445447708325,0,0
41,43680,0.0,0.0,0.9318317502420822,0,0
42,44720,0.0,0.0,0.9292533750587465,0,0
43,45760,0.0,0.0,0.9292533750587465,0,0
44,46800,0.0,0.0,0.9292533750587465,0,0
45,47840,0.0,0.0,0.9292533750587465,0,0
46,48880,0.0,0.0,0.9292533750587465,0,0
47,49920,0.0,0.0,0.9297709853699931,0,0
48,50960,0.0,0.0,0.9292533750587465,0,0
49,52000,0.0,0.0,0.9292533750587465,0,0
