t,bytes_sent,utility,pheromone,f1_val,agg_count,rollback
0,1040,0.0,0.0,0.7012347841865968,0,0
1,2080,0.0,0.0,0.701230889339113,0,0
2,3120,0.0,0.0,0.8257874385733043,0,0
3,4160,0.0,0.0,0.8258847710244406,0,0
4,5200,0.0,0.0,0.8290926593412457,0,0
5,6240,0.0,0.0,0.8270143479830291,0,0
6,7280,0.0,0.0,0.7459018835050305,0,0
7,8320,0.0,0.0,0.8252759249229606,0,0
8,9360,0.0,0.0,0.8245937319586271,0,0
9,10400,0.0,0.0,0.7863213631437173,0,0
10,11440,0.0,0.0,0.7056287865147819,0,0
11,12480,0.0,0.0,0.8254695590663176,0,0
12,13520,0.0,0.0,0.8246828990459448,0,0
13,14560,0.0,0.0,0.8262629147816678,0,0
14,15600,0.0,0.0,0.8265329305722857,0,0
15,16640,0.0,0.0,0.8257498446041134,0,0
16,17680,0.0,0.0,0.8262665304152352,0,0
17,18720,0.0,0.0,0.8270349493459881,0,0
18,19760,0.0,0.0,0.824951931382948,0,0
19,20800,0.0,0.0,0.8254811138681288,0,0
20,21840,0.0,0.0,0.8262665304152352,0,0
21,22880,0.0,0.0,0.824693353666958,0,0
22,23920,0.0,0.0,0.8265251081312253,0,0
23,24960,0.0,0.0,0.7025416907090345,0,0
24,26000,0.0,0.0,0.8268561555364838,0,0
25,27040,0.0,0.0,0.8276284451829635,0,0
26,28080,0.0,0.0,0.8271027185364496,0,0
27,29120,0.0,0.0,0.8271027185364496,0,0
28,30160,0.0,0.0,0.8278880411207745,0,0
29,31200,0.0,0.0,0.827696214373425,0,0
30,32240,0.0,0.0,0.827696214373425,0,0
31,33280,0.0,0.0,0.8263150521662751,0,0
32,34320,0.0,0.0,0.8286710329941332,0,0
33,35360,0.0,0.0,0.8265748084523313,0,0
34,36400,0.0,0.0,0.8004647059837557,0,0
35,37440,0.0,0.0,0.800753012004826,0,0
36,38480,0.0,0.0,0.7993152051583449,0,0
37,39520,0.0,0.0,0.8439564509146336,0,0
38,40560,0.0,0.0,0.8619159883506726,0,0
39,41600,0.0,0.0,0.8944284693626432,0,0
40,42640,0.0,0.0,0.9029015980466503,0,0
41,43680,0.0,0.0,0.9041204708822129,0,0
42,44720,0.0,0.0,0.8990457639950052,0,0
43,45760,0.0,0.0,0.8274365515193765,0,0
44,46800,0.0,0.0,0.8281477974068309,0,0
45,47840,0.0,0.0,0.8258213096750437,0,0
46,48880,0.0,0.0,0.8366664611094375,0,0
47,49920,0.0,0.0,0.9254363024037595,0,0
48,50960,0.0,0.0,0.9292120517875988,0,0
49,52000,0.0,0.0,0.8259405684286031,0,0
