t,bytes_sent,utility,pheromone,f1_val,agg_count,rollback
0,1040,0.0,0.0,0.9419352683337017,0,0
1,2080,0.0,0.0,0.9480493235014388,0,0
2,3120,0.0,0.0,0.934654185067585,0,0
3,4160,0.0,0.0,0.7016532339719416,0,0
4,5200,0.0,0.0,0.9418860026888752,0,0
5,6240,0.0,0.0,0.939214296242359,0,0
6,7280,0.0,0.0,0.9405508433265483,0,0
7,8320,0.0,0.0,0.9037272776555086,0,0
8,9360,0.0,0.0,0.9469945486699944,0,0
9,10400,0.0,0.0,0.93780446579176,0,0
10,11440,0.0,0.0,0.9525206409397049,0,0
11,12480,0.0,0.0,0.9386179570420512,0,0
12,13520,0.0,0.0,0.9541366675468341,0,0
13,14560,0.0,0.0,0.9542953059194279,0,0
14,15600,0.0,0.0,0.949702433992784,0,0
15,16640,0.0,0.0,0.9479910451965115,0,0
16,17680,0.0,0.0,0.9519396552223136,0,0
17,18720,0.0,0.0,0.9507732397593419,0,0
18,19760,0.0,0.0,0.9356758359836739,0,0
19,20800,0.0,0.0,0.9357203241728385,0,0
20,21840,0.0,0.0,0.9353592303000906,0,0
21,22880,0.0,0.0,0.9372058743935735,0,0
22,23920,0.0,0.0,0.9262514471779526,0,0
23,24960,0.0,0.0,0.9521396487768917,0,0
24,26000,0.0,0.0,0.9361056820523987,0,0
25,27040,0.0,0.0,0.9524202947469483,0,0
26,28080,0.0,0.0,0.9544041454712187,0,0
27,29120,0.0,0.0,0.9450671430108383,0,0
28,30160,0.0,0.0,0.9469558454010303,0,0
29,31200,0.0,0.0,0.9396869715193052,0,0
30,32240,0.0,0.0,0.9546441737676841,0,0
31,33280,0.0,0.0,0.9367380995418695,0,0
32,34320,0.0,0.0,0.9352666375273951,0,0
33,35360,0.0,0.0,0.9385932588561275,0,0
34,36400,0.0,0.0,0.9368200442222514,0,0
35,37440,0.0,0.0,0.9367007592602722,0,0
36,38480,0.0,0.0,0.9375508975320536,0,0
37,39520,0.0,0.0,0.93217538093131,0,0
38,40560,0.0,0.0,0.9342616935091257,0,0
39,41600,0.0,0.0,0.9350003820270936,0,0
40,42640,0.0,0.0,0.9533644316451141,0,0
41,43680,0.0,0.0,0.9543189260658067,0,0
42,44720,0.0,0.0,0.9536744472142928,0,0
43,45760,0.0,0.0,0.9552735403102688,0,0
44,46800,0.0,0.0,0.957965628904855,0,0
45,47840,0.0,0.0,0.957734022873777,0,0
46,48880,0.0,0.0,0.9528042573619869,0,0
47,49920,0.0,0.0,0.9579950970407993,0,0
48,50960,0.0,0.0,0.9584289578949972,0,0
49,52000,0.0,0.0,0.9584728911938412,0,0
