t,bytes_sent,utility,pheromone,f1_val,agg_count,rollback
0,1040,0.0,0.0,0.9620266004410244,0,0
1,2080,0.0,0.0,0.8556912752682589,0,0
2,3120,0.0,0.0,0.7754255106267743,0,0
3,4160,0.0,0.0,0.8128917336543766,0,0
4,5200,0.0,0.0,0.7403451262586126,0,0
5,6240,0.0,0.0,0.7097004404678029,0,0
6,7280,0.0,0.0,0.7692637996135381,0,0
7,8320,0.0,0.0,0.8304176561379099,0,0
8,9360,0.0,0.0,0.7430721332230706,0,0
9,10400,0.0,0.0,0.7865021514036901,0,0
10,11440,0.0,0.0,0.7837415745272662,0,0
11,12480,0.0,0.0,0.9356990725649956,0,0
12,13520,0.0,0.0,0.823490723236593,0,0
13,14560,0.0,0.0,0.8025341402244727,0,0
14,15600,0.0,0.0,0.8335393615093254,0,0
15,16640,0.0,0.0,0.8300700479466763,0,0
16,17680,0.0,0.0,0.8300700479466763,0,0
17,18720,0.0,0.0,0.8329980489694483,0,0
18,19760,0.0,0.0,0.8301457553681583,0,0
19,20800,0.0,0.0,0.8330703734372378,0,0
20,21840,0.0,0.0,0.8327877733236166,0,0
21,22880,0.0,0.0,0.833496432406351,0,0
22,23920,0.0,0.0,0.833496432406351,0,0
23,24960,0.0,0.0,0.8332754423373596,0,0
24,26000,0.0,0.0,0.8329310861351976,0,0
25,27040,0.0,0.0,0.8332754423373596,0,0
26,28080,0.0,0.0,0.8326483385112246,0,0
27,29120,0.0,0.0,0.8326483385112246,0,0
28,30160,0.0,0.0,0.8327097656542233,0,0
29,31200,0.0,0.0,0.8310114787543676,0,0
30,32240,0.0,0.0,0.8317997888832701,0,0
31,33280,0.0,0.0,0.8289677441804986,0,0
32,34320,0.0,0.0,0.8272656752233465,0,0
33,35360,0.0,0.0,0.8287439442046611,0,0
34,36400,0.0,0.0,0.8261182033198546,0,0
35,37440,0.0,0.0,0.8256195612295368,0,0
36,38480,0.0,0.0,0.8261894932157094,0,0
37,39520,0.0,0.0,0.82512435927536,0,0
38,40560,0.0,0.0,0.8264023673981901,0,0
39,41600,0.0,0.0,0.8261882302755053,0,0
40,42640,0.0,0.0,0.8224176504190797,0,0
41,43680,0.0,0.0,0.8215644852949294,0,0
42,44720,0.0,0.0,0.8225631064638317,0,0
43,45760,0.0,0.0,0.8226291035651412,0,0
44,46800,0.0,0.0,0.8212069055546547,0,0
45,47840,0.0,0.0,0.8212069055546547,0,0
46,48880,0.0,0.0,0.8182113206335712,0,0
47,49920,0.0,0.0,0.8192851843571316,0,0
48,50960,0.0,0.0,0.8197099008629859,0,0
49,52000,0.0,0.0,0.8197099008629859,0,0
