t,bytes_sent,utility,pheromone,f1_val,agg_count,rollback
0,1040,0.0,0.0,0.6849257914141494,0,0
1,2080,0.0,0.0,0.5368314397028217,0,0
2,3120,0.0,0.0,0.6626846154059973,0,0
3,4160,0.0,0.0,0.6134038347224877,0,0
4,5200,0.0,0.0,0.6651365148430782,0,0
5,6240,0.0,0.0,0.6409675574124011,0,0
6,7280,0.0,0.0,0.6520485186295153,0,0
7,8320,0.0,0.0,0.8579457091235454,0,0
8,9360,0.0,0.0,0.6973199530679457,0,0
9,10400,0.0,0.0,0.6558980307932787,0,0
10,11440,0.0,0.0,0.8616576384318797,0,0
11,12480,0.0,0.0,0.8117676110804909,0,0
12,13520,0.0,0.0,0.850633471059876,0,0
13,14560,0.0,0.0,0.7936445840360103,0,0
14,15600,0.0,0.0,0.8242867540740558,0,0
15,16640,0.0,0.0,0.7705107687216721,0,0
16,17680,0.0,0.0,0.8548024966140513,0,0
17,18720,0.0,0.0,0.781802435681692,0,0
18,19760,0.0,0.0,0.8165849907842786,0,0
19,20800,0.0,0.0,0.7847205709412725,0,0
20,21840,0.0,0.0,0.7996698411168657,0,0
21,22880,0.0,0.0,0.7919098785206171,0,0
22,23920,0.0,0.0,0.8235222509007765,0,0
23,24960,0.0,0.0,0.8017696706238888,0,0
24,26000,0.0,0.0,0.8123581405144673,0,0
25,27040,0.0,0.0,0.7991661744288381,0,0
26,28080,0.0,0.0,0.5290239901917324,0,0
27,29120,0.0,0.0,0.8265230556481242,0,0
28,30160,0.0,0.0,0.741936552108766,0,0
29,31200,0.0,0.0,0.8577478557627574,0,0
30,32240,0.0,0.0,0.8764866487871231,0,0
31,33280,0.0,0.0,0.8174247378164291,0,0
32,34320,0.0,0.0,0.8701979021222284,0,0
33,35360,0.0,0.0,0.8343257112326004,0,0
34,36400,0.0,0.0,0.7163017476704691,0,0
35,37440,0.0,0.0,0.8339297990743534,0,0
36,38480,0.0,0.0,0.8062900257264586,0,0
37,39520,0.0,0.0,0.7827931275458632,0,0
38,40560,0.0,0.0,0.8042292650367946,0,0
39,41600,0.0,0.0,0.8114614804594148,0,0
40,42640,0.0,0.0,0.806713560277569,0,0
41,43680,0.0,0.0,0.8033650617133732,0,0
42,44720,0.0,0.0,0.7997525716706059,0,0
43,45760,0.0,0.0,0.7895617815617249,0,0
44,46800,0.0,0.0,0.8025287988404401,0,0
45,47840,0.0,0.0,0.8051226885408678,0,0
46,48880,0.0,0.0,0.8040357674354105,0,0
47,49920,0.0,0.0,0.8055687807835522,0,0
48,50960,0.0,0.0,0.805594805599651,0,0
49,52000,0.0,0.0,0.8038676174831971,0,0
