t,bytes_sent,utility,pheromone,f1_val,agg_count,rollback
0,1040,0.0,0.0,0.29792295726964957,0,0
1,2080,0.0,0.0,0.29784120014635934,0,0
2,3120,0.0,0.0,0.3060304499447138,0,0
3,4160,0.0,0.0,0.3136792452830189,0,0
4,5200,0.0,0.0,0.29906681597611046,0,0
5,6240,0.0,0.0,0.29657569706382664,0,0
6,7280,0.0,0.0,0.2861010187361972,0,0
7,8320,0.0,0.0,0.285551763367463,0,0
8,9360,0.0,0.0,0.2834956939150078,0,0
9,10400,0.0,0.0,0.2805252863928472,0,0
10,11440,0.0,0.0,0.2790051410309851,0,0
11,12480,0.0,0.0,0.2784476784476784,0,0
12,13520,0.0,0.0,0.27815853236413984,0,0
13,14560,0.0,0.0,0.27810077519379844,0,0
14,15600,0.0,0.0,0.2780430420040136,0,0
15,16640,0.0,0.0,0.2780430420040136,0,0
16,17680,0.0,0.0,0.2780430420040136,0,0
17,18720,0.0,0.0,0.2780430420040136,0,0
18,19760,0.0,0.0,0.27800829875518673,0,0
19,20800,0.0,0.0,0.2779506326488281,0,0
20,21840,0.0,0.0,0.2778929904603899,0,0
21,22880,0.0,0.0,0.2777777777777778,0,0
22,23920,0.0,0.0,0.2774901635949472,0,0
23,24960,0.0,0.0,0.2767347500171928,0,0
24,26000,0.0,0.0,0.2744135297326787,0,0
25,27040,0.0,0.0,0.27290606985418786,0,0
26,28080,0.0,0.0,0.27296160629493965,0,0
27,29120,0.0,0.0,0.27351821642196844,0,0
28,30160,0.0,0.0,0.27430129516019086,0,0
29,31200,0.0,0.0,0.2745820539065165,0,0
30,32240,0.0,0.0,0.2750324653133757,0,0
31,33280,0.0,0.0,0.2753147235905857,0,0
32,34320,0.0,0.0,0.2753712447820434,0,0
33,35360,0.0,0.0,0.2753147235905857,0,0
34,36400,0.0,0.0,0.2753147235905857,0,0
35,37440,0.0,0.0,0.2750888706590101,0,0
36,38480,0.0,0.0,0.27525822559682606,0,0
37,39520,0.0,0.0,0.2750888706590101,0,0
38,40560,0.0,0.0,0.2747507851973235,0,0
39,41600,0.0,0.0,0.2745820539065165,0,0
40,42640,0.0,0.0,0.2743574009681598,0,0
41,43680,0.0,0.0,0.2741331153348321,0,0
42,44720,0.0,0.0,0.2739651416122004,0,0
43,45760,0.0,0.0,0.2737973736136627,0,0
44,46800,0.0,0.0,0.2731283513201656,0,0
45,47840,0.0,0.0,0.27279506474137344,0,0
46,48880,0.0,0.0,0.27240725697265095,0,0
47,49920,0.0,0.0,0.271910264207041,0,0
48,50960,0.0,0.0,0.27108596065750473,0,0
49,52000,0.0,0.0,0.27026663980119553,0,0
