t,bytes_sent,utility,pheromone,f1_val,agg_count,rollback
0,1040,0.0,0.0,0.13572324260529614,0,0
1,2080,0.0,0.0,0.13813164893617022,0,0
2,3120,0.0,0.0,0.16496853461192687,0,0
3,4160,0.0,0.0,0.19873903508771928,0,0
4,5200,0.0,0.0,0.17634620806315196,0,0
5,6240,0.0,0.0,0.1339347675225538,0,0
6,7280,0.0,0.0,0.18748245860230142,0,0
7,8320,0.0,0.0,0.0,0,0
8,9360,0.0,0.0,0.20543478260869566,0,0
9,10400,0.0,0.0,0.20430400435848542,0,0
10,11440,0.0,0.0,0.20365321701199562,0,0
11,12480,0.0,0.0,0.20118099423235375,0,0
12,13520,0.0,0.0,0.19257801518133258,0,0
13,14560,0.0,0.0,0.1641514806378132,0,0
14,15600,0.0,0.0,0.14165968147527241,0,0
15,16640,0.0,0.0,0.18611777244870772,0,0
16,17680,0.0,0.0,0.13694805671883034,0,0
17,18720,0.0,0.0,0.1468828828828829,0,0
18,19760,0.0,0.0,0.15152813481862323,0,0
19,20800,0.0,0.0,0.16180278535936735,0,0
20,21840,0.0,0.0,0.1742098436753362,0,0
21,22880,0.0,0.0,0.18486609229947237,0,0
22,23920,0.0,0.0,0.1889815918421401,0,0
23,24960,0.0,0.0,0.19077775578864042,0,0
24,26000,0.0,0.0,0.19115417573001123,0,0
25,27040,0.0,0.0,0.19096604022420047,0,0
26,28080,0.0,0.0,0.19040073942034727,0,0
27,29120,0.0,0.0,0.19002312520647505,0,0
28,30160,0.0,0.0,0.18841156191991515,0,0
29,31200,0.0,0.0,0.1868848097898377,0,0
30,32240,0.0,0.0,0.18602172030115263,0,0
31,33280,0.0,0.0,0.18496260683760682,0,0
32,34320,0.0,0.0,0.18418940609951848,0,0
33,35360,0.0,0.0,0.1821478944186984,0,0
34,36400,0.0,0.0,0.17999055521824192,0,0
35,37440,0.0,0.0,0.17248938210713796,0,0
36,38480,0.0,0.0,0.16380872717133696,0,0
37,39520,0.0,0.0,0.16254367575122292,0,0
38,40560,0.0,0.0,0.16254367575122292,0,0
39,41600,0.0,0.0,0.16254367575122292,0,0
40,42640,0.0,0.0,0.16254367575122292,0,0
41,43680,0.0,0.0,0.16254367575122292,0,0
42,44720,0.0,0.0,0.16296606619187265,0,0
43,45760,0.0,0.0,0.16317699609156897,0,0
44,46800,0.0,0.0,0.16349305991490548,0,0
45,47840,0.0,0.0,0.16349305991490548,0,0
46,48880,0.0,0.0,0.16359832635983265,0,0
47,49920,0.0,0.0,0.16338774940700432,0,0
48,50960,0.0,0.0,0.16338774940700432,0,0
49,52000,0.0,0.0,0.16338774940700432,0,0
