t,bytes_sent,utility,pheromone,f1_val,agg_count,rollback
0,1040,0.0,0.0,0.6635712933732392,0,0
1,2080,0.0,0.0,0.6021908403641162,0,0
2,3120,0.0,0.0,0.62575800942085,0,0
3,4160,0.0,0.0,0.5996893941087943,0,0
4,5200,0.0,0.0,0.6342922124745805,0,0
5,6240,0.0,0.0,0.7971583134383673,0,0
6,7280,0.0,0.0,0.8936869800061764,0,0
7,8320,0.0,0.0,0.8763531756325313,0,0
8,9360,0.0,0.0,0.8215355651940168,0,0
9,10400,0.0,0.0,0.8254453912105433,0,0
10,11440,0.0,0.0,0.8535498345812641,0,0
11,12480,0.0,0.0,0.8353054006606953,0,0
12,13520,0.0,0.0,0.8319821222813683,0,0
13,14560,0.0,0.0,0.8785907708803887,0,0
14,15600,0.0,0.0,0.9036631917109671,0,0
15,16640,0.0,0.0,0.7356001034533617,0,0
16,17680,0.0,0.0,0.9108559521850766,0,0
17,18720,0.0,0.0,0.9017561149571064,0,0
18,19760,0.0,0.0,0.8927900629644636,0,0
19,20800,0.0,0.0,0.8835543238022341,0,0
20,21840,0.0,0.0,0.8832057024297555,0,0
21,22880,0.0,0.0,0.8925775061995163,0,0
22,23920,0.0,0.0,0.872932263475989,0,0
23,24960,0.0,0.0,0.8917355023675577,0,0
24,26000,0.0,0.0,0.7996723967627122,0,0
25,27040,0.0,0.0,0.7683885484432067,0,0
26,28080,0.0,0.0,0.7661854309480879,0,0
27,29120,0.0,0.0,0.6975876397950187,0,0
28,30160,0.0,0.0,0.8525067096744867,0,0
29,31200,0.0,0.0,0.775163632732123,0,0
30,32240,0.0,0.0,0.8990163955317466,0,0
31,33280,0.0,0.0,0.9161423420386018,0,0
32,34320,0.0,0.0,0.9398214026629818,0,0
33,35360,0.0,0.0,0.916374287759774,0,0
34,36400,0.0,0.0,0.9300293290618964,0,0
35,37440,0.0,0.0,0.8275370490776062,0,0
36,38480,0.0,0.0,0.9250761100428131,0,0
37,39520,0.0,0.0,0.872155168560709,0,0
38,40560,0.0,0.0,0.9093111397990398,0,0
39,41600,0.0,0.0,0.9265410648712161,0,0
40,42640,0.0,0.0,0.9083308813666766,0,0
41,43680,0.0,0.0,0.8933470368834056,0,0
42,44720,0.0,0.0,0.8701773200396051,0,0
43,45760,0.0,0.0,0.8633947405752715,0,0
44,46800,0.0,0.0,0.8740316306155225,0,0
45,47840,0.0,0.0,0.9625414269396662,0,0
46,48880,0.0,0.0,0.947268961600865,0,0
47,49920,0.0,0.0,0.9634061177042491,0,0
48,50960,0.0,0.0,0.9065325581156964,0,0
49,52000,0.0,0.0,0.8989986997692903,0,0
