t,bytes_sent,utility,pheromone,f1_val,agg_count,rollback
0,1040,0.0,0.0,0.7010108237857944,0,0
1,2080,0.0,0.0,0.9967134310892349,0,0
2,3120,0.0,0.0,0.9093315485552992,0,0
3,4160,0.0,0.0,0.9831778518186238,0,0
4,5200,0.0,0.0,0.8296449580267612,0,0
5,6240,0.0,0.0,0.8003261350742723,0,0
6,7280,0.0,0.0,0.8306487580772529,0,0
7,8320,0.0,0.0,0.8271673051703294,0,0
8,9360,0.0,0.0,0.9165321156600545,0,0
9,10400,0.0,0.0,0.9762692937096582,0,0
10,11440,0.0,0.0,0.9264819850129552,0,0
11,12480,0.0,0.0,0.890267807083172,0,0
12,13520,0.0,0.0,0.8054350994941333,0,0
13,14560,0.0,0.0,0.7917052101609895,0,0
14,15600,0.0,0.0,0.7868690115407048,0,0
15,16640,0.0,0.0,0.7832491779437751,0,0
16,17680,0.0,0.0,0.7805693760242185,0,0
17,18720,0.0,0.0,0.7760338902035337,0,0
18,19760,0.0,0.0,0.7723230383342743,0,0
19,20800,0.0,0.0,0.7676184977829377,0,0
20,21840,0.0,0.0,0.7672041754019291,0,0
21,22880,0.0,0.0,0.758056048924511,0,0
22,23920,0.0,0.0,0.7414627596628165,0,0
23,24960,0.0,0.0,0.7393866616246495,0,0
24,26000,0.0,0.0,0.734131701342472,0,0
25,27040,0.0,0.0,0.7325368217291965,0,0
26,28080,0.0,0.0,0.7309332923315166,0,0
27,29120,0.0,0.0,0.7287816376289337,0,0
28,30160,0.0,0.0,0.7260698730370644,0,0
29,31200,0.0,0.0,0.7260698730370644,0,0
30,32240,0.0,0.0,0.7200150795291891,0,0
31,33280,0.0,0.0,0.7183420666578545,0,0
32,34320,0.0,0.0,0.7166595596958235,0,0
33,35360,0.0,0.0,0.7166595596958235,0,0
34,36400,0.0,0.0,0.7160965963510897,0,0
35,37440,0.0,0.0,0.7160965963510897,0,0
36,38480,0.0,0.0,0.7166595596958235,0,0
37,39520,0.0,0.0,0.714401268968025,0,0
38,40560,0.0,0.0,0.7138340010189543,0,0
39,41600,0.0,0.0,0.7138340010189543,0,0
40,42640,0.0,0.0,0.7126962032357127,0,0
41,43680,0.0,0.0,0.7126962032357127,0,0
42,44720,0.0,0.0,0.7132656470962535,0,0
43,45760,0.0,0.0,0.7121256654553489,0,0
44,46800,0.0,0.0,0.7121256654553489,0,0
45,47840,0.0,0.0,0.711554029755304,0,0
46,48880,0.0,0.0,0.7109812921177403,0,0
47,49920,0.0,0.0,0.7109812921177403,0,0
48,50960,0.0,0.0,0.7109812921177403,0,0
49,52000,0.0,0.0,0.7109812921177403,0,0
