t,bytes_sent,utility,pheromone,f1_val,agg_count,rollback
0,1040,0.0,0.0,0.35976373724718097,0,0
1,2080,0.0,0.0,0.328673043904832,0,0
2,3120,0.0,0.0,0.35976373724718097,0,0
3,4160,0.0,0.0,0.35976373724718097,0,0
4,5200,0.0,0.0,0.17998566565131696,0,0
5,6240,0.0,0.0,0.23953668875753775,0,0
6,7280,0.0,0.0,0.2396131805157593,0,0
7,8320,0.0,0.0,0.23938362300662963,0,0
8,9360,0.0,0.0,0.23907716215408523,0,0
9,10400,0.0,0.0,0.23923044751150147,0,0
10,11440,0.0,0.0,0.24757643549589858,0,0
11,12480,0.0,0.0,0.19546520719311963,0,0
12,13520,0.0,0.0,0.24755577839057408,0,0
13,14560,0.0,0.0,0.33192055181583974,0,0
14,15600,0.0,0.0,0.37006559353595053,0,0
15,16640,0.0,0.0,0.3318370739817124,0,0
16,17680,0.0,0.0,0.38783787000241415,0,0
17,18720,0.0,0.0,0.3320873826729795,0,0
18,19760,0.0,0.0,0.6649113362787039,0,0
19,20800,0.0,0.0,0.3318363273453094,0,0
20,21840,0.0,0.0,0.6638209902953772,0,0
21,22880,0.0,0.0,0.6647429282061997,0,0
22,23920,0.0,0.0,0.6649934877622261,0,0
23,24960,0.0,0.0,0.6649934877622261,0,0
24,26000,0.0,0.0,0.6481875299920765,0,0
25,27040,0.0,0.0,0.3330014932802389,0,0
26,28080,0.0,0.0,0.24918932402095287,0,0
27,29120,0.0,0.0,0.24918932402095287,0,0
28,30160,0.0,0.0,0.37865411688514267,0,0
29,31200,0.0,0.0,0.33208551701189587,0,0
30,32240,0.0,0.0,0.652554407465439,0,0
31,33280,0.0,0.0,0.3330019880715706,0,0
32,34320,0.0,0.0,0.6517439433988513,0,0
33,35360,0.0,0.0,0.6654229651232167,0,0
34,36400,0.0,0.0,0.6657431691383339,0,0
35,37440,0.0,0.0,0.333001823305155,0,0
36,38480,0.0,0.0,0.33091364205256574,0,0
37,39520,0.0,0.0,0.37693594008503367,0,0
38,40560,0.0,0.0,0.6550463220364598,0,0
39,41600,0.0,0.0,0.6656598169176102,0,0
40,42640,0.0,0.0,0.6647429282061997,0,0
41,43680,0.0,0.0,0.6654934835686729,0,0
42,44720,0.0,0.0,0.665243672603064,0,0
43,45760,0.0,0.0,0.6657429214965033,0,0
44,46800,0.0,0.0,0.6628922804376884,0,0
45,47840,0.0,0.0,0.665160319239238,0,0
46,48880,0.0,0.0,0.6653269844252186,0,0
47,49920,0.0,0.0,0.6648264897451823,0,0
48,50960,0.0,0.0,0.6654934835686729,0,0
49,52000,0.0,0.0,0.6654934835686729,0,0
