t,bytes_sent,utility,pheromone,f1_val,agg_count,rollback
0,1040,0.0,0.0,0.1403857625770531,0,0
1,2080,0.0,0.0,0.16418189104023606,0,0
2,3120,0.0,0.0,0.1403857625770531,0,0
3,4160,0.0,0.0,0.1403857625770531,0,0
4,5200,0.0,0.0,0.1403857625770531,0,0
5,6240,0.0,0.0,0.1403857625770531,0,0
6,7280,0.0,0.0,0.1403857625770531,0,0
7,8320,0.0,0.0,0.1403857625770531,0,0
8,9360,0.0,0.0,0.1403857625770531,0,0
9,10400,0.0,0.0,0.1403857625770531,0,0
10,11440,0.0,0.0,0.1403857625770531,0,0
11,12480,0.0,0.0,0.4096865929945377,0,0
12,13520,0.0,0.0,0.4161574336314925,0,0
13,14560,0.0,0.0,0.3779288173928512,0,0
14,15600,0.0,0.0,0.6415558613368659,0,0
15,16640,0.0,0.0,0.45862506558226324,0,0
16,17680,0.0,0.0,0.5833431244836365,0,0
17,18720,0.0,0.0,0.7114006911219711,0,0
18,19760,0.0,0.0,0.6023781728247437,0,0
19,20800,0.0,0.0,0.5950038392201467,0,0
20,21840,0.0,0.0,0.6115190281592026,0,0
21,22880,0.0,0.0,0.6001603786246594,0,0
22,23920,0.0,0.0,0.5477658201300848,0,0
23,24960,0.0,0.0,0.5772538673150803,0,0
24,26000,0.0,0.0,0.5887698808031633,0,0
25,27040,0.0,0.0,0.5747500665034488,0,0
26,28080,0.0,0.0,0.6042370222028497,0,0
27,29120,0.0,0.0,0.5697001130944855,0,0
28,30160,0.0,0.0,0.6040444200890492,0,0
29,31200,0.0,0.0,0.5715152908180983,0,0
30,32240,0.0,0.0,0.5780052717063678,0,0
31,33280,0.0,0.0,0.5984677240185414,0,0
32,34320,0.0,0.0,0.5973720066637288,0,0
33,35360,0.0,0.0,0.5652372273618246,0,0
34,36400,0.0,0.0,0.545564885504436,0,0
35,37440,0.0,0.0,0.565784391678397,0,0
36,38480,0.0,0.0,0.6118207465862746,0,0
37,39520,0.0,0.0,0.5241038704123144,0,0
38,40560,0.0,0.0,0.5557226683644956,0,0
39,41600,0.0,0.0,0.5830861500425973,0,0
40,42640,0.0,0.0,0.5670449968306378,0,0
41,43680,0.0,0.0,0.5895101556978086,0,0
42,44720,0.0,0.0,0.5606532862669178,0,0
43,45760,0.0,0.0,0.5811187862633014,0,0
44,46800,0.0,0.0,0.5639396756812446,0,0
45,47840,0.0,0.0,0.6354786253503356,0,0
46,48880,0.0,0.0,0.6956212556770416,0,0
47,49920,0.0,0.0,0.5843798569704803,0,0
48,50960,0.0,0.0,0.5600986396626018,0,0
49,52000,0.0,0.0,0.6563729607539598,0,0
