t,bytes_sent,utility,pheromone,f1_val,agg_count,rollback
0,1040,0.0,0.0,0.10408432147562582,0,0
1,2080,0.0,0.0,0.393616424676508,0,0
2,3120,0.0,0.0,0.14226190476190476,0,0
3,4160,0.0,0.0,0.14226190476190476,0,0
4,5200,0.0,0.0,0.14226190476190476,0,0
5,6240,0.0,0.0,0.14226190476190476,0,0
6,7280,0.0,0.0,0.14226190476190476,0,0
7,8320,0.0,0.0,0.14226190476190476,0,0
8,9360,0.0,0.0,0.14226190476190476,0,0
9,10400,0.0,0.0,0.14226190476190476,0,0
10,11440,0.0,0.0,0.14226190476190476,0,0
11,12480,0.0,0.0,0.4176669571385522,0,0
12,13520,0.0,0.0,0.420046414312153,0,0
13,14560,0.0,0.0,0.6040191326089677,0,0
14,15600,0.0,0.0,0.37208196902782004,0,0
15,16640,0.0,0.0,0.371489592760181,0,0
16,17680,0.0,0.0,0.4047028595453569,0,0
17,18720,0.0,0.0,0.371489592760181,0,0
18,19760,0.0,0.0,0.4046289865410245,0,0
19,20800,0.0,0.0,0.7147601806635243,0,0
20,21840,0.0,0.0,0.7008162875368863,0,0
21,22880,0.0,0.0,0.7144008589453258,0,0
22,23920,0.0,0.0,0.7005691551769304,0,0
23,24960,0.0,0.0,0.7005685100046517,0,0
24,26000,0.0,0.0,0.7005691551769304,0,0
25,27040,0.0,0.0,0.7006499452273164,0,0
26,28080,0.0,0.0,0.7006083926626743,0,0
27,29120,0.0,0.0,0.7006090940057808,0,0
28,30160,0.0,0.0,0.7044319627381868,0,0
29,31200,0.0,0.0,0.7006083926626743,0,0
30,32240,0.0,0.0,0.7006083926626743,0,0
31,33280,0.0,0.0,0.7006083926626743,0,0
32,34320,0.0,0.0,0.7006083926626743,0,0
33,35360,0.0,0.0,0.7144667326210086,0,0
34,36400,0.0,0.0,0.7003213174339138,0,0
35,37440,0.0,0.0,0.7006083926626743,0,0
36,38480,0.0,0.0,0.646473659175554,0,0
37,39520,0.0,0.0,0.7003213174339138,0,0
38,40560,0.0,0.0,0.7006083926626743,0,0
39,41600,0.0,0.0,0.7006083926626743,0,0
40,42640,0.0,0.0,0.7006083926626743,0,0
41,43680,0.0,0.0,0.6769027761874491,0,0
42,44720,0.0,0.0,0.7006083926626743,0,0
43,45760,0.0,0.0,0.6675552552214536,0,0
44,46800,0.0,0.0,0.7003213174339138,0,0
45,47840,0.0,0.0,0.6515243970940056,0,0
46,48880,0.0,0.0,0.6697793494782251,0,0
47,49920,0.0,0.0,0.7006083926626743,0,0
48,50960,0.0,0.0,0.7003213174339138,0,0
49,52000,0.0,0.0,0.7017628509667918,0,0
