t,bytes_sent,utility,pheromone,f1_val,agg_count,rollback
0,4160,0.0,0.0,0.9939988207001527,0,0
1,8320,0.0,0.0,0.9941000136901317,0,0
2,12480,0.0,0.0,0.993553675737062,0,0
3,16640,0.0,0.0,0.9921505420845177,0,0
4,20800,0.0,0.0,0.9705951504819853,0,0
5,24960,0.0,0.0,0.9887267390909299,0,0
6,29120,0.0,0.0,0.9940439378812725,0,0
7,33280,0.0,0.0,0.9906522705779591,0,0
8,37440,0.0,0.0,0.9827839517956675,0,0
9,41600,0.0,0.0,0.9938408332343092,0,0
10,45760,0.0,0.0,0.863533034538221,0,0
11,49920,0.0,0.0,0.8541248635580533,0,0
12,54080,0.0,0.0,0.8905468693580945,0,0
13,58240,0.0,0.0,0.9847052398220424,0,0
14,62400,0.0,0.0,0.9934275817146411,0,0
15,66560,0.0,0.0,0.8556493878608007,0,0
16,70720,0.0,0.0,0.9834759543287878,0,0
17,74880,0.0,0.0,0.8335051152118813,0,0
18,79040,0.0,0.0,0.9318065869274651,0,0
19,83200,0.0,0.0,0.9862811819104607,0,0
20,87360,0.0,0.0,0.8298307014524459,0,0
21,91520,0.0,0.0,0.9514919481141701,0,0
22,95680,0.0,0.0,0.9895548813527041,0,0
23,99840,0.0,0.0,0.9947073809805338,0,0
24,104000,0.0,0.0,0.98956978958098,0,0
25,108160,0.0,0.0,0.802803839577235,0,0
26,112320,0.0,0.0,0.8643558304301072,0,0
27,116480,0.0,0.0,0.848485066056644,0,0
28,120640,0.0,0.0,0.8396343970978088,0,0
29,124800,0.0,0.0,0.8357106349029986,0,0
30,128960,0.0,0.0,0.8364460275166362,0,0
31,133120,0.0,0.0,0.8364460275166362,0,0
32,137280,0.0,0.0,0.8379172165814299,0,0
33,141440,0.0,0.0,0.8362008827683884,0,0
34,145600,0.0,0.0,0.8335051152118813,0,0
35,149760,0.0,0.0,0.8330151102233317,0,0
36,153920,0.0,0.0,0.8339951561070994,0,0
37,158080,0.0,0.0,0.8330151102233317,0,0
38,162240,0.0,0.0,0.8330151102233317,0,0
39,166400,0.0,0.0,0.8330151102233317,0,0
40,170560,0.0,0.0,0.8330151102233317,0,0
41,174720,0.0,0.0,0.8332601084577019,0,0
42,178880,0.0,0.0,0.8330151102233317,0,0
43,183040,0.0,0.0,0.8327701200524682,0,0
44,187200,0.0,0.0,0.8327701200524682,0,0
45,191360,0.0,0.0,0.8327701200524682,0,0
46,195520,0.0,0.0,0.8330151102233317,0,0
47,199680,0.0,0.0,0.8327701200524682,0,0
48,203840,0.0,0.0,0.8322801620782477,0,0
49,208000,0.0,0.0,0.8327701200524682,0,0
