t,bytes_sent,utility,pheromone,f1_val,agg_count,rollback
0,4160,0.0,0.0,0.33358943696313936,0,0
1,8320,0.0,0.0,0.33308623671855697,0,0
2,12480,0.0,0.0,0.33300395256917,0,0
3,16640,0.0,0.0,0.33300395256917,0,0
4,20800,0.0,0.0,0.33300395256917,0,0
5,24960,0.0,0.0,0.33300395256917,0,0
6,29120,0.0,0.0,0.33300395256917,0,0
7,33280,0.0,0.0,0.33300395256917,0,0
8,37440,0.0,0.0,0.33300395256917,0,0
9,41600,0.0,0.0,0.33300395256917,0,0
10,45760,0.0,0.0,0.33300395256917,0,0
11,49920,0.0,0.0,0.33300395256917,0,0
12,54080,0.0,0.0,0.33300395256917,0,0
13,58240,0.0,0.0,0.33300395256917,0,0
14,62400,0.0,0.0,0.33300395256917,0,0
15,66560,0.0,0.0,0.33308623671855697,0,0
16,70720,0.0,0.0,0.44279373106878583,0,0
17,74880,0.0,0.0,0.33300395256917,0,0
18,79040,0.0,0.0,0.33300395256917,0,0
19,83200,0.0,0.0,0.33300395256917,0,0
20,87360,0.0,0.0,0.33300395256917,0,0
21,91520,0.0,0.0,0.33300395256917,0,0
22,95680,0.0,0.0,0.33300395256917,0,0
23,99840,0.0,0.0,0.33300395256917,0,0
24,104000,0.0,0.0,0.33300395256917,0,0
25,108160,0.0,0.0,0.33300395256917,0,0
26,112320,0.0,0.0,0.33300395256917,0,0
27,116480,0.0,0.0,0.33300395256917,0,0
28,120640,0.0,0.0,0.3327562041388408,0,0
29,124800,0.0,0.0,0.3290822705676419,0,0
30,128960,0.0,0.0,0.32661628883291355,0,0
31,133120,0.0,0.0,0.3245480655516135,0,0
32,137280,0.0,0.0,0.3245480655516135,0,0
33,141440,0.0,0.0,0.32653061224489793,0,0
34,145600,0.0,0.0,0.326958563999329,0,0
35,149760,0.0,0.0,0.3283208020050125,0,0
36,153920,0.0,0.0,0.3295880149812734,0,0
37,158080,0.0,0.0,0.3307622128224268,0,0
38,162240,0.0,0.0,0.33283877349159247,0,0
39,166400,0.0,0.0,0.33225992899017426,0,0
40,170560,0.0,0.0,0.3306786129085781,0,0
41,174720,0.0,0.0,0.33167907361455745,0,0
42,178880,0.0,0.0,0.32661628883291355,0,0
43,183040,0.0,0.0,0.3189077794951056,0,0
44,187200,0.0,0.0,0.22373806275579808,0,0
45,191360,0.0,0.0,0.24078341013824886,0,0
46,195520,0.0,0.0,0.22214599341383096,0,0
47,199680,0.0,0.0,0.2182628062360802,0,0
48,203840,0.0,0.0,0.2182628062360802,0,0
49,208000,0.0,0.0,0.2182804674457429,0,0
