t,bytes_sent,utility,pheromone,f1_val,agg_count,rollback
0,1040,0.0,0.0,0.9974055297193176,0,0
1,2080,0.0,0.0,0.9894176869264255,0,0
2,3120,0.0,0.0,0.9973891252095638,0,0
3,4160,0.0,0.0,0.9980403583402068,0,0
4,5200,0.0,0.0,0.9967358680170888,0,0
5,6240,0.0,0.0,0.9969788439352044,0,0
6,7280,0.0,0.0,0.9971680177638609,0,0
7,8320,0.0,0.0,0.994470429891246,0,0
8,9360,0.0,0.0,0.9937447334367419,0,0
9,10400,0.0,0.0,0.9965536345053762,0,0
10,11440,0.0,0.0,0.8811076817837116,0,0
11,12480,0.0,0.0,0.9932858387917256,0,0
12,13520,0.0,0.0,0.9907651954022978,0,0
13,14560,0.0,0.0,0.9967358680170888,0,0
14,15600,0.0,0.0,0.9969788439352044,0,0
15,16640,0.0,0.0,0.9964959932641756,0,0
16,17680,0.0,0.0,0.9850711685233696,0,0
17,18720,0.0,0.0,0.9262020237356379,0,0
18,19760,0.0,0.0,0.9014558749507566,0,0
19,20800,0.0,0.0,0.961870040226739,0,0
20,21840,0.0,0.0,0.8871564931507744,0,0
21,22880,0.0,0.0,0.926641972018281,0,0
22,23920,0.0,0.0,0.8815631812632845,0,0
23,24960,0.0,0.0,0.9400005083243451,0,0
24,26000,0.0,0.0,0.8880865844519192,0,0
25,27040,0.0,0.0,0.8874253420462237,0,0
26,28080,0.0,0.0,0.8878661956779224,0,0
27,29120,0.0,0.0,0.887825439295098,0,0
28,30160,0.0,0.0,0.887825439295098,0,0
29,31200,0.0,0.0,0.9375931591324216,0,0
30,32240,0.0,0.0,0.8883069482176695,0,0
31,33280,0.0,0.0,0.8855024950875956,0,0
32,34320,0.0,0.0,0.8854560608588216,0,0
33,35360,0.0,0.0,0.8847952113376805,0,0
34,36400,0.0,0.0,0.8841341521488446,0,0
35,37440,0.0,0.0,0.8841341521488446,0,0
36,38480,0.0,0.0,0.8839137512568092,0,0
37,39520,0.0,0.0,0.8839137512568092,0,0
38,40560,0.0,0.0,0.8839137512568092,0,0
39,41600,0.0,0.0,0.8839137512568092,0,0
40,42640,0.0,0.0,0.8839137512568092,0,0
41,43680,0.0,0.0,0.8843320329107291,0,0
42,44720,0.0,0.0,0.8838911577934243,0,0
43,45760,0.0,0.0,0.8838911577934243,0,0
44,46800,0.0,0.0,0.8834501831321137,0,0
45,47840,0.0,0.0,0.8834501831321137,0,0
46,48880,0.0,0.0,0.883867947350208,0,0
47,49920,0.0,0.0,0.883867947350208,0,0
48,50960,0.0,0.0,0.8842851965678058,0,0
49,52000,0.0,0.0,0.8842851965678058,0,0
