t,bytes_sent,utility,pheromone,f1_val,agg_count,rollback
0,4160,0.0,0.0,0.6413261778803567,0,0
1,8320,0.0,0.0,0.6884617838360095,0,0
2,12480,0.0,0.0,0.721300500341183,0,0
3,16640,0.0,0.0,0.816499908701102,0,0
4,20800,0.0,0.0,0.8461319296566213,0,0
5,24960,0.0,0.0,0.9020848900651506,0,0
6,29120,0.0,0.0,0.835720989568093,0,0
7,33280,0.0,0.0,0.8459046734956572,0,0
8,37440,0.0,0.0,0.8376414347013452,0,0
9,41600,0.0,0.0,0.8572353647871909,0,0
10,45760,0.0,0.0,0.8657580680380182,0,0
11,49920,0.0,0.0,0.846427495753368,0,0
12,54080,0.0,0.0,0.6963594445398131,0,0
13,58240,0.0,0.0,0.9020425453463375,0,0
14,62400,0.0,0.0,0.8543287446240686,0,0
15,66560,0.0,0.0,0.8502559703384227,0,0
16,70720,0.0,0.0,0.8834576662930145,0,0
17,74880,0.0,0.0,0.9245285484519917,0,0
18,79040,0.0,0.0,0.8946758761679561,0,0
19,83200,0.0,0.0,0.8888588558421306,0,0
20,87360,0.0,0.0,0.8733999545100614,0,0
21,91520,0.0,0.0,0.8721094299277814,0,0
22,95680,0.0,0.0,0.8660470805421843,0,0
23,99840,0.0,0.0,0.8934187401296549,0,0
24,104000,0.0,0.0,0.914710730510137,0,0
25,108160,0.0,0.0,0.8920611253118939,0,0
26,112320,0.0,0.0,0.8797269189627508,0,0
27,116480,0.0,0.0,0.8631978820151645,0,0
28,120640,0.0,0.0,0.9448590289957952,0,0
29,124800,0.0,0.0,0.943753611159498,0,0
30,128960,0.0,0.0,0.9403111784298455,0,0
31,133120,0.0,0.0,0.9374099056626182,0,0
32,137280,0.0,0.0,0.8513170058683418,0,0
33,141440,0.0,0.0,0.8604839343036021,0,0
34,145600,0.0,0.0,0.8677477689342268,0,0
35,149760,0.0,0.0,0.9812992266073002,0,0
36,153920,0.0,0.0,0.8910412325317194,0,0
37,158080,0.0,0.0,0.8776140544146802,0,0
38,162240,0.0,0.0,0.9227533571764313,0,0
39,166400,0.0,0.0,0.8582032727296648,0,0
40,170560,0.0,0.0,0.8808436035374652,0,0
41,174720,0.0,0.0,0.8672559865436235,0,0
42,178880,0.0,0.0,0.8815166316381435,0,0
43,183040,0.0,0.0,0.8472251601899432,0,0
44,187200,0.0,0.0,0.8769229897820967,0,0
45,191360,0.0,0.0,0.8772916887613753,0,0
46,195520,0.0,0.0,0.8564776879723992,0,0
47,199680,0.0,0.0,0.883804092696259,0,0
48,203840,0.0,0.0,0.8824218125979073,0,0
49,208000,0.0,0.0,0.8394314973136024,0,0
