t,bytes_sent,utility,pheromone,f1_val,agg_count,rollback
0,4160,0.0,0.0,0.34281756018024345,0,0
1,8320,0.0,0.0,0.09754189944134078,0,0
2,12480,0.0,0.0,0.5043872964120968,0,0
3,16640,0.0,0.0,0.39165840333776125,0,0
4,20800,0.0,0.0,0.18203456022143094,0,0
5,24960,0.0,0.0,0.14094896331738438,0,0
6,29120,0.0,0.0,0.14094896331738438,0,0
7,33280,0.0,0.0,0.14094896331738438,0,0
8,37440,0.0,0.0,0.14094896331738438,0,0
9,41600,0.0,0.0,0.38945619907470697,0,0
10,45760,0.0,0.0,0.39194328393368116,0,0
11,49920,0.0,0.0,0.3911980630728032,0,0
12,54080,0.0,0.0,0.5424023399350163,0,0
13,58240,0.0,0.0,0.3531618243545623,0,0
14,62400,0.0,0.0,0.3521142635796746,0,0
15,66560,0.0,0.0,0.3521865396846887,0,0
16,70720,0.0,0.0,0.35258300622495264,0,0
17,74880,0.0,0.0,0.35228759944960014,0,0
18,79040,0.0,0.0,0.3524857748951974,0,0
19,83200,0.0,0.0,0.35288213132906776,0,0
20,87360,0.0,0.0,0.35214207793772434,0,0
21,91520,0.0,0.0,0.3518456193796448,0,0
22,95680,0.0,0.0,0.35203892738139314,0,0
23,99840,0.0,0.0,0.4760833678800138,0,0
24,104000,0.0,0.0,0.3522371298123252,0,0
25,108160,0.0,0.0,0.35302995561043005,0,0
26,112320,0.0,0.0,0.3721395795907665,0,0
27,116480,0.0,0.0,0.37250595484600546,0,0
28,120640,0.0,0.0,0.3592742710860415,0,0
29,124800,0.0,0.0,0.3701516225273275,0,0
30,128960,0.0,0.0,0.6081799341557075,0,0
31,133120,0.0,0.0,0.388845345429741,0,0
32,137280,0.0,0.0,0.39562884230887607,0,0
33,141440,0.0,0.0,0.3934856590292193,0,0
34,145600,0.0,0.0,0.43883309581375335,0,0
35,149760,0.0,0.0,0.3836896159056532,0,0
36,153920,0.0,0.0,0.40182107935371203,0,0
37,158080,0.0,0.0,0.6333193522180415,0,0
38,162240,0.0,0.0,0.6430452944782431,0,0
39,166400,0.0,0.0,0.4233009464079161,0,0
40,170560,0.0,0.0,0.4116472140340727,0,0
41,174720,0.0,0.0,0.3879318898811608,0,0
42,178880,0.0,0.0,0.8521377432587443,0,0
43,183040,0.0,0.0,0.6831292515870774,0,0
44,187200,0.0,0.0,0.9075201423414442,0,0
45,191360,0.0,0.0,0.6695664651062141,0,0
46,195520,0.0,0.0,0.9531968270227624,0,0
47,199680,0.0,0.0,0.6976618504103254,0,0
48,203840,0.0,0.0,0.6468899251610051,0,0
49,208000,0.0,0.0,0.6678820710679515,0,0
