t,bytes_sent,utility,pheromone,f1_val,agg_count,rollback
0,4160,0.0,0.0,0.3802521704625233,0,0
1,8320,0.0,0.0,0.5856743604069795,0,0
2,12480,0.0,0.0,0.43759284346443844,0,0
3,16640,0.0,0.0,0.6736021785169655,0,0
4,20800,0.0,0.0,0.6553693522942392,0,0
5,24960,0.0,0.0,0.8060859509787919,0,0
6,29120,0.0,0.0,0.588763085974628,0,0
7,33280,0.0,0.0,0.6322319631771847,0,0
8,37440,0.0,0.0,0.6761806095814827,0,0
9,41600,0.0,0.0,0.5830273499350056,0,0
10,45760,0.0,0.0,0.5941652820711398,0,0
11,49920,0.0,0.0,0.7407665407137125,0,0
12,54080,0.0,0.0,0.8210342731758106,0,0
13,58240,0.0,0.0,0.9780947327364743,0,0
14,62400,0.0,0.0,0.8128500010061732,0,0
15,66560,0.0,0.0,0.8299395930128255,0,0
16,70720,0.0,0.0,0.776267013172848,0,0
17,74880,0.0,0.0,0.8586579650435664,0,0
18,79040,0.0,0.0,0.783067383144493,0,0
19,83200,0.0,0.0,0.8126060440684175,0,0
20,87360,0.0,0.0,0.7711947183904531,0,0
21,91520,0.0,0.0,0.8356695612377375,0,0
22,95680,0.0,0.0,0.7735726141643269,0,0
23,99840,0.0,0.0,0.8979991997974937,0,0
24,104000,0.0,0.0,0.8287368868552419,0,0
25,108160,0.0,0.0,0.8303178639915147,0,0
26,112320,0.0,0.0,0.7454838101613128,0,0
27,116480,0.0,0.0,0.7941522178741401,0,0
28,120640,0.0,0.0,0.8119559746109253,0,0
29,124800,0.0,0.0,0.7928067947010817,0,0
30,128960,0.0,0.0,0.7909246533722692,0,0
31,133120,0.0,0.0,0.7907392270802145,0,0
32,137280,0.0,0.0,0.8037363820069853,0,0
33,141440,0.0,0.0,0.8032765063233082,0,0
34,145600,0.0,0.0,0.7916987497943039,0,0
35,149760,0.0,0.0,0.8013563644006593,0,0
36,153920,0.0,0.0,0.793587930643292,0,0
37,158080,0.0,0.0,0.8034053413731173,0,0
38,162240,0.0,0.0,0.8022139134571495,0,0
39,166400,0.0,0.0,0.7981916788932212,0,0
40,170560,0.0,0.0,0.7944587034736053,0,0
41,174720,0.0,0.0,0.7926134281047706,0,0
42,178880,0.0,0.0,0.7917779123625168,0,0
43,183040,0.0,0.0,0.7951445073633554,0,0
44,187200,0.0,0.0,0.7932583325995451,0,0
45,191360,0.0,0.0,0.7899021510815176,0,0
46,195520,0.0,0.0,0.7903246931939998,0,0
47,199680,0.0,0.0,0.7832298083155445,0,0
48,203840,0.0,0.0,0.792043251738593,0,0
49,208000,0.0,0.0,0.7903579308084517,0,0
