t,bytes_sent,utility,pheromone,f1_val,agg_count,rollback
0,1040,0.0,0.0,0.22064583868427512,0,0
1,2080,0.0,0.0,0.0885440438156093,0,0
2,3120,0.0,0.0,0.4175873768787894,0,0
3,4160,0.0,0.0,0.14229013693193093,0,0
4,5200,0.0,0.0,0.14226190476190476,0,0
5,6240,0.0,0.0,0.14226190476190476,0,0
6,7280,0.0,0.0,0.14226190476190476,0,0
7,8320,0.0,0.0,0.14226190476190476,0,0
8,9360,0.0,0.0,0.14226190476190476,0,0
9,10400,0.0,0.0,0.14226190476190476,0,0
10,11440,0.0,0.0,0.41742714159552546,0,0
11,12480,0.0,0.0,0.41819354899256067,0,0
12,13520,0.0,0.0,0.4188784476133456,0,0
13,14560,0.0,0.0,0.714986591715879,0,0
14,15600,0.0,0.0,0.6748547286190718,0,0
15,16640,0.0,0.0,0.3815745106274735,0,0
16,17680,0.0,0.0,0.37155485817742906,0,0
17,18720,0.0,0.0,0.4045671787917983,0,0
18,19760,0.0,0.0,0.7146937595824697,0,0
19,20800,0.0,0.0,0.7010644289311239,0,0
20,21840,0.0,0.0,0.7143347548915031,0,0
21,22880,0.0,0.0,0.7005691551769304,0,0
22,23920,0.0,0.0,0.702401532929971,0,0
23,24960,0.0,0.0,0.7005685100046517,0,0
24,26000,0.0,0.0,0.7003193281817895,0,0
25,27040,0.0,0.0,0.700320598491359,0,0
26,28080,0.0,0.0,0.7003213174339138,0,0
27,29120,0.0,0.0,0.7006083926626743,0,0
28,30160,0.0,0.0,0.7003213174339138,0,0
29,31200,0.0,0.0,0.5796196362087132,0,0
30,32240,0.0,0.0,0.7006083926626743,0,0
31,33280,0.0,0.0,0.7006083926626743,0,0
32,34320,0.0,0.0,0.7006083926626743,0,0
33,35360,0.0,0.0,0.7006083926626743,0,0
34,36400,0.0,0.0,0.5544600992861066,0,0
35,37440,0.0,0.0,0.7003213174339138,0,0
36,38480,0.0,0.0,0.43048409099360585,0,0
37,39520,0.0,0.0,0.5803346641923356,0,0
38,40560,0.0,0.0,0.6518274805536965,0,0
39,41600,0.0,0.0,0.7003213174339138,0,0
40,42640,0.0,0.0,0.700320598491359,0,0
41,43680,0.0,0.0,0.7003213174339138,0,0
42,44720,0.0,0.0,0.5526011679531967,0,0
43,45760,0.0,0.0,0.57692870502104,0,0
44,46800,0.0,0.0,0.5793803817718186,0,0
45,47840,0.0,0.0,0.7004938661094564,0,0
46,48880,0.0,0.0,0.5861100108754547,0,0
47,49920,0.0,0.0,0.7004938661094564,0,0
48,50960,0.0,0.0,0.5847703558815566,0,0
49,52000,0.0,0.0,0.43676623050537206,0,0
