t,bytes_sent,utility,pheromone,f1_val,agg_count,rollback
0,1040,0.0,0.0,0.20686738376762287,0,0
1,2080,0.0,0.0,0.7148932826656225,0,0
2,3120,0.0,0.0,0.19884667426568653,0,0
3,4160,0.0,0.0,0.3868187519873899,0,0
4,5200,0.0,0.0,0.14205682272909165,0,0
5,6240,0.0,0.0,0.14205682272909165,0,0
6,7280,0.0,0.0,0.14205682272909165,0,0
7,8320,0.0,0.0,0.14205682272909165,0,0
8,9360,0.0,0.0,0.14205682272909165,0,0
9,10400,0.0,0.0,0.14205682272909165,0,0
10,11440,0.0,0.0,0.14205682272909165,0,0
11,12480,0.0,0.0,0.14205682272909165,0,0
12,13520,0.0,0.0,0.41606030461571797,0,0
13,14560,0.0,0.0,0.41695504393391747,0,0
14,15600,0.0,0.0,0.4169130971024577,0,0
15,16640,0.0,0.0,0.41683246609844005,0,0
16,17680,0.0,0.0,0.41671011811102343,0,0
17,18720,0.0,0.0,0.41671011811102343,0,0
18,19760,0.0,0.0,0.5251940943420461,0,0
19,20800,0.0,0.0,0.7140699654073116,0,0
20,21840,0.0,0.0,0.40480009839699693,0,0
21,22880,0.0,0.0,0.608071307693706,0,0
22,23920,0.0,0.0,0.41540856956294603,0,0
23,24960,0.0,0.0,0.6116563494571681,0,0
24,26000,0.0,0.0,0.43367898612825884,0,0
25,27040,0.0,0.0,0.6578555514808164,0,0
26,28080,0.0,0.0,0.41398685526603857,0,0
27,29120,0.0,0.0,0.6530897943918892,0,0
28,30160,0.0,0.0,0.3987403353808374,0,0
29,31200,0.0,0.0,0.6696074076282388,0,0
30,32240,0.0,0.0,0.6413418412193805,0,0
31,33280,0.0,0.0,0.6252554466726804,0,0
32,34320,0.0,0.0,0.5568518301159493,0,0
33,35360,0.0,0.0,0.5090064767730023,0,0
34,36400,0.0,0.0,0.6427743238141667,0,0
35,37440,0.0,0.0,0.4451201078062753,0,0
36,38480,0.0,0.0,0.6811169387812006,0,0
37,39520,0.0,0.0,0.6906899796176167,0,0
38,40560,0.0,0.0,0.4133101137114362,0,0
39,41600,0.0,0.0,0.6811169387812006,0,0
40,42640,0.0,0.0,0.6589119567832797,0,0
41,43680,0.0,0.0,0.5221104726493749,0,0
42,44720,0.0,0.0,0.67488304281179,0,0
43,45760,0.0,0.0,0.6084296073738267,0,0
44,46800,0.0,0.0,0.6988784830084634,0,0
45,47840,0.0,0.0,0.6485935922513881,0,0
46,48880,0.0,0.0,0.47812566211927615,0,0
47,49920,0.0,0.0,0.6503587711724004,0,0
48,50960,0.0,0.0,0.6010797909197569,0,0
49,52000,0.0,0.0,0.6103960562197454,0,0
