t,bytes_sent,utility,pheromone,f1_val,agg_count,rollback
0,1040,0.0,0.0,0.12687165775401069,0,0
1,2080,0.0,0.0,0.348515996484972,0,0
2,3120,0.0,0.0,0.39142494524515115,0,0
3,4160,0.0,0.0,0.4114233960280812,0,0
4,5200,0.0,0.0,0.13995598239295717,0,0
5,6240,0.0,0.0,0.13995598239295717,0,0
6,7280,0.0,0.0,0.13995598239295717,0,0
7,8320,0.0,0.0,0.13995598239295717,0,0
8,9360,0.0,0.0,0.13995598239295717,0,0
9,10400,0.0,0.0,0.13995598239295717,0,0
10,11440,0.0,0.0,0.4162799983110498,0,0
11,12480,0.0,0.0,0.3728657005221765,0,0
12,13520,0.0,0.0,0.3727318090052443,0,0
13,14560,0.0,0.0,0.3727318090052443,0,0
14,15600,0.0,0.0,0.3918353687607731,0,0
15,16640,0.0,0.0,0.3777020257623116,0,0
16,17680,0.0,0.0,0.7009086045093338,0,0
17,18720,0.0,0.0,0.7011380125143675,0,0
18,19760,0.0,0.0,0.7011901646574596,0,0
19,20800,0.0,0.0,0.7142385069361679,0,0
20,21840,0.0,0.0,0.7009086045093338,0,0
21,22880,0.0,0.0,0.7107761923041311,0,0
22,23920,0.0,0.0,0.7142391053978291,0,0
23,24960,0.0,0.0,0.7005569767710973,0,0
24,26000,0.0,0.0,0.7009013631746674,0,0
25,27040,0.0,0.0,0.7142391053978291,0,0
26,28080,0.0,0.0,0.7009086045093338,0,0
27,29120,0.0,0.0,0.7139521677339791,0,0
28,30160,0.0,0.0,0.7009086045093338,0,0
29,31200,0.0,0.0,0.9963530749356245,0,0
30,32240,0.0,0.0,0.9953090256598752,0,0
31,33280,0.0,0.0,0.994057704452729,0,0
32,34320,0.0,0.0,0.9823383782571481,0,0
33,35360,0.0,0.0,0.989780933099827,0,0
34,36400,0.0,0.0,0.9924611780272952,0,0
35,37440,0.0,0.0,0.9924037639741059,0,0
36,38480,0.0,0.0,0.9874934518419147,0,0
37,39520,0.0,0.0,0.9933434229799246,0,0
38,40560,0.0,0.0,0.9935326376274699,0,0
39,41600,0.0,0.0,0.8767448275091236,0,0
40,42640,0.0,0.0,0.9928159069878363,0,0
41,43680,0.0,0.0,0.9935252750776847,0,0
42,44720,0.0,0.0,0.988630461106919,0,0
43,45760,0.0,0.0,0.9926035371309061,0,0
44,46800,0.0,0.0,0.9805506823773966,0,0
45,47840,0.0,0.0,0.9888526342761694,0,0
46,48880,0.0,0.0,0.9897076210669344,0,0
47,49920,0.0,0.0,0.9881372834100528,0,0
48,50960,0.0,0.0,0.9823904806451362,0,0
49,52000,0.0,0.0,0.9832505925752337,0,0
