t,bytes_sent,utility,pheromone,f1_val,agg_count,rollback
0,1040,0.0,0.0,0.08939175092280532,0,0
1,2080,0.0,0.0,0.08899598393574297,0,0
2,3120,0.0,0.0,0.048713314398829505,0,0
3,4160,0.0,0.0,0.10309439874657267,0,0
4,5200,0.0,0.0,0.08994708994708994,0,0
5,6240,0.0,0.0,0.16415929203539822,0,0
6,7280,0.0,0.0,0.17986631557626087,0,0
7,8320,0.0,0.0,0.19408950920647403,0,0
8,9360,0.0,0.0,0.19923520642945103,0,0
9,10400,0.0,0.0,0.20657097288676238,0,0
10,11440,0.0,0.0,0.209592599632516,0,0
11,12480,0.0,0.0,0.21457667481356146,0,0
12,13520,0.0,0.0,0.21878686285465945,0,0
13,14560,0.0,0.0,0.2242256976387611,0,0
14,15600,0.0,0.0,0.23024803387779794,0,0
15,16640,0.0,0.0,0.2340170325056975,0,0
16,17680,0.0,0.0,0.2380273321449792,0,0
17,18720,0.0,0.0,0.24045846626491788,0,0
18,19760,0.0,0.0,0.24248838713470924,0,0
19,20800,0.0,0.0,0.24375659514597256,0,0
20,21840,0.0,0.0,0.24427659699045612,0,0
21,22880,0.0,0.0,0.244499063670412,0,0
22,23920,0.0,0.0,0.24494329475038,0,0
23,24960,0.0,0.0,0.24509116409537168,0,0
24,26000,0.0,0.0,0.24516505988898626,0,0
25,27040,0.0,0.0,0.245607891204109,0,0
26,28080,0.0,0.0,0.24568160597572364,0,0
27,29120,0.0,0.0,0.2457552949413618,0,0
28,30160,0.0,0.0,0.24597620713785864,0,0
29,31200,0.0,0.0,0.2461233531537834,0,0
30,32240,0.0,0.0,0.2461233531537834,0,0
31,33280,0.0,0.0,0.24627039627039626,0,0
32,34320,0.0,0.0,0.24641733659559595,0,0
33,35360,0.0,0.0,0.2464907682450929,0,0
34,36400,0.0,0.0,0.2464907682450929,0,0
35,37440,0.0,0.0,0.2464907682450929,0,0
36,38480,0.0,0.0,0.2464907682450929,0,0
37,39520,0.0,0.0,0.2464907682450929,0,0
38,40560,0.0,0.0,0.2464907682450929,0,0
39,41600,0.0,0.0,0.2464907682450929,0,0
40,42640,0.0,0.0,0.2464907682450929,0,0
41,43680,0.0,0.0,0.2464907682450929,0,0
42,44720,0.0,0.0,0.2465641742371302,0,0
43,45760,0.0,0.0,0.2465641742371302,0,0
44,46800,0.0,0.0,0.24663755458515282,0,0
45,47840,0.0,0.0,0.24663755458515282,0,0
46,48880,0.0,0.0,0.24663755458515282,0,0
47,49920,0.0,0.0,0.2465641742371302,0,0
48,50960,0.0,0.0,0.24663755458515282,0,0
49,52000,0.0,0.0,0.24663755458515282,0,0
