t,bytes_sent,utility,pheromone,f1_val,agg_count,rollback
0,1040,0.0,0.0,0.35976373724718097,0,0
1,2080,0.0,0.0,0.2396131805157593,0,0
2,3120,0.0,0.0,0.23976608187134504,0,0
3,4160,0.0,0.0,0.23968964488212474,0,0
4,5200,0.0,0.0,0.23930704898446833,0,0
5,6240,0.0,0.0,0.23830908328842584,0,0
6,7280,0.0,0.0,0.23861664572488483,0,0
7,8320,0.0,0.0,0.1799425905992106,0,0
8,9360,0.0,0.0,0.23884702786748,0,0
9,10400,0.0,0.0,0.23907716215408523,0,0
10,11440,0.0,0.0,0.23923044751150147,0,0
11,12480,0.0,0.0,0.23853979652902454,0,0
12,13520,0.0,0.0,0.1813386686067661,0,0
13,14560,0.0,0.0,0.23884702786748,0,0
14,15600,0.0,0.0,0.2467869500741473,0,0
15,16640,0.0,0.0,0.336354842508536,0,0
16,17680,0.0,0.0,0.22256774766770324,0,0
17,18720,0.0,0.0,0.24574970846375743,0,0
18,19760,0.0,0.0,0.2546845124282983,0,0
19,20800,0.0,0.0,0.24900199600798403,0,0
20,21840,0.0,0.0,0.45629253198563763,0,0
21,22880,0.0,0.0,0.4976765031660766,0,0
22,23920,0.0,0.0,0.4883759373775348,0,0
23,24960,0.0,0.0,0.49780269445702097,0,0
24,26000,0.0,0.0,0.47875607060407355,0,0
25,27040,0.0,0.0,0.487303275152409,0,0
26,28080,0.0,0.0,0.49843175993335737,0,0
27,29120,0.0,0.0,0.49855719615464983,0,0
28,30160,0.0,0.0,0.4871731298321986,0,0
29,31200,0.0,0.0,0.47582881420463075,0,0
30,32240,0.0,0.0,0.4977386419763958,0,0
31,33280,0.0,0.0,0.665825984719547,0,0
32,34320,0.0,0.0,0.6657429214965033,0,0
33,35360,0.0,0.0,0.6653265288295314,0,0
34,36400,0.0,0.0,0.6657429214965033,0,0
35,37440,0.0,0.0,0.6658257782486201,0,0
36,38480,0.0,0.0,0.6656598169176102,0,0
37,39520,0.0,0.0,0.665243672603064,0,0
38,40560,0.0,0.0,0.6645658286774386,0,0
39,41600,0.0,0.0,0.6657429214965033,0,0
40,42640,0.0,0.0,0.6658257782486201,0,0
41,43680,0.0,0.0,0.6658257782486201,0,0
42,44720,0.0,0.0,0.6658257782486201,0,0
43,45760,0.0,0.0,0.6658257782486201,0,0
44,46800,0.0,0.0,0.6658257782486201,0,0
45,47840,0.0,0.0,0.6654098407652441,0,0
46,48880,0.0,0.0,0.49843113586976484,0,0
47,49920,0.0,0.0,0.664658534852854,0,0
48,50960,0.0,0.0,0.49868200893547854,0,0
49,52000,0.0,0.0,0.665825984719547,0,0
