t,bytes_sent,utility,pheromone,f1_val,agg_count,rollback
0,1040,0.0,0.0,0.0003894080996884735,0,0
1,2080,0.0,0.0,0.0,0,0
2,3120,0.0,0.0,0.0,0,0
3,4160,0.0,0.0,0.0,0,0
4,5200,0.0,0.0,0.0,0,0
5,6240,0.0,0.0,0.0,0,0
6,7280,0.0,0.0,0.0,0,0
7,8320,0.0,0.0,0.0,0,0
8,9360,0.0,0.0,0.0,0,0
9,10400,0.0,0.0,0.0,0,0
10,11440,0.0,0.0,0.0,0,0
11,12480,0.0,0.0,0.0,0,0
12,13520,0.0,0.0,0.0,0,0
13,14560,0.0,0.0,0.0,0,0
14,15600,0.0,0.0,0.0,0,0
15,16640,0.0,0.0,0.0,0,0
16,17680,0.0,0.0,0.0,0,0
17,18720,0.0,0.0,0.0,0,0
18,19760,0.0,0.0,0.0,0,0
19,20800,0.0,0.0,0.0,0,0
20,21840,0.0,0.0,0.0,0,0
21,22880,0.0,0.0,0.025927487352445194,0,0
22,23920,0.0,0.0,0.12038327526132404,0,0
23,24960,0.0,0.0,0.09345669080182355,0,0
24,26000,0.0,0.0,0.20553237521248646,0,0
25,27040,0.0,0.0,0.19721115537848605,0,0
26,28080,0.0,0.0,0.2654773703336637,0,0
27,29120,0.0,0.0,0.2654773703336637,0,0
28,30160,0.0,0.0,0.24633682790754705,0,0
29,31200,0.0,0.0,0.26205241048209643,0,0
30,32240,0.0,0.0,0.2457943353520524,0,0
31,33280,0.0,0.0,0.3674775928297055,0,0
32,34320,0.0,0.0,0.26133333333333336,0,0
33,35360,0.0,0.0,0.2654773703336637,0,0
34,36400,0.0,0.0,0.2514707723119289,0,0
35,37440,0.0,0.0,0.3674775928297055,0,0
36,38480,0.0,0.0,0.3674775928297055,0,0
37,39520,0.0,0.0,0.22133863485752156,0,0
38,40560,0.0,0.0,0.2500622354991287,0,0
39,41600,0.0,0.0,0.3674775928297055,0,0
40,42640,0.0,0.0,0.3674775928297055,0,0
41,43680,0.0,0.0,0.24820854954287128,0,0
42,44720,0.0,0.0,0.25501396293475503,0,0
43,45760,0.0,0.0,0.2523710822184536,0,0
44,46800,0.0,0.0,0.24903929589686377,0,0
45,47840,0.0,0.0,0.2468817204301075,0,0
46,48880,0.0,0.0,0.24611049859120424,0,0
47,49920,0.0,0.0,0.2457492354740061,0,0
48,50960,0.0,0.0,0.24692723697148478,0,0
49,52000,0.0,0.0,0.24830058089234952,0,0
