t,bytes_sent,utility,pheromone,f1_val,agg_count,rollback
0,1040,0.0,0.0,0.0,0,0
1,2080,0.0,0.0,0.0,0,0
2,3120,0.0,0.0,0.0,0,0
3,4160,0.0,0.0,0.0,0,0
4,5200,0.0,0.0,0.0,0,0
5,6240,0.0,0.0,0.0,0,0
6,7280,0.0,0.0,0.0,0,0
7,8320,0.0,0.0,0.0,0,0
8,9360,0.0,0.0,0.0,0,0
9,10400,0.0,0.0,0.0,0,0
10,11440,0.0,0.0,0.0,0,0
11,12480,0.0,0.0,0.0,0,0
12,13520,0.0,0.0,0.18774643615407946,0,0
13,14560,0.0,0.0,0.2323767476085357,0,0
14,15600,0.0,0.0,0.21821448313985628,0,0
15,16640,0.0,0.0,0.2151812482965386,0,0
16,17680,0.0,0.0,0.20738114000525346,0,0
17,18720,0.0,0.0,0.20372879169085867,0,0
18,19760,0.0,0.0,0.20491856466160532,0,0
19,20800,0.0,0.0,0.20380767989674087,0,0
20,21840,0.0,0.0,0.053064275037369206,0,0
21,22880,0.0,0.0,0.23780470541736412,0,0
22,23920,0.0,0.0,0.3247095292060746,0,0
23,24960,0.0,0.0,0.6712089053903483,0,0
24,26000,0.0,0.0,0.6597142135432335,0,0
25,27040,0.0,0.0,0.9997178063266456,0,0
26,28080,0.0,0.0,1.0,0,0
27,29120,0.0,0.0,0.6660195129889923,0,0
28,30160,0.0,0.0,0.9991531851296138,0,0
29,31200,0.0,0.0,0.9988708350860451,0,0
30,32240,0.0,0.0,0.9629311892016329,0,0
31,33280,0.0,0.0,0.35939447907390915,0,0
32,34320,0.0,0.0,0.35939447907390915,0,0
33,35360,0.0,0.0,0.35939447907390915,0,0
34,36400,0.0,0.0,0.35939447907390915,0,0
35,37440,0.0,0.0,0.35939447907390915,0,0
36,38480,0.0,0.0,0.35939447907390915,0,0
37,39520,0.0,0.0,0.35939447907390915,0,0
38,40560,0.0,0.0,0.35939447907390915,0,0
39,41600,0.0,0.0,0.35939447907390915,0,0
40,42640,0.0,0.0,0.35939447907390915,0,0
41,43680,0.0,0.0,0.35939447907390915,0,0
42,44720,0.0,0.0,0.35939447907390915,0,0
43,45760,0.0,0.0,0.35939447907390915,0,0
44,46800,0.0,0.0,0.35939447907390915,0,0
45,47840,0.0,0.0,0.35939447907390915,0,0
46,48880,0.0,0.0,0.35939447907390915,0,0
47,49920,0.0,0.0,0.35939447907390915,0,0
48,50960,0.0,0.0,0.35939447907390915,0,0
49,52000,0.0,0.0,0.35939447907390915,0,0
