t,bytes_sent,utility,pheromone,f1_val,agg_count,rollback
0,4160,0.0,0.0,0.3331740723045071,0,0
1,8320,0.0,0.0,0.3327765847450887,0,0
2,12480,0.0,0.0,0.33174754202346973,0,0
3,16640,0.0,0.0,0.32854338437377306,0,0
4,20800,0.0,0.0,0.3237387805632931,0,0
5,24960,0.0,0.0,0.3202449292001531,0,0
6,29120,0.0,0.0,0.316538054168558,0,0
7,33280,0.0,0.0,0.31172701534793623,0,0
8,37440,0.0,0.0,0.30712765176539675,0,0
9,41600,0.0,0.0,0.29947748908453226,0,0
10,45760,0.0,0.0,0.29560548254910274,0,0
11,49920,0.0,0.0,0.29079788712816235,0,0
12,54080,0.0,0.0,0.2863791923340178,0,0
13,58240,0.0,0.0,0.28398832552772685,0,0
14,62400,0.0,0.0,0.28056058472473683,0,0
15,66560,0.0,0.0,0.27721460279599813,0,0
16,70720,0.0,0.0,0.2758438818565401,0,0
17,74880,0.0,0.0,0.27475702653007616,0,0
18,79040,0.0,0.0,0.27373241740268234,0,0
19,83200,0.0,0.0,0.2727687593715366,0,0
20,87360,0.0,0.0,0.2721831902159771,0,0
21,91520,0.0,0.0,0.2715472481827622,0,0
22,95680,0.0,0.0,0.27054639508567735,0,0
23,99840,0.0,0.0,0.2695008051529791,0,0
24,104000,0.0,0.0,0.26898103503696563,0,0
25,108160,0.0,0.0,0.26861838726245507,0,0
26,112320,0.0,0.0,0.26841159866564024,0,0
27,116480,0.0,0.0,0.26794748639129046,0,0
28,120640,0.0,0.0,0.2677417290586805,0,0
29,124800,0.0,0.0,0.2668707743334609,0,0
30,128960,0.0,0.0,0.26666666666666666,0,0
31,133120,0.0,0.0,0.2660054676076038,0,0
32,137280,0.0,0.0,0.2655496318862655,0,0
33,141440,0.0,0.0,0.2649946165051618,0,0
34,145600,0.0,0.0,0.2643416729845843,0,0
35,149760,0.0,0.0,0.26210612040343295,0,0
36,153920,0.0,0.0,0.2573660576982223,0,0
37,158080,0.0,0.0,0.2545012165450122,0,0
38,162240,0.0,0.0,0.25133657716105,0,0
39,166400,0.0,0.0,0.24886985486557223,0,0
40,170560,0.0,0.0,0.24566966120603606,0,0
41,174720,0.0,0.0,0.24360989810771472,0,0
42,178880,0.0,0.0,0.2422978920546676,0,0
43,183040,0.0,0.0,0.24191962995085284,0,0
44,187200,0.0,0.0,0.24187767371950517,0,0
45,191360,0.0,0.0,0.24187767371950517,0,0
46,195520,0.0,0.0,0.24187767371950517,0,0
47,199680,0.0,0.0,0.24187767371950517,0,0
48,203840,0.0,0.0,0.24187767371950517,0,0
49,208000,0.0,0.0,0.24187767371950517,0,0
