t,bytes_sent,utility,pheromone,f1_val,agg_count,rollback
0,4160,0.0,0.0,0.16342933690555927,0,0
1,8320,0.0,0.0,0.33308476261496395,0,0
2,12480,0.0,0.0,0.24906507105459985,0,0
3,16640,0.0,0.0,0.6652446656398898,0,0
4,20800,0.0,0.0,0.6645773415894515,0,0
5,24960,0.0,0.0,0.6658263970455293,0,0
6,29120,0.0,0.0,0.6643264077517587,0,0
7,33280,0.0,0.0,0.6650780840009912,0,0
8,37440,0.0,0.0,0.6647444222245239,0,0
9,41600,0.0,0.0,0.6648279000586513,0,0
10,45760,0.0,0.0,0.49464212743472535,0,0
11,49920,0.0,0.0,0.6654942272342688,0,0
12,54080,0.0,0.0,0.6655773316590636,0,0
13,58240,0.0,0.0,0.6653278942555906,0,0
14,62400,0.0,0.0,0.6646601142356574,0,0
15,66560,0.0,0.0,0.6654106682959323,0,0
16,70720,0.0,0.0,0.6652441693688703,0,0
17,74880,0.0,0.0,0.6657429214965033,0,0
18,79040,0.0,0.0,0.6647429282061997,0,0
19,83200,0.0,0.0,0.6654102547367494,0,0
20,87360,0.0,0.0,0.4983061983385304,0,0
21,91520,0.0,0.0,0.665243672603064,0,0
22,95680,0.0,0.0,0.6653269844252186,0,0
23,99840,0.0,0.0,0.24805910343100426,0,0
24,104000,0.0,0.0,0.24868782804298925,0,0
25,108160,0.0,0.0,0.43641465407997393,0,0
26,112320,0.0,0.0,0.49911983338494936,0,0
27,116480,0.0,0.0,0.499307005206013,0,0
28,120640,0.0,0.0,0.49830551118210864,0,0
29,124800,0.0,0.0,0.4977386419763958,0,0
30,128960,0.0,0.0,0.4982426517172424,0,0
31,133120,0.0,0.0,0.4985566350582325,0,0
32,137280,0.0,0.0,0.4993071911223774,0,0
33,141440,0.0,0.0,0.4982426517172424,0,0
34,145600,0.0,0.0,0.49893275445229807,0,0
35,149760,0.0,0.0,0.498995238318914,0,0
36,153920,0.0,0.0,0.4984939011396405,0,0
37,158080,0.0,0.0,0.49830551118210864,0,0
38,162240,0.0,0.0,0.4990573805739331,0,0
39,166400,0.0,0.0,0.49830551118210864,0,0
40,170560,0.0,0.0,0.498619337649025,0,0
41,174720,0.0,0.0,0.49943163114228784,0,0
42,178880,0.0,0.0,0.4993693336864651,0,0
43,183040,0.0,0.0,0.49830551118210864,0,0
44,187200,0.0,0.0,0.49886943057317423,0,0
45,191360,0.0,0.0,0.49924464567774995,0,0
46,195520,0.0,0.0,0.4988698352030615,0,0
47,199680,0.0,0.0,0.49924464567774995,0,0
48,203840,0.0,0.0,0.49949389759663965,0,0
49,208000,0.0,0.0,0.499307005206013,0,0
