t,bytes_sent,utility,pheromone,f1_val,agg_count,rollback
0,1040,0.0,0.0,0.09754189944134078,0,0
1,2080,0.0,0.0,0.4004847304374345,0,0
2,3120,0.0,0.0,0.14094896331738438,0,0
3,4160,0.0,0.0,0.14094896331738438,0,0
4,5200,0.0,0.0,0.14094896331738438,0,0
5,6240,0.0,0.0,0.14094896331738438,0,0
6,7280,0.0,0.0,0.14094896331738438,0,0
7,8320,0.0,0.0,0.14094896331738438,0,0
8,9360,0.0,0.0,0.14094896331738438,0,0
9,10400,0.0,0.0,0.40168001328511327,0,0
10,11440,0.0,0.0,0.39169915103313224,0,0
11,12480,0.0,0.0,0.3917399912315431,0,0
12,13520,0.0,0.0,0.3909680202940137,0,0
13,14560,0.0,0.0,0.3535204868668512,0,0
14,15600,0.0,0.0,0.35155192519448814,0,0
15,16640,0.0,0.0,0.35225635894204993,0,0
16,17680,0.0,0.0,0.35530233734717276,0,0
17,18720,0.0,0.0,0.3912347487662058,0,0
18,19760,0.0,0.0,0.3935185326109555,0,0
19,20800,0.0,0.0,0.3932730724762171,0,0
20,21840,0.0,0.0,0.42933223211093674,0,0
21,22880,0.0,0.0,0.42131582705933157,0,0
22,23920,0.0,0.0,0.4253645023150847,0,0
23,24960,0.0,0.0,0.42765425259831236,0,0
24,26000,0.0,0.0,0.3844155747982717,0,0
25,27040,0.0,0.0,0.43684454585390775,0,0
26,28080,0.0,0.0,0.371728329140543,0,0
27,29120,0.0,0.0,0.3974465164205895,0,0
28,30160,0.0,0.0,0.38455541670222226,0,0
29,31200,0.0,0.0,0.4207935484182108,0,0
30,32240,0.0,0.0,0.38274738125771046,0,0
31,33280,0.0,0.0,0.45903119221287814,0,0
32,34320,0.0,0.0,0.4248600948397142,0,0
33,35360,0.0,0.0,0.403924161306564,0,0
34,36400,0.0,0.0,0.4006686542202173,0,0
35,37440,0.0,0.0,0.5271058307626211,0,0
36,38480,0.0,0.0,0.3983539500105899,0,0
37,39520,0.0,0.0,0.3153653158305268,0,0
38,40560,0.0,0.0,0.4459771505005418,0,0
39,41600,0.0,0.0,0.3741203373782591,0,0
40,42640,0.0,0.0,0.4129438099575149,0,0
41,43680,0.0,0.0,0.4029926294549523,0,0
42,44720,0.0,0.0,0.3552463069431161,0,0
43,45760,0.0,0.0,0.6958755491297799,0,0
44,46800,0.0,0.0,0.36276245717417266,0,0
45,47840,0.0,0.0,0.7120655017259525,0,0
46,48880,0.0,0.0,0.6188351466322117,0,0
47,49920,0.0,0.0,0.6759678067143914,0,0
48,50960,0.0,0.0,0.6736046860489795,0,0
49,52000,0.0,0.0,0.7660475882531909,0,0
