t,bytes_sent,utility,pheromone,f1_val,agg_count,rollback
0,1040,0.0,0.0,0.14205682272909165,0,0
1,2080,0.0,0.0,0.14205682272909165,0,0
2,3120,0.0,0.0,0.14205682272909165,0,0
3,4160,0.0,0.0,0.14205682272909165,0,0
4,5200,0.0,0.0,0.14205682272909165,0,0
5,6240,0.0,0.0,0.14205682272909165,0,0
6,7280,0.0,0.0,0.14205682272909165,0,0
7,8320,0.0,0.0,0.14205682272909165,0,0
8,9360,0.0,0.0,0.14205682272909165,0,0
9,10400,0.0,0.0,0.14205682272909165,0,0
10,11440,0.0,0.0,0.14205682272909165,0,0
11,12480,0.0,0.0,0.14205682272909165,0,0
12,13520,0.0,0.0,0.14205682272909165,0,0
13,14560,0.0,0.0,0.14205682272909165,0,0
14,15600,0.0,0.0,0.14205682272909165,0,0
15,16640,0.0,0.0,0.4170778520170104,0,0
16,17680,0.0,0.0,0.6843773300585674,0,0
17,18720,0.0,0.0,0.7147262233506968,0,0
18,19760,0.0,0.0,0.7144974922643522,0,0
19,20800,0.0,0.0,0.6795797162651872,0,0
20,21840,0.0,0.0,0.5805966444219322,0,0
21,22880,0.0,0.0,0.5223110054118725,0,0
22,23920,0.0,0.0,0.6435189425535602,0,0
23,24960,0.0,0.0,0.5540468180252889,0,0
24,26000,0.0,0.0,0.4267604974941426,0,0
25,27040,0.0,0.0,0.6733127784163654,0,0
26,28080,0.0,0.0,0.6678958696209389,0,0
27,29120,0.0,0.0,0.41111508135932984,0,0
28,30160,0.0,0.0,0.6290980600817069,0,0
29,31200,0.0,0.0,0.5180314567164646,0,0
30,32240,0.0,0.0,0.60810869175133,0,0
31,33280,0.0,0.0,0.642087163507982,0,0
32,34320,0.0,0.0,0.5845958239865112,0,0
33,35360,0.0,0.0,0.4528573973359096,0,0
34,36400,0.0,0.0,0.6666706086707228,0,0
35,37440,0.0,0.0,0.4062949105528584,0,0
36,38480,0.0,0.0,0.6413703156291246,0,0
37,39520,0.0,0.0,0.635791804492049,0,0
38,40560,0.0,0.0,0.5072448782281533,0,0
39,41600,0.0,0.0,0.6823754100729037,0,0
40,42640,0.0,0.0,0.49033791189211823,0,0
41,43680,0.0,0.0,0.6622870862324926,0,0
42,44720,0.0,0.0,0.5455282798095394,0,0
43,45760,0.0,0.0,0.6453051801621749,0,0
44,46800,0.0,0.0,0.5813883670006634,0,0
45,47840,0.0,0.0,0.6329259408176486,0,0
46,48880,0.0,0.0,0.5619939380016888,0,0
47,49920,0.0,0.0,0.6811565557722068,0,0
48,50960,0.0,0.0,0.5649463104119334,0,0
49,52000,0.0,0.0,0.6645680752525022,0,0
