t,bytes_sent,utility,pheromone,f1_val,agg_count,rollback
0,1040,0.0,0.0,0.9878710158913615,0,0
1,2080,0.0,0.0,0.9873903368868362,0,0
2,3120,0.0,0.0,0.9062947700675291,0,0
3,4160,0.0,0.0,0.9943175103218393,0,0
4,5200,0.0,0.0,0.9943126892134037,0,0
5,6240,0.0,0.0,0.9941149677393596,0,0
6,7280,0.0,0.0,0.9940917011136359,0,0
7,8320,0.0,0.0,0.9945322638636905,0,0
8,9360,0.0,0.0,0.9352544250921183,0,0
9,10400,0.0,0.0,0.9947753072507406,0,0
10,11440,0.0,0.0,0.9951479140605131,0,0
11,12480,0.0,0.0,0.9940257263298155,0,0
12,13520,0.0,0.0,0.9926572637434878,0,0
13,14560,0.0,0.0,0.991747104001694,0,0
14,15600,0.0,0.0,0.9958582523785173,0,0
15,16640,0.0,0.0,0.9963452262908082,0,0
16,17680,0.0,0.0,0.9956840474644577,0,0
17,18720,0.0,0.0,0.9961716920594409,0,0
18,19760,0.0,0.0,0.9950913263822263,0,0
19,20800,0.0,0.0,0.9955948754187273,0,0
20,21840,0.0,0.0,0.9958812338177465,0,0
21,22880,0.0,0.0,0.9957496895618353,0,0
22,23920,0.0,0.0,0.9957496895618353,0,0
23,24960,0.0,0.0,0.9957496895618353,0,0
24,26000,0.0,0.0,0.9957496895618353,0,0
25,27040,0.0,0.0,0.9957496895618353,0,0
26,28080,0.0,0.0,0.9957496895618353,0,0
27,29120,0.0,0.0,0.9957496895618353,0,0
28,30160,0.0,0.0,0.9957496895618353,0,0
29,31200,0.0,0.0,0.9955296368149366,0,0
30,32240,0.0,0.0,0.9955296368149366,0,0
31,33280,0.0,0.0,0.9955296368149366,0,0
32,34320,0.0,0.0,0.9955296368149366,0,0
33,35360,0.0,0.0,0.9955296368149366,0,0
34,36400,0.0,0.0,0.9955296368149366,0,0
35,37440,0.0,0.0,0.9955296368149366,0,0
36,38480,0.0,0.0,0.9955296368149366,0,0
37,39520,0.0,0.0,0.9955296368149366,0,0
38,40560,0.0,0.0,0.9907130199096883,0,0
39,41600,0.0,0.0,0.9934543174797551,0,0
40,42640,0.0,0.0,0.994604702189081,0,0
41,43680,0.0,0.0,0.9939488145303249,0,0
42,44720,0.0,0.0,0.9939488145303249,0,0
43,45760,0.0,0.0,0.9939488145303249,0,0
44,46800,0.0,0.0,0.9939488145303249,0,0
45,47840,0.0,0.0,0.9939488145303249,0,0
46,48880,0.0,0.0,0.9939488145303249,0,0
47,49920,0.0,0.0,0.9939488145303249,0,0
48,50960,0.0,0.0,0.9939488145303249,0,0
49,52000,0.0,0.0,0.9939488145303249,0,0
