t,bytes_sent,utility,pheromone,f1_val,agg_count,rollback
0,1040,0.0,0.0,0.0918172381795606,0,0
1,2080,0.0,0.0,0.1417771333885667,0,0
2,3120,0.0,0.0,0.1417771333885667,0,0
3,4160,0.0,0.0,0.1417771333885667,0,0
4,5200,0.0,0.0,0.1417771333885667,0,0
5,6240,0.0,0.0,0.1417771333885667,0,0
6,7280,0.0,0.0,0.1417771333885667,0,0
7,8320,0.0,0.0,0.1417771333885667,0,0
8,9360,0.0,0.0,0.1417771333885667,0,0
9,10400,0.0,0.0,0.1417771333885667,0,0
10,11440,0.0,0.0,0.20051845272359226,0,0
11,12480,0.0,0.0,0.4167275806938775,0,0
12,13520,0.0,0.0,0.5400459564258288,0,0
13,14560,0.0,0.0,0.699981314718795,0,0
14,15600,0.0,0.0,0.7138399239640594,0,0
15,16640,0.0,0.0,0.7131021794459489,0,0
16,17680,0.0,0.0,0.7132199412098253,0,0
17,18720,0.0,0.0,0.7122068506505388,0,0
18,19760,0.0,0.0,0.706793461460277,0,0
19,20800,0.0,0.0,0.7115960522666186,0,0
20,21840,0.0,0.0,0.7117248196808276,0,0
21,22880,0.0,0.0,0.6978033348684121,0,0
22,23920,0.0,0.0,0.6981641571239787,0,0
23,24960,0.0,0.0,0.7117432771357372,0,0
24,26000,0.0,0.0,0.6934881297128985,0,0
25,27040,0.0,0.0,0.7116141532878335,0,0
26,28080,0.0,0.0,0.701252205457537,0,0
27,29120,0.0,0.0,0.6286504095674453,0,0
28,30160,0.0,0.0,0.7008303567357566,0,0
29,31200,0.0,0.0,0.7154383260536711,0,0
30,32240,0.0,0.0,0.709521472392457,0,0
31,33280,0.0,0.0,0.7159212993414215,0,0
32,34320,0.0,0.0,0.7010703401506923,0,0
33,35360,0.0,0.0,0.7162992842787457,0,0
34,36400,0.0,0.0,0.563281757143666,0,0
35,37440,0.0,0.0,0.7172576740683714,0,0
36,38480,0.0,0.0,0.7170339883369189,0,0
37,39520,0.0,0.0,0.7142394525039414,0,0
38,40560,0.0,0.0,0.7170339883369189,0,0
39,41600,0.0,0.0,0.7150916208334677,0,0
40,42640,0.0,0.0,0.687781579868036,0,0
41,43680,0.0,0.0,0.7177053037075785,0,0
42,44720,0.0,0.0,0.699541636725485,0,0
43,45760,0.0,0.0,0.7188258972804975,0,0
44,46800,0.0,0.0,0.6912662298368758,0,0
45,47840,0.0,0.0,0.719050278789452,0,0
46,48880,0.0,0.0,0.7147510486528087,0,0
47,49920,0.0,0.0,0.7180430492587235,0,0
48,50960,0.0,0.0,0.7140230817369941,0,0
49,52000,0.0,0.0,0.7160122359186556,0,0
