t,bytes_sent,utility,pheromone,f1_val,agg_count,rollback
0,1040,0.0,0.0,0.10398230088495575,0,0
1,2080,0.0,0.0,0.14142628205128205,0,0
2,3120,0.0,0.0,0.14142628205128205,0,0
3,4160,0.0,0.0,0.14142628205128205,0,0
4,5200,0.0,0.0,0.14142628205128205,0,0
5,6240,0.0,0.0,0.14142628205128205,0,0
6,7280,0.0,0.0,0.14142628205128205,0,0
7,8320,0.0,0.0,0.14142628205128205,0,0
8,9360,0.0,0.0,0.14142628205128205,0,0
9,10400,0.0,0.0,0.14142628205128205,0,0
10,11440,0.0,0.0,0.14142628205128205,0,0
11,12480,0.0,0.0,0.3760408528106999,0,0
12,13520,0.0,0.0,0.41709547116373813,0,0
13,14560,0.0,0.0,0.5379331350912051,0,0
14,15600,0.0,0.0,0.7058391420943091,0,0
15,16640,0.0,0.0,0.7099897029491086,0,0
16,17680,0.0,0.0,0.697520557679852,0,0
17,18720,0.0,0.0,0.6953163122418784,0,0
18,19760,0.0,0.0,0.707519544433985,0,0
19,20800,0.0,0.0,0.7058366302512256,0,0
20,21840,0.0,0.0,0.6949278168698454,0,0
21,22880,0.0,0.0,0.6978636916921999,0,0
22,23920,0.0,0.0,0.6773809713750042,0,0
23,24960,0.0,0.0,0.706813651708012,0,0
24,26000,0.0,0.0,0.6956241525430269,0,0
25,27040,0.0,0.0,0.6960683894055233,0,0
26,28080,0.0,0.0,0.6947049011319943,0,0
27,29120,0.0,0.0,0.6942935036888245,0,0
28,30160,0.0,0.0,0.6947834263824794,0,0
29,31200,0.0,0.0,0.6922812574293518,0,0
30,32240,0.0,0.0,0.695467600153075,0,0
31,33280,0.0,0.0,0.6830912643861589,0,0
32,34320,0.0,0.0,0.9586996282633364,0,0
33,35360,0.0,0.0,0.7195392065966006,0,0
34,36400,0.0,0.0,0.6953705997260882,0,0
35,37440,0.0,0.0,0.9623495781342506,0,0
36,38480,0.0,0.0,0.6712564888896262,0,0
37,39520,0.0,0.0,0.6959431208094233,0,0
38,40560,0.0,0.0,0.959778180222112,0,0
39,41600,0.0,0.0,0.822159073142726,0,0
40,42640,0.0,0.0,0.9285831922242185,0,0
41,43680,0.0,0.0,0.9155280294047292,0,0
42,44720,0.0,0.0,0.9166756719331011,0,0
43,45760,0.0,0.0,0.8224422918875666,0,0
44,46800,0.0,0.0,0.9556654715099366,0,0
45,47840,0.0,0.0,0.7781557527969107,0,0
46,48880,0.0,0.0,0.9282050876254779,0,0
47,49920,0.0,0.0,0.8275086572585355,0,0
48,50960,0.0,0.0,0.7735596654374727,0,0
49,52000,0.0,0.0,0.8343425661442129,0,0
