t,bytes_sent,utility,pheromone,f1_val,agg_count,rollback
0,1040,0.0,0.0,0.0,0,0
1,2080,0.0,0.0,0.0,0,0
2,3120,0.0,0.0,0.0,0,0
3,4160,0.0,0.0,0.0,0,0
4,5200,0.0,0.0,0.0,0,0
5,6240,0.0,0.0,0.0,0,0
6,7280,0.0,0.0,0.0,0,0
7,8320,0.0,0.0,0.0,0,0
8,9360,0.0,0.0,0.0,0,0
9,10400,0.0,0.0,0.0,0,0
10,11440,0.0,0.0,0.0,0,0
11,12480,0.0,0.0,0.0,0,0
12,13520,0.0,0.0,0.0,0,0
13,14560,0.0,0.0,0.0,0,0
14,15600,0.0,0.0,0.0,0,0
15,16640,0.0,0.0,0.0,0,0
16,17680,0.0,0.0,0.0,0,0
17,18720,0.0,0.0,0.0,0,0
18,19760,0.0,0.0,0.0,0,0
19,20800,0.0,0.0,0.0,0,0
20,21840,0.0,0.0,0.0,0,0
21,22880,0.0,0.0,0.0,0,0
22,23920,0.0,0.0,0.0,0,0
23,24960,0.0,0.0,0.0,0,0
24,26000,0.0,0.0,0.0,0,0
25,27040,0.0,0.0,0.00023255813953488373,0,0
26,28080,0.0,0.0,0.10405156537753223,0,0
27,29120,0.0,0.0,0.09508627156789197,0,0
28,30160,0.0,0.0,0.011046269278866195,0,0
29,31200,0.0,0.0,0.12410256410256411,0,0
30,32240,0.0,0.0,0.06956735496558505,0,0
31,33280,0.0,0.0,0.06986972035515725,0,0
32,34320,0.0,0.0,0.12243357487922706,0,0
33,35360,0.0,0.0,0.06417022702521571,0,0
34,36400,0.0,0.0,0.09115581098339719,0,0
35,37440,0.0,0.0,0.14841954022988504,0,0
36,38480,0.0,0.0,0.0979649787032655,0,0
37,39520,0.0,0.0,0.06295643414756988,0,0
38,40560,0.0,0.0,0.058669371882661255,0,0
39,41600,0.0,0.0,0.12082670906200317,0,0
40,42640,0.0,0.0,0.15492658012343052,0,0
41,43680,0.0,0.0,0.15601330785021592,0,0
42,44720,0.0,0.0,0.13398330748208878,0,0
43,45760,0.0,0.0,0.0716472242905601,0,0
44,46800,0.0,0.0,0.09036289353520788,0,0
45,47840,0.0,0.0,0.061279461279461274,0,0
46,48880,0.0,0.0,0.13457281983178396,0,0
47,49920,0.0,0.0,0.18302493966210778,0,0
48,50960,0.0,0.0,0.0680815647107782,0,0
49,52000,0.0,0.0,0.09073451752280365,0,0
