t,bytes_sent,utility,pheromone,f1_val,agg_count,rollback
0,1040,0.0,0.0,0.20540980272523898,0,0
1,2080,0.0,0.0,0.3074581430745814,0,0
2,3120,0.0,0.0,0.27846705266060107,0,0
3,4160,0.0,0.0,0.18427294289363252,0,0
4,5200,0.0,0.0,0.19607843137254902,0,0
5,6240,0.0,0.0,0.1877672429819669,0,0
6,7280,0.0,0.0,0.17608089260808926,0,0
7,8320,0.0,0.0,0.19150549867273417,0,0
8,9360,0.0,0.0,0.19734271199687378,0,0
9,10400,0.0,0.0,0.2031784349225508,0,0
10,11440,0.0,0.0,0.20989193682460516,0,0
11,12480,0.0,0.0,0.21539773939006182,0,0
12,13520,0.0,0.0,0.2176255117431588,0,0
13,14560,0.0,0.0,0.2191840277777778,0,0
14,15600,0.0,0.0,0.21748492678725237,0,0
15,16640,0.0,0.0,0.21833117163856464,0,0
16,17680,0.0,0.0,0.21567371343156097,0,0
17,18720,0.0,0.0,0.2118732955737361,0,0
18,19760,0.0,0.0,0.20794729256742847,0,0
19,20800,0.0,0.0,0.2064173308808502,0,0
20,21840,0.0,0.0,0.20578647106764467,0,0
21,22880,0.0,0.0,0.20591233435270132,0,0
22,23920,0.0,0.0,0.20807581376184592,0,0
23,24960,0.0,0.0,0.21147403685092128,0,0
24,26000,0.0,0.0,0.21553563807084933,0,0
25,27040,0.0,0.0,0.22004357298474944,0,0
26,28080,0.0,0.0,0.2241455836662228,0,0
27,29120,0.0,0.0,0.22595078299776286,0,0
28,30160,0.0,0.0,0.22579923988374692,0,0
29,31200,0.0,0.0,0.2256478999106345,0,0
30,32240,0.0,0.0,0.2288692499433492,0,0
31,33280,0.0,0.0,0.2554375316135559,0,0
32,34320,0.0,0.0,0.2739354488744236,0,0
33,35360,0.0,0.0,0.2695489725113424,0,0
34,36400,0.0,0.0,0.25621511922881784,0,0
35,37440,0.0,0.0,0.24360829715388324,0,0
36,38480,0.0,0.0,0.22964984083674397,0,0
37,39520,0.0,0.0,0.21961295933898672,0,0
38,40560,0.0,0.0,0.21389241846675136,0,0
39,41600,0.0,0.0,0.2106800166875261,0,0
40,42640,0.0,0.0,0.20717948717948717,0,0
41,43680,0.0,0.0,0.20391681809004644,0,0
42,44720,0.0,0.0,0.20159680638722555,0,0
43,45760,0.0,0.0,0.1996836694345591,0,0
44,46800,0.0,0.0,0.19815577790857367,0,0
45,47840,0.0,0.0,0.19688109161793374,0,0
46,48880,0.0,0.0,0.19630709426627793,0,0
47,49920,0.0,0.0,0.19562269998063142,0,0
48,50960,0.0,0.0,0.19483024691358022,0,0
49,52000,0.0,0.0,0.1938207637689503,0,0
