t,bytes_sent,utility,pheromone,f1_val,agg_count,rollback
0,4160,0.0,0.0,0.6653889580000079,0,0
1,8320,0.0,0.0,0.6649648747744116,0,0
2,12480,0.0,0.0,0.6649648747744116,0,0
3,16640,0.0,0.0,0.3330058939096267,0,0
4,20800,0.0,0.0,0.3330058939096267,0,0
5,24960,0.0,0.0,0.3330058939096267,0,0
6,29120,0.0,0.0,0.3330058939096267,0,0
7,33280,0.0,0.0,0.3330058939096267,0,0
8,37440,0.0,0.0,0.3330058939096267,0,0
9,41600,0.0,0.0,0.27130852340936373,0,0
10,45760,0.0,0.0,0.3330058939096267,0,0
11,49920,0.0,0.0,0.2789376285704495,0,0
12,54080,0.0,0.0,0.24021257750221436,0,0
13,58240,0.0,0.0,0.24029771398192448,0,0
14,62400,0.0,0.0,0.27695861581551184,0,0
15,66560,0.0,0.0,0.24034030485643387,0,0
16,70720,0.0,0.0,0.24119530416221988,0,0
17,74880,0.0,0.0,0.26052110408303186,0,0
18,79040,0.0,0.0,0.24034030485643387,0,0
19,83200,0.0,0.0,0.24448135058286247,0,0
20,87360,0.0,0.0,0.24029771398192448,0,0
21,91520,0.0,0.0,0.29870388821788374,0,0
22,95680,0.0,0.0,0.26529386263979876,0,0
23,99840,0.0,0.0,0.282237364734641,0,0
24,104000,0.0,0.0,0.25962090752441125,0,0
25,108160,0.0,0.0,0.2641916309452443,0,0
26,112320,0.0,0.0,0.3046236542704032,0,0
27,116480,0.0,0.0,0.2960391461479669,0,0
28,120640,0.0,0.0,0.35604691164901864,0,0
29,124800,0.0,0.0,0.25445674610621133,0,0
30,128960,0.0,0.0,0.630932751584912,0,0
31,133120,0.0,0.0,0.6320886757510292,0,0
32,137280,0.0,0.0,0.6283378197834245,0,0
33,141440,0.0,0.0,0.3419948315857517,0,0
34,145600,0.0,0.0,0.4732510984982017,0,0
35,149760,0.0,0.0,0.3838346472762748,0,0
36,153920,0.0,0.0,0.3330058939096267,0,0
37,158080,0.0,0.0,0.5851661452843322,0,0
38,162240,0.0,0.0,0.554008146161879,0,0
39,166400,0.0,0.0,0.6378747526861174,0,0
40,170560,0.0,0.0,0.6524092064027714,0,0
41,174720,0.0,0.0,0.6524092064027714,0,0
42,178880,0.0,0.0,0.6463637780743405,0,0
43,183040,0.0,0.0,0.6516074770230832,0,0
44,187200,0.0,0.0,0.565021270076568,0,0
45,191360,0.0,0.0,0.6526375940082785,0,0
46,195520,0.0,0.0,0.5577406789459193,0,0
47,199680,0.0,0.0,0.3330058939096267,0,0
48,203840,0.0,0.0,0.3330058939096267,0,0
49,208000,0.0,0.0,0.6262354291773785,0,0
