t,bytes_sent,utility,pheromone,f1_val,agg_count,rollback
0,4160,0.0,0.0,0.19170820496298174,0,0
1,8320,0.0,0.0,0.23661081214820315,0,0
2,12480,0.0,0.0,0.20330658770050192,0,0
3,16640,0.0,0.0,0.7734138266796495,0,0
4,20800,0.0,0.0,0.5814361097126661,0,0
5,24960,0.0,0.0,0.8490825325075129,0,0
6,29120,0.0,0.0,0.9763924400848873,0,0
7,33280,0.0,0.0,0.8780514059158957,0,0
8,37440,0.0,0.0,0.8622068693456277,0,0
9,41600,0.0,0.0,0.8749990354863849,0,0
10,45760,0.0,0.0,0.8871949261796681,0,0
11,49920,0.0,0.0,0.8786069803764156,0,0
12,54080,0.0,0.0,0.8783287894393588,0,0
13,58240,0.0,0.0,0.8774965876750116,0,0
14,62400,0.0,0.0,0.8772191527010398,0,0
15,66560,0.0,0.0,0.7940407349420233,0,0
16,70720,0.0,0.0,0.894389650926916,0,0
17,74880,0.0,0.0,0.8877486409280928,0,0
18,79040,0.0,0.0,0.8766642304045511,0,0
19,83200,0.0,0.0,0.879716421509525,0,0
20,87360,0.0,0.0,0.8811005055697869,0,0
21,91520,0.0,0.0,0.8891368893141746,0,0
22,95680,0.0,0.0,0.8888559230067931,0,0
23,99840,0.0,0.0,0.8852582203247452,0,0
24,104000,0.0,0.0,0.8888600405228642,0,0
25,108160,0.0,0.0,0.8799937404142377,0,0
26,112320,0.0,0.0,0.9369466362084407,0,0
27,116480,0.0,0.0,0.9510691735094097,0,0
28,120640,0.0,0.0,0.9098713719827309,0,0
29,124800,0.0,0.0,0.9630149767551619,0,0
30,128960,0.0,0.0,0.776630412315876,0,0
31,133120,0.0,0.0,0.8910745000402913,0,0
32,137280,0.0,0.0,0.8949481225296443,0,0
33,141440,0.0,0.0,0.8985434029237568,0,0
34,145600,0.0,0.0,0.918716060166199,0,0
35,149760,0.0,0.0,0.8941182273896754,0,0
36,153920,0.0,0.0,0.22887024200413475,0,0
37,158080,0.0,0.0,0.8888559230067931,0,0
38,162240,0.0,0.0,0.802667064867969,0,0
39,166400,0.0,0.0,0.9369419642857143,0,0
40,170560,0.0,0.0,0.8353408379754463,0,0
41,174720,0.0,0.0,0.8663859093771458,0,0
42,178880,0.0,0.0,0.8869140700523034,0,0
43,183040,0.0,0.0,0.9156604307086031,0,0
44,187200,0.0,0.0,0.9192514454300649,0,0
45,191360,0.0,0.0,0.6488935683207459,0,0
46,195520,0.0,0.0,0.8988108108108108,0,0
47,199680,0.0,0.0,0.9239526014547585,0,0
48,203840,0.0,0.0,0.9422100469368881,0,0
49,208000,0.0,0.0,0.9510735815279938,0,0
