t,bytes_sent,utility,pheromone,f1_val,agg_count,rollback
0,1040,0.0,0.0,0.09690054495912806,0,0
1,2080,0.0,0.0,0.13862163754172394,0,0
2,3120,0.0,0.0,0.13862163754172394,0,0
3,4160,0.0,0.0,0.13862163754172394,0,0
4,5200,0.0,0.0,0.13862163754172394,0,0
5,6240,0.0,0.0,0.13862163754172394,0,0
6,7280,0.0,0.0,0.13862163754172394,0,0
7,8320,0.0,0.0,0.13862163754172394,0,0
8,9360,0.0,0.0,0.13862163754172394,0,0
9,10400,0.0,0.0,0.13862163754172394,0,0
10,11440,0.0,0.0,0.3311032605544445,0,0
11,12480,0.0,0.0,0.41697224613064,0,0
12,13520,0.0,0.0,0.39088389376782806,0,0
13,14560,0.0,0.0,0.3871760332230759,0,0
14,15600,0.0,0.0,0.39492260283363234,0,0
15,16640,0.0,0.0,0.39502086524307495,0,0
16,17680,0.0,0.0,0.6107429474712166,0,0
17,18720,0.0,0.0,0.6913096835019136,0,0
18,19760,0.0,0.0,0.6924518953419188,0,0
19,20800,0.0,0.0,0.6923740501057392,0,0
20,21840,0.0,0.0,0.6936016456715607,0,0
21,22880,0.0,0.0,0.43609261355231077,0,0
22,23920,0.0,0.0,0.689883735339187,0,0
23,24960,0.0,0.0,0.8900293189856715,0,0
24,26000,0.0,0.0,0.8248409023919132,0,0
25,27040,0.0,0.0,0.831644070241446,0,0
26,28080,0.0,0.0,0.9903279741941298,0,0
27,29120,0.0,0.0,0.9953063309450747,0,0
28,30160,0.0,0.0,0.9946480472226495,0,0
29,31200,0.0,0.0,0.9951704237150173,0,0
30,32240,0.0,0.0,0.9945291067983943,0,0
31,33280,0.0,0.0,0.9519781458588369,0,0
32,34320,0.0,0.0,0.9947486092193725,0,0
33,35360,0.0,0.0,0.9945291067983943,0,0
34,36400,0.0,0.0,0.9947486092193725,0,0
35,37440,0.0,0.0,0.9947486092193725,0,0
36,38480,0.0,0.0,0.9945291067983943,0,0
37,39520,0.0,0.0,0.9951878390193748,0,0
38,40560,0.0,0.0,0.9941434254657042,0,0
39,41600,0.0,0.0,0.9383264657141068,0,0
40,42640,0.0,0.0,0.9940063275949004,0,0
41,43680,0.0,0.0,0.9947486092193725,0,0
42,44720,0.0,0.0,0.9824092350258279,0,0
43,45760,0.0,0.0,0.9951034680760983,0,0
44,46800,0.0,0.0,0.9830844199769249,0,0
45,47840,0.0,0.0,0.9948838907637279,0,0
46,48880,0.0,0.0,0.9953231205637304,0,0
47,49920,0.0,0.0,0.9948838907637279,0,0
48,50960,0.0,0.0,0.9953231205637304,0,0
49,52000,0.0,0.0,0.9953231205637304,0,0
