t,bytes_sent,utility,pheromone,f1_val,agg_count,rollback
0,1040,0.0,0.0,0.13862163754172394,0,0
1,2080,0.0,0.0,0.13862163754172394,0,0
2,3120,0.0,0.0,0.13862163754172394,0,0
3,4160,0.0,0.0,0.13862163754172394,0,0
4,5200,0.0,0.0,0.13862163754172394,0,0
5,6240,0.0,0.0,0.13862163754172394,0,0
6,7280,0.0,0.0,0.13862163754172394,0,0
7,8320,0.0,0.0,0.13862163754172394,0,0
8,9360,0.0,0.0,0.13862163754172394,0,0
9,10400,0.0,0.0,0.13862163754172394,0,0
10,11440,0.0,0.0,0.41634224672860876,0,0
11,12480,0.0,0.0,0.39743320925918835,0,0
12,13520,0.0,0.0,0.38637972123051023,0,0
13,14560,0.0,0.0,0.4368067227146734,0,0
14,15600,0.0,0.0,0.4597339577652028,0,0
15,16640,0.0,0.0,0.7002972970402976,0,0
16,17680,0.0,0.0,0.6998387566314846,0,0
17,18720,0.0,0.0,0.7010068055154964,0,0
18,19760,0.0,0.0,0.6995690282534653,0,0
19,20800,0.0,0.0,0.700966930461512,0,0
20,21840,0.0,0.0,0.7009649126422574,0,0
21,22880,0.0,0.0,0.9579044735733236,0,0
22,23920,0.0,0.0,0.9926821442650705,0,0
23,24960,0.0,0.0,0.9951887897730489,0,0
24,26000,0.0,0.0,0.9953300781987324,0,0
25,27040,0.0,0.0,0.995182342619192,0,0
26,28080,0.0,0.0,0.9957455607450773,0,0
27,29120,0.0,0.0,0.9947663626183323,0,0
28,30160,0.0,0.0,0.9947486092193725,0,0
29,31200,0.0,0.0,0.9949681865317428,0,0
30,32240,0.0,0.0,0.9949681865317428,0,0
31,33280,0.0,0.0,0.9955978191757338,0,0
32,34320,0.0,0.0,0.9951878390193748,0,0
33,35360,0.0,0.0,0.9950789499218718,0,0
34,36400,0.0,0.0,0.9953231205637304,0,0
35,37440,0.0,0.0,0.9947723700160056,0,0
36,38480,0.0,0.0,0.9947757294679969,0,0
37,39520,0.0,0.0,0.9953231205637304,0,0
38,40560,0.0,0.0,0.9953231205637304,0,0
39,41600,0.0,0.0,0.9946398940070843,0,0
40,42640,0.0,0.0,0.9951878390193748,0,0
41,43680,0.0,0.0,0.9953231205637304,0,0
42,44720,0.0,0.0,0.9948838907637279,0,0
43,45760,0.0,0.0,0.9951878390193748,0,0
44,46800,0.0,0.0,0.9952985899745774,0,0
45,47840,0.0,0.0,0.9953231205637304,0,0
46,48880,0.0,0.0,0.9948838907637279,0,0
47,49920,0.0,0.0,0.9951034680760983,0,0
48,50960,0.0,0.0,0.9946643883427498,0,0
49,52000,0.0,0.0,0.9953231205637304,0,0
