t,bytes_sent,utility,pheromone,f1_val,agg_count,rollback
0,1040,0.0,0.0,0.1403857625770531,0,0
1,2080,0.0,0.0,0.4156104927883405,0,0
2,3120,0.0,0.0,0.1403857625770531,0,0
3,4160,0.0,0.0,0.1403857625770531,0,0
4,5200,0.0,0.0,0.1403857625770531,0,0
5,6240,0.0,0.0,0.1403857625770531,0,0
6,7280,0.0,0.0,0.1403857625770531,0,0
7,8320,0.0,0.0,0.1403857625770531,0,0
8,9360,0.0,0.0,0.1403857625770531,0,0
9,10400,0.0,0.0,0.1403857625770531,0,0
10,11440,0.0,0.0,0.4162370592043806,0,0
11,12480,0.0,0.0,0.4161203556905605,0,0
12,13520,0.0,0.0,0.37148979094291945,0,0
13,14560,0.0,0.0,0.37148979094291945,0,0
14,15600,0.0,0.0,0.3719803365641736,0,0
15,16640,0.0,0.0,0.3745767326152337,0,0
16,17680,0.0,0.0,0.41580726865236384,0,0
17,18720,0.0,0.0,0.4303580749994143,0,0
18,19760,0.0,0.0,0.41580726865236384,0,0
19,20800,0.0,0.0,0.5678687036497948,0,0
20,21840,0.0,0.0,0.5640090628139398,0,0
21,22880,0.0,0.0,0.6636140953252057,0,0
22,23920,0.0,0.0,0.6486400162190298,0,0
23,24960,0.0,0.0,0.6425435511511086,0,0
24,26000,0.0,0.0,0.6427899356324469,0,0
25,27040,0.0,0.0,0.6877116797544961,0,0
26,28080,0.0,0.0,0.6883481001937783,0,0
27,29120,0.0,0.0,0.6853708119982796,0,0
28,30160,0.0,0.0,0.5775991694276223,0,0
29,31200,0.0,0.0,0.6011558237567666,0,0
30,32240,0.0,0.0,0.5997577382871991,0,0
31,33280,0.0,0.0,0.48759014918194865,0,0
32,34320,0.0,0.0,0.6146765318105288,0,0
33,35360,0.0,0.0,0.5278341830141289,0,0
34,36400,0.0,0.0,0.48535360939576544,0,0
35,37440,0.0,0.0,0.5464898098554707,0,0
36,38480,0.0,0.0,0.5028855920044626,0,0
37,39520,0.0,0.0,0.5011240241134833,0,0
38,40560,0.0,0.0,0.5563232096427975,0,0
39,41600,0.0,0.0,0.5152634343716335,0,0
40,42640,0.0,0.0,0.5336235634219839,0,0
41,43680,0.0,0.0,0.544820111988052,0,0
42,44720,0.0,0.0,0.6068582258708329,0,0
43,45760,0.0,0.0,0.660145012737121,0,0
44,46800,0.0,0.0,0.5624277316656728,0,0
45,47840,0.0,0.0,0.57470663042264,0,0
46,48880,0.0,0.0,0.5440210133710347,0,0
47,49920,0.0,0.0,0.6075853292309985,0,0
48,50960,0.0,0.0,0.6943261389546578,0,0
49,52000,0.0,0.0,0.5768179781178613,0,0
