t,bytes_sent,utility,pheromone,f1_val,agg_count,rollback
0,1040,0.0,0.0,0.09269662921348315,0,0
1,2080,0.0,0.0,0.37608407853851245,0,0
2,3120,0.0,0.0,0.13973365136155833,0,0
3,4160,0.0,0.0,0.13973365136155833,0,0
4,5200,0.0,0.0,0.13973365136155833,0,0
5,6240,0.0,0.0,0.13973365136155833,0,0
6,7280,0.0,0.0,0.13973365136155833,0,0
7,8320,0.0,0.0,0.13973365136155833,0,0
8,9360,0.0,0.0,0.13973365136155833,0,0
9,10400,0.0,0.0,0.13973365136155833,0,0
10,11440,0.0,0.0,0.13973365136155833,0,0
11,12480,0.0,0.0,0.30787482115111114,0,0
12,13520,0.0,0.0,0.4163758395072774,0,0
13,14560,0.0,0.0,0.3821790040470601,0,0
14,15600,0.0,0.0,0.3843923301979377,0,0
15,16640,0.0,0.0,0.5820964049778223,0,0
16,17680,0.0,0.0,0.3916465622929249,0,0
17,18720,0.0,0.0,0.6939714440231005,0,0
18,19760,0.0,0.0,0.6967413053490441,0,0
19,20800,0.0,0.0,0.7023599867936385,0,0
20,21840,0.0,0.0,0.6915354852914135,0,0
21,22880,0.0,0.0,0.6977693792991123,0,0
22,23920,0.0,0.0,0.695496333761882,0,0
23,24960,0.0,0.0,0.6953633360000198,0,0
24,26000,0.0,0.0,0.699346973499265,0,0
25,27040,0.0,0.0,0.6967453510238438,0,0
26,28080,0.0,0.0,0.7699871958428508,0,0
27,29120,0.0,0.0,0.7172105671508568,0,0
28,30160,0.0,0.0,0.69434236489823,0,0
29,31200,0.0,0.0,0.904398774720772,0,0
30,32240,0.0,0.0,0.7031389361381875,0,0
31,33280,0.0,0.0,0.981236436856494,0,0
32,34320,0.0,0.0,0.7672214709531145,0,0
33,35360,0.0,0.0,0.90657981282966,0,0
34,36400,0.0,0.0,0.7011610720433948,0,0
35,37440,0.0,0.0,0.9937830915906968,0,0
36,38480,0.0,0.0,0.7520272367475431,0,0
37,39520,0.0,0.0,0.7726715992906248,0,0
38,40560,0.0,0.0,0.9918077710420549,0,0
39,41600,0.0,0.0,0.6976924893654441,0,0
40,42640,0.0,0.0,0.9922553732583866,0,0
41,43680,0.0,0.0,0.7782351613038658,0,0
42,44720,0.0,0.0,0.6988126975890613,0,0
43,45760,0.0,0.0,0.9933166449538194,0,0
44,46800,0.0,0.0,0.8289894327450329,0,0
45,47840,0.0,0.0,0.7424418208689241,0,0
46,48880,0.0,0.0,0.9921789782017476,0,0
47,49920,0.0,0.0,0.8190202299812079,0,0
48,50960,0.0,0.0,0.6989398680463857,0,0
49,52000,0.0,0.0,0.9948559777049932,0,0
