t,bytes_sent,utility,pheromone,f1_val,agg_count,rollback
0,1040,0.0,0.0,0.09793154474073118,0,0
1,2080,0.0,0.0,0.38946773688429837,0,0
2,3120,0.0,0.0,0.28162738823226774,0,0
3,4160,0.0,0.0,0.14094896331738438,0,0
4,5200,0.0,0.0,0.14094896331738438,0,0
5,6240,0.0,0.0,0.14094896331738438,0,0
6,7280,0.0,0.0,0.14094896331738438,0,0
7,8320,0.0,0.0,0.14094896331738438,0,0
8,9360,0.0,0.0,0.14094896331738438,0,0
9,10400,0.0,0.0,0.2737547262863719,0,0
10,11440,0.0,0.0,0.3890078676281166,0,0
11,12480,0.0,0.0,0.3884591474995066,0,0
12,13520,0.0,0.0,0.35282122642617253,0,0
13,14560,0.0,0.0,0.3519829649124975,0,0
14,15600,0.0,0.0,0.3370282704677806,0,0
15,16640,0.0,0.0,0.3349693581053641,0,0
16,17680,0.0,0.0,0.34608924911408084,0,0
17,18720,0.0,0.0,0.352337549450061,0,0
18,19760,0.0,0.0,0.37577207604210305,0,0
19,20800,0.0,0.0,0.3881027533734996,0,0
20,21840,0.0,0.0,0.38922615556192375,0,0
21,22880,0.0,0.0,0.38922721538282895,0,0
22,23920,0.0,0.0,0.38922721538282895,0,0
23,24960,0.0,0.0,0.3911980630728032,0,0
24,26000,0.0,0.0,0.3910625008230145,0,0
25,27040,0.0,0.0,0.3909269062963138,0,0
26,28080,0.0,0.0,0.5357325063374356,0,0
27,29120,0.0,0.0,0.39154828136338915,0,0
28,30160,0.0,0.0,0.39154828136338915,0,0
29,31200,0.0,0.0,0.3909269062963138,0,0
30,32240,0.0,0.0,0.39159431448421256,0,0
31,33280,0.0,0.0,0.5591677686979531,0,0
32,34320,0.0,0.0,0.3909680202940137,0,0
33,35360,0.0,0.0,0.3909680202940137,0,0
34,36400,0.0,0.0,0.5456818326685903,0,0
35,37440,0.0,0.0,0.3961958345127746,0,0
36,38480,0.0,0.0,0.5646511635050978,0,0
37,39520,0.0,0.0,0.4174769728828229,0,0
38,40560,0.0,0.0,0.41027241986094387,0,0
39,41600,0.0,0.0,0.39173773033649884,0,0
40,42640,0.0,0.0,0.3912518234391188,0,0
41,43680,0.0,0.0,0.4103038956257523,0,0
42,44720,0.0,0.0,0.5421353309742425,0,0
43,45760,0.0,0.0,0.4007816292965499,0,0
44,46800,0.0,0.0,0.465578426833907,0,0
45,47840,0.0,0.0,0.5149123219524017,0,0
46,48880,0.0,0.0,0.4745229767304805,0,0
47,49920,0.0,0.0,0.7672121948680461,0,0
48,50960,0.0,0.0,0.6816964954019449,0,0
49,52000,0.0,0.0,0.5995187673587821,0,0
