t,bytes_sent,utility,pheromone,f1_val,agg_count,rollback
0,1040,0.0,0.0,0.10429108604291086,0,0
1,2080,0.0,0.0,0.08845180584311019,0,0
2,3120,0.0,0.0,0.08845180584311019,0,0
3,4160,0.0,0.0,0.41671011811102343,0,0
4,5200,0.0,0.0,0.14205682272909165,0,0
5,6240,0.0,0.0,0.14205682272909165,0,0
6,7280,0.0,0.0,0.14205682272909165,0,0
7,8320,0.0,0.0,0.14205682272909165,0,0
8,9360,0.0,0.0,0.14205682272909165,0,0
9,10400,0.0,0.0,0.14205682272909165,0,0
10,11440,0.0,0.0,0.14205682272909165,0,0
11,12480,0.0,0.0,0.14205682272909165,0,0
12,13520,0.0,0.0,0.41606030461571797,0,0
13,14560,0.0,0.0,0.4168747328879592,0,0
14,15600,0.0,0.0,0.41703542715461484,0,0
15,16640,0.0,0.0,0.41683246609844005,0,0
16,17680,0.0,0.0,0.41683246609844005,0,0
17,18720,0.0,0.0,0.5375944721281487,0,0
18,19760,0.0,0.0,0.41679099637737954,0,0
19,20800,0.0,0.0,0.47295578154142026,0,0
20,21840,0.0,0.0,0.4641950619929005,0,0
21,22880,0.0,0.0,0.6810166587165387,0,0
22,23920,0.0,0.0,0.37559664931184866,0,0
23,24960,0.0,0.0,0.688792349259916,0,0
24,26000,0.0,0.0,0.6824934034593011,0,0
25,27040,0.0,0.0,0.3783611366645216,0,0
26,28080,0.0,0.0,0.6874630165484162,0,0
27,29120,0.0,0.0,0.4023527514992587,0,0
28,30160,0.0,0.0,0.6769263228598701,0,0
29,31200,0.0,0.0,0.5397289091494997,0,0
30,32240,0.0,0.0,0.6689081839252837,0,0
31,33280,0.0,0.0,0.43846014706410974,0,0
32,34320,0.0,0.0,0.6194950322577958,0,0
33,35360,0.0,0.0,0.5286765772660266,0,0
34,36400,0.0,0.0,0.6734490604101105,0,0
35,37440,0.0,0.0,0.45962755161635727,0,0
36,38480,0.0,0.0,0.6704810966115528,0,0
37,39520,0.0,0.0,0.5464144591348976,0,0
38,40560,0.0,0.0,0.6071347724695277,0,0
39,41600,0.0,0.0,0.5815622733413859,0,0
40,42640,0.0,0.0,0.6075143049994683,0,0
41,43680,0.0,0.0,0.5433920779099333,0,0
42,44720,0.0,0.0,0.5728165891294352,0,0
43,45760,0.0,0.0,0.6825096875279428,0,0
44,46800,0.0,0.0,0.6277969162815121,0,0
45,47840,0.0,0.0,0.579775043057459,0,0
46,48880,0.0,0.0,0.651174235232584,0,0
47,49920,0.0,0.0,0.5810383038443852,0,0
48,50960,0.0,0.0,0.6962583761998717,0,0
49,52000,0.0,0.0,0.6085989252621867,0,0
