t,bytes_sent,utility,pheromone,f1_val,agg_count,rollback
0,1040,0.0,0.0,0.13862163754172394,0,0
1,2080,0.0,0.0,0.13862163754172394,0,0
2,3120,0.0,0.0,0.13862163754172394,0,0
3,4160,0.0,0.0,0.13862163754172394,0,0
4,5200,0.0,0.0,0.13862163754172394,0,0
5,6240,0.0,0.0,0.13862163754172394,0,0
6,7280,0.0,0.0,0.13862163754172394,0,0
7,8320,0.0,0.0,0.13862163754172394,0,0
8,9360,0.0,0.0,0.13862163754172394,0,0
9,10400,0.0,0.0,0.13862163754172394,0,0
10,11440,0.0,0.0,0.13862163754172394,0,0
11,12480,0.0,0.0,0.4168286507793791,0,0
12,13520,0.0,0.0,0.5636238721413394,0,0
13,14560,0.0,0.0,0.6980430300665794,0,0
14,15600,0.0,0.0,0.4918176027453989,0,0
15,16640,0.0,0.0,0.5443814121067198,0,0
16,17680,0.0,0.0,0.7012918353062347,0,0
17,18720,0.0,0.0,0.6937719354014944,0,0
18,19760,0.0,0.0,0.6934158428401263,0,0
19,20800,0.0,0.0,0.6938116777017901,0,0
20,21840,0.0,0.0,0.695059468658068,0,0
21,22880,0.0,0.0,0.695059468658068,0,0
22,23920,0.0,0.0,0.6975321411601123,0,0
23,24960,0.0,0.0,0.7774448636196295,0,0
24,26000,0.0,0.0,0.9554511690857248,0,0
25,27040,0.0,0.0,0.9934851157852405,0,0
26,28080,0.0,0.0,0.9453549342890867,0,0
27,29120,0.0,0.0,0.9950784232632852,0,0
28,30160,0.0,0.0,0.9951878390193748,0,0
29,31200,0.0,0.0,0.9947723700160056,0,0
30,32240,0.0,0.0,0.9944206159610718,0,0
31,33280,0.0,0.0,0.9947060979488367,0,0
32,34320,0.0,0.0,0.9947060979488367,0,0
33,35360,0.0,0.0,0.9948008231115103,0,0
34,36400,0.0,0.0,0.9943624847472301,0,0
35,37440,0.0,0.0,0.9938290824763921,0,0
36,38480,0.0,0.0,0.9947060979488367,0,0
37,39520,0.0,0.0,0.9948413794931923,0,0
38,40560,0.0,0.0,0.9938290824763921,0,0
39,41600,0.0,0.0,0.9947060979488367,0,0
40,42640,0.0,0.0,0.9949681865317428,0,0
41,43680,0.0,0.0,0.9953150696065944,0,0
42,44720,0.0,0.0,0.9951878390193748,0,0
43,45760,0.0,0.0,0.9953830172083656,0,0
44,46800,0.0,0.0,0.9949681865317428,0,0
45,47840,0.0,0.0,0.9944867328096639,0,0
46,48880,0.0,0.0,0.9947060979488367,0,0
47,49920,0.0,0.0,0.9947060979488367,0,0
48,50960,0.0,0.0,0.9948413794931923,0,0
49,52000,0.0,0.0,0.9939400388726987,0,0
