t,bytes_sent,utility,pheromone,f1_val,agg_count,rollback
0,1040,0.0,0.0,0.10477605118829982,0,0
1,2080,0.0,0.0,0.1417771333885667,0,0
2,3120,0.0,0.0,0.1417771333885667,0,0
3,4160,0.0,0.0,0.1417771333885667,0,0
4,5200,0.0,0.0,0.1417771333885667,0,0
5,6240,0.0,0.0,0.1417771333885667,0,0
6,7280,0.0,0.0,0.1417771333885667,0,0
7,8320,0.0,0.0,0.1417771333885667,0,0
8,9360,0.0,0.0,0.1417771333885667,0,0
9,10400,0.0,0.0,0.1417771333885667,0,0
10,11440,0.0,0.0,0.1417771333885667,0,0
11,12480,0.0,0.0,0.4158821818019893,0,0
12,13520,0.0,0.0,0.4168984104266471,0,0
13,14560,0.0,0.0,0.5876765725271673,0,0
14,15600,0.0,0.0,0.6582755847855281,0,0
15,16640,0.0,0.0,0.7016393964819341,0,0
16,17680,0.0,0.0,0.7142773122713182,0,0
17,18720,0.0,0.0,0.7007528498062882,0,0
18,19760,0.0,0.0,0.7011326652764514,0,0
19,20800,0.0,0.0,0.7008747778078441,0,0
20,21840,0.0,0.0,0.7009533202285976,0,0
21,22880,0.0,0.0,0.7008747778078441,0,0
22,23920,0.0,0.0,0.7009697991820033,0,0
23,24960,0.0,0.0,0.7009605708276734,0,0
24,26000,0.0,0.0,0.701143089609358,0,0
25,27040,0.0,0.0,0.7010300533137968,0,0
26,28080,0.0,0.0,0.7009756597039377,0,0
27,29120,0.0,0.0,0.7009716073376621,0,0
28,30160,0.0,0.0,0.7009739187920859,0,0
29,31200,0.0,0.0,0.700991900429317,0,0
30,32240,0.0,0.0,0.7007952220838272,0,0
31,33280,0.0,0.0,0.7009652472052541,0,0
32,34320,0.0,0.0,0.7010255771052871,0,0
33,35360,0.0,0.0,0.6988111435318467,0,0
34,36400,0.0,0.0,0.7011286820246383,0,0
35,37440,0.0,0.0,0.6914066599808899,0,0
36,38480,0.0,0.0,0.6311161547440208,0,0
37,39520,0.0,0.0,0.5444424664452817,0,0
38,40560,0.0,0.0,0.7158818506438105,0,0
39,41600,0.0,0.0,0.6845889870007804,0,0
40,42640,0.0,0.0,0.6916371883655342,0,0
41,43680,0.0,0.0,0.5252097446865258,0,0
42,44720,0.0,0.0,0.7136317379935058,0,0
43,45760,0.0,0.0,0.7156457526182701,0,0
44,46800,0.0,0.0,0.7212084100140566,0,0
45,47840,0.0,0.0,0.7151619236742298,0,0
46,48880,0.0,0.0,0.7071571923052671,0,0
47,49920,0.0,0.0,0.6901604545505053,0,0
48,50960,0.0,0.0,0.6238566280603413,0,0
49,52000,0.0,0.0,0.6679081149213761,0,0
