t,bytes_sent,utility,pheromone,f1_val,agg_count,rollback
0,1040,0.0,0.0,0.6477072493036451,0,0
1,2080,0.0,0.0,0.14226190476190476,0,0
2,3120,0.0,0.0,0.14226190476190476,0,0
3,4160,0.0,0.0,0.14226190476190476,0,0
4,5200,0.0,0.0,0.14226190476190476,0,0
5,6240,0.0,0.0,0.14226190476190476,0,0
6,7280,0.0,0.0,0.14226190476190476,0,0
7,8320,0.0,0.0,0.14226190476190476,0,0
8,9360,0.0,0.0,0.14226190476190476,0,0
9,10400,0.0,0.0,0.14226190476190476,0,0
10,11440,0.0,0.0,0.18904090673506524,0,0
11,12480,0.0,0.0,0.41714700908202623,0,0
12,13520,0.0,0.0,0.41778804395810054,0,0
13,14560,0.0,0.0,0.4175465518408786,0,0
14,15600,0.0,0.0,0.4175465518408786,0,0
15,16640,0.0,0.0,0.39699327053247513,0,0
16,17680,0.0,0.0,0.41770670426636225,0,0
17,18720,0.0,0.0,0.44913505400818876,0,0
18,19760,0.0,0.0,0.4411466911045738,0,0
19,20800,0.0,0.0,0.6509283132533485,0,0
20,21840,0.0,0.0,0.42089476821020444,0,0
21,22880,0.0,0.0,0.7005691551769304,0,0
22,23920,0.0,0.0,0.6600545964759654,0,0
23,24960,0.0,0.0,0.7005691551769304,0,0
24,26000,0.0,0.0,0.7003213174339138,0,0
25,27040,0.0,0.0,0.7003213174339138,0,0
26,28080,0.0,0.0,0.42235781762337127,0,0
27,29120,0.0,0.0,0.7003213174339138,0,0
28,30160,0.0,0.0,0.6683902458879067,0,0
29,31200,0.0,0.0,0.7003213174339138,0,0
30,32240,0.0,0.0,0.4393334485483808,0,0
31,33280,0.0,0.0,0.7003213174339138,0,0
32,34320,0.0,0.0,0.43361752453721647,0,0
33,35360,0.0,0.0,0.7003213174339138,0,0
34,36400,0.0,0.0,0.6026918716464412,0,0
35,37440,0.0,0.0,0.7003213174339138,0,0
36,38480,0.0,0.0,0.6680255271047637,0,0
37,39520,0.0,0.0,0.6888832436363503,0,0
38,40560,0.0,0.0,0.6997161662670739,0,0
39,41600,0.0,0.0,0.7003213174339138,0,0
40,42640,0.0,0.0,0.5661153386810104,0,0
41,43680,0.0,0.0,0.7003213174339138,0,0
42,44720,0.0,0.0,0.5803346641923356,0,0
43,45760,0.0,0.0,0.5947509732791776,0,0
44,46800,0.0,0.0,0.5482550460721549,0,0
45,47840,0.0,0.0,0.7099885994069063,0,0
46,48880,0.0,0.0,0.6685563276263454,0,0
47,49920,0.0,0.0,0.624057240361692,0,0
48,50960,0.0,0.0,0.6706507899000256,0,0
49,52000,0.0,0.0,0.5647090247449357,0,0
