t,bytes_sent,utility,pheromone,f1_val,agg_count,rollback
0,1040,0.0,0.0,0.05619631901840491,0,0
1,2080,0.0,0.0,0.1403857625770531,0,0
2,3120,0.0,0.0,0.1403857625770531,0,0
3,4160,0.0,0.0,0.1403857625770531,0,0
4,5200,0.0,0.0,0.1403857625770531,0,0
5,6240,0.0,0.0,0.1403857625770531,0,0
6,7280,0.0,0.0,0.1403857625770531,0,0
7,8320,0.0,0.0,0.1403857625770531,0,0
8,9360,0.0,0.0,0.1403857625770531,0,0
9,10400,0.0,0.0,0.1403857625770531,0,0
10,11440,0.0,0.0,0.1403857625770531,0,0
11,12480,0.0,0.0,0.1403857625770531,0,0
12,13520,0.0,0.0,0.41627458463323097,0,0
13,14560,0.0,0.0,0.4162370592043806,0,0
14,15600,0.0,0.0,0.4160038662657951,0,0
15,16640,0.0,0.0,0.37736047419495233,0,0
16,17680,0.0,0.0,0.41580726865236384,0,0
17,18720,0.0,0.0,0.545472781190431,0,0
18,19760,0.0,0.0,0.41580726865236384,0,0
19,20800,0.0,0.0,0.6928138895741811,0,0
20,21840,0.0,0.0,0.6766982343148618,0,0
21,22880,0.0,0.0,0.7122363543506447,0,0
22,23920,0.0,0.0,0.6403163701264872,0,0
23,24960,0.0,0.0,0.7119061509349174,0,0
24,26000,0.0,0.0,0.4675129476196974,0,0
25,27040,0.0,0.0,0.6482245244794176,0,0
26,28080,0.0,0.0,0.54790334401042,0,0
27,29120,0.0,0.0,0.6414351947953811,0,0
28,30160,0.0,0.0,0.564691568511418,0,0
29,31200,0.0,0.0,0.5481285511528156,0,0
30,32240,0.0,0.0,0.4488994640102975,0,0
31,33280,0.0,0.0,0.5297966101976987,0,0
32,34320,0.0,0.0,0.5414059802025424,0,0
33,35360,0.0,0.0,0.4971064415626222,0,0
34,36400,0.0,0.0,0.5013177301503653,0,0
35,37440,0.0,0.0,0.5359259883891581,0,0
36,38480,0.0,0.0,0.5157266295191473,0,0
37,39520,0.0,0.0,0.5035315605379239,0,0
38,40560,0.0,0.0,0.5721673881891035,0,0
39,41600,0.0,0.0,0.5583061849550653,0,0
40,42640,0.0,0.0,0.5464044208350048,0,0
41,43680,0.0,0.0,0.5900235495964411,0,0
42,44720,0.0,0.0,0.5908900628258652,0,0
43,45760,0.0,0.0,0.5733752913865782,0,0
44,46800,0.0,0.0,0.5849047743141013,0,0
45,47840,0.0,0.0,0.5738827653089323,0,0
46,48880,0.0,0.0,0.6967240401737766,0,0
47,49920,0.0,0.0,0.5858674772351947,0,0
48,50960,0.0,0.0,0.5988395118778469,0,0
49,52000,0.0,0.0,0.7193228726689598,0,0
