t,bytes_sent,utility,pheromone,f1_val,agg_count,rollback
0,1040,0.0,0.0,0.3079835250566958,0,0
1,2080,0.0,0.0,0.14142628205128205,0,0
2,3120,0.0,0.0,0.14142628205128205,0,0
3,4160,0.0,0.0,0.14142628205128205,0,0
4,5200,0.0,0.0,0.14142628205128205,0,0
5,6240,0.0,0.0,0.14142628205128205,0,0
6,7280,0.0,0.0,0.14142628205128205,0,0
7,8320,0.0,0.0,0.14142628205128205,0,0
8,9360,0.0,0.0,0.14142628205128205,0,0
9,10400,0.0,0.0,0.14142628205128205,0,0
10,11440,0.0,0.0,0.2946558441761127,0,0
11,12480,0.0,0.0,0.41524424617876,0,0
12,13520,0.0,0.0,0.4164535851642239,0,0
13,14560,0.0,0.0,0.4156481186360783,0,0
14,15600,0.0,0.0,0.41544627768762743,0,0
15,16640,0.0,0.0,0.41544627768762743,0,0
16,17680,0.0,0.0,0.6746995790877343,0,0
17,18720,0.0,0.0,0.6384550920032879,0,0
18,19760,0.0,0.0,0.6947319527750034,0,0
19,20800,0.0,0.0,0.6781500788294972,0,0
20,21840,0.0,0.0,0.6961595984500325,0,0
21,22880,0.0,0.0,0.690917823990055,0,0
22,23920,0.0,0.0,0.6973372689197971,0,0
23,24960,0.0,0.0,0.6992424491601505,0,0
24,26000,0.0,0.0,0.7077637860236341,0,0
25,27040,0.0,0.0,0.6992486519707186,0,0
26,28080,0.0,0.0,0.6992486519707186,0,0
27,29120,0.0,0.0,0.6981620862370057,0,0
28,30160,0.0,0.0,0.696702111665292,0,0
29,31200,0.0,0.0,0.6994910622927109,0,0
30,32240,0.0,0.0,0.6820129595393682,0,0
31,33280,0.0,0.0,0.6996179419457542,0,0
32,34320,0.0,0.0,0.6998970574048045,0,0
33,35360,0.0,0.0,0.6994929195186317,0,0
34,36400,0.0,0.0,0.6693656905985942,0,0
35,37440,0.0,0.0,0.6997195338270283,0,0
36,38480,0.0,0.0,0.6992486519707186,0,0
37,39520,0.0,0.0,0.6986597141815336,0,0
38,40560,0.0,0.0,0.6993003520605772,0,0
39,41600,0.0,0.0,0.6989978473625873,0,0
40,42640,0.0,0.0,0.6996118264803832,0,0
41,43680,0.0,0.0,0.7006463125969662,0,0
42,44720,0.0,0.0,0.7941414963576874,0,0
43,45760,0.0,0.0,0.9433482949794089,0,0
44,46800,0.0,0.0,0.8232016143066061,0,0
45,47840,0.0,0.0,0.7415057991579461,0,0
46,48880,0.0,0.0,0.9549051512874467,0,0
47,49920,0.0,0.0,0.8221186561370959,0,0
48,50960,0.0,0.0,0.6590306789522018,0,0
49,52000,0.0,0.0,0.8246637404388165,0,0
