t,bytes_sent,utility,pheromone,f1_val,agg_count,rollback
0,1040,0.0,0.0,0.14205682272909165,0,0
1,2080,0.0,0.0,0.14205682272909165,0,0
2,3120,0.0,0.0,0.14205682272909165,0,0
3,4160,0.0,0.0,0.14205682272909165,0,0
4,5200,0.0,0.0,0.14205682272909165,0,0
5,6240,0.0,0.0,0.14205682272909165,0,0
6,7280,0.0,0.0,0.14205682272909165,0,0
7,8320,0.0,0.0,0.14205682272909165,0,0
8,9360,0.0,0.0,0.14205682272909165,0,0
9,10400,0.0,0.0,0.14205682272909165,0,0
10,11440,0.0,0.0,0.14205682272909165,0,0
11,12480,0.0,0.0,0.14205682272909165,0,0
12,13520,0.0,0.0,0.14205682272909165,0,0
13,14560,0.0,0.0,0.4172807768329403,0,0
14,15600,0.0,0.0,0.41703542715461484,0,0
15,16640,0.0,0.0,0.41683246609844005,0,0
16,17680,0.0,0.0,0.41671011811102343,0,0
17,18720,0.0,0.0,0.41671011811102343,0,0
18,19760,0.0,0.0,0.41679099637737954,0,0
19,20800,0.0,0.0,0.6845836369333655,0,0
20,21840,0.0,0.0,0.685092297634443,0,0
21,22880,0.0,0.0,0.5470871980393263,0,0
22,23920,0.0,0.0,0.48026647834482805,0,0
23,24960,0.0,0.0,0.6122201105520569,0,0
24,26000,0.0,0.0,0.38882482024504383,0,0
25,27040,0.0,0.0,0.49303799284834987,0,0
26,28080,0.0,0.0,0.39208891181575384,0,0
27,29120,0.0,0.0,0.5730351296343336,0,0
28,30160,0.0,0.0,0.4069881865114239,0,0
29,31200,0.0,0.0,0.6093950765715836,0,0
30,32240,0.0,0.0,0.6859837806843571,0,0
31,33280,0.0,0.0,0.3873267077661093,0,0
32,34320,0.0,0.0,0.5339973844963102,0,0
33,35360,0.0,0.0,0.671741532571397,0,0
34,36400,0.0,0.0,0.417537103764224,0,0
35,37440,0.0,0.0,0.6383163015024628,0,0
36,38480,0.0,0.0,0.5013328016354661,0,0
37,39520,0.0,0.0,0.6900344398452568,0,0
38,40560,0.0,0.0,0.4172024606936381,0,0
39,41600,0.0,0.0,0.6208095764945438,0,0
40,42640,0.0,0.0,0.6272482111682846,0,0
41,43680,0.0,0.0,0.5611189441836643,0,0
42,44720,0.0,0.0,0.6172840075920544,0,0
43,45760,0.0,0.0,0.6366944202759665,0,0
44,46800,0.0,0.0,0.6148586601555459,0,0
45,47840,0.0,0.0,0.6128615300962683,0,0
46,48880,0.0,0.0,0.6964735097508861,0,0
47,49920,0.0,0.0,0.5675536209535671,0,0
48,50960,0.0,0.0,0.3995743972426369,0,0
49,52000,0.0,0.0,0.6813735185890885,0,0
