t,bytes_sent,utility,pheromone,f1_val,agg_count,rollback
0,1040,0.0,0.0,0.13995598239295717,0,0
1,2080,0.0,0.0,0.13995598239295717,0,0
2,3120,0.0,0.0,0.13995598239295717,0,0
3,4160,0.0,0.0,0.13995598239295717,0,0
4,5200,0.0,0.0,0.13995598239295717,0,0
5,6240,0.0,0.0,0.13995598239295717,0,0
6,7280,0.0,0.0,0.13995598239295717,0,0
7,8320,0.0,0.0,0.13995598239295717,0,0
8,9360,0.0,0.0,0.13995598239295717,0,0
9,10400,0.0,0.0,0.13995598239295717,0,0
10,11440,0.0,0.0,0.13995598239295717,0,0
11,12480,0.0,0.0,0.25730447141006274,0,0
12,13520,0.0,0.0,0.714746998795863,0,0
13,14560,0.0,0.0,0.714460606093301,0,0
14,15600,0.0,0.0,0.3729316501988709,0,0
15,16640,0.0,0.0,0.3727983816295533,0,0
16,17680,0.0,0.0,0.6103222879093303,0,0
17,18720,0.0,0.0,0.7009086045093338,0,0
18,19760,0.0,0.0,0.7016227644444183,0,0
19,20800,0.0,0.0,0.7009086045093338,0,0
20,21840,0.0,0.0,0.7008920463502527,0,0
21,22880,0.0,0.0,0.7134720232714203,0,0
22,23920,0.0,0.0,0.7006664070217012,0,0
23,24960,0.0,0.0,0.7122675976048899,0,0
24,26000,0.0,0.0,0.7009086045093338,0,0
25,27040,0.0,0.0,0.7009013631746674,0,0
26,28080,0.0,0.0,0.7009086045093338,0,0
27,29120,0.0,0.0,0.9889077884640202,0,0
28,30160,0.0,0.0,0.9949421238981463,0,0
29,31200,0.0,0.0,0.7140186993020905,0,0
30,32240,0.0,0.0,0.9960662206126181,0,0
31,33280,0.0,0.0,0.9950790219939822,0,0
32,34320,0.0,0.0,0.9946585543962135,0,0
33,35360,0.0,0.0,0.9950886061981945,0,0
34,36400,0.0,0.0,0.9941380936044745,0,0
35,37440,0.0,0.0,0.9952713382688878,0,0
36,38480,0.0,0.0,0.9962031034001528,0,0
37,39520,0.0,0.0,0.9947267123181514,0,0
38,40560,0.0,0.0,0.9955157775999612,0,0
39,41600,0.0,0.0,0.9939919029218467,0,0
40,42640,0.0,0.0,0.9943590272655265,0,0
41,43680,0.0,0.0,0.992174240363445,0,0
42,44720,0.0,0.0,0.9930382012516658,0,0
43,45760,0.0,0.0,0.9885656966123193,0,0
44,46800,0.0,0.0,0.9935326376274699,0,0
45,47840,0.0,0.0,0.9923077140383828,0,0
46,48880,0.0,0.0,0.9923077140383828,0,0
47,49920,0.0,0.0,0.9929848166558567,0,0
48,50960,0.0,0.0,0.9926278174207259,0,0
49,52000,0.0,0.0,0.9926278174207259,0,0
