t,bytes_sent,utility,pheromone,f1_val,agg_count,rollback
0,4160,0.0,0.0,0.33269567989797544,0,0
1,8320,0.0,0.0,0.3326968973747017,0,0
2,12480,0.0,0.0,0.33072360616844604,0,0
3,16640,0.0,0.0,0.3176193729598421,0,0
4,20800,0.0,0.0,0.3159958205009593,0,0
5,24960,0.0,0.0,0.31444516495867647,0,0
6,29120,0.0,0.0,0.31034692689075954,0,0
7,33280,0.0,0.0,0.30076917547264753,0,0
8,37440,0.0,0.0,0.29692711659924775,0,0
9,41600,0.0,0.0,0.2939234281700035,0,0
10,45760,0.0,0.0,0.2895301363227458,0,0
11,49920,0.0,0.0,0.28318104906937397,0,0
12,54080,0.0,0.0,0.27721460279599813,0,0
13,58240,0.0,0.0,0.2734640522875817,0,0
14,62400,0.0,0.0,0.27028423772609816,0,0
15,66560,0.0,0.0,0.267587618316705,0,0
16,70720,0.0,0.0,0.26494427558257344,0,0
17,74880,0.0,0.0,0.2607828471702817,0,0
18,79040,0.0,0.0,0.25571446033492234,0,0
19,83200,0.0,0.0,0.00031852205765249244,0,0
20,87360,0.0,0.0,0.2501949053896754,0,0
21,91520,0.0,0.0,0.3332536837913182,0,0
22,95680,0.0,0.0,0.33301496338745623,0,0
23,99840,0.0,0.0,0.33301496338745623,0,0
24,104000,0.0,0.0,0.33301496338745623,0,0
25,108160,0.0,0.0,0.33301496338745623,0,0
26,112320,0.0,0.0,0.33301496338745623,0,0
27,116480,0.0,0.0,0.33301496338745623,0,0
28,120640,0.0,0.0,0.24940219990435197,0,0
29,124800,0.0,0.0,0.24922230198612108,0,0
30,128960,0.0,0.0,0.24886173017014138,0,0
31,133120,0.0,0.0,0.24850011999040078,0,0
32,137280,0.0,0.0,0.24813746695505887,0,0
33,141440,0.0,0.0,0.2481979817395483,0,0
34,145600,0.0,0.0,0.24837935174069628,0,0
35,149760,0.0,0.0,0.24813746695505887,0,0
36,153920,0.0,0.0,0.2481979817395483,0,0
37,158080,0.0,0.0,0.24807692307692308,0,0
38,162240,0.0,0.0,0.24807692307692308,0,0
39,166400,0.0,0.0,0.24813657129117575,0,0
40,170560,0.0,0.0,0.24813657129117575,0,0
41,174720,0.0,0.0,0.2480759980759981,0,0
42,178880,0.0,0.0,0.24789410348977137,0,0
43,183040,0.0,0.0,0.2476511683931583,0,0
44,187200,0.0,0.0,0.24746865959498554,0,0
45,191360,0.0,0.0,0.24746865959498554,0,0
46,195520,0.0,0.0,0.2471638909003138,0,0
47,199680,0.0,0.0,0.2469195457840058,0,0
48,203840,0.0,0.0,0.2467971960357747,0,0
49,208000,0.0,0.0,0.24667472793228537,0,0
