t,bytes_sent,utility,pheromone,f1_val,agg_count,rollback
0,4160,0.0,0.0,0.3032423606251458,0,0
1,8320,0.0,0.0,0.29218909631280765,0,0
2,12480,0.0,0.0,0.26778465428894654,0,0
3,16640,0.0,0.0,0.281041622797782,0,0
4,20800,0.0,0.0,0.2769719574526868,0,0
5,24960,0.0,0.0,0.2757719551612681,0,0
6,29120,0.0,0.0,0.2749451754385965,0,0
7,33280,0.0,0.0,0.27454197429587096,0,0
8,37440,0.0,0.0,0.27366129142001766,0,0
9,41600,0.0,0.0,0.2669851380042463,0,0
10,45760,0.0,0.0,0.2527955773338359,0,0
11,49920,0.0,0.0,0.2526527280718277,0,0
12,54080,0.0,0.0,0.251988227190181,0,0
13,58240,0.0,0.0,0.25289089994972347,0,0
14,62400,0.0,0.0,0.2583461736004109,0,0
15,66560,0.0,0.0,0.26295497614846763,0,0
16,70720,0.0,0.0,0.2588946792768449,0,0
17,74880,0.0,0.0,0.2667727393264386,0,0
18,79040,0.0,0.0,0.2617235772357724,0,0
19,83200,0.0,0.0,0.2594957116141097,0,0
20,87360,0.0,0.0,0.25789912196372494,0,0
21,91520,0.0,0.0,0.2543776471331943,0,0
22,95680,0.0,0.0,0.2517045099143054,0,0
23,99840,0.0,0.0,0.25189358372456966,0,0
24,104000,0.0,0.0,0.25203557559814604,0,0
25,108160,0.0,0.0,0.2514214308028741,0,0
26,112320,0.0,0.0,0.248948280128681,0,0
27,116480,0.0,0.0,0.2465686274509804,0,0
28,120640,0.0,0.0,0.2446349322147243,0,0
29,124800,0.0,0.0,0.24401188527075376,0,0
30,128960,0.0,0.0,0.2439675033345459,0,0
31,133120,0.0,0.0,0.24414512801844435,0,0
32,137280,0.0,0.0,0.2436572812594611,0,0
33,141440,0.0,0.0,0.2433037063909547,0,0
34,145600,0.0,0.0,0.24308324272079254,0,0
35,149760,0.0,0.0,0.2429511561915112,0,0
36,153920,0.0,0.0,0.24281921313058172,0,0
37,158080,0.0,0.0,0.24281921313058172,0,0
38,162240,0.0,0.0,0.3641628959276018,0,0
39,166400,0.0,0.0,0.3641628959276018,0,0
40,170560,0.0,0.0,0.3641628959276018,0,0
41,174720,0.0,0.0,0.3641628959276018,0,0
42,178880,0.0,0.0,0.3641628959276018,0,0
43,183040,0.0,0.0,0.3641628959276018,0,0
44,187200,0.0,0.0,0.3641628959276018,0,0
45,191360,0.0,0.0,0.3641628959276018,0,0
46,195520,0.0,0.0,0.3641628959276018,0,0
47,199680,0.0,0.0,0.3641628959276018,0,0
48,203840,0.0,0.0,0.3641628959276018,0,0
49,208000,0.0,0.0,0.3641628959276018,0,0
