t,bytes_sent,utility,pheromone,f1_val,agg_count,rollback
0,1040,0.0,0.0,0.14094896331738438,0,0
1,2080,0.0,0.0,0.14094896331738438,0,0
2,3120,0.0,0.0,0.14094896331738438,0,0
3,4160,0.0,0.0,0.14094896331738438,0,0
4,5200,0.0,0.0,0.14094896331738438,0,0
5,6240,0.0,0.0,0.14094896331738438,0,0
6,7280,0.0,0.0,0.14094896331738438,0,0
7,8320,0.0,0.0,0.14094896331738438,0,0
8,9360,0.0,0.0,0.14094896331738438,0,0
9,10400,0.0,0.0,0.38822706624119907,0,0
10,11440,0.0,0.0,0.3737866446729492,0,0
11,12480,0.0,0.0,0.3541426273984414,0,0
12,13520,0.0,0.0,0.352526917700439,0,0
13,14560,0.0,0.0,0.3522323654220885,0,0
14,15600,0.0,0.0,0.34283053086542825,0,0
15,16640,0.0,0.0,0.3348132663939064,0,0
16,17680,0.0,0.0,0.33418812341104737,0,0
17,18720,0.0,0.0,0.3340316429295036,0,0
18,19760,0.0,0.0,0.3515453769870703,0,0
19,20800,0.0,0.0,0.3730264596824485,0,0
20,21840,0.0,0.0,0.38886415518776174,0,0
21,22880,0.0,0.0,0.3889802526960997,0,0
22,23920,0.0,0.0,0.3889802526960997,0,0
23,24960,0.0,0.0,0.39263037210905727,0,0
24,26000,0.0,0.0,0.3963623915883844,0,0
25,27040,0.0,0.0,0.5047821041145458,0,0
26,28080,0.0,0.0,0.3905367657882798,0,0
27,29120,0.0,0.0,0.5503307236333357,0,0
28,30160,0.0,0.0,0.49323573173068713,0,0
29,31200,0.0,0.0,0.6740125655360257,0,0
30,32240,0.0,0.0,0.3685513926386803,0,0
31,33280,0.0,0.0,0.3734848975335585,0,0
32,34320,0.0,0.0,0.3604258535619098,0,0
33,35360,0.0,0.0,0.3753665343514666,0,0
34,36400,0.0,0.0,0.361126920592728,0,0
35,37440,0.0,0.0,0.3688519900138536,0,0
36,38480,0.0,0.0,0.5155801970680421,0,0
37,39520,0.0,0.0,0.4133682921389953,0,0
38,40560,0.0,0.0,0.6361013207747,0,0
39,41600,0.0,0.0,0.6824759465782125,0,0
40,42640,0.0,0.0,0.6544146655406773,0,0
41,43680,0.0,0.0,0.6874241051804649,0,0
42,44720,0.0,0.0,0.6595537000572345,0,0
43,45760,0.0,0.0,0.6427649153618274,0,0
44,46800,0.0,0.0,0.6927367877457908,0,0
45,47840,0.0,0.0,0.6455800373302643,0,0
46,48880,0.0,0.0,0.6803039825405731,0,0
47,49920,0.0,0.0,0.6335788827143608,0,0
48,50960,0.0,0.0,0.6362661362384793,0,0
49,52000,0.0,0.0,0.6596393761158338,0,0
