t,bytes_sent,utility,pheromone,f1_val,agg_count,rollback
0,1040,0.0,0.0,0.05572213893053473,0,0
1,2080,0.0,0.0,0.14022662889518414,0,0
2,3120,0.0,0.0,0.14022662889518414,0,0
3,4160,0.0,0.0,0.14022662889518414,0,0
4,5200,0.0,0.0,0.14022662889518414,0,0
5,6240,0.0,0.0,0.14022662889518414,0,0
6,7280,0.0,0.0,0.14022662889518414,0,0
7,8320,0.0,0.0,0.14022662889518414,0,0
8,9360,0.0,0.0,0.15421789270473482,0,0
9,10400,0.0,0.0,0.41570511705214863,0,0
10,11440,0.0,0.0,0.3749387785509547,0,0
11,12480,0.0,0.0,0.37219695805807346,0,0
12,13520,0.0,0.0,0.37139772108848557,0,0
13,14560,0.0,0.0,0.3719226453537014,0,0
14,15600,0.0,0.0,0.3721545759861869,0,0
15,16640,0.0,0.0,0.37358841047846814,0,0
16,17680,0.0,0.0,0.38393863696270936,0,0
17,18720,0.0,0.0,0.6560358154435839,0,0
18,19760,0.0,0.0,0.6633574615493241,0,0
19,20800,0.0,0.0,0.6646871187573276,0,0
20,21840,0.0,0.0,0.6653668144348895,0,0
21,22880,0.0,0.0,0.6674457113919119,0,0
22,23920,0.0,0.0,0.6632894572979647,0,0
23,24960,0.0,0.0,0.9506159620059915,0,0
24,26000,0.0,0.0,0.9446030522388948,0,0
25,27040,0.0,0.0,0.9423404217406657,0,0
26,28080,0.0,0.0,0.9477933371916363,0,0
27,29120,0.0,0.0,0.9409222599079218,0,0
28,30160,0.0,0.0,0.9394958617397882,0,0
29,31200,0.0,0.0,0.9549284635384219,0,0
30,32240,0.0,0.0,0.9379380166813711,0,0
31,33280,0.0,0.0,0.9406653901530909,0,0
32,34320,0.0,0.0,0.9406461134108919,0,0
33,35360,0.0,0.0,0.9391291302721506,0,0
34,36400,0.0,0.0,0.9425565419019659,0,0
35,37440,0.0,0.0,0.9375847767013964,0,0
36,38480,0.0,0.0,0.939982579279117,0,0
37,39520,0.0,0.0,0.9464615274789876,0,0
38,40560,0.0,0.0,0.9415137135192204,0,0
39,41600,0.0,0.0,0.9374658317591548,0,0
40,42640,0.0,0.0,0.9374837458803001,0,0
41,43680,0.0,0.0,0.9414541957665095,0,0
42,44720,0.0,0.0,0.9413310407032224,0,0
43,45760,0.0,0.0,0.9429136347281538,0,0
44,46800,0.0,0.0,0.9398640202501278,0,0
45,47840,0.0,0.0,0.9398847717293559,0,0
46,48880,0.0,0.0,0.9242387179000895,0,0
47,49920,0.0,0.0,0.9397849732398514,0,0
48,50960,0.0,0.0,0.9310136229930657,0,0
49,52000,0.0,0.0,0.9379591360954502,0,0
