t,bytes_sent,utility,pheromone,f1_val,agg_count,rollback
0,1040,0.0,0.0,0.10398230088495575,0,0
1,2080,0.0,0.0,0.14142628205128205,0,0
2,3120,0.0,0.0,0.14142628205128205,0,0
3,4160,0.0,0.0,0.14142628205128205,0,0
4,5200,0.0,0.0,0.14142628205128205,0,0
5,6240,0.0,0.0,0.14142628205128205,0,0
6,7280,0.0,0.0,0.14142628205128205,0,0
7,8320,0.0,0.0,0.14142628205128205,0,0
8,9360,0.0,0.0,0.14142628205128205,0,0
9,10400,0.0,0.0,0.14142628205128205,0,0
10,11440,0.0,0.0,0.4003857136063876,0,0
11,12480,0.0,0.0,0.41605123052148413,0,0
12,13520,0.0,0.0,0.4172560359570804,0,0
13,14560,0.0,0.0,0.3781463911568096,0,0
14,15600,0.0,0.0,0.3828998634316091,0,0
15,16640,0.0,0.0,0.41681556554501253,0,0
16,17680,0.0,0.0,0.41693470025384477,0,0
17,18720,0.0,0.0,0.638701502396063,0,0
18,19760,0.0,0.0,0.41689493363097396,0,0
19,20800,0.0,0.0,0.7012073354309428,0,0
20,21840,0.0,0.0,0.6961805269456727,0,0
21,22880,0.0,0.0,0.7094957850605327,0,0
22,23920,0.0,0.0,0.6989655714355008,0,0
23,24960,0.0,0.0,0.6931120783637046,0,0
24,26000,0.0,0.0,0.7077119513704995,0,0
25,27040,0.0,0.0,0.6990091579318779,0,0
26,28080,0.0,0.0,0.6970595116192696,0,0
27,29120,0.0,0.0,0.6962904610106747,0,0
28,30160,0.0,0.0,0.6986209683199844,0,0
29,31200,0.0,0.0,0.7066758191976369,0,0
30,32240,0.0,0.0,0.6974462618717574,0,0
31,33280,0.0,0.0,0.6962124461325448,0,0
32,34320,0.0,0.0,0.7100326635025365,0,0
33,35360,0.0,0.0,0.7012469116083525,0,0
34,36400,0.0,0.0,0.8391678238063476,0,0
35,37440,0.0,0.0,0.7088796370773671,0,0
36,38480,0.0,0.0,0.9666674628643825,0,0
37,39520,0.0,0.0,0.6875242944355078,0,0
38,40560,0.0,0.0,0.9622751147140591,0,0
39,41600,0.0,0.0,0.8251369002471858,0,0
40,42640,0.0,0.0,0.8206048064119547,0,0
41,43680,0.0,0.0,0.9586472289347525,0,0
42,44720,0.0,0.0,0.8187678579363362,0,0
43,45760,0.0,0.0,0.7454837270497364,0,0
44,46800,0.0,0.0,0.8448185624564993,0,0
45,47840,0.0,0.0,0.790313964239223,0,0
46,48880,0.0,0.0,0.8247207787453168,0,0
47,49920,0.0,0.0,0.7898122441326867,0,0
48,50960,0.0,0.0,0.7952743509763484,0,0
49,52000,0.0,0.0,0.5964342587523661,0,0
