t,bytes_sent,utility,pheromone,f1_val,agg_count,rollback
0,1040,0.0,0.0,0.14205682272909165,0,0
1,2080,0.0,0.0,0.14205682272909165,0,0
2,3120,0.0,0.0,0.14205682272909165,0,0
3,4160,0.0,0.0,0.14205682272909165,0,0
4,5200,0.0,0.0,0.14205682272909165,0,0
5,6240,0.0,0.0,0.14205682272909165,0,0
6,7280,0.0,0.0,0.14205682272909165,0,0
7,8320,0.0,0.0,0.14205682272909165,0,0
8,9360,0.0,0.0,0.14205682272909165,0,0
9,10400,0.0,0.0,0.14205682272909165,0,0
10,11440,0.0,0.0,0.14205682272909165,0,0
11,12480,0.0,0.0,0.14205682272909165,0,0
12,13520,0.0,0.0,0.4170778520170104,0,0
13,14560,0.0,0.0,0.4169130971024577,0,0
14,15600,0.0,0.0,0.41671011811102343,0,0
15,16640,0.0,0.0,0.41683246609844005,0,0
16,17680,0.0,0.0,0.41671011811102343,0,0
17,18720,0.0,0.0,0.41671011811102343,0,0
18,19760,0.0,0.0,0.41671011811102343,0,0
19,20800,0.0,0.0,0.6509470220535755,0,0
20,21840,0.0,0.0,0.448211851024243,0,0
21,22880,0.0,0.0,0.555155613619471,0,0
22,23920,0.0,0.0,0.4764983996298582,0,0
23,24960,0.0,0.0,0.6800630989088247,0,0
24,26000,0.0,0.0,0.3752785927320803,0,0
25,27040,0.0,0.0,0.6343197256179394,0,0
26,28080,0.0,0.0,0.5523418380486367,0,0
27,29120,0.0,0.0,0.45669657675422815,0,0
28,30160,0.0,0.0,0.6762393180799225,0,0
29,31200,0.0,0.0,0.6648816737629542,0,0
30,32240,0.0,0.0,0.38693979491205643,0,0
31,33280,0.0,0.0,0.5651290739376087,0,0
32,34320,0.0,0.0,0.5437490258834295,0,0
33,35360,0.0,0.0,0.6273652487769873,0,0
34,36400,0.0,0.0,0.42376741960780046,0,0
35,37440,0.0,0.0,0.5805825164649909,0,0
36,38480,0.0,0.0,0.48098312783125563,0,0
37,39520,0.0,0.0,0.6357656704040363,0,0
38,40560,0.0,0.0,0.39695867825002373,0,0
39,41600,0.0,0.0,0.615942756392351,0,0
40,42640,0.0,0.0,0.40192143848974304,0,0
41,43680,0.0,0.0,0.6314428955354363,0,0
42,44720,0.0,0.0,0.45825244815668204,0,0
43,45760,0.0,0.0,0.6261069944897162,0,0
44,46800,0.0,0.0,0.5085106356171221,0,0
45,47840,0.0,0.0,0.550573722696615,0,0
46,48880,0.0,0.0,0.4844910643264466,0,0
47,49920,0.0,0.0,0.5897553535299062,0,0
48,50960,0.0,0.0,0.5374472823005991,0,0
49,52000,0.0,0.0,0.4887542852185728,0,0
