t,bytes_sent,utility,pheromone,f1_val,agg_count,rollback
0,1040,0.0,0.0,0.9970299290849798,0,0
1,2080,0.0,0.0,0.9305701835703197,0,0
2,3120,0.0,0.0,0.9248021081932399,0,0
3,4160,0.0,0.0,0.9031750026993888,0,0
4,5200,0.0,0.0,0.9031750026993888,0,0
5,6240,0.0,0.0,0.9054552253880633,0,0
6,7280,0.0,0.0,0.9132642320361384,0,0
7,8320,0.0,0.0,0.9189955986839137,0,0
8,9360,0.0,0.0,0.922741163264367,0,0
9,10400,0.0,0.0,0.9216762884751445,0,0
10,11440,0.0,0.0,0.9285244726426919,0,0
11,12480,0.0,0.0,0.922209249560671,0,0
12,13520,0.0,0.0,0.922741163264367,0,0
13,14560,0.0,0.0,0.9346970760838719,0,0
14,15600,0.0,0.0,0.9222322892331404,0,0
15,16640,0.0,0.0,0.9306222597176701,0,0
16,17680,0.0,0.0,0.932680144760619,0,0
17,18720,0.0,0.0,0.9447166461019563,0,0
18,19760,0.0,0.0,0.942718696115748,0,0
19,20800,0.0,0.0,0.9485878912336304,0,0
20,21840,0.0,0.0,0.9505176377735465,0,0
21,22880,0.0,0.0,0.9476180974738756,0,0
22,23920,0.0,0.0,0.9514776506201668,0,0
23,24960,0.0,0.0,0.9476180974738756,0,0
24,26000,0.0,0.0,0.9543386019124059,0,0
25,27040,0.0,0.0,0.9485878912336304,0,0
26,28080,0.0,0.0,0.9466449828608106,0,0
27,29120,0.0,0.0,0.9466449828608106,0,0
28,30160,0.0,0.0,0.9552859867650598,0,0
29,31200,0.0,0.0,0.9490715523261272,0,0
30,32240,0.0,0.0,0.947131957189719,0,0
31,33280,0.0,0.0,0.9485878912336304,0,0
32,34320,0.0,0.0,0.9509980461297479,0,0
33,35360,0.0,0.0,0.947131957189719,0,0
34,36400,0.0,0.0,0.9451790169662593,0,0
35,37440,0.0,0.0,0.947131957189719,0,0
36,38480,0.0,0.0,0.947131957189719,0,0
37,39520,0.0,0.0,0.9514776506201668,0,0
38,40560,0.0,0.0,0.9466449828608106,0,0
39,41600,0.0,0.0,0.947131957189719,0,0
40,42640,0.0,0.0,0.9437054047768538,0,0
41,43680,0.0,0.0,0.945668516631735,0,0
42,44720,0.0,0.0,0.9422240396607925,0,0
43,45760,0.0,0.0,0.9352052684300081,0,0
44,46800,0.0,0.0,0.9490715523261272,0,0
45,47840,0.0,0.0,0.9437054047768538,0,0
46,48880,0.0,0.0,0.9505176377735465,0,0
47,49920,0.0,0.0,0.945668516631735,0,0
48,50960,0.0,0.0,0.945668516631735,0,0
49,52000,0.0,0.0,0.9505176377735465,0,0
