t,bytes_sent,utility,pheromone,f1_val,agg_count,rollback
0,1040,0.0,0.0,0.1417771333885667,0,0
1,2080,0.0,0.0,0.1417771333885667,0,0
2,3120,0.0,0.0,0.1417771333885667,0,0
3,4160,0.0,0.0,0.1417771333885667,0,0
4,5200,0.0,0.0,0.1417771333885667,0,0
5,6240,0.0,0.0,0.1417771333885667,0,0
6,7280,0.0,0.0,0.1417771333885667,0,0
7,8320,0.0,0.0,0.1417771333885667,0,0
8,9360,0.0,0.0,0.1417771333885667,0,0
9,10400,0.0,0.0,0.1417771333885667,0,0
10,11440,0.0,0.0,0.1417771333885667,0,0
11,12480,0.0,0.0,0.38684404908462733,0,0
12,13520,0.0,0.0,0.4849232646837955,0,0
13,14560,0.0,0.0,0.6585581559445578,0,0
14,15600,0.0,0.0,0.7134319155388049,0,0
15,16640,0.0,0.0,0.7134006463246171,0,0
16,17680,0.0,0.0,0.7057503316214242,0,0
17,18720,0.0,0.0,0.6994951315335766,0,0
18,19760,0.0,0.0,0.705567332554321,0,0
19,20800,0.0,0.0,0.6995836905498309,0,0
20,21840,0.0,0.0,0.7130459340427101,0,0
21,22880,0.0,0.0,0.698705459459377,0,0
22,23920,0.0,0.0,0.6954587836799921,0,0
23,24960,0.0,0.0,0.6773352332508262,0,0
24,26000,0.0,0.0,0.709434482624663,0,0
25,27040,0.0,0.0,0.6963603830863754,0,0
26,28080,0.0,0.0,0.6995843541840225,0,0
27,29120,0.0,0.0,0.7117728834465638,0,0
28,30160,0.0,0.0,0.6732068593103778,0,0
29,31200,0.0,0.0,0.7053016031389059,0,0
30,32240,0.0,0.0,0.7056467489249766,0,0
31,33280,0.0,0.0,0.702365528293611,0,0
32,34320,0.0,0.0,0.707910257859599,0,0
33,35360,0.0,0.0,0.7084884614680685,0,0
34,36400,0.0,0.0,0.7130397907140062,0,0
35,37440,0.0,0.0,0.6910191914433469,0,0
36,38480,0.0,0.0,0.6393881748043047,0,0
37,39520,0.0,0.0,0.6010224631021198,0,0
38,40560,0.0,0.0,0.6542343903044573,0,0
39,41600,0.0,0.0,0.703022125423031,0,0
40,42640,0.0,0.0,0.7013052250319148,0,0
41,43680,0.0,0.0,0.698102014868806,0,0
42,44720,0.0,0.0,0.6667611954174146,0,0
43,45760,0.0,0.0,0.7010159959041837,0,0
44,46800,0.0,0.0,0.6463000360223282,0,0
45,47840,0.0,0.0,0.6103180727590127,0,0
46,48880,0.0,0.0,0.6394459982439614,0,0
47,49920,0.0,0.0,0.6780487751514032,0,0
48,50960,0.0,0.0,0.6911745203070245,0,0
49,52000,0.0,0.0,0.6768303488486397,0,0
