t,bytes_sent,utility,pheromone,f1_val,agg_count,rollback
0,1040,0.0,0.0,0.10647301006404392,0,0
1,2080,0.0,0.0,0.13984006561410703,0,0
2,3120,0.0,0.0,0.13984006561410703,0,0
3,4160,0.0,0.0,0.13984006561410703,0,0
4,5200,0.0,0.0,0.13984006561410703,0,0
5,6240,0.0,0.0,0.13984006561410703,0,0
6,7280,0.0,0.0,0.13984006561410703,0,0
7,8320,0.0,0.0,0.13984006561410703,0,0
8,9360,0.0,0.0,0.13984006561410703,0,0
9,10400,0.0,0.0,0.13984006561410703,0,0
10,11440,0.0,0.0,0.13984006561410703,0,0
11,12480,0.0,0.0,0.4227428674058971,0,0
12,13520,0.0,0.0,0.39629664251078706,0,0
13,14560,0.0,0.0,0.40310226040402647,0,0
14,15600,0.0,0.0,0.5367815047654385,0,0
15,16640,0.0,0.0,0.7005813959920884,0,0
16,17680,0.0,0.0,0.7008317350254774,0,0
17,18720,0.0,0.0,0.7000803035935849,0,0
18,19760,0.0,0.0,0.700330919019862,0,0
19,20800,0.0,0.0,0.6782150171750794,0,0
20,21840,0.0,0.0,0.6524411362700179,0,0
21,22880,0.0,0.0,0.7005769689796157,0,0
22,23920,0.0,0.0,0.7005813959920884,0,0
23,24960,0.0,0.0,0.7007562037352997,0,0
24,26000,0.0,0.0,0.7007562037352997,0,0
25,27040,0.0,0.0,0.7008317350254774,0,0
26,28080,0.0,0.0,0.7007562037352997,0,0
27,29120,0.0,0.0,0.7007562037352997,0,0
28,30160,0.0,0.0,0.7007562037352997,0,0
29,31200,0.0,0.0,0.7007562037352997,0,0
30,32240,0.0,0.0,0.7006809596653347,0,0
31,33280,0.0,0.0,0.7007562037352997,0,0
32,34320,0.0,0.0,0.7007562037352997,0,0
33,35360,0.0,0.0,0.9379252821414799,0,0
34,36400,0.0,0.0,0.9457396886227789,0,0
35,37440,0.0,0.0,0.9625030579278266,0,0
36,38480,0.0,0.0,0.962248291881965,0,0
37,39520,0.0,0.0,0.9613804676988108,0,0
38,40560,0.0,0.0,0.8226675044200891,0,0
39,41600,0.0,0.0,0.8692924320383619,0,0
40,42640,0.0,0.0,0.8001508676007603,0,0
41,43680,0.0,0.0,0.9983835929041498,0,0
42,44720,0.0,0.0,0.952098409219556,0,0
43,45760,0.0,0.0,0.9734594428075102,0,0
44,46800,0.0,0.0,0.6908629081508143,0,0
45,47840,0.0,0.0,0.8449366046208372,0,0
46,48880,0.0,0.0,0.9911475320464075,0,0
47,49920,0.0,0.0,0.9105977034927046,0,0
48,50960,0.0,0.0,0.7194584571230618,0,0
49,52000,0.0,0.0,0.7920251101361538,0,0
