t,bytes_sent,utility,pheromone,f1_val,agg_count,rollback
0,1040,0.0,0.0,0.14142628205128205,0,0
1,2080,0.0,0.0,0.14142628205128205,0,0
2,3120,0.0,0.0,0.14142628205128205,0,0
3,4160,0.0,0.0,0.14142628205128205,0,0
4,5200,0.0,0.0,0.14142628205128205,0,0
5,6240,0.0,0.0,0.14142628205128205,0,0
6,7280,0.0,0.0,0.14142628205128205,0,0
7,8320,0.0,0.0,0.14142628205128205,0,0
8,9360,0.0,0.0,0.14142628205128205,0,0
9,10400,0.0,0.0,0.14142628205128205,0,0
10,11440,0.0,0.0,0.41584976944180807,0,0
11,12480,0.0,0.0,0.41625250229074906,0,0
12,13520,0.0,0.0,0.4160909029330082,0,0
13,14560,0.0,0.0,0.590240771017564,0,0
14,15600,0.0,0.0,0.6208549930910316,0,0
15,16640,0.0,0.0,0.41551820645859816,0,0
16,17680,0.0,0.0,0.7102112426367276,0,0
17,18720,0.0,0.0,0.7071507414533961,0,0
18,19760,0.0,0.0,0.7042099121254544,0,0
19,20800,0.0,0.0,0.5774692153976705,0,0
20,21840,0.0,0.0,0.6953394377895545,0,0
21,22880,0.0,0.0,0.7065197602978587,0,0
22,23920,0.0,0.0,0.7061081459310161,0,0
23,24960,0.0,0.0,0.7070152481968857,0,0
24,26000,0.0,0.0,0.7057300717883518,0,0
25,27040,0.0,0.0,0.6948921143421377,0,0
26,28080,0.0,0.0,0.8143367787688692,0,0
27,29120,0.0,0.0,0.7193370677041191,0,0
28,30160,0.0,0.0,0.8410408112234666,0,0
29,31200,0.0,0.0,0.8081704885236807,0,0
30,32240,0.0,0.0,0.9627651487225872,0,0
31,33280,0.0,0.0,0.6931921655741269,0,0
32,34320,0.0,0.0,0.4171750610705429,0,0
33,35360,0.0,0.0,0.8359619629291603,0,0
34,36400,0.0,0.0,0.6201257481080517,0,0
35,37440,0.0,0.0,0.9615951360160142,0,0
36,38480,0.0,0.0,0.8081054614483192,0,0
37,39520,0.0,0.0,0.5900875133918921,0,0
38,40560,0.0,0.0,0.7885497867101268,0,0
39,41600,0.0,0.0,0.9621707592193944,0,0
40,42640,0.0,0.0,0.7611312228579837,0,0
41,43680,0.0,0.0,0.7084180295838903,0,0
42,44720,0.0,0.0,0.964050188630534,0,0
43,45760,0.0,0.0,0.7465520580807191,0,0
44,46800,0.0,0.0,0.5968447359640989,0,0
45,47840,0.0,0.0,0.8918220958263618,0,0
46,48880,0.0,0.0,0.9563086932128825,0,0
47,49920,0.0,0.0,0.5953164429775717,0,0
48,50960,0.0,0.0,0.8672422542978508,0,0
49,52000,0.0,0.0,0.9464743589745678,0,0
