t,bytes_sent,utility,pheromone,f1_val,agg_count,rollback
0,4160,0.0,0.0,0.6096646486788759,0,0
1,8320,0.0,0.0,0.5695111662967981,0,0
2,12480,0.0,0.0,0.7253273745185589,0,0
3,16640,0.0,0.0,0.7303987994259703,0,0
4,20800,0.0,0.0,0.7417361584488535,0,0
5,24960,0.0,0.0,0.6936713183215818,0,0
6,29120,0.0,0.0,0.7022660635495384,0,0
7,33280,0.0,0.0,0.6583132027873988,0,0
8,37440,0.0,0.0,0.7296638155837023,0,0
9,41600,0.0,0.0,0.6314356759278134,0,0
10,45760,0.0,0.0,0.7432543817995203,0,0
11,49920,0.0,0.0,0.7234286046304647,0,0
12,54080,0.0,0.0,0.7524780495680746,0,0
13,58240,0.0,0.0,0.7157340086677213,0,0
14,62400,0.0,0.0,0.6955166970279945,0,0
15,66560,0.0,0.0,0.7188297427775282,0,0
16,70720,0.0,0.0,0.7266000152542162,0,0
17,74880,0.0,0.0,0.6549703554815831,0,0
18,79040,0.0,0.0,0.6876975070956911,0,0
19,83200,0.0,0.0,0.592224519658846,0,0
20,87360,0.0,0.0,0.6500494328403404,0,0
21,91520,0.0,0.0,0.7134370340135585,0,0
22,95680,0.0,0.0,0.7656669845830286,0,0
23,99840,0.0,0.0,0.6650484295307306,0,0
24,104000,0.0,0.0,0.6339692079747842,0,0
25,108160,0.0,0.0,0.7178677371245777,0,0
26,112320,0.0,0.0,0.5631439436728751,0,0
27,116480,0.0,0.0,0.6458231344544432,0,0
28,120640,0.0,0.0,0.6698936399796193,0,0
29,124800,0.0,0.0,0.7488173303368996,0,0
30,128960,0.0,0.0,0.6813645445721316,0,0
31,133120,0.0,0.0,0.7035367242622651,0,0
32,137280,0.0,0.0,0.5287324364966879,0,0
33,141440,0.0,0.0,0.7289608908003321,0,0
34,145600,0.0,0.0,0.6619207177352642,0,0
35,149760,0.0,0.0,0.5973646067082363,0,0
36,153920,0.0,0.0,0.6326617093138673,0,0
37,158080,0.0,0.0,0.6453550042056095,0,0
38,162240,0.0,0.0,0.6829148211616962,0,0
39,166400,0.0,0.0,0.6659325858634771,0,0
40,170560,0.0,0.0,0.6554877925013011,0,0
41,174720,0.0,0.0,0.6092240905262684,0,0
42,178880,0.0,0.0,0.5086355693312692,0,0
43,183040,0.0,0.0,0.7569470371897902,0,0
44,187200,0.0,0.0,0.48692600917111034,0,0
45,191360,0.0,0.0,0.5952107374087151,0,0
46,195520,0.0,0.0,0.5691489805384438,0,0
47,199680,0.0,0.0,0.5961085368909903,0,0
48,203840,0.0,0.0,0.6240538988848905,0,0
49,208000,0.0,0.0,0.6670995730180245,0,0
