t,bytes_sent,utility,pheromone,f1_val,agg_count,rollback
0,4160,0.0,0.0,0.4059748368560162,0,0
1,8320,0.0,0.0,0.7387139756255682,0,0
2,12480,0.0,0.0,0.609118061751694,0,0
3,16640,0.0,0.0,0.7167119546843039,0,0
4,20800,0.0,0.0,0.8466111498469934,0,0
5,24960,0.0,0.0,0.8484204724921534,0,0
6,29120,0.0,0.0,0.9073612533139724,0,0
7,33280,0.0,0.0,0.9463840236359297,0,0
8,37440,0.0,0.0,0.9309000457180523,0,0
9,41600,0.0,0.0,0.7784379304241598,0,0
10,45760,0.0,0.0,0.8281869149154351,0,0
11,49920,0.0,0.0,0.8321247251861915,0,0
12,54080,0.0,0.0,0.8250397370202536,0,0
13,58240,0.0,0.0,0.8519561107199873,0,0
14,62400,0.0,0.0,0.8414437585804045,0,0
15,66560,0.0,0.0,0.8391021204284987,0,0
16,70720,0.0,0.0,0.8390921797187918,0,0
17,74880,0.0,0.0,0.8417361006394048,0,0
18,79040,0.0,0.0,0.833123208746106,0,0
19,83200,0.0,0.0,0.8322835200973998,0,0
20,87360,0.0,0.0,0.840517008480769,0,0
21,91520,0.0,0.0,0.8399311772563254,0,0
22,95680,0.0,0.0,0.8148727290936849,0,0
23,99840,0.0,0.0,0.8910636730455359,0,0
24,104000,0.0,0.0,0.8047503554572635,0,0
25,108160,0.0,0.0,0.8220857488879183,0,0
26,112320,0.0,0.0,0.8317193472685854,0,0
27,116480,0.0,0.0,0.8234670094425629,0,0
28,120640,0.0,0.0,0.8415511852761988,0,0
29,124800,0.0,0.0,0.8587937641630308,0,0
30,128960,0.0,0.0,0.8792058462903092,0,0
31,133120,0.0,0.0,0.8555426247613404,0,0
32,137280,0.0,0.0,0.8439409115108776,0,0
33,141440,0.0,0.0,0.8801481942996171,0,0
34,145600,0.0,0.0,0.8778699975762949,0,0
35,149760,0.0,0.0,0.8737700842852041,0,0
36,153920,0.0,0.0,0.8713624689454816,0,0
37,158080,0.0,0.0,0.8685421363636424,0,0
38,162240,0.0,0.0,0.8637161200801475,0,0
39,166400,0.0,0.0,0.8127598968135649,0,0
40,170560,0.0,0.0,0.8412252684327218,0,0
41,174720,0.0,0.0,0.8580855392523961,0,0
42,178880,0.0,0.0,0.8629148516669012,0,0
43,183040,0.0,0.0,0.8791014255235902,0,0
44,187200,0.0,0.0,0.8428514073556481,0,0
45,191360,0.0,0.0,0.8767268436169525,0,0
46,195520,0.0,0.0,0.8503984598706928,0,0
47,199680,0.0,0.0,0.8620690148631968,0,0
48,203840,0.0,0.0,0.8627957446407394,0,0
49,208000,0.0,0.0,0.8729249080822429,0,0
