t,bytes_sent,utility,pheromone,f1_val,agg_count,rollback
0,4160,0.0,0.0,0.4146008635825655,0,0
1,8320,0.0,0.0,0.14142628205128205,0,0
2,12480,0.0,0.0,0.14142628205128205,0,0
3,16640,0.0,0.0,0.14142628205128205,0,0
4,20800,0.0,0.0,0.14142628205128205,0,0
5,24960,0.0,0.0,0.14142628205128205,0,0
6,29120,0.0,0.0,0.14142628205128205,0,0
7,33280,0.0,0.0,0.14142628205128205,0,0
8,37440,0.0,0.0,0.14142628205128205,0,0
9,41600,0.0,0.0,0.41625250229074906,0,0
10,45760,0.0,0.0,0.41625250229074906,0,0
11,49920,0.0,0.0,0.41705570454086727,0,0
12,54080,0.0,0.0,0.37144423897379664,0,0
13,58240,0.0,0.0,0.3722630760667235,0,0
14,62400,0.0,0.0,0.37643417520598427,0,0
15,66560,0.0,0.0,0.37900672735546753,0,0
16,70720,0.0,0.0,0.3738457750575356,0,0
17,74880,0.0,0.0,0.37264845928837553,0,0
18,79040,0.0,0.0,0.40201909134250213,0,0
19,83200,0.0,0.0,0.3750152778134717,0,0
20,87360,0.0,0.0,0.3875607862059097,0,0
21,91520,0.0,0.0,0.3893845438232864,0,0
22,95680,0.0,0.0,0.5507065760265807,0,0
23,99840,0.0,0.0,0.7006708013730277,0,0
24,104000,0.0,0.0,0.7011040234161724,0,0
25,108160,0.0,0.0,0.7141440925493815,0,0
26,112320,0.0,0.0,0.7135460178961264,0,0
27,116480,0.0,0.0,0.7011914924516899,0,0
28,120640,0.0,0.0,0.7029042428679231,0,0
29,124800,0.0,0.0,0.7650583314434583,0,0
30,128960,0.0,0.0,0.6999965999402735,0,0
31,133120,0.0,0.0,0.711773518545954,0,0
32,137280,0.0,0.0,0.9580628063182013,0,0
33,141440,0.0,0.0,0.9582798372095573,0,0
34,145600,0.0,0.0,0.9411511436058801,0,0
35,149760,0.0,0.0,0.9572395732454748,0,0
36,153920,0.0,0.0,0.632931397130476,0,0
37,158080,0.0,0.0,0.981900722594575,0,0
38,162240,0.0,0.0,0.6174818694065709,0,0
39,166400,0.0,0.0,0.9775583214647479,0,0
40,170560,0.0,0.0,0.4817723622638493,0,0
41,174720,0.0,0.0,0.46266207383678093,0,0
42,178880,0.0,0.0,0.9817842274095705,0,0
43,183040,0.0,0.0,0.8646064492339305,0,0
44,187200,0.0,0.0,0.46305224275096857,0,0
45,191360,0.0,0.0,0.8659920504011323,0,0
46,195520,0.0,0.0,0.8440283798511722,0,0
47,199680,0.0,0.0,0.5281320174325966,0,0
48,203840,0.0,0.0,0.9395671016943843,0,0
49,208000,0.0,0.0,0.8399887203256184,0,0
