t,bytes_sent,utility,pheromone,f1_val,agg_count,rollback
0,1040,0.0,0.0,0.28052920422104566,0,0
1,2080,0.0,0.0,0.1403857625770531,0,0
2,3120,0.0,0.0,0.1403857625770531,0,0
3,4160,0.0,0.0,0.1403857625770531,0,0
4,5200,0.0,0.0,0.1403857625770531,0,0
5,6240,0.0,0.0,0.1403857625770531,0,0
6,7280,0.0,0.0,0.1403857625770531,0,0
7,8320,0.0,0.0,0.1403857625770531,0,0
8,9360,0.0,0.0,0.1403857625770531,0,0
9,10400,0.0,0.0,0.41592377599636055,0,0
10,11440,0.0,0.0,0.37140318605350164,0,0
11,12480,0.0,0.0,0.37148979094291945,0,0
12,13520,0.0,0.0,0.37191017651532843,0,0
13,14560,0.0,0.0,0.37128922084625177,0,0
14,15600,0.0,0.0,0.402337710716722,0,0
15,16640,0.0,0.0,0.41580726865236384,0,0
16,17680,0.0,0.0,0.6459228604963569,0,0
17,18720,0.0,0.0,0.6491221619043503,0,0
18,19760,0.0,0.0,0.5818050591446893,0,0
19,20800,0.0,0.0,0.6584032345117325,0,0
20,21840,0.0,0.0,0.5568175414014493,0,0
21,22880,0.0,0.0,0.3871028374316581,0,0
22,23920,0.0,0.0,0.4934596171657454,0,0
23,24960,0.0,0.0,0.5578436239104443,0,0
24,26000,0.0,0.0,0.5569478732666998,0,0
25,27040,0.0,0.0,0.505320861640616,0,0
26,28080,0.0,0.0,0.3923643752395488,0,0
27,29120,0.0,0.0,0.49700924431842297,0,0
28,30160,0.0,0.0,0.5422849868879682,0,0
29,31200,0.0,0.0,0.4496780888821327,0,0
30,32240,0.0,0.0,0.599080813731173,0,0
31,33280,0.0,0.0,0.5869108337286343,0,0
32,34320,0.0,0.0,0.5042313476436264,0,0
33,35360,0.0,0.0,0.5952666163422682,0,0
34,36400,0.0,0.0,0.5596956844935526,0,0
35,37440,0.0,0.0,0.5312433571881329,0,0
36,38480,0.0,0.0,0.5686362965397019,0,0
37,39520,0.0,0.0,0.537184178779136,0,0
38,40560,0.0,0.0,0.5526155746324946,0,0
39,41600,0.0,0.0,0.6086903702972005,0,0
40,42640,0.0,0.0,0.53458393776243,0,0
41,43680,0.0,0.0,0.5331240948372784,0,0
42,44720,0.0,0.0,0.5534287185978556,0,0
43,45760,0.0,0.0,0.5504899375018721,0,0
44,46800,0.0,0.0,0.5553769657704706,0,0
45,47840,0.0,0.0,0.6105393951600439,0,0
46,48880,0.0,0.0,0.5838147138863065,0,0
47,49920,0.0,0.0,0.5507886981187937,0,0
48,50960,0.0,0.0,0.603063673761455,0,0
49,52000,0.0,0.0,0.5789755006733657,0,0
