t,bytes_sent,utility,pheromone,f1_val,agg_count,rollback
0,1040,0.0,0.0,0.7008569501491988,0,0
1,2080,0.0,0.0,0.646359483361187,0,0
2,3120,0.0,0.0,0.7005151327335916,0,0
3,4160,0.0,0.0,0.7006099296049884,0,0
4,5200,0.0,0.0,0.9353923947643714,0,0
5,6240,0.0,0.0,0.9967728679684698,0,0
6,7280,0.0,0.0,0.9972123373921526,0,0
7,8320,0.0,0.0,0.9970656367867874,0,0
8,9360,0.0,0.0,0.9971410286679584,0,0
9,10400,0.0,0.0,0.9975805015905128,0,0
10,11440,0.0,0.0,0.9972123373921526,0,0
11,12480,0.0,0.0,0.9978732709427991,0,0
12,13520,0.0,0.0,0.9978732709427991,0,0
13,14560,0.0,0.0,0.9978732709427991,0,0
14,15600,0.0,0.0,0.9978732709427991,0,0
15,16640,0.0,0.0,0.9978732709427991,0,0
16,17680,0.0,0.0,0.9975051067444389,0,0
17,18720,0.0,0.0,0.9978732709427991,0,0
18,19760,0.0,0.0,0.9978732709427991,0,0
19,20800,0.0,0.0,0.9978732709427991,0,0
20,21840,0.0,0.0,0.9985337040754841,0,0
21,22880,0.0,0.0,0.9988266088139107,0,0
22,23920,0.0,0.0,0.9991936395785745,0,0
23,24960,0.0,0.0,0.998459012416085,0,0
24,26000,0.0,0.0,0.9988266088139107,0,0
25,27040,0.0,0.0,0.9991936395785745,0,0
26,28080,0.0,0.0,0.9996335320153207,0,0
27,29120,0.0,0.0,0.9991936395785745,0,0
28,30160,0.0,0.0,0.9993411206731109,0,0
29,31200,0.0,0.0,0.9991936395785745,0,0
30,32240,0.0,0.0,0.9997070951278231,0,0
31,33280,0.0,0.0,0.9992669255222367,0,0
32,34320,0.0,0.0,0.9985369128569197,0,0
33,35360,0.0,0.0,0.9989004582326563,0,0
34,36400,0.0,0.0,0.9989004582326563,0,0
35,37440,0.0,0.0,0.9989004582326563,0,0
36,38480,0.0,0.0,0.9981727411068595,0,0
37,39520,0.0,0.0,0.9991948216326616,0,0
38,40560,0.0,0.0,0.9996335320153207,0,0
39,41600,0.0,0.0,0.9986059279950906,0,0
40,42640,0.0,0.0,0.9988989013586458,0,0
41,43680,0.0,0.0,0.9988266088139107,0,0
42,44720,0.0,0.0,0.9991936395785745,0,0
43,45760,0.0,0.0,0.999560106868155,0,0
44,46800,0.0,0.0,1.0,0,0
45,47840,0.0,0.0,0.999560106868155,0,0
46,48880,0.0,0.0,1.0,0,0
47,49920,0.0,0.0,0.9986059279950906,0,0
48,50960,0.0,0.0,1.0,0,0
49,52000,0.0,0.0,1.0,0,0
