t,bytes_sent,utility,pheromone,f1_val,agg_count,rollback
0,1040,0.0,0.0,0.6258926292402782,0,0
1,2080,0.0,0.0,0.5665702643406023,0,0
2,3120,0.0,0.0,0.6404101246615524,0,0
3,4160,0.0,0.0,0.5627008786999078,0,0
4,5200,0.0,0.0,0.7474959569932969,0,0
5,6240,0.0,0.0,0.6720927187664687,0,0
6,7280,0.0,0.0,0.6489550610404896,0,0
7,8320,0.0,0.0,0.5668182938851152,0,0
8,9360,0.0,0.0,0.6253908871521993,0,0
9,10400,0.0,0.0,0.7157806640567408,0,0
10,11440,0.0,0.0,0.7330223696931923,0,0
11,12480,0.0,0.0,0.6962170811806453,0,0
12,13520,0.0,0.0,0.7417262228896045,0,0
13,14560,0.0,0.0,0.7089036669766616,0,0
14,15600,0.0,0.0,0.7220717318330763,0,0
15,16640,0.0,0.0,0.6534021889230086,0,0
16,17680,0.0,0.0,0.7089943546645995,0,0
17,18720,0.0,0.0,0.7277686968154393,0,0
18,19760,0.0,0.0,0.6485642491188277,0,0
19,20800,0.0,0.0,0.7023772662728964,0,0
20,21840,0.0,0.0,0.6388709793800876,0,0
21,22880,0.0,0.0,0.7531124867990185,0,0
22,23920,0.0,0.0,0.6671677954619699,0,0
23,24960,0.0,0.0,0.6060946798761156,0,0
24,26000,0.0,0.0,0.6617292118535614,0,0
25,27040,0.0,0.0,0.6945332749677148,0,0
26,28080,0.0,0.0,0.7103011791791287,0,0
27,29120,0.0,0.0,0.7644312409155755,0,0
28,30160,0.0,0.0,0.7388639367739473,0,0
29,31200,0.0,0.0,0.7384757411969556,0,0
30,32240,0.0,0.0,0.720359355175065,0,0
31,33280,0.0,0.0,0.5275213495875284,0,0
32,34320,0.0,0.0,0.7406075936266419,0,0
33,35360,0.0,0.0,0.7028863431513696,0,0
34,36400,0.0,0.0,0.7591371877542077,0,0
35,37440,0.0,0.0,0.6924624844553403,0,0
36,38480,0.0,0.0,0.736370696101098,0,0
37,39520,0.0,0.0,0.7282347558246358,0,0
38,40560,0.0,0.0,0.75776773410864,0,0
39,41600,0.0,0.0,0.6955732829542892,0,0
40,42640,0.0,0.0,0.7566259240846855,0,0
41,43680,0.0,0.0,0.7911921287686393,0,0
42,44720,0.0,0.0,0.7162963335543752,0,0
43,45760,0.0,0.0,0.745331045659327,0,0
44,46800,0.0,0.0,0.7143296031209259,0,0
45,47840,0.0,0.0,0.592918989872936,0,0
46,48880,0.0,0.0,0.7279653645553188,0,0
47,49920,0.0,0.0,0.747801914478522,0,0
48,50960,0.0,0.0,0.6196288980616576,0,0
49,52000,0.0,0.0,0.753472614365293,0,0
