t,bytes_sent,utility,pheromone,f1_val,agg_count,rollback
0,1040,0.0,0.0,0.14035785288270378,0,0
1,2080,0.0,0.0,0.14035785288270378,0,0
2,3120,0.0,0.0,0.14035785288270378,0,0
3,4160,0.0,0.0,0.14035785288270378,0,0
4,5200,0.0,0.0,0.14035785288270378,0,0
5,6240,0.0,0.0,0.14035785288270378,0,0
6,7280,0.0,0.0,0.14035785288270378,0,0
7,8320,0.0,0.0,0.14035785288270378,0,0
8,9360,0.0,0.0,0.14035785288270378,0,0
9,10400,0.0,0.0,0.14035785288270378,0,0
10,11440,0.0,0.0,0.14035785288270378,0,0
11,12480,0.0,0.0,0.39656053564365834,0,0
12,13520,0.0,0.0,0.39656053564365834,0,0
13,14560,0.0,0.0,0.3963900194967479,0,0
14,15600,0.0,0.0,0.39659360338126215,0,0
15,16640,0.0,0.0,0.3963900194967479,0,0
16,17680,0.0,0.0,0.39659360338126215,0,0
17,18720,0.0,0.0,0.3963900194967479,0,0
18,19760,0.0,0.0,0.39659360338126215,0,0
19,20800,0.0,0.0,0.39659360338126215,0,0
20,21840,0.0,0.0,0.3963900194967479,0,0
21,22880,0.0,0.0,0.7010863810705601,0,0
22,23920,0.0,0.0,0.7020580489964761,0,0
23,24960,0.0,0.0,0.9977165309073976,0,0
24,26000,0.0,0.0,0.9970456931804658,0,0
25,27040,0.0,0.0,0.9974055297193176,0,0
26,28080,0.0,0.0,0.997842298753406,0,0
27,29120,0.0,0.0,0.997842298753406,0,0
28,30160,0.0,0.0,0.9309444101570085,0,0
29,31200,0.0,0.0,0.9976000214258154,0,0
30,32240,0.0,0.0,0.9482754443736202,0,0
31,33280,0.0,0.0,0.9301838527314599,0,0
32,34320,0.0,0.0,0.9971882020035234,0,0
33,35360,0.0,0.0,0.9753638786862766,0,0
34,36400,0.0,0.0,0.9465502038580569,0,0
35,37440,0.0,0.0,0.9980623665153463,0,0
36,38480,0.0,0.0,0.9978195179672185,0,0
37,39520,0.0,0.0,0.9445748477621334,0,0
38,40560,0.0,0.0,0.9971882020035234,0,0
39,41600,0.0,0.0,0.9971856004327986,0,0
40,42640,0.0,0.0,0.9975994502496334,0,0
41,43680,0.0,0.0,0.9836661397922283,0,0
42,44720,0.0,0.0,0.9975994502496334,0,0
43,45760,0.0,0.0,0.9971660554268293,0,0
44,46800,0.0,0.0,0.9614951593291542,0,0
45,47840,0.0,0.0,0.986428224703698,0,0
46,48880,0.0,0.0,0.9894058362917928,0,0
47,49920,0.0,0.0,0.9976015531333403,0,0
48,50960,0.0,0.0,0.9973862616479148,0,0
49,52000,0.0,0.0,0.9975795452795295,0,0
