t,bytes_sent,utility,pheromone,f1_val,agg_count,rollback
0,1040,0.0,0.0,0.14063745019920318,0,0
1,2080,0.0,0.0,0.14063745019920318,0,0
2,3120,0.0,0.0,0.14063745019920318,0,0
3,4160,0.0,0.0,0.14063745019920318,0,0
4,5200,0.0,0.0,0.14063745019920318,0,0
5,6240,0.0,0.0,0.14063745019920318,0,0
6,7280,0.0,0.0,0.14063745019920318,0,0
7,8320,0.0,0.0,0.14063745019920318,0,0
8,9360,0.0,0.0,0.14063745019920318,0,0
9,10400,0.0,0.0,0.14063745019920318,0,0
10,11440,0.0,0.0,0.41711215249276345,0,0
11,12480,0.0,0.0,0.41696372269722326,0,0
12,13520,0.0,0.0,0.35505405781842747,0,0
13,14560,0.0,0.0,0.3832865078228863,0,0
14,15600,0.0,0.0,0.384396134743079,0,0
15,16640,0.0,0.0,0.38766731741732174,0,0
16,17680,0.0,0.0,0.6029029548760281,0,0
17,18720,0.0,0.0,0.4801900286891663,0,0
18,19760,0.0,0.0,0.574004699640398,0,0
19,20800,0.0,0.0,0.6499721078814963,0,0
20,21840,0.0,0.0,0.6467075194118527,0,0
21,22880,0.0,0.0,0.6982884025730409,0,0
22,23920,0.0,0.0,0.8205532702608243,0,0
23,24960,0.0,0.0,0.7045831538649795,0,0
24,26000,0.0,0.0,0.9857914373213884,0,0
25,27040,0.0,0.0,0.9574209090252376,0,0
26,28080,0.0,0.0,0.9892964254194374,0,0
27,29120,0.0,0.0,0.9521688850048515,0,0
28,30160,0.0,0.0,0.9337592119462816,0,0
29,31200,0.0,0.0,0.9550852303821105,0,0
30,32240,0.0,0.0,0.9897274961939696,0,0
31,33280,0.0,0.0,0.9801448063635891,0,0
32,34320,0.0,0.0,0.9903520417462031,0,0
33,35360,0.0,0.0,0.8689657891646637,0,0
34,36400,0.0,0.0,0.8358180516328279,0,0
35,37440,0.0,0.0,0.9918336602395162,0,0
36,38480,0.0,0.0,0.9929567284611734,0,0
37,39520,0.0,0.0,0.9929567284611734,0,0
38,40560,0.0,0.0,0.9907349396801206,0,0
39,41600,0.0,0.0,0.8483122496320068,0,0
40,42640,0.0,0.0,0.9036975271200556,0,0
41,43680,0.0,0.0,0.9913080206785505,0,0
42,44720,0.0,0.0,0.8671310672964803,0,0
43,45760,0.0,0.0,0.9912919143280989,0,0
44,46800,0.0,0.0,0.8337590441347743,0,0
45,47840,0.0,0.0,0.9842368911506553,0,0
46,48880,0.0,0.0,0.8942195928631667,0,0
47,49920,0.0,0.0,0.991703024727855,0,0
48,50960,0.0,0.0,0.9097602761079943,0,0
49,52000,0.0,0.0,0.9929991741310175,0,0
