t,bytes_sent,utility,pheromone,f1_val,agg_count,rollback
0,1040,0.0,0.0,0.14022662889518414,0,0
1,2080,0.0,0.0,0.14022662889518414,0,0
2,3120,0.0,0.0,0.14022662889518414,0,0
3,4160,0.0,0.0,0.14022662889518414,0,0
4,5200,0.0,0.0,0.14022662889518414,0,0
5,6240,0.0,0.0,0.14022662889518414,0,0
6,7280,0.0,0.0,0.14022662889518414,0,0
7,8320,0.0,0.0,0.14022662889518414,0,0
8,9360,0.0,0.0,0.14022662889518414,0,0
9,10400,0.0,0.0,0.15037496827910032,0,0
10,11440,0.0,0.0,0.3750406592215114,0,0
11,12480,0.0,0.0,0.3752122895358837,0,0
12,13520,0.0,0.0,0.3767395785263805,0,0
13,14560,0.0,0.0,0.3739756753493071,0,0
14,15600,0.0,0.0,0.39103070114061195,0,0
15,16640,0.0,0.0,0.3777893855419579,0,0
16,17680,0.0,0.0,0.6306045414960856,0,0
17,18720,0.0,0.0,0.6666367853240294,0,0
18,19760,0.0,0.0,0.6676210988195068,0,0
19,20800,0.0,0.0,0.6679617970640752,0,0
20,21840,0.0,0.0,0.6686235900263808,0,0
21,22880,0.0,0.0,0.6690540582750214,0,0
22,23920,0.0,0.0,0.6692270057012988,0,0
23,24960,0.0,0.0,0.6689821654529013,0,0
24,26000,0.0,0.0,0.6681178338998321,0,0
25,27040,0.0,0.0,0.6691068388269138,0,0
26,28080,0.0,0.0,0.6680697651928323,0,0
27,29120,0.0,0.0,0.6687611252099455,0,0
28,30160,0.0,0.0,0.6684154344262421,0,0
29,31200,0.0,0.0,0.6680258068526622,0,0
30,32240,0.0,0.0,0.6678969382568475,0,0
31,33280,0.0,0.0,0.6687611252099455,0,0
32,34320,0.0,0.0,0.9577627050153071,0,0
33,35360,0.0,0.0,0.9544041833959054,0,0
34,36400,0.0,0.0,0.6205165459764413,0,0
35,37440,0.0,0.0,0.6206530859099817,0,0
36,38480,0.0,0.0,0.6202828092646744,0,0
37,39520,0.0,0.0,0.6201840293558268,0,0
38,40560,0.0,0.0,0.6179073243140625,0,0
39,41600,0.0,0.0,0.6719049298088362,0,0
40,42640,0.0,0.0,0.947889829881336,0,0
41,43680,0.0,0.0,0.9462424202841752,0,0
42,44720,0.0,0.0,0.9434384307479653,0,0
43,45760,0.0,0.0,0.9488445738381107,0,0
44,46800,0.0,0.0,0.950020314866518,0,0
45,47840,0.0,0.0,0.9557318207141909,0,0
46,48880,0.0,0.0,0.9571712790399973,0,0
47,49920,0.0,0.0,0.9521637027826428,0,0
48,50960,0.0,0.0,0.9381160583717331,0,0
49,52000,0.0,0.0,0.9468200409423053,0,0
