t,bytes_sent,utility,pheromone,f1_val,agg_count,rollback
0,1040,0.0,0.0,0.2642824498447949,0,0
1,2080,0.0,0.0,0.14205682272909165,0,0
2,3120,0.0,0.0,0.14205682272909165,0,0
3,4160,0.0,0.0,0.14205682272909165,0,0
4,5200,0.0,0.0,0.14205682272909165,0,0
5,6240,0.0,0.0,0.14205682272909165,0,0
6,7280,0.0,0.0,0.14205682272909165,0,0
7,8320,0.0,0.0,0.14205682272909165,0,0
8,9360,0.0,0.0,0.14205682272909165,0,0
9,10400,0.0,0.0,0.14205682272909165,0,0
10,11440,0.0,0.0,0.14205682272909165,0,0
11,12480,0.0,0.0,0.14205682272909165,0,0
12,13520,0.0,0.0,0.14205682272909165,0,0
13,14560,0.0,0.0,0.41626420531236646,0,0
14,15600,0.0,0.0,0.416467909967687,0,0
15,16640,0.0,0.0,0.4169130971024577,0,0
16,17680,0.0,0.0,0.41683246609844005,0,0
17,18720,0.0,0.0,0.41683246609844005,0,0
18,19760,0.0,0.0,0.41671011811102343,0,0
19,20800,0.0,0.0,0.41671011811102343,0,0
20,21840,0.0,0.0,0.41671011811102343,0,0
21,22880,0.0,0.0,0.41671011811102343,0,0
22,23920,0.0,0.0,0.6889444886320262,0,0
23,24960,0.0,0.0,0.37521355194771844,0,0
24,26000,0.0,0.0,0.6690050398624963,0,0
25,27040,0.0,0.0,0.37559664931184866,0,0
26,28080,0.0,0.0,0.6680207372575186,0,0
27,29120,0.0,0.0,0.5602927198495693,0,0
28,30160,0.0,0.0,0.45801274439621065,0,0
29,31200,0.0,0.0,0.6226364745285556,0,0
30,32240,0.0,0.0,0.38418918349729736,0,0
31,33280,0.0,0.0,0.4853853493649305,0,0
32,34320,0.0,0.0,0.38173887854871635,0,0
33,35360,0.0,0.0,0.6816307324198131,0,0
34,36400,0.0,0.0,0.39317749258705975,0,0
35,37440,0.0,0.0,0.6548572694536223,0,0
36,38480,0.0,0.0,0.6226364745285556,0,0
37,39520,0.0,0.0,0.42837843397339515,0,0
38,40560,0.0,0.0,0.5859670197690052,0,0
39,41600,0.0,0.0,0.5913024982996973,0,0
40,42640,0.0,0.0,0.6582077876220324,0,0
41,43680,0.0,0.0,0.49504070522439136,0,0
42,44720,0.0,0.0,0.6259444484003321,0,0
43,45760,0.0,0.0,0.6113782643466996,0,0
44,46800,0.0,0.0,0.5423614049028352,0,0
45,47840,0.0,0.0,0.5272490118425004,0,0
46,48880,0.0,0.0,0.6844911500005793,0,0
47,49920,0.0,0.0,0.5011628918756085,0,0
48,50960,0.0,0.0,0.6465228426217364,0,0
49,52000,0.0,0.0,0.6430610223711438,0,0
