t,bytes_sent,utility,pheromone,f1_val,agg_count,rollback
0,1040,0.0,0.0,0.19774436090225564,0,0
1,2080,0.0,0.0,0.33316757831924415,0,0
2,3120,0.0,0.0,0.2495022399203584,0,0
3,4160,0.0,0.0,0.24906507105459985,0,0
4,5200,0.0,0.0,0.33308476261496395,0,0
5,6240,0.0,0.0,0.472029534057005,0,0
6,7280,0.0,0.0,0.29241741218050443,0,0
7,8320,0.0,0.0,0.48000600512053393,0,0
8,9360,0.0,0.0,0.47042149918993625,0,0
9,10400,0.0,0.0,0.48921278843000704,0,0
10,11440,0.0,0.0,0.2488145744946344,0,0
11,12480,0.0,0.0,0.49924507948268093,0,0
12,13520,0.0,0.0,0.4975333602555254,0,0
13,14560,0.0,0.0,0.49924486268820767,0,0
14,15600,0.0,0.0,0.49924486268820767,0,0
15,16640,0.0,0.0,0.4797549165877818,0,0
16,17680,0.0,0.0,0.49868250719009266,0,0
17,18720,0.0,0.0,0.49829956086126315,0,0
18,19760,0.0,0.0,0.498362200742469,0,0
19,20800,0.0,0.0,0.49924486268820767,0,0
20,21840,0.0,0.0,0.49763850547221244,0,0
21,22880,0.0,0.0,0.49924486268820767,0,0
22,23920,0.0,0.0,0.49861986730888674,0,0
23,24960,0.0,0.0,0.49861986730888674,0,0
24,26000,0.0,0.0,0.484841465198509,0,0
25,27040,0.0,0.0,0.4980546982756554,0,0
26,28080,0.0,0.0,0.4984944937039563,0,0
27,29120,0.0,0.0,0.4983689948193807,0,0
28,30160,0.0,0.0,0.49799174460717743,0,0
29,31200,0.0,0.0,0.49861986730888674,0,0
30,32240,0.0,0.0,0.49861986730888674,0,0
31,33280,0.0,0.0,0.49829956086126315,0,0
32,34320,0.0,0.0,0.49861986730888674,0,0
33,35360,0.0,0.0,0.4981805111821086,0,0
34,36400,0.0,0.0,0.4979278822386935,0,0
35,37440,0.0,0.0,0.4979278822386935,0,0
36,38480,0.0,0.0,0.4979278822386935,0,0
37,39520,0.0,0.0,0.49855719615464983,0,0
38,40560,0.0,0.0,0.498619337649025,0,0
39,41600,0.0,0.0,0.4984939011396405,0,0
40,42640,0.0,0.0,0.4979278822386935,0,0
41,43680,0.0,0.0,0.4978648337465965,0,0
42,44720,0.0,0.0,0.4979278822386935,0,0
43,45760,0.0,0.0,0.49868200893547854,0,0
44,46800,0.0,0.0,0.4982426517172424,0,0
45,47840,0.0,0.0,0.49830551118210864,0,0
46,48880,0.0,0.0,0.24912674650698602,0,0
47,49920,0.0,0.0,0.24805813079428715,0,0
48,50960,0.0,0.0,0.49893238150629815,0,0
49,52000,0.0,0.0,0.498117620459428,0,0
