t,bytes_sent,utility,pheromone,f1_val,agg_count,rollback
0,1040,0.0,0.0,0.3330942704597976,0,0
1,2080,0.0,0.0,0.3089647024073254,0,0
2,3120,0.0,0.0,0.2876194404344538,0,0
3,4160,0.0,0.0,0.30279345780865535,0,0
4,5200,0.0,0.0,0.3008340523439747,0,0
5,6240,0.0,0.0,0.3003158196956646,0,0
6,7280,0.0,0.0,0.3007043265775478,0,0
7,8320,0.0,0.0,0.299220482013874,0,0
8,9360,0.0,0.0,0.29604471803580273,0,0
9,10400,0.0,0.0,0.2925669533599049,0,0
10,11440,0.0,0.0,0.29001178346156514,0,0
11,12480,0.0,0.0,0.2892299184294207,0,0
12,13520,0.0,0.0,0.2867914181917883,0,0
13,14560,0.0,0.0,0.2856752696982111,0,0
14,15600,0.0,0.0,0.28450972392220863,0,0
15,16640,0.0,0.0,0.28220693376500744,0,0
16,17680,0.0,0.0,0.2809562181036798,0,0
17,18720,0.0,0.0,0.27837658017298733,0,0
18,19760,0.0,0.0,0.27699437272426347,0,0
19,20800,0.0,0.0,0.27578933491529894,0,0
20,21840,0.0,0.0,0.27497371188222924,0,0
21,22880,0.0,0.0,0.2741628988926021,0,0
22,23920,0.0,0.0,0.27314270792531664,0,0
23,24960,0.0,0.0,0.27202392562252126,0,0
24,26000,0.0,0.0,0.2719708788351534,0,0
25,27040,0.0,0.0,0.2711249351995853,0,0
26,28080,0.0,0.0,0.27028423772609816,0,0
27,29120,0.0,0.0,0.270127187035961,0,0
28,30160,0.0,0.0,0.2696050003221857,0,0
29,31200,0.0,0.0,0.26929265623994336,0,0
30,32240,0.0,0.0,0.26908482860634125,0,0
31,33280,0.0,0.0,0.26898103503696563,0,0
32,34320,0.0,0.0,0.2686701342066397,0,0
33,35360,0.0,0.0,0.26856666024776943,0,0
34,36400,0.0,0.0,0.26810201204664874,0,0
35,37440,0.0,0.0,0.26763896884794985,0,0
36,38480,0.0,0.0,0.26743368488334934,0,0
37,39520,0.0,0.0,0.2673824130879346,0,0
38,40560,0.0,0.0,0.26722871559047073,0,0
39,41600,0.0,0.0,0.2668707743334609,0,0
40,42640,0.0,0.0,0.26636108989050167,0,0
41,43680,0.0,0.0,0.26620856397531334,0,0
42,44720,0.0,0.0,0.26590403558945025,0,0
43,45760,0.0,0.0,0.2658026808970205,0,0
44,46800,0.0,0.0,0.26565079365079364,0,0
45,47840,0.0,0.0,0.2655496318862655,0,0
46,48880,0.0,0.0,0.265499079890856,0,0
47,49920,0.0,0.0,0.26514575411913816,0,0
48,50960,0.0,0.0,0.2650449765615102,0,0
49,52000,0.0,0.0,0.2648939537828427,0,0
