t,bytes_sent,utility,pheromone,f1_val,agg_count,rollback
0,1040,0.0,0.0,0.2756657857288067,0,0
1,2080,0.0,0.0,0.27001194743130225,0,0
2,3120,0.0,0.0,0.3599362944611573,0,0
3,4160,0.0,0.0,0.2803970223325062,0,0
4,5200,0.0,0.0,0.3599362944611573,0,0
5,6240,0.0,0.0,0.3599362944611573,0,0
6,7280,0.0,0.0,0.2587292501431025,0,0
7,8320,0.0,0.0,0.2741055184960582,0,0
8,9360,0.0,0.0,0.3330058939096267,0,0
9,10400,0.0,0.0,0.3330058939096267,0,0
10,11440,0.0,0.0,0.33843613618197427,0,0
11,12480,0.0,0.0,0.3330058939096267,0,0
12,13520,0.0,0.0,0.3330058939096267,0,0
13,14560,0.0,0.0,0.4201375065766595,0,0
14,15600,0.0,0.0,0.3330058939096267,0,0
15,16640,0.0,0.0,0.3330058939096267,0,0
16,17680,0.0,0.0,0.3330058939096267,0,0
17,18720,0.0,0.0,0.3330058939096267,0,0
18,19760,0.0,0.0,0.3330058939096267,0,0
19,20800,0.0,0.0,0.3330058939096267,0,0
20,21840,0.0,0.0,0.3599362944611573,0,0
21,22880,0.0,0.0,0.3599362944611573,0,0
22,23920,0.0,0.0,0.3599362944611573,0,0
23,24960,0.0,0.0,0.3599362944611573,0,0
24,26000,0.0,0.0,0.3599362944611573,0,0
25,27040,0.0,0.0,0.3599362944611573,0,0
26,28080,0.0,0.0,0.3599362944611573,0,0
27,29120,0.0,0.0,0.3599362944611573,0,0
28,30160,0.0,0.0,0.24004248539564524,0,0
29,31200,0.0,0.0,0.3599362944611573,0,0
30,32240,0.0,0.0,0.24004248539564524,0,0
31,33280,0.0,0.0,0.3599362944611573,0,0
32,34320,0.0,0.0,0.49880244508823773,0,0
33,35360,0.0,0.0,0.3321789616788135,0,0
34,36400,0.0,0.0,0.38127315502656606,0,0
35,37440,0.0,0.0,0.3256570279453575,0,0
36,38480,0.0,0.0,0.27992540903070495,0,0
37,39520,0.0,0.0,0.25927888362914353,0,0
38,40560,0.0,0.0,0.29175936605958075,0,0
39,41600,0.0,0.0,0.2956773247751496,0,0
40,42640,0.0,0.0,0.3365614700717916,0,0
41,43680,0.0,0.0,0.6384138236487847,0,0
42,44720,0.0,0.0,0.60994343660371,0,0
43,45760,0.0,0.0,0.46397036091470284,0,0
44,46800,0.0,0.0,0.3987852325830705,0,0
45,47840,0.0,0.0,0.5624084052554307,0,0
46,48880,0.0,0.0,0.2732866250758925,0,0
47,49920,0.0,0.0,0.4243530894767724,0,0
48,50960,0.0,0.0,0.4942510591672243,0,0
49,52000,0.0,0.0,0.6646461055498384,0,0
