t,bytes_sent,utility,pheromone,f1_val,agg_count,rollback
0,1040,0.0,0.0,0.1704498555509699,0,0
1,2080,0.0,0.0,0.16035767511177348,0,0
2,3120,0.0,0.0,0.13293797874969113,0,0
3,4160,0.0,0.0,0.15577708383377373,0,0
4,5200,0.0,0.0,0.13722334004024145,0,0
5,6240,0.0,0.0,0.19218626677190212,0,0
6,7280,0.0,0.0,0.17939885173927728,0,0
7,8320,0.0,0.0,0.1424272818455366,0,0
8,9360,0.0,0.0,0.17571798012794337,0,0
9,10400,0.0,0.0,0.13157894736842105,0,0
10,11440,0.0,0.0,0.13618648430031619,0,0
11,12480,0.0,0.0,0.15752699555367353,0,0
12,13520,0.0,0.0,0.16569444444444445,0,0
13,14560,0.0,0.0,0.16243796742853148,0,0
14,15600,0.0,0.0,0.16349305991490548,0,0
15,16640,0.0,0.0,0.16569444444444445,0,0
16,17680,0.0,0.0,0.1680834888382058,0,0
17,18720,0.0,0.0,0.1696293234118782,0,0
18,19760,0.0,0.0,0.17116560203310668,0,0
19,20800,0.0,0.0,0.17309797482211275,0,0
20,21840,0.0,0.0,0.17360399152484451,0,0
21,22880,0.0,0.0,0.17451221176149542,0,0
22,23920,0.0,0.0,0.1753167143440948,0,0
23,24960,0.0,0.0,0.17651854871585815,0,0
24,26000,0.0,0.0,0.177316510649844,0,0
25,27040,0.0,0.0,0.177615076943936,0,0
26,28080,0.0,0.0,0.1779132791327913,0,0
27,29120,0.0,0.0,0.17801259906523062,0,0
28,30160,0.0,0.0,0.17831031681559706,0,0
29,31200,0.0,0.0,0.17840947546531302,0,0
30,32240,0.0,0.0,0.17910246012435793,0,0
31,33280,0.0,0.0,0.17920129738495846,0,0
32,34320,0.0,0.0,0.17999055521824192,0,0
33,35360,0.0,0.0,0.18018747049699912,0,0
34,36400,0.0,0.0,0.18018747049699912,0,0
35,37440,0.0,0.0,0.18018747049699912,0,0
36,38480,0.0,0.0,0.18038422649140548,0,0
37,39520,0.0,0.0,0.1804825448173608,0,0
38,40560,0.0,0.0,0.18058082339464995,0,0
39,41600,0.0,0.0,0.18067906224737265,0,0
40,42640,0.0,0.0,0.18067906224737265,0,0
41,43680,0.0,0.0,0.18067906224737265,0,0
42,44720,0.0,0.0,0.18067906224737265,0,0
43,45760,0.0,0.0,0.18067906224737265,0,0
44,46800,0.0,0.0,0.18067906224737265,0,0
45,47840,0.0,0.0,0.18077726139960934,0,0
46,48880,0.0,0.0,0.18087542087542088,0,0
47,49920,0.0,0.0,0.18087542087542088,0,0
48,50960,0.0,0.0,0.18087542087542088,0,0
49,52000,0.0,0.0,0.18087542087542088,0,0
