t,bytes_sent,utility,pheromone,f1_val,agg_count,rollback
0,1040,0.0,0.0,0.9861282399753377,0,0
1,2080,0.0,0.0,0.769095004986695,0,0
2,3120,0.0,0.0,0.8652247143400227,0,0
3,4160,0.0,0.0,0.44053997959686214,0,0
4,5200,0.0,0.0,0.8873358784070646,0,0
5,6240,0.0,0.0,0.8801512384819412,0,0
6,7280,0.0,0.0,0.6977101141082788,0,0
7,8320,0.0,0.0,0.8391669600537095,0,0
8,9360,0.0,0.0,0.6925458619401275,0,0
9,10400,0.0,0.0,0.7949282730349512,0,0
10,11440,0.0,0.0,0.8202626818414716,0,0
11,12480,0.0,0.0,0.6475212428290302,0,0
12,13520,0.0,0.0,0.829344147133647,0,0
13,14560,0.0,0.0,0.8291004155927164,0,0
14,15600,0.0,0.0,0.8447907670866434,0,0
15,16640,0.0,0.0,0.8272918899199929,0,0
16,17680,0.0,0.0,0.8270438796218792,0,0
17,18720,0.0,0.0,0.8270438796218792,0,0
18,19760,0.0,0.0,0.8299182615925513,0,0
19,20800,0.0,0.0,0.8273317543513341,0,0
20,21840,0.0,0.0,0.8270438796218792,0,0
21,22880,0.0,0.0,0.8270438796218792,0,0
22,23920,0.0,0.0,0.8270873455283813,0,0
23,24960,0.0,0.0,0.8270873455283813,0,0
24,26000,0.0,0.0,0.8278888786081382,0,0
25,27040,0.0,0.0,0.9818385282593132,0,0
26,28080,0.0,0.0,0.9822166796614507,0,0
27,29120,0.0,0.0,0.982594245804628,0,0
28,30160,0.0,0.0,0.982594245804628,0,0
29,31200,0.0,0.0,0.9829712289134795,0,0
30,32240,0.0,0.0,0.9829712289134795,0,0
31,33280,0.0,0.0,0.9829712289134795,0,0
32,34320,0.0,0.0,0.9829712289134795,0,0
33,35360,0.0,0.0,0.9829712289134795,0,0
34,36400,0.0,0.0,0.9827474355965491,0,0
35,37440,0.0,0.0,0.9827474355965491,0,0
36,38480,0.0,0.0,0.9815647033334851,0,0
37,39520,0.0,0.0,0.9759729194563082,0,0
38,40560,0.0,0.0,0.9736016914257215,0,0
39,41600,0.0,0.0,0.9677361001229603,0,0
40,42640,0.0,0.0,0.963104351796811,0,0
41,43680,0.0,0.0,0.961189516238329,0,0
42,44720,0.0,0.0,0.9536130860055455,0,0
43,45760,0.0,0.0,0.9506174725979457,0,0
44,46800,0.0,0.0,0.9502443503793906,0,0
45,47840,0.0,0.0,0.9457890139565619,0,0
46,48880,0.0,0.0,0.9440203272595302,0,0
47,49920,0.0,0.0,0.9440203272595302,0,0
48,50960,0.0,0.0,0.9436519197294224,0,0
49,52000,0.0,0.0,0.9436519197294224,0,0
