t,bytes_sent,utility,pheromone,f1_val,agg_count,rollback
0,1040,0.0,0.0,0.10408432147562582,0,0
1,2080,0.0,0.0,0.14226190476190476,0,0
2,3120,0.0,0.0,0.14226190476190476,0,0
3,4160,0.0,0.0,0.14226190476190476,0,0
4,5200,0.0,0.0,0.14226190476190476,0,0
5,6240,0.0,0.0,0.14226190476190476,0,0
6,7280,0.0,0.0,0.14226190476190476,0,0
7,8320,0.0,0.0,0.14226190476190476,0,0
8,9360,0.0,0.0,0.14226190476190476,0,0
9,10400,0.0,0.0,0.41654174186412063,0,0
10,11440,0.0,0.0,0.41714700908202623,0,0
11,12480,0.0,0.0,0.41782980503278466,0,0
12,13520,0.0,0.0,0.4174261421979377,0,0
13,14560,0.0,0.0,0.4176671856330787,0,0
14,15600,0.0,0.0,0.38153224524101587,0,0
15,16640,0.0,0.0,0.41770670426636225,0,0
16,17680,0.0,0.0,0.5447050173724186,0,0
17,18720,0.0,0.0,0.42113962009583084,0,0
18,19760,0.0,0.0,0.6159012249062756,0,0
19,20800,0.0,0.0,0.4369918309410886,0,0
20,21840,0.0,0.0,0.43358137581011214,0,0
21,22880,0.0,0.0,0.5299843084609925,0,0
22,23920,0.0,0.0,0.7005685100046517,0,0
23,24960,0.0,0.0,0.7005691551769304,0,0
24,26000,0.0,0.0,0.6705797100296778,0,0
25,27040,0.0,0.0,0.7006090940057808,0,0
26,28080,0.0,0.0,0.6731590718833069,0,0
27,29120,0.0,0.0,0.7006083926626743,0,0
28,30160,0.0,0.0,0.7003213174339138,0,0
29,31200,0.0,0.0,0.6998916645333034,0,0
30,32240,0.0,0.0,0.700320598491359,0,0
31,33280,0.0,0.0,0.43295530535540555,0,0
32,34320,0.0,0.0,0.700320598491359,0,0
33,35360,0.0,0.0,0.7003213174339138,0,0
34,36400,0.0,0.0,0.41786857439360237,0,0
35,37440,0.0,0.0,0.7006090940057808,0,0
36,38480,0.0,0.0,0.6392883936645976,0,0
37,39520,0.0,0.0,0.7006090940057808,0,0
38,40560,0.0,0.0,0.7006083926626743,0,0
39,41600,0.0,0.0,0.4249122534894678,0,0
40,42640,0.0,0.0,0.7006090940057808,0,0
41,43680,0.0,0.0,0.7006083926626743,0,0
42,44720,0.0,0.0,0.6839475925861809,0,0
43,45760,0.0,0.0,0.700320598491359,0,0
44,46800,0.0,0.0,0.6719601868408935,0,0
45,47840,0.0,0.0,0.5898285793022373,0,0
46,48880,0.0,0.0,0.7005802511973405,0,0
47,49920,0.0,0.0,0.6835993346120814,0,0
48,50960,0.0,0.0,0.575285476260893,0,0
49,52000,0.0,0.0,0.43676623050537206,0,0
