t,bytes_sent,utility,pheromone,f1_val,agg_count,rollback
0,1040,0.0,0.0,0.15200520975977894,0,0
1,2080,0.0,0.0,0.416084496488008,0,0
2,3120,0.0,0.0,0.13995598239295717,0,0
3,4160,0.0,0.0,0.13995598239295717,0,0
4,5200,0.0,0.0,0.13995598239295717,0,0
5,6240,0.0,0.0,0.13995598239295717,0,0
6,7280,0.0,0.0,0.13995598239295717,0,0
7,8320,0.0,0.0,0.13995598239295717,0,0
8,9360,0.0,0.0,0.13995598239295717,0,0
9,10400,0.0,0.0,0.13995598239295717,0,0
10,11440,0.0,0.0,0.7143703020728945,0,0
11,12480,0.0,0.0,0.7145254456069222,0,0
12,13520,0.0,0.0,0.7141096062959231,0,0
13,14560,0.0,0.0,0.7142028940814904,0,0
14,15600,0.0,0.0,0.7009747901311124,0,0
15,16640,0.0,0.0,0.7013858461840111,0,0
16,17680,0.0,0.0,0.7007989074325169,0,0
17,18720,0.0,0.0,0.7011482055830367,0,0
18,19760,0.0,0.0,0.6998538376941427,0,0
19,20800,0.0,0.0,0.6993299282308867,0,0
20,21840,0.0,0.0,0.7005569767710973,0,0
21,22880,0.0,0.0,0.7003811776962134,0,0
22,23920,0.0,0.0,0.7006177747794523,0,0
23,24960,0.0,0.0,0.7002713181027693,0,0
24,26000,0.0,0.0,0.6986273287238033,0,0
25,27040,0.0,0.0,0.7141742661762565,0,0
26,28080,0.0,0.0,0.7005129087646875,0,0
27,29120,0.0,0.0,0.7108672665825938,0,0
28,30160,0.0,0.0,0.699919639225025,0,0
29,31200,0.0,0.0,0.7002713181027693,0,0
30,32240,0.0,0.0,0.702450892744086,0,0
31,33280,0.0,0.0,0.9944248929832828,0,0
32,34320,0.0,0.0,0.9934699479610548,0,0
33,35360,0.0,0.0,0.9926035371309061,0,0
34,36400,0.0,0.0,0.9920979054933599,0,0
35,37440,0.0,0.0,0.992959481021298,0,0
36,38480,0.0,0.0,0.9928159069878363,0,0
37,39520,0.0,0.0,0.9933250006304741,0,0
38,40560,0.0,0.0,0.9922396549535559,0,0
39,41600,0.0,0.0,0.9917351758735767,0,0
40,42640,0.0,0.0,0.9928902821422805,0,0
41,43680,0.0,0.0,0.9922396549535559,0,0
42,44720,0.0,0.0,0.9870681547550937,0,0
43,45760,0.0,0.0,0.9850933063383376,0,0
44,46800,0.0,0.0,0.9935957351185799,0,0
45,47840,0.0,0.0,0.9917351758735767,0,0
46,48880,0.0,0.0,0.9808339564029145,0,0
47,49920,0.0,0.0,0.9878503457462027,0,0
48,50960,0.0,0.0,0.9939122747783468,0,0
49,52000,0.0,0.0,0.9920979054933599,0,0
