t,bytes_sent,utility,pheromone,f1_val,agg_count,rollback
0,1040,0.0,0.0,0.14022662889518414,0,0
1,2080,0.0,0.0,0.6870567917072984,0,0
2,3120,0.0,0.0,0.4019264604947178,0,0
3,4160,0.0,0.0,0.14022662889518414,0,0
4,5200,0.0,0.0,0.14022662889518414,0,0
5,6240,0.0,0.0,0.14022662889518414,0,0
6,7280,0.0,0.0,0.14022662889518414,0,0
7,8320,0.0,0.0,0.14022662889518414,0,0
8,9360,0.0,0.0,0.14022662889518414,0,0
9,10400,0.0,0.0,0.4120987792181858,0,0
10,11440,0.0,0.0,0.3687779802015081,0,0
11,12480,0.0,0.0,0.40749768391433705,0,0
12,13520,0.0,0.0,0.3917809035596123,0,0
13,14560,0.0,0.0,0.6831102431606644,0,0
14,15600,0.0,0.0,0.6897421400770578,0,0
15,16640,0.0,0.0,0.6886015863587996,0,0
16,17680,0.0,0.0,0.6658407546995073,0,0
17,18720,0.0,0.0,0.6652666575886957,0,0
18,19760,0.0,0.0,0.6662580426519968,0,0
19,20800,0.0,0.0,0.6651774945175439,0,0
20,21840,0.0,0.0,0.6653501578057676,0,0
21,22880,0.0,0.0,0.6645436738607559,0,0
22,23920,0.0,0.0,0.6647162750614513,0,0
23,24960,0.0,0.0,0.6651847350253902,0,0
24,26000,0.0,0.0,0.6656529723487479,0,0
25,27040,0.0,0.0,0.6649626810931895,0,0
26,28080,0.0,0.0,0.6644944045831753,0,0
27,29120,0.0,0.0,0.6651352459869733,0,0
28,30160,0.0,0.0,0.9496262447035908,0,0
29,31200,0.0,0.0,0.9464117012814964,0,0
30,32240,0.0,0.0,0.942951264132642,0,0
31,33280,0.0,0.0,0.9406139599365984,0,0
32,34320,0.0,0.0,0.9404061764784609,0,0
33,35360,0.0,0.0,0.9427430749624699,0,0
34,36400,0.0,0.0,0.9403003358028956,0,0
35,37440,0.0,0.0,0.949976671093337,0,0
36,38480,0.0,0.0,0.9434475756320838,0,0
37,39520,0.0,0.0,0.9369023371639377,0,0
38,40560,0.0,0.0,0.937373971481507,0,0
39,41600,0.0,0.0,0.9547069439422139,0,0
40,42640,0.0,0.0,0.9502238285684352,0,0
41,43680,0.0,0.0,0.9380520985857258,0,0
42,44720,0.0,0.0,0.9417443523805427,0,0
43,45760,0.0,0.0,0.9410395369002137,0,0
44,46800,0.0,0.0,0.9378740557236558,0,0
45,47840,0.0,0.0,0.9437116999105946,0,0
46,48880,0.0,0.0,0.946278217991614,0,0
47,49920,0.0,0.0,0.7509329236829666,0,0
48,50960,0.0,0.0,0.8775640331237959,0,0
49,52000,0.0,0.0,0.9414274470778324,0,0
