t,bytes_sent,utility,pheromone,f1_val,agg_count,rollback
0,1040,0.0,0.0,0.14142628205128205,0,0
1,2080,0.0,0.0,0.14142628205128205,0,0
2,3120,0.0,0.0,0.14142628205128205,0,0
3,4160,0.0,0.0,0.14142628205128205,0,0
4,5200,0.0,0.0,0.14142628205128205,0,0
5,6240,0.0,0.0,0.14142628205128205,0,0
6,7280,0.0,0.0,0.14142628205128205,0,0
7,8320,0.0,0.0,0.14142628205128205,0,0
8,9360,0.0,0.0,0.14142628205128205,0,0
9,10400,0.0,0.0,0.14142628205128205,0,0
10,11440,0.0,0.0,0.14142628205128205,0,0
11,12480,0.0,0.0,0.14142628205128205,0,0
12,13520,0.0,0.0,0.14142628205128205,0,0
13,14560,0.0,0.0,0.41523605248880424,0,0
14,15600,0.0,0.0,0.4156012982837546,0,0
15,16640,0.0,0.0,0.5961466102268487,0,0
16,17680,0.0,0.0,0.7014853881328634,0,0
17,18720,0.0,0.0,0.5006992641417399,0,0
18,19760,0.0,0.0,0.6955704009672286,0,0
19,20800,0.0,0.0,0.6970130465621227,0,0
20,21840,0.0,0.0,0.6951335492862578,0,0
21,22880,0.0,0.0,0.6936148213589448,0,0
22,23920,0.0,0.0,0.7062082543313078,0,0
23,24960,0.0,0.0,0.6960134098208227,0,0
24,26000,0.0,0.0,0.6949587089361113,0,0
25,27040,0.0,0.0,0.694499125201874,0,0
26,28080,0.0,0.0,0.6947049011319943,0,0
27,29120,0.0,0.0,0.6943207799072051,0,0
28,30160,0.0,0.0,0.6830437982042896,0,0
29,31200,0.0,0.0,0.6206802266534779,0,0
30,32240,0.0,0.0,0.6945385414273682,0,0
31,33280,0.0,0.0,0.6809202519944113,0,0
32,34320,0.0,0.0,0.6445151647545375,0,0
33,35360,0.0,0.0,0.6853354059074723,0,0
34,36400,0.0,0.0,0.6980586790215695,0,0
35,37440,0.0,0.0,0.6271695861417996,0,0
36,38480,0.0,0.0,0.6989436670262266,0,0
37,39520,0.0,0.0,0.9604287846986065,0,0
38,40560,0.0,0.0,0.6419686892867115,0,0
39,41600,0.0,0.0,0.9611953881778283,0,0
40,42640,0.0,0.0,0.8206528854694732,0,0
41,43680,0.0,0.0,0.8001426091803348,0,0
42,44720,0.0,0.0,0.5991377162100578,0,0
43,45760,0.0,0.0,0.9320134635975048,0,0
44,46800,0.0,0.0,0.822287831690289,0,0
45,47840,0.0,0.0,0.595959128260535,0,0
46,48880,0.0,0.0,0.9557219858143006,0,0
47,49920,0.0,0.0,0.7850335730855319,0,0
48,50960,0.0,0.0,0.8223307038811432,0,0
49,52000,0.0,0.0,0.8218605933219325,0,0
