t,bytes_sent,utility,pheromone,f1_val,agg_count,rollback
0,4160,0.0,0.0,0.2672607305354927,0,0
1,8320,0.0,0.0,0.13995598239295717,0,0
2,12480,0.0,0.0,0.13995598239295717,0,0
3,16640,0.0,0.0,0.13995598239295717,0,0
4,20800,0.0,0.0,0.13995598239295717,0,0
5,24960,0.0,0.0,0.13995598239295717,0,0
6,29120,0.0,0.0,0.13995598239295717,0,0
7,33280,0.0,0.0,0.13995598239295717,0,0
8,37440,0.0,0.0,0.13995598239295717,0,0
9,41600,0.0,0.0,0.4013149872995453,0,0
10,45760,0.0,0.0,0.7153847848112418,0,0
11,49920,0.0,0.0,0.3726652774371328,0,0
12,54080,0.0,0.0,0.37306606018310795,0,0
13,58240,0.0,0.0,0.3729322731464855,0,0
14,62400,0.0,0.0,0.37637921618325954,0,0
15,66560,0.0,0.0,0.4058591594182621,0,0
16,70720,0.0,0.0,0.3729316501988709,0,0
17,74880,0.0,0.0,0.3727983816295533,0,0
18,79040,0.0,0.0,0.5221512982712073,0,0
19,83200,0.0,0.0,0.6416067557307912,0,0
20,87360,0.0,0.0,0.9869701976170032,0,0
21,91520,0.0,0.0,0.9849105384757976,0,0
22,95680,0.0,0.0,0.9963741481156729,0,0
23,99840,0.0,0.0,0.9073664049234277,0,0
24,104000,0.0,0.0,0.7357375710304744,0,0
25,108160,0.0,0.0,0.7139521677339791,0,0
26,112320,0.0,0.0,0.7572902320198226,0,0
27,116480,0.0,0.0,0.9967904835007894,0,0
28,120640,0.0,0.0,0.715272961878105,0,0
29,124800,0.0,0.0,0.9966398743144329,0,0
30,128960,0.0,0.0,0.9964900410640029,0,0
31,133120,0.0,0.0,0.9964900410640029,0,0
32,137280,0.0,0.0,0.9964900410640029,0,0
33,141440,0.0,0.0,0.9964900410640029,0,0
34,145600,0.0,0.0,0.9957412378129044,0,0
35,149760,0.0,0.0,0.9964900410640029,0,0
36,153920,0.0,0.0,0.9964900410640029,0,0
37,158080,0.0,0.0,0.995381897925576,0,0
38,162240,0.0,0.0,0.9946459649293765,0,0
39,166400,0.0,0.0,0.9946459649293765,0,0
40,170560,0.0,0.0,0.9946459649293765,0,0
41,174720,0.0,0.0,0.9946459649293765,0,0
42,178880,0.0,0.0,0.9953158400597293,0,0
43,183040,0.0,0.0,0.9942578765790359,0,0
44,187200,0.0,0.0,0.9939122747783468,0,0
45,191360,0.0,0.0,0.9931808101287989,0,0
46,195520,0.0,0.0,0.9938389063265142,0,0
47,199680,0.0,0.0,0.9924515537855688,0,0
48,203840,0.0,0.0,0.9939122747783468,0,0
49,208000,0.0,0.0,0.9935219944084961,0,0
