t,bytes_sent,utility,pheromone,f1_val,agg_count,rollback
0,1040,0.0,0.0,0.13587634006482174,0,0
1,2080,0.0,0.0,0.13413413413413414,0,0
2,3120,0.0,0.0,0.13192612137203166,0,0
3,4160,0.0,0.0,0.12581014105985514,0,0
4,5200,0.0,0.0,0.13132075471698113,0,0
5,6240,0.0,0.0,0.12827324478178367,0,0
6,7280,0.0,0.0,0.11572815533980584,0,0
7,8320,0.0,0.0,0.10747602154775981,0,0
8,9360,0.0,0.0,0.11379579111457522,0,0
9,10400,0.0,0.0,0.11401116738085963,0,0
10,11440,0.0,0.0,0.11679586563307494,0,0
11,12480,0.0,0.0,0.1184956208140134,0,0
12,13520,0.0,0.0,0.11891891891891893,0,0
13,14560,0.0,0.0,0.12018489984591679,0,0
14,15600,0.0,0.0,0.12144504227517294,0,0
15,16640,0.0,0.0,0.1231162196679438,0,0
16,17680,0.0,0.0,0.1251908396946565,0,0
17,18720,0.0,0.0,0.12868158260649729,0,0
18,19760,0.0,0.0,0.13071401586701928,0,0
19,20800,0.0,0.0,0.13192612137203166,0,0
20,21840,0.0,0.0,0.13192612137203166,0,0
21,22880,0.0,0.0,0.13273115042027347,0,0
22,23920,0.0,0.0,0.13393415946927026,0,0
23,24960,0.0,0.0,0.13493253373313344,0,0
24,26000,0.0,0.0,0.13592717296421,0,0
25,27040,0.0,0.0,0.13587634006482174,0,0
26,28080,0.0,0.0,0.13587634006482174,0,0
27,29120,0.0,0.0,0.13587634006482174,0,0
28,30160,0.0,0.0,0.13592717296421,0,0
29,31200,0.0,0.0,0.13592717296421,0,0
30,32240,0.0,0.0,0.13592717296421,0,0
31,33280,0.0,0.0,0.13572854291417166,0,0
32,34320,0.0,0.0,0.13572854291417166,0,0
33,35360,0.0,0.0,0.1355297641332834,0,0
34,36400,0.0,0.0,0.1355297641332834,0,0
35,37440,0.0,0.0,0.1355297641332834,0,0
36,38480,0.0,0.0,0.1355297641332834,0,0
37,39520,0.0,0.0,0.1355297641332834,0,0
38,40560,0.0,0.0,0.13533083645443197,0,0
39,41600,0.0,0.0,0.13533083645443197,0,0
40,42640,0.0,0.0,0.13533083645443197,0,0
41,43680,0.0,0.0,0.13533083645443197,0,0
42,44720,0.0,0.0,0.13533083645443197,0,0
43,45760,0.0,0.0,0.13533083645443197,0,0
44,46800,0.0,0.0,0.13533083645443197,0,0
45,47840,0.0,0.0,0.13533083645443197,0,0
46,48880,0.0,0.0,0.13533083645443197,0,0
47,49920,0.0,0.0,0.13533083645443197,0,0
48,50960,0.0,0.0,0.13533083645443197,0,0
49,52000,0.0,0.0,0.1351317597102535,0,0
