t,bytes_sent,utility,pheromone,f1_val,agg_count,rollback
0,1040,0.0,0.0,0.0,0,0
1,2080,0.0,0.0,0.0,0,0
2,3120,0.0,0.0,0.0,0,0
3,4160,0.0,0.0,0.0,0,0
4,5200,0.0,0.0,0.0,0,0
5,6240,0.0,0.0,0.0,0,0
6,7280,0.0,0.0,0.0,0,0
7,8320,0.0,0.0,0.0,0,0
8,9360,0.0,0.0,0.0,0,0
9,10400,0.0,0.0,0.0,0,0
10,11440,0.0,0.0,0.0,0,0
11,12480,0.0,0.0,0.0,0,0
12,13520,0.0,0.0,0.0,0,0
13,14560,0.0,0.0,0.0,0,0
14,15600,0.0,0.0,0.09296585767174002,0,0
15,16640,0.0,0.0,0.15421487603305786,0,0
16,17680,0.0,0.0,0.0009541984732824427,0,0
17,18720,0.0,0.0,0.0,0,0
18,19760,0.0,0.0,0.0,0,0
19,20800,0.0,0.0,0.0,0,0
20,21840,0.0,0.0,0.0,0,0
21,22880,0.0,0.0,0.0,0,0
22,23920,0.0,0.0,0.0,0,0
23,24960,0.0,0.0,0.0,0,0
24,26000,0.0,0.0,0.0,0,0
25,27040,0.0,0.0,0.00023889154323936931,0,0
26,28080,0.0,0.0,0.15421487603305786,0,0
27,29120,0.0,0.0,0.20002867794665902,0,0
28,30160,0.0,0.0,0.20334656834940443,0,0
29,31200,0.0,0.0,0.21874159720354935,0,0
30,32240,0.0,0.0,0.21668472372697725,0,0
31,33280,0.0,0.0,0.22084334133973846,0,0
32,34320,0.0,0.0,0.2295760082730093,0,0
33,35360,0.0,0.0,0.2471597776166304,0,0
34,36400,0.0,0.0,0.33301435406698565,0,0
35,37440,0.0,0.0,0.3330941561030057,0,0
36,38480,0.0,0.0,0.24982061707725425,0,0
37,39520,0.0,0.0,0.2498804399808704,0,0
38,40560,0.0,0.0,0.33325364570882143,0,0
39,41600,0.0,0.0,0.2498207028448482,0,0
40,42640,0.0,0.0,0.2498207028448482,0,0
41,43680,0.0,0.0,0.3331740723045071,0,0
42,44720,0.0,0.0,0.3330146590184831,0,0
43,45760,0.0,0.0,0.3331740723045071,0,0
44,46800,0.0,0.0,0.24976099426386233,0,0
45,47840,0.0,0.0,0.33301481127568083,0,0
46,48880,0.0,0.0,0.24976110845676064,0,0
47,49920,0.0,0.0,0.24970131421744324,0,0
48,50960,0.0,0.0,0.24970131421744324,0,0
49,52000,0.0,0.0,0.24970131421744324,0,0
