t,bytes_sent,utility,pheromone,f1_val,agg_count,rollback
0,1040,0.0,0.0,0.3864239401469416,0,0
1,2080,0.0,0.0,0.13862163754172394,0,0
2,3120,0.0,0.0,0.13862163754172394,0,0
3,4160,0.0,0.0,0.13862163754172394,0,0
4,5200,0.0,0.0,0.13862163754172394,0,0
5,6240,0.0,0.0,0.13862163754172394,0,0
6,7280,0.0,0.0,0.13862163754172394,0,0
7,8320,0.0,0.0,0.13862163754172394,0,0
8,9360,0.0,0.0,0.13862163754172394,0,0
9,10400,0.0,0.0,0.2783965886854007,0,0
10,11440,0.0,0.0,0.37768925423885746,0,0
11,12480,0.0,0.0,0.393127295801049,0,0
12,13520,0.0,0.0,0.38885456690168196,0,0
13,14560,0.0,0.0,0.38872135333834135,0,0
14,15600,0.0,0.0,0.3887657295221727,0,0
15,16640,0.0,0.0,0.3932564063859802,0,0
16,17680,0.0,0.0,0.41139023190577445,0,0
17,18720,0.0,0.0,0.699743730350223,0,0
18,19760,0.0,0.0,0.699879115126486,0,0
19,20800,0.0,0.0,0.6993551791672501,0,0
20,21840,0.0,0.0,0.6887936862178925,0,0
21,22880,0.0,0.0,0.6886193342413673,0,0
22,23920,0.0,0.0,0.6871805097009561,0,0
23,24960,0.0,0.0,0.6935540674108766,0,0
24,26000,0.0,0.0,0.6801406705074358,0,0
25,27040,0.0,0.0,0.6942953070289778,0,0
26,28080,0.0,0.0,0.6307369808430339,0,0
27,29120,0.0,0.0,0.8882545214343271,0,0
28,30160,0.0,0.0,0.9944916649516913,0,0
29,31200,0.0,0.0,0.9957455607450773,0,0
30,32240,0.0,0.0,0.9957455607450773,0,0
31,33280,0.0,0.0,0.9949076444438805,0,0
32,34320,0.0,0.0,0.9953231205637304,0,0
33,35360,0.0,0.0,0.9951878390193748,0,0
34,36400,0.0,0.0,0.9897134448830489,0,0
35,37440,0.0,0.0,0.9945565338490774,0,0
36,38480,0.0,0.0,0.9943563983784213,0,0
37,39520,0.0,0.0,0.994337411336045,0,0
38,40560,0.0,0.0,0.9944916649516913,0,0
39,41600,0.0,0.0,0.9957455607450773,0,0
40,42640,0.0,0.0,0.9950868285240967,0,0
41,43680,0.0,0.0,0.9957455607450773,0,0
42,44720,0.0,0.0,0.9957455607450773,0,0
43,45760,0.0,0.0,0.9951034680760983,0,0
44,46800,0.0,0.0,0.9946643883427498,0,0
45,47840,0.0,0.0,0.9953063309450747,0,0
46,48880,0.0,0.0,0.9944287677762472,0,0
47,49920,0.0,0.0,0.9950868285240967,0,0
48,50960,0.0,0.0,0.9948674007110037,0,0
49,52000,0.0,0.0,0.9953063309450747,0,0
