t,bytes_sent,utility,pheromone,f1_val,agg_count,rollback
0,1040,0.0,0.0,0.14226190476190476,0,0
1,2080,0.0,0.0,0.14226190476190476,0,0
2,3120,0.0,0.0,0.14226190476190476,0,0
3,4160,0.0,0.0,0.14226190476190476,0,0
4,5200,0.0,0.0,0.14226190476190476,0,0
5,6240,0.0,0.0,0.14226190476190476,0,0
6,7280,0.0,0.0,0.14226190476190476,0,0
7,8320,0.0,0.0,0.14226190476190476,0,0
8,9360,0.0,0.0,0.14226190476190476,0,0
9,10400,0.0,0.0,0.32801859199439165,0,0
10,11440,0.0,0.0,0.41795135763108626,0,0
11,12480,0.0,0.0,0.41827481165975944,0,0
12,13520,0.0,0.0,0.4175465518408786,0,0
13,14560,0.0,0.0,0.4175465518408786,0,0
14,15600,0.0,0.0,0.41774624146170947,0,0
15,16640,0.0,0.0,0.7009907355533597,0,0
16,17680,0.0,0.0,0.41754551926731287,0,0
17,18720,0.0,0.0,0.6952234678048099,0,0
18,19760,0.0,0.0,0.5765110013950245,0,0
19,20800,0.0,0.0,0.7005691551769304,0,0
20,21840,0.0,0.0,0.5807077130801573,0,0
21,22880,0.0,0.0,0.7006090940057808,0,0
22,23920,0.0,0.0,0.7006090940057808,0,0
23,24960,0.0,0.0,0.653292200235571,0,0
24,26000,0.0,0.0,0.7003213174339138,0,0
25,27040,0.0,0.0,0.46727526543382225,0,0
26,28080,0.0,0.0,0.7003213174339138,0,0
27,29120,0.0,0.0,0.5817129463498957,0,0
28,30160,0.0,0.0,0.7003213174339138,0,0
29,31200,0.0,0.0,0.6821180203122843,0,0
30,32240,0.0,0.0,0.6914863466265523,0,0
31,33280,0.0,0.0,0.5878391290487525,0,0
32,34320,0.0,0.0,0.5967641133091705,0,0
33,35360,0.0,0.0,0.6586917214862118,0,0
34,36400,0.0,0.0,0.680581823226682,0,0
35,37440,0.0,0.0,0.6222712666998472,0,0
36,38480,0.0,0.0,0.7003213174339138,0,0
37,39520,0.0,0.0,0.700320598491359,0,0
38,40560,0.0,0.0,0.7003213174339138,0,0
39,41600,0.0,0.0,0.7003213174339138,0,0
40,42640,0.0,0.0,0.4315483079800345,0,0
41,43680,0.0,0.0,0.4902221771912869,0,0
42,44720,0.0,0.0,0.6623141921823408,0,0
43,45760,0.0,0.0,0.5712984312544486,0,0
44,46800,0.0,0.0,0.7003213174339138,0,0
45,47840,0.0,0.0,0.700320598491359,0,0
46,48880,0.0,0.0,0.5820205886030793,0,0
47,49920,0.0,0.0,0.7298884692404077,0,0
48,50960,0.0,0.0,0.5660569811725996,0,0
49,52000,0.0,0.0,0.43676623050537206,0,0
