t,bytes_sent,utility,pheromone,f1_val,agg_count,rollback
0,1040,0.0,0.0,0.9367887611352189,0,0
1,2080,0.0,0.0,0.6486211880476956,0,0
2,3120,0.0,0.0,0.9385562529634639,0,0
3,4160,0.0,0.0,0.7778094215713854,0,0
4,5200,0.0,0.0,0.9395481636272216,0,0
5,6240,0.0,0.0,0.9404518687678739,0,0
6,7280,0.0,0.0,0.9382748466461219,0,0
7,8320,0.0,0.0,0.9414060161344058,0,0
8,9360,0.0,0.0,0.9384183398950758,0,0
9,10400,0.0,0.0,0.9415461237826384,0,0
10,11440,0.0,0.0,0.9420475483305306,0,0
11,12480,0.0,0.0,0.9444897970079483,0,0
12,13520,0.0,0.0,0.9451029550295224,0,0
13,14560,0.0,0.0,0.9450748883143618,0,0
14,15600,0.0,0.0,0.9500773069297181,0,0
15,16640,0.0,0.0,0.9391075408688702,0,0
16,17680,0.0,0.0,0.9541839398344928,0,0
17,18720,0.0,0.0,0.949067321538533,0,0
18,19760,0.0,0.0,0.9565492793542106,0,0
19,20800,0.0,0.0,0.9401097340104221,0,0
20,21840,0.0,0.0,0.9418858292854636,0,0
21,22880,0.0,0.0,0.9459769204578746,0,0
22,23920,0.0,0.0,0.9472759650125094,0,0
23,24960,0.0,0.0,0.9521840912653856,0,0
24,26000,0.0,0.0,0.9480363815964328,0,0
25,27040,0.0,0.0,0.948135590067266,0,0
26,28080,0.0,0.0,0.9561238895647365,0,0
27,29120,0.0,0.0,0.9567699407985859,0,0
28,30160,0.0,0.0,0.9548313154529238,0,0
29,31200,0.0,0.0,0.9569499342991916,0,0
30,32240,0.0,0.0,0.9579290382931256,0,0
31,33280,0.0,0.0,0.9533348745946137,0,0
32,34320,0.0,0.0,0.9575785990904377,0,0
33,35360,0.0,0.0,0.9550767697160601,0,0
34,36400,0.0,0.0,0.954638619753374,0,0
35,37440,0.0,0.0,0.954638619753374,0,0
36,38480,0.0,0.0,0.9542610936561614,0,0
37,39520,0.0,0.0,0.9515848292356113,0,0
38,40560,0.0,0.0,0.954589811376339,0,0
39,41600,0.0,0.0,0.944397356004246,0,0
40,42640,0.0,0.0,0.9526299148071306,0,0
41,43680,0.0,0.0,0.9379330687646144,0,0
42,44720,0.0,0.0,0.9357251697060802,0,0
43,45760,0.0,0.0,0.9350289833369387,0,0
44,46800,0.0,0.0,0.9467109363218107,0,0
45,47840,0.0,0.0,0.9484613370052214,0,0
46,48880,0.0,0.0,0.9515261081953116,0,0
47,49920,0.0,0.0,0.9509688108347958,0,0
48,50960,0.0,0.0,0.9518209192220823,0,0
49,52000,0.0,0.0,0.9539474688612276,0,0
