t,bytes_sent,utility,pheromone,f1_val,agg_count,rollback
0,1040,0.0,0.0,0.933020569836021,0,0
1,2080,0.0,0.0,0.7444170529750114,0,0
2,3120,0.0,0.0,0.80643833316144,0,0
3,4160,0.0,0.0,0.6324170492148792,0,0
4,5200,0.0,0.0,0.7648019832878319,0,0
5,6240,0.0,0.0,0.834639879341031,0,0
6,7280,0.0,0.0,0.6110274505888007,0,0
7,8320,0.0,0.0,0.6109006918958848,0,0
8,9360,0.0,0.0,0.8199360256757598,0,0
9,10400,0.0,0.0,0.7696336123240947,0,0
10,11440,0.0,0.0,0.7659419395316434,0,0
11,12480,0.0,0.0,0.8094509540525436,0,0
12,13520,0.0,0.0,0.8308181128858161,0,0
13,14560,0.0,0.0,0.8108921965312794,0,0
14,15600,0.0,0.0,0.7705455354978001,0,0
15,16640,0.0,0.0,0.806099708809937,0,0
16,17680,0.0,0.0,0.8137607676255646,0,0
17,18720,0.0,0.0,0.8127068877567474,0,0
18,19760,0.0,0.0,0.824437447168979,0,0
19,20800,0.0,0.0,0.8333423957123861,0,0
20,21840,0.0,0.0,0.8293788505782711,0,0
21,22880,0.0,0.0,0.7777418432030502,0,0
22,23920,0.0,0.0,0.8187828124991339,0,0
23,24960,0.0,0.0,0.8285165192335275,0,0
24,26000,0.0,0.0,0.8391629050353024,0,0
25,27040,0.0,0.0,0.8358260098881394,0,0
26,28080,0.0,0.0,0.8344382472364669,0,0
27,29120,0.0,0.0,0.8253280146765225,0,0
28,30160,0.0,0.0,0.8199464666100628,0,0
29,31200,0.0,0.0,0.817873996493876,0,0
30,32240,0.0,0.0,0.8182182846819607,0,0
31,33280,0.0,0.0,0.8167442430025164,0,0
32,34320,0.0,0.0,0.8134434873273308,0,0
33,35360,0.0,0.0,0.8129035564859979,0,0
34,36400,0.0,0.0,0.8108314989804442,0,0
35,37440,0.0,0.0,0.8077200375600612,0,0
36,38480,0.0,0.0,0.7993677742336294,0,0
37,39520,0.0,0.0,0.7967063581694441,0,0
38,40560,0.0,0.0,0.796721927476784,0,0
39,41600,0.0,0.0,0.7983109277351813,0,0
40,42640,0.0,0.0,0.79638539729773,0,0
41,43680,0.0,0.0,0.7941443386114125,0,0
42,44720,0.0,0.0,0.7950676682540183,0,0
43,45760,0.0,0.0,0.7934576239414267,0,0
44,46800,0.0,0.0,0.7920580271177395,0,0
45,47840,0.0,0.0,0.7904657597584356,0,0
46,48880,0.0,0.0,0.7881547102040403,0,0
47,49920,0.0,0.0,0.7892049485777083,0,0
48,50960,0.0,0.0,0.788516308453186,0,0
49,52000,0.0,0.0,0.7871101279905932,0,0
