t,bytes_sent,utility,pheromone,f1_val,agg_count,rollback
0,1040,0.0,0.0,0.31022460066488283,0,0
1,2080,0.0,0.0,0.2931258106355383,0,0
2,3120,0.0,0.0,0.26121389159363845,0,0
3,4160,0.0,0.0,0.2637823664372337,0,0
4,5200,0.0,0.0,0.3641628959276018,0,0
5,6240,0.0,0.0,0.27086698976844376,0,0
6,7280,0.0,0.0,0.2548609791627082,0,0
7,8320,0.0,0.0,0.3641628959276018,0,0
8,9360,0.0,0.0,0.2433920038710458,0,0
9,10400,0.0,0.0,0.24839506172839507,0,0
10,11440,0.0,0.0,0.2519408965689957,0,0
11,12480,0.0,0.0,0.2550063371356147,0,0
12,13520,0.0,0.0,0.2556381424305953,0,0
13,14560,0.0,0.0,0.255881978888465,0,0
14,15600,0.0,0.0,0.25617519735166794,0,0
15,16640,0.0,0.0,0.2563220587298554,0,0
16,17680,0.0,0.0,0.2566162872265799,0,0
17,18720,0.0,0.0,0.25710817200178904,0,0
18,19760,0.0,0.0,0.25740420904496897,0,0
19,20800,0.0,0.0,0.25755248335893494,0,0
20,21840,0.0,0.0,0.25765142783967215,0,0
21,22880,0.0,0.0,0.2577009285943003,0,0
22,23920,0.0,0.0,0.25765142783967215,0,0
23,24960,0.0,0.0,0.2577009285943003,0,0
24,26000,0.0,0.0,0.25755248335893494,0,0
25,27040,0.0,0.0,0.25755248335893494,0,0
26,28080,0.0,0.0,0.25755248335893494,0,0
27,29120,0.0,0.0,0.2574536148432502,0,0
28,30160,0.0,0.0,0.25735482220516753,0,0
29,31200,0.0,0.0,0.25710817200178904,0,0
30,32240,0.0,0.0,0.2570588986840424,0,0
31,33280,0.0,0.0,0.2568619941274097,0,0
32,34320,0.0,0.0,0.2566162872265799,0,0
33,35360,0.0,0.0,0.25656720224432544,0,0
34,36400,0.0,0.0,0.25656720224432544,0,0
35,37440,0.0,0.0,0.2564690885914595,0,0
36,38480,0.0,0.0,0.2563710499490316,0,0
37,39520,0.0,0.0,0.2563220587298554,0,0
38,40560,0.0,0.0,0.2563220587298554,0,0
39,41600,0.0,0.0,0.2563220587298554,0,0
40,42640,0.0,0.0,0.2563220587298554,0,0
41,43680,0.0,0.0,0.2562730862310534,0,0
42,44720,0.0,0.0,0.2562730862310534,0,0
43,45760,0.0,0.0,0.2562730862310534,0,0
44,46800,0.0,0.0,0.2562730862310534,0,0
45,47840,0.0,0.0,0.2562730862310534,0,0
46,48880,0.0,0.0,0.2562730862310534,0,0
47,49920,0.0,0.0,0.2562730862310534,0,0
48,50960,0.0,0.0,0.2562730862310534,0,0
49,52000,0.0,0.0,0.2562730862310534,0,0
