t,bytes_sent,utility,pheromone,f1_val,agg_count,rollback
0,1040,0.0,0.0,0.2257028657616893,0,0
1,2080,0.0,0.0,0.09037372593431484,0,0
2,3120,0.0,0.0,0.3716107164754754,0,0
3,4160,0.0,0.0,0.1403857625770531,0,0
4,5200,0.0,0.0,0.1403857625770531,0,0
5,6240,0.0,0.0,0.1403857625770531,0,0
6,7280,0.0,0.0,0.1403857625770531,0,0
7,8320,0.0,0.0,0.1403857625770531,0,0
8,9360,0.0,0.0,0.1403857625770531,0,0
9,10400,0.0,0.0,0.1403857625770531,0,0
10,11440,0.0,0.0,0.1403857625770531,0,0
11,12480,0.0,0.0,0.361375477251034,0,0
12,13520,0.0,0.0,0.4163539771616168,0,0
13,14560,0.0,0.0,0.41592377599636055,0,0
14,15600,0.0,0.0,0.41580726865236384,0,0
15,16640,0.0,0.0,0.3714678682549933,0,0
16,17680,0.0,0.0,0.41580726865236384,0,0
17,18720,0.0,0.0,0.6123684524744726,0,0
18,19760,0.0,0.0,0.6261969334403915,0,0
19,20800,0.0,0.0,0.6126886001030268,0,0
20,21840,0.0,0.0,0.5917510873065798,0,0
21,22880,0.0,0.0,0.5886439176694305,0,0
22,23920,0.0,0.0,0.5825342401005661,0,0
23,24960,0.0,0.0,0.5870774604619384,0,0
24,26000,0.0,0.0,0.5542743694429294,0,0
25,27040,0.0,0.0,0.5507820313432007,0,0
26,28080,0.0,0.0,0.5706257928847298,0,0
27,29120,0.0,0.0,0.5897899229683647,0,0
28,30160,0.0,0.0,0.5974585006793277,0,0
29,31200,0.0,0.0,0.5932709799119222,0,0
30,32240,0.0,0.0,0.616151900084121,0,0
31,33280,0.0,0.0,0.557906473743935,0,0
32,34320,0.0,0.0,0.5986178632671797,0,0
33,35360,0.0,0.0,0.5659467585648802,0,0
34,36400,0.0,0.0,0.5369870097874438,0,0
35,37440,0.0,0.0,0.6087620355223102,0,0
36,38480,0.0,0.0,0.536646100799803,0,0
37,39520,0.0,0.0,0.5473790189838804,0,0
38,40560,0.0,0.0,0.5735520969349517,0,0
39,41600,0.0,0.0,0.5493700982753773,0,0
40,42640,0.0,0.0,0.5348552980141309,0,0
41,43680,0.0,0.0,0.5799424619885629,0,0
42,44720,0.0,0.0,0.5250830115392209,0,0
43,45760,0.0,0.0,0.576220951555112,0,0
44,46800,0.0,0.0,0.6074365110560385,0,0
45,47840,0.0,0.0,0.5970695514021022,0,0
46,48880,0.0,0.0,0.61159388159026,0,0
47,49920,0.0,0.0,0.5266017308447652,0,0
48,50960,0.0,0.0,0.523879811185218,0,0
49,52000,0.0,0.0,0.5694282014818379,0,0
