t,bytes_sent,utility,pheromone,f1_val,agg_count,rollback
0,1040,0.0,0.0,0.16810527320448582,0,0
1,2080,0.0,0.0,0.09148694665153236,0,0
2,3120,0.0,0.0,0.09148694665153236,0,0
3,4160,0.0,0.0,0.3730877481939384,0,0
4,5200,0.0,0.0,0.3729658672337869,0,0
5,6240,0.0,0.0,0.4164753255908322,0,0
6,7280,0.0,0.0,0.4156929677121941,0,0
7,8320,0.0,0.0,0.2880996397421312,0,0
8,9360,0.0,0.0,0.41549694000722615,0,0
9,10400,0.0,0.0,0.41033953455717714,0,0
10,11440,0.0,0.0,0.3728657005221765,0,0
11,12480,0.0,0.0,0.3724647907675709,0,0
12,13520,0.0,0.0,0.3724647907675709,0,0
13,14560,0.0,0.0,0.3725978128855645,0,0
14,15600,0.0,0.0,0.7137299172989209,0,0
15,16640,0.0,0.0,0.7138229449839267,0,0
16,17680,0.0,0.0,0.7026910342575751,0,0
17,18720,0.0,0.0,0.7009086045093338,0,0
18,19760,0.0,0.0,0.7006612940023533,0,0
19,20800,0.0,0.0,0.7009036394045793,0,0
20,21840,0.0,0.0,0.700903609699101,0,0
21,22880,0.0,0.0,0.7139521677339791,0,0
22,23920,0.0,0.0,0.7002053882669599,0,0
23,24960,0.0,0.0,0.7138874667974482,0,0
24,26000,0.0,0.0,0.7139521677339791,0,0
25,27040,0.0,0.0,0.7003778947737522,0,0
26,28080,0.0,0.0,0.7139521677339791,0,0
27,29120,0.0,0.0,0.7527120689945754,0,0
28,30160,0.0,0.0,0.7140170479737811,0,0
29,31200,0.0,0.0,0.992174240363445,0,0
30,32240,0.0,0.0,0.9937709050739206,0,0
31,33280,0.0,0.0,0.7140636628454178,0,0
32,34320,0.0,0.0,0.9936253371144965,0,0
33,35360,0.0,0.0,0.992174240363445,0,0
34,36400,0.0,0.0,0.9941000136901317,0,0
35,37440,0.0,0.0,0.9892831449862951,0,0
36,38480,0.0,0.0,0.9930990485370332,0,0
37,39520,0.0,0.0,0.992174240363445,0,0
38,40560,0.0,0.0,0.9910860494090681,0,0
39,41600,0.0,0.0,0.9926457841098181,0,0
40,42640,0.0,0.0,0.9927572273717925,0,0
41,43680,0.0,0.0,0.9893253955752538,0,0
42,44720,0.0,0.0,0.9829227792597723,0,0
43,45760,0.0,0.0,0.9919949646373782,0,0
44,46800,0.0,0.0,0.9857167178610293,0,0
45,47840,0.0,0.0,0.9868234720888559,0,0
46,48880,0.0,0.0,0.9923408797568758,0,0
47,49920,0.0,0.0,0.9686501607818876,0,0
48,50960,0.0,0.0,0.9886079483410091,0,0
49,52000,0.0,0.0,0.9925449108532721,0,0
