t,bytes_sent,utility,pheromone,f1_val,agg_count,rollback
0,4160,0.0,0.0,0.6125740357562193,0,0
1,8320,0.0,0.0,0.5956205634309881,0,0
2,12480,0.0,0.0,0.6153641682159408,0,0
3,16640,0.0,0.0,0.7102263212343506,0,0
4,20800,0.0,0.0,0.6404987757085332,0,0
5,24960,0.0,0.0,0.7140915959394721,0,0
6,29120,0.0,0.0,0.7385786721294694,0,0
7,33280,0.0,0.0,0.7609373740357477,0,0
8,37440,0.0,0.0,0.8048571680021472,0,0
9,41600,0.0,0.0,0.8107876350850929,0,0
10,45760,0.0,0.0,0.8139956731090516,0,0
11,49920,0.0,0.0,0.823366153163953,0,0
12,54080,0.0,0.0,0.8152308016108858,0,0
13,58240,0.0,0.0,0.7927216839147163,0,0
14,62400,0.0,0.0,0.8344097712362137,0,0
15,66560,0.0,0.0,0.8290029391131166,0,0
16,70720,0.0,0.0,0.8071800520748332,0,0
17,74880,0.0,0.0,0.8462796844718913,0,0
18,79040,0.0,0.0,0.6475924739578699,0,0
19,83200,0.0,0.0,0.8355665702997722,0,0
20,87360,0.0,0.0,0.7022669944938335,0,0
21,91520,0.0,0.0,0.8533486008678379,0,0
22,95680,0.0,0.0,0.845774028117988,0,0
23,99840,0.0,0.0,0.8668070098958283,0,0
24,104000,0.0,0.0,0.8491598050157629,0,0
25,108160,0.0,0.0,0.8581757635907776,0,0
26,112320,0.0,0.0,0.8534475603869331,0,0
27,116480,0.0,0.0,0.8512273561638685,0,0
28,120640,0.0,0.0,0.8507711217437081,0,0
29,124800,0.0,0.0,0.847994652380571,0,0
30,128960,0.0,0.0,0.8112002600070671,0,0
31,133120,0.0,0.0,0.8559828114518249,0,0
32,137280,0.0,0.0,0.8618717295315158,0,0
33,141440,0.0,0.0,0.8539758773634438,0,0
34,145600,0.0,0.0,0.8289476225506109,0,0
35,149760,0.0,0.0,0.8511037461923078,0,0
36,153920,0.0,0.0,0.8472550062876193,0,0
37,158080,0.0,0.0,0.8429684801221871,0,0
38,162240,0.0,0.0,0.8423616145091464,0,0
39,166400,0.0,0.0,0.812690440818526,0,0
40,170560,0.0,0.0,0.85475259981715,0,0
41,174720,0.0,0.0,0.8249873162720935,0,0
42,178880,0.0,0.0,0.8435938413534001,0,0
43,183040,0.0,0.0,0.8504725545477924,0,0
44,187200,0.0,0.0,0.8468413284313505,0,0
45,191360,0.0,0.0,0.8622609347820707,0,0
46,195520,0.0,0.0,0.8423491235228626,0,0
47,199680,0.0,0.0,0.815094579423033,0,0
48,203840,0.0,0.0,0.837556445485445,0,0
49,208000,0.0,0.0,0.8285600401207632,0,0
