t,bytes_sent,utility,pheromone,f1_val,agg_count,rollback
0,4160,0.0,0.0,0.9926368238932805,0,0
1,8320,0.0,0.0,0.9822245623330763,0,0
2,12480,0.0,0.0,0.9590141299252286,0,0
3,16640,0.0,0.0,0.993080372776832,0,0
4,20800,0.0,0.0,0.9417414198991132,0,0
5,24960,0.0,0.0,0.9925364588750162,0,0
6,29120,0.0,0.0,0.9615707604249255,0,0
7,33280,0.0,0.0,0.9933673104406822,0,0
8,37440,0.0,0.0,0.8025803628896448,0,0
9,41600,0.0,0.0,0.9941671195057187,0,0
10,45760,0.0,0.0,0.9917831511969698,0,0
11,49920,0.0,0.0,0.9948767251373652,0,0
12,54080,0.0,0.0,0.9919602789453531,0,0
13,58240,0.0,0.0,0.9762036503490229,0,0
14,62400,0.0,0.0,0.8954555633723061,0,0
15,66560,0.0,0.0,0.8670773819324628,0,0
16,70720,0.0,0.0,0.9928666440433099,0,0
17,74880,0.0,0.0,0.9929649922981322,0,0
18,79040,0.0,0.0,0.990377462675474,0,0
19,83200,0.0,0.0,0.9359334156270771,0,0
20,87360,0.0,0.0,0.8794780443615295,0,0
21,91520,0.0,0.0,0.9901642212573367,0,0
22,95680,0.0,0.0,0.9732842030222675,0,0
23,99840,0.0,0.0,0.820473983885952,0,0
24,104000,0.0,0.0,0.8860710425941776,0,0
25,108160,0.0,0.0,0.9552958684809383,0,0
26,112320,0.0,0.0,0.9091401821649544,0,0
27,116480,0.0,0.0,0.9933257519799568,0,0
28,120640,0.0,0.0,0.9397167317493036,0,0
29,124800,0.0,0.0,0.8106473027925893,0,0
30,128960,0.0,0.0,0.8556189772023435,0,0
31,133120,0.0,0.0,0.872391384247785,0,0
32,137280,0.0,0.0,0.9937067022655298,0,0
33,141440,0.0,0.0,0.8415572028177436,0,0
34,145600,0.0,0.0,0.8317486932907333,0,0
35,149760,0.0,0.0,0.832238637415509,0,0
36,153920,0.0,0.0,0.8319936620045079,0,0
37,158080,0.0,0.0,0.832238637415509,0,0
38,162240,0.0,0.0,0.8319936620045079,0,0
39,166400,0.0,0.0,0.8319936620045079,0,0
40,170560,0.0,0.0,0.8319936620045079,0,0
41,174720,0.0,0.0,0.8319936620045079,0,0
42,178880,0.0,0.0,0.8319936620045079,0,0
43,183040,0.0,0.0,0.8317486932907333,0,0
44,187200,0.0,0.0,0.8317486932907333,0,0
45,191360,0.0,0.0,0.8317486932907333,0,0
46,195520,0.0,0.0,0.8317486932907333,0,0
47,199680,0.0,0.0,0.8315037308196235,0,0
48,203840,0.0,0.0,0.8315037308196235,0,0
49,208000,0.0,0.0,0.8315037308196235,0,0
