t,bytes_sent,utility,pheromone,f1_val,agg_count,rollback
0,1040,0.0,0.0,0.054460325283390836,0,0
1,2080,0.0,0.0,0.2778824552935638,0,0
2,3120,0.0,0.0,0.1462909241607957,0,0
3,4160,0.0,0.0,0.14041368337311058,0,0
4,5200,0.0,0.0,0.14041368337311058,0,0
5,6240,0.0,0.0,0.14041368337311058,0,0
6,7280,0.0,0.0,0.14041368337311058,0,0
7,8320,0.0,0.0,0.14041368337311058,0,0
8,9360,0.0,0.0,0.14041368337311058,0,0
9,10400,0.0,0.0,0.14041368337311058,0,0
10,11440,0.0,0.0,0.14263295926654274,0,0
11,12480,0.0,0.0,0.42273739039721175,0,0
12,13520,0.0,0.0,0.3966199105536595,0,0
13,14560,0.0,0.0,0.39078613232983267,0,0
14,15600,0.0,0.0,0.5723816192279884,0,0
15,16640,0.0,0.0,0.5684703589458471,0,0
16,17680,0.0,0.0,0.7020664967782734,0,0
17,18720,0.0,0.0,0.6982292238786596,0,0
18,19760,0.0,0.0,0.7018701185892477,0,0
19,20800,0.0,0.0,0.7018701185892477,0,0
20,21840,0.0,0.0,0.7019353166316534,0,0
21,22880,0.0,0.0,0.7019353166316534,0,0
22,23920,0.0,0.0,0.7016962738309843,0,0
23,24960,0.0,0.0,0.7016934795869249,0,0
24,26000,0.0,0.0,0.660228911207233,0,0
25,27040,0.0,0.0,0.6997753807571334,0,0
26,28080,0.0,0.0,0.7024186159845333,0,0
27,29120,0.0,0.0,0.7018701185892477,0,0
28,30160,0.0,0.0,0.3610377937717738,0,0
29,31200,0.0,0.0,0.7018701185892477,0,0
30,32240,0.0,0.0,0.7016282822309048,0,0
31,33280,0.0,0.0,0.6237517442863995,0,0
32,34320,0.0,0.0,0.7018701185892477,0,0
33,35360,0.0,0.0,0.9561264903589578,0,0
34,36400,0.0,0.0,0.9921720708881601,0,0
35,37440,0.0,0.0,0.9952922001172275,0,0
36,38480,0.0,0.0,0.9965470045135896,0,0
37,39520,0.0,0.0,0.9899168982355047,0,0
38,40560,0.0,0.0,0.996305167468861,0,0
39,41600,0.0,0.0,0.9965470045135896,0,0
40,42640,0.0,0.0,0.9970303038664694,0,0
41,43680,0.0,0.0,0.9965470045135896,0,0
42,44720,0.0,0.0,0.9965470045135896,0,0
43,45760,0.0,0.0,0.9908057800079872,0,0
44,46800,0.0,0.0,0.9946267592006613,0,0
45,47840,0.0,0.0,0.9965470045135896,0,0
46,48880,0.0,0.0,0.9951733908869903,0,0
47,49920,0.0,0.0,0.9648267711168951,0,0
48,50960,0.0,0.0,0.9912115216757149,0,0
49,52000,0.0,0.0,0.9961336749133093,0,0
