t,bytes_sent,utility,pheromone,f1_val,agg_count,rollback
0,1040,0.0,0.0,0.09148550724637682,0,0
1,2080,0.0,0.0,0.09148550724637682,0,0
2,3120,0.0,0.0,0.37003623097200156,0,0
3,4160,0.0,0.0,0.4149628091923674,0,0
4,5200,0.0,0.0,0.14063745019920318,0,0
5,6240,0.0,0.0,0.14063745019920318,0,0
6,7280,0.0,0.0,0.14063745019920318,0,0
7,8320,0.0,0.0,0.14063745019920318,0,0
8,9360,0.0,0.0,0.14063745019920318,0,0
9,10400,0.0,0.0,0.2727238121333405,0,0
10,11440,0.0,0.0,0.4173069283424069,0,0
11,12480,0.0,0.0,0.38465814758986394,0,0
12,13520,0.0,0.0,0.3834838084637108,0,0
13,14560,0.0,0.0,0.3842805945388704,0,0
14,15600,0.0,0.0,0.3791290739762413,0,0
15,16640,0.0,0.0,0.38665977556775183,0,0
16,17680,0.0,0.0,0.41926639131236537,0,0
17,18720,0.0,0.0,0.4398128897802097,0,0
18,19760,0.0,0.0,0.5337505386753009,0,0
19,20800,0.0,0.0,0.4575039664810682,0,0
20,21840,0.0,0.0,0.8198933331434052,0,0
21,22880,0.0,0.0,0.5573785870773399,0,0
22,23920,0.0,0.0,0.8572734906323374,0,0
23,24960,0.0,0.0,0.8642927374693494,0,0
24,26000,0.0,0.0,0.9839510504971014,0,0
25,27040,0.0,0.0,0.9893203740623706,0,0
26,28080,0.0,0.0,0.8836358929039174,0,0
27,29120,0.0,0.0,0.8499795474332079,0,0
28,30160,0.0,0.0,0.8596749341531246,0,0
29,31200,0.0,0.0,0.9917657469545138,0,0
30,32240,0.0,0.0,0.9918068276992804,0,0
31,33280,0.0,0.0,0.9904672776238134,0,0
32,34320,0.0,0.0,0.9930784482674505,0,0
33,35360,0.0,0.0,0.9710312265702606,0,0
34,36400,0.0,0.0,0.9917211220159972,0,0
35,37440,0.0,0.0,0.9919576856529824,0,0
36,38480,0.0,0.0,0.9926134989434711,0,0
37,39520,0.0,0.0,0.9919576856529824,0,0
38,40560,0.0,0.0,0.9411565578540912,0,0
39,41600,0.0,0.0,0.936359942797237,0,0
40,42640,0.0,0.0,0.9919379456144395,0,0
41,43680,0.0,0.0,0.9916713694182435,0,0
42,44720,0.0,0.0,0.9924817250341328,0,0
43,45760,0.0,0.0,0.9913450995889543,0,0
44,46800,0.0,0.0,0.9399047175126798,0,0
45,47840,0.0,0.0,0.862701851561697,0,0
46,48880,0.0,0.0,0.9928762148967827,0,0
47,49920,0.0,0.0,0.9923267743500751,0,0
48,50960,0.0,0.0,0.991889764625916,0,0
49,52000,0.0,0.0,0.9912347969099554,0,0
