t,bytes_sent,utility,pheromone,f1_val,agg_count,rollback
0,1040,0.0,0.0,0.990363285929422,0,0
1,2080,0.0,0.0,0.9910860494090681,0,0
2,3120,0.0,0.0,0.9889664087461357,0,0
3,4160,0.0,0.0,0.7024776093036378,0,0
4,5200,0.0,0.0,0.9934741586295472,0,0
5,6240,0.0,0.0,0.9922069265978078,0,0
6,7280,0.0,0.0,0.9934741586295472,0,0
7,8320,0.0,0.0,0.991479862271931,0,0
8,9360,0.0,0.0,0.9932955872009759,0,0
9,10400,0.0,0.0,0.9922069265978078,0,0
10,11440,0.0,0.0,0.9889664087461357,0,0
11,12480,0.0,0.0,0.992392260479464,0,0
12,13520,0.0,0.0,0.9902139332542307,0,0
13,14560,0.0,0.0,0.9540133535231756,0,0
14,15600,0.0,0.0,0.8599414134073612,0,0
15,16640,0.0,0.0,0.9877126131091736,0,0
16,17680,0.0,0.0,0.9700108852405521,0,0
17,18720,0.0,0.0,0.9521216934780481,0,0
18,19760,0.0,0.0,0.9530286596604364,0,0
19,20800,0.0,0.0,0.9737018041124806,0,0
20,21840,0.0,0.0,0.9765350050142023,0,0
21,22880,0.0,0.0,0.8718560140515972,0,0
22,23920,0.0,0.0,0.9713878213539576,0,0
23,24960,0.0,0.0,0.8339823274123113,0,0
24,26000,0.0,0.0,0.9736873047442902,0,0
25,27040,0.0,0.0,0.9825348843884893,0,0
26,28080,0.0,0.0,0.8015591986737923,0,0
27,29120,0.0,0.0,0.8627857755205958,0,0
28,30160,0.0,0.0,0.8129115205830058,0,0
29,31200,0.0,0.0,0.9502612059941592,0,0
30,32240,0.0,0.0,0.8939625147342324,0,0
31,33280,0.0,0.0,0.8761881677847867,0,0
32,34320,0.0,0.0,0.9168259692486357,0,0
33,35360,0.0,0.0,0.8187542288067449,0,0
34,36400,0.0,0.0,0.82075251653417,0,0
35,37440,0.0,0.0,0.8576329751727881,0,0
36,38480,0.0,0.0,0.8330151102233317,0,0
37,39520,0.0,0.0,0.8327701200524682,0,0
38,40560,0.0,0.0,0.8327701200524682,0,0
39,41600,0.0,0.0,0.8320351933644732,0,0
40,42640,0.0,0.0,0.8320169882629778,0,0
41,43680,0.0,0.0,0.8320169882629778,0,0
42,44720,0.0,0.0,0.8320169882629778,0,0
43,45760,0.0,0.0,0.8320169882629778,0,0
44,46800,0.0,0.0,0.8320169882629778,0,0
45,47840,0.0,0.0,0.8312824427001523,0,0
46,48880,0.0,0.0,0.8315272860949795,0,0
47,49920,0.0,0.0,0.8315272860949795,0,0
48,50960,0.0,0.0,0.8315272860949795,0,0
49,52000,0.0,0.0,0.8315272860949795,0,0
