t,bytes_sent,utility,pheromone,f1_val,agg_count,rollback
0,1040,0.0,0.0,0.13973365136155833,0,0
1,2080,0.0,0.0,0.13973365136155833,0,0
2,3120,0.0,0.0,0.13973365136155833,0,0
3,4160,0.0,0.0,0.13973365136155833,0,0
4,5200,0.0,0.0,0.13973365136155833,0,0
5,6240,0.0,0.0,0.13973365136155833,0,0
6,7280,0.0,0.0,0.13973365136155833,0,0
7,8320,0.0,0.0,0.13973365136155833,0,0
8,9360,0.0,0.0,0.13973365136155833,0,0
9,10400,0.0,0.0,0.13973365136155833,0,0
10,11440,0.0,0.0,0.4111323770139903,0,0
11,12480,0.0,0.0,0.4161838404121786,0,0
12,13520,0.0,0.0,0.41680775938714587,0,0
13,14560,0.0,0.0,0.3836834137380135,0,0
14,15600,0.0,0.0,0.380419987965266,0,0
15,16640,0.0,0.0,0.5345568931979072,0,0
16,17680,0.0,0.0,0.5431265840489305,0,0
17,18720,0.0,0.0,0.6101877483489548,0,0
18,19760,0.0,0.0,0.6928270488121173,0,0
19,20800,0.0,0.0,0.7013105282640891,0,0
20,21840,0.0,0.0,0.699597575939699,0,0
21,22880,0.0,0.0,0.6918618818346499,0,0
22,23920,0.0,0.0,0.6991440915554116,0,0
23,24960,0.0,0.0,0.6977835590988855,0,0
24,26000,0.0,0.0,0.6968051658642229,0,0
25,27040,0.0,0.0,0.700833884979711,0,0
26,28080,0.0,0.0,0.6955798563169353,0,0
27,29120,0.0,0.0,0.690512584335207,0,0
28,30160,0.0,0.0,0.6927620014549141,0,0
29,31200,0.0,0.0,0.6999310680043528,0,0
30,32240,0.0,0.0,0.6986592290218648,0,0
31,33280,0.0,0.0,0.9539429704355223,0,0
32,34320,0.0,0.0,0.6992694232345967,0,0
33,35360,0.0,0.0,0.9744097584785212,0,0
34,36400,0.0,0.0,0.6984653477235443,0,0
35,37440,0.0,0.0,0.8327928779851366,0,0
36,38480,0.0,0.0,0.7656601742499024,0,0
37,39520,0.0,0.0,0.7009169771696235,0,0
38,40560,0.0,0.0,0.9962053994161175,0,0
39,41600,0.0,0.0,0.7316706196915961,0,0
40,42640,0.0,0.0,0.9963324108488076,0,0
41,43680,0.0,0.0,0.7001298057968909,0,0
42,44720,0.0,0.0,0.6998673073227453,0,0
43,45760,0.0,0.0,0.9963052986881302,0,0
44,46800,0.0,0.0,0.7009169771696235,0,0
45,47840,0.0,0.0,0.7033892409524435,0,0
46,48880,0.0,0.0,0.9943228426139201,0,0
47,49920,0.0,0.0,0.6956373022821454,0,0
48,50960,0.0,0.0,0.9805652490188886,0,0
49,52000,0.0,0.0,0.9749855927677934,0,0
