t,bytes_sent,utility,pheromone,f1_val,agg_count,rollback
0,1040,0.0,0.0,0.14022662889518414,0,0
1,2080,0.0,0.0,0.14022662889518414,0,0
2,3120,0.0,0.0,0.14022662889518414,0,0
3,4160,0.0,0.0,0.14022662889518414,0,0
4,5200,0.0,0.0,0.14022662889518414,0,0
5,6240,0.0,0.0,0.14022662889518414,0,0
6,7280,0.0,0.0,0.14022662889518414,0,0
7,8320,0.0,0.0,0.14022662889518414,0,0
8,9360,0.0,0.0,0.14022662889518414,0,0
9,10400,0.0,0.0,0.6815369376917434,0,0
10,11440,0.0,0.0,0.6586552816072329,0,0
11,12480,0.0,0.0,0.3819805205773751,0,0
12,13520,0.0,0.0,0.3768528911608703,0,0
13,14560,0.0,0.0,0.37667180002677814,0,0
14,15600,0.0,0.0,0.37330373456999494,0,0
15,16640,0.0,0.0,0.37380044369159077,0,0
16,17680,0.0,0.0,0.37419394331159034,0,0
17,18720,0.0,0.0,0.37420407819948553,0,0
18,19760,0.0,0.0,0.4039069335122375,0,0
19,20800,0.0,0.0,0.4390095100642304,0,0
20,21840,0.0,0.0,0.6675857439392314,0,0
21,22880,0.0,0.0,0.6674402333148144,0,0
22,23920,0.0,0.0,0.6690585142470664,0,0
23,24960,0.0,0.0,0.6684154344262421,0,0
24,26000,0.0,0.0,0.6754876376070484,0,0
25,27040,0.0,0.0,0.6674977644892378,0,0
26,28080,0.0,0.0,0.6672672906214919,0,0
27,29120,0.0,0.0,0.6685491872773621,0,0
28,30160,0.0,0.0,0.8925944590299328,0,0
29,31200,0.0,0.0,0.9585489420773888,0,0
30,32240,0.0,0.0,0.9603779226295477,0,0
31,33280,0.0,0.0,0.9530801914647131,0,0
32,34320,0.0,0.0,0.9603681069643512,0,0
33,35360,0.0,0.0,0.9580565985175844,0,0
34,36400,0.0,0.0,0.9507190028737526,0,0
35,37440,0.0,0.0,0.9517982143587111,0,0
36,38480,0.0,0.0,0.9516367196437113,0,0
37,39520,0.0,0.0,0.9533766193293938,0,0
38,40560,0.0,0.0,0.9480431234871722,0,0
39,41600,0.0,0.0,0.9465804691059639,0,0
40,42640,0.0,0.0,0.9496114734711724,0,0
41,43680,0.0,0.0,0.9511355801820164,0,0
42,44720,0.0,0.0,0.9535543962975888,0,0
43,45760,0.0,0.0,0.9520615496705526,0,0
44,46800,0.0,0.0,0.9514480582428305,0,0
45,47840,0.0,0.0,0.9514480582428305,0,0
46,48880,0.0,0.0,0.9519296018733763,0,0
47,49920,0.0,0.0,0.9480199866208694,0,0
48,50960,0.0,0.0,0.9543865628238226,0,0
49,52000,0.0,0.0,0.9527062113066103,0,0
