t,bytes_sent,utility,pheromone,f1_val,agg_count,rollback
0,1040,0.0,0.0,0.10215482841181166,0,0
1,2080,0.0,0.0,0.14205682272909165,0,0
2,3120,0.0,0.0,0.14205682272909165,0,0
3,4160,0.0,0.0,0.14205682272909165,0,0
4,5200,0.0,0.0,0.14205682272909165,0,0
5,6240,0.0,0.0,0.14205682272909165,0,0
6,7280,0.0,0.0,0.14205682272909165,0,0
7,8320,0.0,0.0,0.14205682272909165,0,0
8,9360,0.0,0.0,0.14205682272909165,0,0
9,10400,0.0,0.0,0.14205682272909165,0,0
10,11440,0.0,0.0,0.14205682272909165,0,0
11,12480,0.0,0.0,0.14205682272909165,0,0
12,13520,0.0,0.0,0.14205682272909165,0,0
13,14560,0.0,0.0,0.317805294216572,0,0
14,15600,0.0,0.0,0.4170778520170104,0,0
15,16640,0.0,0.0,0.41695504393391747,0,0
16,17680,0.0,0.0,0.41683246609844005,0,0
17,18720,0.0,0.0,0.41671011811102343,0,0
18,19760,0.0,0.0,0.41671011811102343,0,0
19,20800,0.0,0.0,0.41671011811102343,0,0
20,21840,0.0,0.0,0.6577412246688584,0,0
21,22880,0.0,0.0,0.3857652798149749,0,0
22,23920,0.0,0.0,0.6632416602564448,0,0
23,24960,0.0,0.0,0.37559664931184866,0,0
24,26000,0.0,0.0,0.5523418380486367,0,0
25,27040,0.0,0.0,0.664517784615719,0,0
26,28080,0.0,0.0,0.3756616899964575,0,0
27,29120,0.0,0.0,0.669782175185197,0,0
28,30160,0.0,0.0,0.5417396890108142,0,0
29,31200,0.0,0.0,0.6671589957942524,0,0
30,32240,0.0,0.0,0.5529416686952289,0,0
31,33280,0.0,0.0,0.4136486724990429,0,0
32,34320,0.0,0.0,0.652912884758982,0,0
33,35360,0.0,0.0,0.5082407766155366,0,0
34,36400,0.0,0.0,0.6067549463450244,0,0
35,37440,0.0,0.0,0.699923887872006,0,0
36,38480,0.0,0.0,0.39710662944157815,0,0
37,39520,0.0,0.0,0.5344808614178358,0,0
38,40560,0.0,0.0,0.6768010875418619,0,0
39,41600,0.0,0.0,0.4066417453330551,0,0
40,42640,0.0,0.0,0.6878683668922834,0,0
41,43680,0.0,0.0,0.5178977010245733,0,0
42,44720,0.0,0.0,0.5838340570852047,0,0
43,45760,0.0,0.0,0.6780210811804561,0,0
44,46800,0.0,0.0,0.6734872986291202,0,0
45,47840,0.0,0.0,0.6413906028569717,0,0
46,48880,0.0,0.0,0.559870403085959,0,0
47,49920,0.0,0.0,0.6858569497302991,0,0
48,50960,0.0,0.0,0.6548562706959473,0,0
49,52000,0.0,0.0,0.6051110089982252,0,0
