t,bytes_sent,utility,pheromone,f1_val,agg_count,rollback
0,1040,0.0,0.0,0.20345744782490724,0,0
1,2080,0.0,0.0,0.4000712028474621,0,0
2,3120,0.0,0.0,0.3260445800491567,0,0
3,4160,0.0,0.0,0.31366430509269316,0,0
4,5200,0.0,0.0,0.7316960038994017,0,0
5,6240,0.0,0.0,0.7283499668227215,0,0
6,7280,0.0,0.0,0.8794371511363033,0,0
7,8320,0.0,0.0,0.7316960038994017,0,0
8,9360,0.0,0.0,0.7319996519108467,0,0
9,10400,0.0,0.0,0.7262149643959787,0,0
10,11440,0.0,0.0,0.7365438052459443,0,0
11,12480,0.0,0.0,0.7265202392735357,0,0
12,13520,0.0,0.0,0.741971182076878,0,0
13,14560,0.0,0.0,0.9485688090946247,0,0
14,15600,0.0,0.0,0.8118162511923144,0,0
15,16640,0.0,0.0,0.8602578407984287,0,0
16,17680,0.0,0.0,0.8874697748677712,0,0
17,18720,0.0,0.0,0.7746086488479997,0,0
18,19760,0.0,0.0,0.5637101319790807,0,0
19,20800,0.0,0.0,0.5755241450083802,0,0
20,21840,0.0,0.0,0.6552562869690769,0,0
21,22880,0.0,0.0,0.5463610157141442,0,0
22,23920,0.0,0.0,0.8546748457734099,0,0
23,24960,0.0,0.0,0.8669407380869174,0,0
24,26000,0.0,0.0,0.879436071949441,0,0
25,27040,0.0,0.0,0.8866392361608488,0,0
26,28080,0.0,0.0,0.8777732131354288,0,0
27,29120,0.0,0.0,0.9300235245174384,0,0
28,30160,0.0,0.0,0.8835929225052526,0,0
29,31200,0.0,0.0,0.43118257985092057,0,0
30,32240,0.0,0.0,0.6550691695118763,0,0
31,33280,0.0,0.0,0.9466330341983993,0,0
32,34320,0.0,0.0,0.9669130429906123,0,0
33,35360,0.0,0.0,0.9593994194116976,0,0
34,36400,0.0,0.0,0.9613457889940693,0,0
35,37440,0.0,0.0,0.9688638944676142,0,0
36,38480,0.0,0.0,0.9527338503243254,0,0
37,39520,0.0,0.0,0.9708160196355806,0,0
38,40560,0.0,0.0,0.9722112001806428,0,0
39,41600,0.0,0.0,0.9705337392193827,0,0
40,42640,0.0,0.0,0.9702547892439571,0,0
41,43680,0.0,0.0,0.9694180998555153,0,0
42,44720,0.0,0.0,0.9666308334993094,0,0
43,45760,0.0,0.0,0.9657951490792571,0,0
44,46800,0.0,0.0,0.9638460767738368,0,0
45,47840,0.0,0.0,0.9610636956388616,0,0
46,48880,0.0,0.0,0.9571720988820658,0,0
47,49920,0.0,0.0,0.95661649392697,0,0
48,50960,0.0,0.0,0.9557832383647261,0,0
49,52000,0.0,0.0,0.9546725088766337,0,0
