t,bytes_sent,utility,pheromone,f1_val,agg_count,rollback
0,1040,0.0,0.0,0.0,0,0
1,2080,0.0,0.0,0.0,0,0
2,3120,0.0,0.0,0.0,0,0
3,4160,0.0,0.0,0.0,0,0
4,5200,0.0,0.0,0.0,0,0
5,6240,0.0,0.0,0.0,0,0
6,7280,0.0,0.0,0.0,0,0
7,8320,0.0,0.0,0.0,0,0
8,9360,0.0,0.0,0.0,0,0
9,10400,0.0,0.0,0.0,0,0
10,11440,0.0,0.0,0.0,0,0
11,12480,0.0,0.0,0.0,0,0
12,13520,0.0,0.0,0.0,0,0
13,14560,0.0,0.0,0.0,0,0
14,15600,0.0,0.0,0.0,0,0
15,16640,0.0,0.0,0.0,0,0
16,17680,0.0,0.0,0.0,0,0
17,18720,0.0,0.0,0.0,0,0
18,19760,0.0,0.0,0.0,0,0
19,20800,0.0,0.0,0.0,0,0
20,21840,0.0,0.0,0.028621752531924262,0,0
21,22880,0.0,0.0,0.0006947660954145438,0,0
22,23920,0.0,0.0,0.10343567251461988,0,0
23,24960,0.0,0.0,0.012112139357648339,0,0
24,26000,0.0,0.0,0.1341895482728078,0,0
25,27040,0.0,0.0,0.06204287515762926,0,0
26,28080,0.0,0.0,0.09088005111004632,0,0
27,29120,0.0,0.0,0.12458671475804028,0,0
28,30160,0.0,0.0,0.1356007067137809,0,0
29,31200,0.0,0.0,0.07453109575518263,0,0
30,32240,0.0,0.0,0.12079927338782925,0,0
31,33280,0.0,0.0,0.14561213434452872,0,0
32,34320,0.0,0.0,0.04706490819756917,0,0
33,35360,0.0,0.0,0.11033950617283951,0,0
34,36400,0.0,0.0,0.1410665451230629,0,0
35,37440,0.0,0.0,0.06842737094837935,0,0
36,38480,0.0,0.0,0.04355002539360081,0,0
37,39520,0.0,0.0,0.1029262086513995,0,0
38,40560,0.0,0.0,0.17425149700598802,0,0
39,41600,0.0,0.0,0.0392983410388904,0,0
40,42640,0.0,0.0,0.11000485672656629,0,0
41,43680,0.0,0.0,0.19012605042016806,0,0
42,44720,0.0,0.0,0.09175043880644647,0,0
43,45760,0.0,0.0,0.06972111553784861,0,0
44,46800,0.0,0.0,0.1280442253100254,0,0
45,47840,0.0,0.0,0.14853120735473677,0,0
46,48880,0.0,0.0,0.16042105263157894,0,0
47,49920,0.0,0.0,0.1918444165621079,0,0
48,50960,0.0,0.0,0.0005567928730512249,0,0
49,52000,0.0,0.0,0.20435967302452315,0,0
