t,bytes_sent,utility,pheromone,f1_val,agg_count,rollback
0,1040,0.0,0.0,0.3899915192921949,0,0
1,2080,0.0,0.0,0.3733053064761693,0,0
2,3120,0.0,0.0,0.40818725708761616,0,0
3,4160,0.0,0.0,0.13973365136155833,0,0
4,5200,0.0,0.0,0.13973365136155833,0,0
5,6240,0.0,0.0,0.13973365136155833,0,0
6,7280,0.0,0.0,0.13973365136155833,0,0
7,8320,0.0,0.0,0.13973365136155833,0,0
8,9360,0.0,0.0,0.13973365136155833,0,0
9,10400,0.0,0.0,0.13973365136155833,0,0
10,11440,0.0,0.0,0.13973365136155833,0,0
11,12480,0.0,0.0,0.3099416764465308,0,0
12,13520,0.0,0.0,0.4182013864333931,0,0
13,14560,0.0,0.0,0.6827369553908649,0,0
14,15600,0.0,0.0,0.6914739614773284,0,0
15,16640,0.0,0.0,0.6910009933034241,0,0
16,17680,0.0,0.0,0.6990309511619698,0,0
17,18720,0.0,0.0,0.6970458793656044,0,0
18,19760,0.0,0.0,0.6939558309199385,0,0
19,20800,0.0,0.0,0.7021764135178058,0,0
20,21840,0.0,0.0,0.6909281804375579,0,0
21,22880,0.0,0.0,0.6841174217517672,0,0
22,23920,0.0,0.0,0.694945518676123,0,0
23,24960,0.0,0.0,0.6973303999154526,0,0
24,26000,0.0,0.0,0.6948846700383432,0,0
25,27040,0.0,0.0,0.6901697157539612,0,0
26,28080,0.0,0.0,0.6973303999154526,0,0
27,29120,0.0,0.0,0.6927769391895787,0,0
28,30160,0.0,0.0,0.6964581670328561,0,0
29,31200,0.0,0.0,0.6956685911236791,0,0
30,32240,0.0,0.0,0.6956685911236791,0,0
31,33280,0.0,0.0,0.6829161621269488,0,0
32,34320,0.0,0.0,0.6504684847890295,0,0
33,35360,0.0,0.0,0.6912071567626554,0,0
34,36400,0.0,0.0,0.7642888385609226,0,0
35,37440,0.0,0.0,0.6890339475096696,0,0
36,38480,0.0,0.0,0.9749416630286454,0,0
37,39520,0.0,0.0,0.7320221749280544,0,0
38,40560,0.0,0.0,0.9653242310929075,0,0
39,41600,0.0,0.0,0.6974191410589458,0,0
40,42640,0.0,0.0,0.767931998926954,0,0
41,43680,0.0,0.0,0.6911248170245393,0,0
42,44720,0.0,0.0,0.9833681802394505,0,0
43,45760,0.0,0.0,0.7681649046081431,0,0
44,46800,0.0,0.0,0.9139847771824968,0,0
45,47840,0.0,0.0,0.7730460877704972,0,0
46,48880,0.0,0.0,0.7764053581917715,0,0
47,49920,0.0,0.0,0.9934706406865853,0,0
48,50960,0.0,0.0,0.9884983317091465,0,0
49,52000,0.0,0.0,0.690025810051713,0,0
