t,bytes_sent,utility,pheromone,f1_val,agg_count,rollback
0,1040,0.0,0.0,0.37223589252390465,0,0
1,2080,0.0,0.0,0.3840688842092034,0,0
2,3120,0.0,0.0,0.39941907983542524,0,0
3,4160,0.0,0.0,0.14094896331738438,0,0
4,5200,0.0,0.0,0.14094896331738438,0,0
5,6240,0.0,0.0,0.14094896331738438,0,0
6,7280,0.0,0.0,0.14094896331738438,0,0
7,8320,0.0,0.0,0.14094896331738438,0,0
8,9360,0.0,0.0,0.14094896331738438,0,0
9,10400,0.0,0.0,0.39852498153431104,0,0
10,11440,0.0,0.0,0.3914822229290227,0,0
11,12480,0.0,0.0,0.39129266205198276,0,0
12,13520,0.0,0.0,0.36196218700305205,0,0
13,14560,0.0,0.0,0.35333325743281274,0,0
14,15600,0.0,0.0,0.3421993218654027,0,0
15,16640,0.0,0.0,0.33273661435391866,0,0
16,17680,0.0,0.0,0.35348113499621747,0,0
17,18720,0.0,0.0,0.3908365984245923,0,0
18,19760,0.0,0.0,0.391068232910344,0,0
19,20800,0.0,0.0,0.39097930124777847,0,0
20,21840,0.0,0.0,0.3905949792631527,0,0
21,22880,0.0,0.0,0.3784901333772186,0,0
22,23920,0.0,0.0,0.36651935227289784,0,0
23,24960,0.0,0.0,0.35834578957456387,0,0
24,26000,0.0,0.0,0.3588098981611026,0,0
25,27040,0.0,0.0,0.3519375686298838,0,0
26,28080,0.0,0.0,0.3521358289898579,0,0
27,29120,0.0,0.0,0.3742145872739734,0,0
28,30160,0.0,0.0,0.3521358289898579,0,0
29,31200,0.0,0.0,0.6087776400303762,0,0
30,32240,0.0,0.0,0.4299591062409886,0,0
31,33280,0.0,0.0,0.34301555233959535,0,0
32,34320,0.0,0.0,0.33835607184281224,0,0
33,35360,0.0,0.0,0.2280907571531156,0,0
34,36400,0.0,0.0,0.20712064604460212,0,0
35,37440,0.0,0.0,0.36145971983122704,0,0
36,38480,0.0,0.0,0.41717265888952637,0,0
37,39520,0.0,0.0,0.3000821286814171,0,0
38,40560,0.0,0.0,0.5746883261624592,0,0
39,41600,0.0,0.0,0.3550054570469913,0,0
40,42640,0.0,0.0,0.3507354508121491,0,0
41,43680,0.0,0.0,0.5702998604829204,0,0
42,44720,0.0,0.0,0.3765255121669595,0,0
43,45760,0.0,0.0,0.37552408656655767,0,0
44,46800,0.0,0.0,0.422356943787127,0,0
45,47840,0.0,0.0,0.37745110979002244,0,0
46,48880,0.0,0.0,0.38692510503229305,0,0
47,49920,0.0,0.0,0.3790764315521339,0,0
48,50960,0.0,0.0,0.5919314254081254,0,0
49,52000,0.0,0.0,0.6372576369872902,0,0
