t,bytes_sent,utility,pheromone,f1_val,agg_count,rollback
0,1040,0.0,0.0,0.08791994281629735,0,0
1,2080,0.0,0.0,0.10477605118829982,0,0
2,3120,0.0,0.0,0.10477605118829982,0,0
3,4160,0.0,0.0,0.22555231957967942,0,0
4,5200,0.0,0.0,0.1417771333885667,0,0
5,6240,0.0,0.0,0.1417771333885667,0,0
6,7280,0.0,0.0,0.1417771333885667,0,0
7,8320,0.0,0.0,0.1417771333885667,0,0
8,9360,0.0,0.0,0.1417771333885667,0,0
9,10400,0.0,0.0,0.1417771333885667,0,0
10,11440,0.0,0.0,0.3451064819166251,0,0
11,12480,0.0,0.0,0.41612721744372705,0,0
12,13520,0.0,0.0,0.665720800349323,0,0
13,14560,0.0,0.0,0.6671581782625242,0,0
14,15600,0.0,0.0,0.5548043528395834,0,0
15,16640,0.0,0.0,0.5374871677850188,0,0
16,17680,0.0,0.0,0.7012985964239116,0,0
17,18720,0.0,0.0,0.7013141837391442,0,0
18,19760,0.0,0.0,0.701130554448217,0,0
19,20800,0.0,0.0,0.7008747778078441,0,0
20,21840,0.0,0.0,0.7004121111663436,0,0
21,22880,0.0,0.0,0.6994323085387368,0,0
22,23920,0.0,0.0,0.6997928610448589,0,0
23,24960,0.0,0.0,0.7000513605313681,0,0
24,26000,0.0,0.0,0.7005925029290768,0,0
25,27040,0.0,0.0,0.7009533202285976,0,0
26,28080,0.0,0.0,0.7013141837391442,0,0
27,29120,0.0,0.0,0.7013141837391442,0,0
28,30160,0.0,0.0,0.701049040284694,0,0
29,31200,0.0,0.0,0.7012347841865968,0,0
30,32240,0.0,0.0,0.7012347841865968,0,0
31,33280,0.0,0.0,0.7012248454989554,0,0
32,34320,0.0,0.0,0.7012261381470865,0,0
33,35360,0.0,0.0,0.7012226970221438,0,0
34,36400,0.0,0.0,0.7012327640453476,0,0
35,37440,0.0,0.0,0.701230889339113,0,0
36,38480,0.0,0.0,0.7012347841865968,0,0
37,39520,0.0,0.0,0.7012197485580097,0,0
38,40560,0.0,0.0,0.7012347841865968,0,0
39,41600,0.0,0.0,0.706148082315309,0,0
40,42640,0.0,0.0,0.706148082315309,0,0
41,43680,0.0,0.0,0.7210226375833695,0,0
42,44720,0.0,0.0,0.7095200956219546,0,0
43,45760,0.0,0.0,0.7083146155240101,0,0
44,46800,0.0,0.0,0.7216133296198228,0,0
45,47840,0.0,0.0,0.7083146155240101,0,0
46,48880,0.0,0.0,0.8251669186991183,0,0
47,49920,0.0,0.0,0.7095171502824441,0,0
48,50960,0.0,0.0,0.7270258823267364,0,0
49,52000,0.0,0.0,0.7724939045718676,0,0
