t,bytes_sent,utility,pheromone,f1_val,agg_count,rollback
0,1040,0.0,0.0,0.41116769345041737,0,0
1,2080,0.0,0.0,0.3327856732112051,0,0
2,3120,0.0,0.0,0.37206971322109184,0,0
3,4160,0.0,0.0,0.6439125825563915,0,0
4,5200,0.0,0.0,0.4106002945964026,0,0
5,6240,0.0,0.0,0.14022662889518414,0,0
6,7280,0.0,0.0,0.14022662889518414,0,0
7,8320,0.0,0.0,0.14022662889518414,0,0
8,9360,0.0,0.0,0.14022662889518414,0,0
9,10400,0.0,0.0,0.14022662889518414,0,0
10,11440,0.0,0.0,0.6691462679555951,0,0
11,12480,0.0,0.0,0.3740841118369864,0,0
12,13520,0.0,0.0,0.37315098002053815,0,0
13,14560,0.0,0.0,0.3988033587497384,0,0
14,15600,0.0,0.0,0.6569790835059489,0,0
15,16640,0.0,0.0,0.6618886435088379,0,0
16,17680,0.0,0.0,0.6621946258506339,0,0
17,18720,0.0,0.0,0.6623167856529778,0,0
18,19760,0.0,0.0,0.6617933324939917,0,0
19,20800,0.0,0.0,0.6617903196348598,0,0
20,21840,0.0,0.0,0.6609536195924477,0,0
21,22880,0.0,0.0,0.6616295034525065,0,0
22,23920,0.0,0.0,0.6609947049293956,0,0
23,24960,0.0,0.0,0.9478807086450411,0,0
24,26000,0.0,0.0,0.6602672371035325,0,0
25,27040,0.0,0.0,0.9377984451689808,0,0
26,28080,0.0,0.0,0.9529085081973794,0,0
27,29120,0.0,0.0,0.9404578283574223,0,0
28,30160,0.0,0.0,0.9401567193579601,0,0
29,31200,0.0,0.0,0.9551613854795545,0,0
30,32240,0.0,0.0,0.9444240779405868,0,0
31,33280,0.0,0.0,0.9510507137099614,0,0
32,34320,0.0,0.0,0.941296423634464,0,0
33,35360,0.0,0.0,0.7101853562931686,0,0
34,36400,0.0,0.0,0.9463404975239272,0,0
35,37440,0.0,0.0,0.9483829993759312,0,0
36,38480,0.0,0.0,0.9455337799397853,0,0
37,39520,0.0,0.0,0.9427563889425623,0,0
38,40560,0.0,0.0,0.9476650604617638,0,0
39,41600,0.0,0.0,0.943196746380756,0,0
40,42640,0.0,0.0,0.9491569606113904,0,0
41,43680,0.0,0.0,0.9245316187782028,0,0
42,44720,0.0,0.0,0.9382458896953985,0,0
43,45760,0.0,0.0,0.815721610789865,0,0
44,46800,0.0,0.0,0.7494211226564453,0,0
45,47840,0.0,0.0,0.9462907582799904,0,0
46,48880,0.0,0.0,0.9530119105775177,0,0
47,49920,0.0,0.0,0.9456542014280063,0,0
48,50960,0.0,0.0,0.9486973715109731,0,0
49,52000,0.0,0.0,0.9404641030899863,0,0
