t,bytes_sent,utility,pheromone,f1_val,agg_count,rollback
0,1040,0.0,0.0,0.20039149215757338,0,0
1,2080,0.0,0.0,0.10398230088495575,0,0
2,3120,0.0,0.0,0.4005363426348238,0,0
3,4160,0.0,0.0,0.14375890857259213,0,0
4,5200,0.0,0.0,0.14142628205128205,0,0
5,6240,0.0,0.0,0.14142628205128205,0,0
6,7280,0.0,0.0,0.14142628205128205,0,0
7,8320,0.0,0.0,0.14142628205128205,0,0
8,9360,0.0,0.0,0.14142628205128205,0,0
9,10400,0.0,0.0,0.14142628205128205,0,0
10,11440,0.0,0.0,0.3105069165726595,0,0
11,12480,0.0,0.0,0.41625250229074906,0,0
12,13520,0.0,0.0,0.4172958214624881,0,0
13,14560,0.0,0.0,0.7109542627067666,0,0
14,15600,0.0,0.0,0.7093413755597049,0,0
15,16640,0.0,0.0,0.7137855860371143,0,0
16,17680,0.0,0.0,0.7112641556013506,0,0
17,18720,0.0,0.0,0.7047306070542336,0,0
18,19760,0.0,0.0,0.6982997914630784,0,0
19,20800,0.0,0.0,0.6969354911225298,0,0
20,21840,0.0,0.0,0.6971842071881249,0,0
21,22880,0.0,0.0,0.6976112195636297,0,0
22,23920,0.0,0.0,0.6987047559872279,0,0
23,24960,0.0,0.0,0.6986209683199844,0,0
24,26000,0.0,0.0,0.6970013755988882,0,0
25,27040,0.0,0.0,0.6457181192477577,0,0
26,28080,0.0,0.0,0.6969795000367538,0,0
27,29120,0.0,0.0,0.6985056250694682,0,0
28,30160,0.0,0.0,0.6971080232500336,0,0
29,31200,0.0,0.0,0.6976731679596888,0,0
30,32240,0.0,0.0,0.6965165790013723,0,0
31,33280,0.0,0.0,0.6961890087493516,0,0
32,34320,0.0,0.0,0.6987114514148935,0,0
33,35360,0.0,0.0,0.6987188928883801,0,0
34,36400,0.0,0.0,0.7049763406879157,0,0
35,37440,0.0,0.0,0.7002006185175267,0,0
36,38480,0.0,0.0,0.6987114514148935,0,0
37,39520,0.0,0.0,0.7086241990189611,0,0
38,40560,0.0,0.0,0.9650873415233333,0,0
39,41600,0.0,0.0,0.708516434852469,0,0
40,42640,0.0,0.0,0.9661963385937018,0,0
41,43680,0.0,0.0,0.7767762897455106,0,0
42,44720,0.0,0.0,0.9656715201860783,0,0
43,45760,0.0,0.0,0.8218181665621385,0,0
44,46800,0.0,0.0,0.9075002880590985,0,0
45,47840,0.0,0.0,0.959464581184038,0,0
46,48880,0.0,0.0,0.8211106825646015,0,0
47,49920,0.0,0.0,0.5081524542726908,0,0
48,50960,0.0,0.0,0.8366638077758193,0,0
49,52000,0.0,0.0,0.8231664034238647,0,0
