t,bytes_sent,utility,pheromone,f1_val,agg_count,rollback
0,1040,0.0,0.0,0.09148694665153236,0,0
1,2080,0.0,0.0,0.7140667502832323,0,0
2,3120,0.0,0.0,0.39142494524515115,0,0
3,4160,0.0,0.0,0.13995598239295717,0,0
4,5200,0.0,0.0,0.13995598239295717,0,0
5,6240,0.0,0.0,0.13995598239295717,0,0
6,7280,0.0,0.0,0.13995598239295717,0,0
7,8320,0.0,0.0,0.13995598239295717,0,0
8,9360,0.0,0.0,0.13995598239295717,0,0
9,10400,0.0,0.0,0.13995598239295717,0,0
10,11440,0.0,0.0,0.4162451106207262,0,0
11,12480,0.0,0.0,0.3726652774371328,0,0
12,13520,0.0,0.0,0.3728657005221765,0,0
13,14560,0.0,0.0,0.3731326739016295,0,0
14,15600,0.0,0.0,0.3728657005221765,0,0
15,16640,0.0,0.0,0.3729322731464855,0,0
16,17680,0.0,0.0,0.3727318090052443,0,0
17,18720,0.0,0.0,0.37273099922839503,0,0
18,19760,0.0,0.0,0.3725978128855645,0,0
19,20800,0.0,0.0,0.37266438550987346,0,0
20,21840,0.0,0.0,0.4063009874286733,0,0
21,22880,0.0,0.0,0.3739371168916822,0,0
22,23920,0.0,0.0,0.4064790495628123,0,0
23,24960,0.0,0.0,0.7138229449839267,0,0
24,26000,0.0,0.0,0.7058469630545221,0,0
25,27040,0.0,0.0,0.7011506828958344,0,0
26,28080,0.0,0.0,0.7011901646574596,0,0
27,29120,0.0,0.0,0.7011901646574596,0,0
28,30160,0.0,0.0,0.7258107970465947,0,0
29,31200,0.0,0.0,0.7009086045093338,0,0
30,32240,0.0,0.0,0.7151448254282167,0,0
31,33280,0.0,0.0,0.7204796258100417,0,0
32,34320,0.0,0.0,0.9931937744682087,0,0
33,35360,0.0,0.0,0.9952430317747349,0,0
34,36400,0.0,0.0,0.9943590272655265,0,0
35,37440,0.0,0.0,0.9854964784817759,0,0
36,38480,0.0,0.0,0.9951557321950504,0,0
37,39520,0.0,0.0,0.993632801855294,0,0
38,40560,0.0,0.0,0.9943590272655265,0,0
39,41600,0.0,0.0,0.9939919029218467,0,0
40,42640,0.0,0.0,0.9941802643052118,0,0
41,43680,0.0,0.0,0.9932593276801964,0,0
42,44720,0.0,0.0,0.9934242076394499,0,0
43,45760,0.0,0.0,0.992174240363445,0,0
44,46800,0.0,0.0,0.9939919029218467,0,0
45,47840,0.0,0.0,0.9944013360228022,0,0
46,48880,0.0,0.0,0.9943590272655265,0,0
47,49920,0.0,0.0,0.9914482382097267,0,0
48,50960,0.0,0.0,0.9929024225986427,0,0
49,52000,0.0,0.0,0.9942164279160668,0,0
