t,bytes_sent,utility,pheromone,f1_val,agg_count,rollback
0,1040,0.0,0.0,0.13862163754172394,0,0
1,2080,0.0,0.0,0.13862163754172394,0,0
2,3120,0.0,0.0,0.13862163754172394,0,0
3,4160,0.0,0.0,0.13862163754172394,0,0
4,5200,0.0,0.0,0.13862163754172394,0,0
5,6240,0.0,0.0,0.13862163754172394,0,0
6,7280,0.0,0.0,0.13862163754172394,0,0
7,8320,0.0,0.0,0.13862163754172394,0,0
8,9360,0.0,0.0,0.13862163754172394,0,0
9,10400,0.0,0.0,0.13862163754172394,0,0
10,11440,0.0,0.0,0.15943225206217404,0,0
11,12480,0.0,0.0,0.4356666530480691,0,0
12,13520,0.0,0.0,0.38683886528190264,0,0
13,14560,0.0,0.0,0.394323331505235,0,0
14,15600,0.0,0.0,0.47023793814644416,0,0
15,16640,0.0,0.0,0.4380661872082128,0,0
16,17680,0.0,0.0,0.6885392258803565,0,0
17,18720,0.0,0.0,0.6997044604318361,0,0
18,19760,0.0,0.0,0.7001333186946267,0,0
19,20800,0.0,0.0,0.7006573792516735,0,0
20,21840,0.0,0.0,0.5685067193304225,0,0
21,22880,0.0,0.0,0.7007124550195878,0,0
22,23920,0.0,0.0,0.700966930461512,0,0
23,24960,0.0,0.0,0.6377956091083041,0,0
24,26000,0.0,0.0,0.9566517972040776,0,0
25,27040,0.0,0.0,0.9946295220831302,0,0
26,28080,0.0,0.0,0.8463168754572503,0,0
27,29120,0.0,0.0,0.9950680524003758,0,0
28,30160,0.0,0.0,0.9586952458799151,0,0
29,31200,0.0,0.0,0.9941677348444804,0,0
30,32240,0.0,0.0,0.9953300781987324,0,0
31,33280,0.0,0.0,0.9944975983808788,0,0
32,34320,0.0,0.0,0.9949949984746631,0,0
33,35360,0.0,0.0,0.995182342619192,0,0
34,36400,0.0,0.0,0.9950608192846054,0,0
35,37440,0.0,0.0,0.9950608192846054,0,0
36,38480,0.0,0.0,0.9955259082574451,0,0
37,39520,0.0,0.0,0.9953063309450747,0,0
38,40560,0.0,0.0,0.9949076444438805,0,0
39,41600,0.0,0.0,0.9952143411512907,0,0
40,42640,0.0,0.0,0.9957455607450773,0,0
41,43680,0.0,0.0,0.9957455607450773,0,0
42,44720,0.0,0.0,0.9953231205637304,0,0
43,45760,0.0,0.0,0.9955259082574451,0,0
44,46800,0.0,0.0,0.9957455607450773,0,0
45,47840,0.0,0.0,0.9951034680760983,0,0
46,48880,0.0,0.0,0.9951034680760983,0,0
47,49920,0.0,0.0,0.9953231205637304,0,0
48,50960,0.0,0.0,0.9951034680760983,0,0
49,52000,0.0,0.0,0.9953231205637304,0,0
