t,bytes_sent,utility,pheromone,f1_val,agg_count,rollback
0,1040,0.0,0.0,0.1417771333885667,0,0
1,2080,0.0,0.0,0.1417771333885667,0,0
2,3120,0.0,0.0,0.1417771333885667,0,0
3,4160,0.0,0.0,0.1417771333885667,0,0
4,5200,0.0,0.0,0.1417771333885667,0,0
5,6240,0.0,0.0,0.1417771333885667,0,0
6,7280,0.0,0.0,0.1417771333885667,0,0
7,8320,0.0,0.0,0.1417771333885667,0,0
8,9360,0.0,0.0,0.1417771333885667,0,0
9,10400,0.0,0.0,0.1417771333885667,0,0
10,11440,0.0,0.0,0.1417771333885667,0,0
11,12480,0.0,0.0,0.4156703010573377,0,0
12,13520,0.0,0.0,0.4169384018324798,0,0
13,14560,0.0,0.0,0.5734254226382788,0,0
14,15600,0.0,0.0,0.5534432856152461,0,0
15,16640,0.0,0.0,0.7013770310811474,0,0
16,17680,0.0,0.0,0.701561375471856,0,0
17,18720,0.0,0.0,0.713859162948252,0,0
18,19760,0.0,0.0,0.7013025448522918,0,0
19,20800,0.0,0.0,0.7046585056084194,0,0
20,21840,0.0,0.0,0.7013066604552667,0,0
21,22880,0.0,0.0,0.7013037712404606,0,0
22,23920,0.0,0.0,0.7004072751779193,0,0
23,24960,0.0,0.0,0.7013101313728686,0,0
24,26000,0.0,0.0,0.7006878627262603,0,0
25,27040,0.0,0.0,0.7010429456275256,0,0
26,28080,0.0,0.0,0.7010891143613087,0,0
27,29120,0.0,0.0,0.6999560367409238,0,0
28,30160,0.0,0.0,0.7013145723576024,0,0
29,31200,0.0,0.0,0.7000577232972898,0,0
30,32240,0.0,0.0,0.7006746626739684,0,0
31,33280,0.0,0.0,0.7016182110682307,0,0
32,34320,0.0,0.0,0.7048159321956526,0,0
33,35360,0.0,0.0,0.696322072176313,0,0
34,36400,0.0,0.0,0.7049425905848298,0,0
35,37440,0.0,0.0,0.7133266001546736,0,0
36,38480,0.0,0.0,0.7152025413918248,0,0
37,39520,0.0,0.0,0.694885285329409,0,0
38,40560,0.0,0.0,0.7686651205206094,0,0
39,41600,0.0,0.0,0.7557817787865453,0,0
40,42640,0.0,0.0,0.7148343764772884,0,0
41,43680,0.0,0.0,0.7153590939711004,0,0
42,44720,0.0,0.0,0.8197512903876348,0,0
43,45760,0.0,0.0,0.7089969602188874,0,0
44,46800,0.0,0.0,0.7027793852161198,0,0
45,47840,0.0,0.0,0.7211143331853053,0,0
46,48880,0.0,0.0,0.7159194562325868,0,0
47,49920,0.0,0.0,0.7107771044145919,0,0
48,50960,0.0,0.0,0.7155851761321764,0,0
49,52000,0.0,0.0,0.7167748799896737,0,0
