t,bytes_sent,utility,pheromone,f1_val,agg_count,rollback
0,1040,0.0,0.0,0.14226190476190476,0,0
1,2080,0.0,0.0,0.14226190476190476,0,0
2,3120,0.0,0.0,0.14226190476190476,0,0
3,4160,0.0,0.0,0.14226190476190476,0,0
4,5200,0.0,0.0,0.14226190476190476,0,0
5,6240,0.0,0.0,0.14226190476190476,0,0
6,7280,0.0,0.0,0.14226190476190476,0,0
7,8320,0.0,0.0,0.14226190476190476,0,0
8,9360,0.0,0.0,0.14226190476190476,0,0
9,10400,0.0,0.0,0.14226190476190476,0,0
10,11440,0.0,0.0,0.15021564517887645,0,0
11,12480,0.0,0.0,0.41734838192522206,0,0
12,13520,0.0,0.0,0.41770847824441854,0,0
13,14560,0.0,0.0,0.7148253623901194,0,0
14,15600,0.0,0.0,0.7149202099987672,0,0
15,16640,0.0,0.0,0.7008162875368863,0,0
16,17680,0.0,0.0,0.7008168588441903,0,0
17,18720,0.0,0.0,0.6280024741236081,0,0
18,19760,0.0,0.0,0.7006083926626743,0,0
19,20800,0.0,0.0,0.7006090940057808,0,0
20,21840,0.0,0.0,0.7006090940057808,0,0
21,22880,0.0,0.0,0.664206871886856,0,0
22,23920,0.0,0.0,0.7003213174339138,0,0
23,24960,0.0,0.0,0.4916085130889881,0,0
24,26000,0.0,0.0,0.7003213174339138,0,0
25,27040,0.0,0.0,0.4449339324028573,0,0
26,28080,0.0,0.0,0.635693872195106,0,0
27,29120,0.0,0.0,0.6680243483485846,0,0
28,30160,0.0,0.0,0.7006083926626743,0,0
29,31200,0.0,0.0,0.7006083926626743,0,0
30,32240,0.0,0.0,0.5497959411262906,0,0
31,33280,0.0,0.0,0.6786018297732571,0,0
32,34320,0.0,0.0,0.6139088836577916,0,0
33,35360,0.0,0.0,0.7003213174339138,0,0
34,36400,0.0,0.0,0.43319240611570314,0,0
35,37440,0.0,0.0,0.7003213174339138,0,0
36,38480,0.0,0.0,0.7003213174339138,0,0
37,39520,0.0,0.0,0.43333417267027263,0,0
38,40560,0.0,0.0,0.7003213174339138,0,0
39,41600,0.0,0.0,0.4483876580206302,0,0
40,42640,0.0,0.0,0.6593735623306525,0,0
41,43680,0.0,0.0,0.6674945936138609,0,0
42,44720,0.0,0.0,0.6044791965089167,0,0
43,45760,0.0,0.0,0.7003213174339138,0,0
44,46800,0.0,0.0,0.43342913330035027,0,0
45,47840,0.0,0.0,0.6654746125177896,0,0
46,48880,0.0,0.0,0.7003213174339138,0,0
47,49920,0.0,0.0,0.6167835775818497,0,0
48,50960,0.0,0.0,0.700320598491359,0,0
49,52000,0.0,0.0,0.6600545964759654,0,0
