t,bytes_sent,utility,pheromone,f1_val,agg_count,rollback
0,1040,0.0,0.0,0.1403857625770531,0,0
1,2080,0.0,0.0,0.3004006845257893,0,0
2,3120,0.0,0.0,0.1403857625770531,0,0
3,4160,0.0,0.0,0.1403857625770531,0,0
4,5200,0.0,0.0,0.1403857625770531,0,0
5,6240,0.0,0.0,0.1403857625770531,0,0
6,7280,0.0,0.0,0.1403857625770531,0,0
7,8320,0.0,0.0,0.1403857625770531,0,0
8,9360,0.0,0.0,0.1403857625770531,0,0
9,10400,0.0,0.0,0.1403857625770531,0,0
10,11440,0.0,0.0,0.1403857625770531,0,0
11,12480,0.0,0.0,0.4164711099175653,0,0
12,13520,0.0,0.0,0.4160404975377924,0,0
13,14560,0.0,0.0,0.3716826118769363,0,0
14,15600,0.0,0.0,0.37169029467602305,0,0
15,16640,0.0,0.0,0.7116411800817113,0,0
16,17680,0.0,0.0,0.7116411800817113,0,0
17,18720,0.0,0.0,0.37853431792721065,0,0
18,19760,0.0,0.0,0.7132262943575028,0,0
19,20800,0.0,0.0,0.6726182917702762,0,0
20,21840,0.0,0.0,0.7097451962693871,0,0
21,22880,0.0,0.0,0.5667554210546119,0,0
22,23920,0.0,0.0,0.6024818520159532,0,0
23,24960,0.0,0.0,0.5697312052190104,0,0
24,26000,0.0,0.0,0.5928445383391092,0,0
25,27040,0.0,0.0,0.5521128988228131,0,0
26,28080,0.0,0.0,0.5775704702041173,0,0
27,29120,0.0,0.0,0.5617628212924466,0,0
28,30160,0.0,0.0,0.5512558007029917,0,0
29,31200,0.0,0.0,0.6033352843328079,0,0
30,32240,0.0,0.0,0.5640098336867208,0,0
31,33280,0.0,0.0,0.5653047885831617,0,0
32,34320,0.0,0.0,0.5748254235391026,0,0
33,35360,0.0,0.0,0.5180748262298834,0,0
34,36400,0.0,0.0,0.5419244326151247,0,0
35,37440,0.0,0.0,0.5251484809040653,0,0
36,38480,0.0,0.0,0.5342857835570654,0,0
37,39520,0.0,0.0,0.5836312995677743,0,0
38,40560,0.0,0.0,0.5297800803124921,0,0
39,41600,0.0,0.0,0.5260703604341783,0,0
40,42640,0.0,0.0,0.6028735156952489,0,0
41,43680,0.0,0.0,0.5408553416098791,0,0
42,44720,0.0,0.0,0.5600900739343425,0,0
43,45760,0.0,0.0,0.5462128545517755,0,0
44,46800,0.0,0.0,0.5692798768591513,0,0
45,47840,0.0,0.0,0.5706349501838159,0,0
46,48880,0.0,0.0,0.5647624666187154,0,0
47,49920,0.0,0.0,0.5822744244649894,0,0
48,50960,0.0,0.0,0.5687238294710151,0,0
49,52000,0.0,0.0,0.6591253126721954,0,0
