t,bytes_sent,utility,pheromone,f1_val,agg_count,rollback
0,1040,0.0,0.0,0.2836697377187838,0,0
1,2080,0.0,0.0,0.38880766272035505,0,0
2,3120,0.0,0.0,0.25303274712239354,0,0
3,4160,0.0,0.0,0.14622543950361944,0,0
4,5200,0.0,0.0,0.14094896331738438,0,0
5,6240,0.0,0.0,0.14094896331738438,0,0
6,7280,0.0,0.0,0.14094896331738438,0,0
7,8320,0.0,0.0,0.14094896331738438,0,0
8,9360,0.0,0.0,0.38682539682539685,0,0
9,10400,0.0,0.0,0.39214610316493337,0,0
10,11440,0.0,0.0,0.3623904004259627,0,0
11,12480,0.0,0.0,0.35455795659357164,0,0
12,13520,0.0,0.0,0.3525844685111543,0,0
13,14560,0.0,0.0,0.35243618488830136,0,0
14,15600,0.0,0.0,0.3536207091334382,0,0
15,16640,0.0,0.0,0.3536207091334382,0,0
16,17680,0.0,0.0,0.35376849572053815,0,0
17,18720,0.0,0.0,0.35376849572053815,0,0
18,19760,0.0,0.0,0.3536207091334382,0,0
19,20800,0.0,0.0,0.3534728608424502,0,0
20,21840,0.0,0.0,0.3534728608424502,0,0
21,22880,0.0,0.0,0.3534728608424502,0,0
22,23920,0.0,0.0,0.3534728608424502,0,0
23,24960,0.0,0.0,0.35332495072624465,0,0
24,26000,0.0,0.0,0.35317697866335995,0,0
25,27040,0.0,0.0,0.356152815157342,0,0
26,28080,0.0,0.0,0.35219323578488,0,0
27,29120,0.0,0.0,0.35208218866414037,0,0
28,30160,0.0,0.0,0.3534728608424502,0,0
29,31200,0.0,0.0,0.35563215414809113,0,0
30,32240,0.0,0.0,0.3842172187710343,0,0
31,33280,0.0,0.0,0.42633226919984135,0,0
32,34320,0.0,0.0,0.39046676356007004,0,0
33,35360,0.0,0.0,0.39323506255564455,0,0
34,36400,0.0,0.0,0.4263345247179555,0,0
35,37440,0.0,0.0,0.3901059603858388,0,0
36,38480,0.0,0.0,0.4186805589294564,0,0
37,39520,0.0,0.0,0.38295608013306953,0,0
38,40560,0.0,0.0,0.4139796020130012,0,0
39,41600,0.0,0.0,0.4241251252978605,0,0
40,42640,0.0,0.0,0.36293427586028665,0,0
41,43680,0.0,0.0,0.4033829889183423,0,0
42,44720,0.0,0.0,0.3729501173279654,0,0
43,45760,0.0,0.0,0.3654961581736833,0,0
44,46800,0.0,0.0,0.4108475511972541,0,0
45,47840,0.0,0.0,0.540716275033756,0,0
46,48880,0.0,0.0,0.7026073057514748,0,0
47,49920,0.0,0.0,0.5842163043501435,0,0
48,50960,0.0,0.0,0.628612303476483,0,0
49,52000,0.0,0.0,0.6252998860027599,0,0
