t,bytes_sent,utility,pheromone,f1_val,agg_count,rollback
0,1040,0.0,0.0,0.16811254396248534,0,0
1,2080,0.0,0.0,0.14226190476190476,0,0
2,3120,0.0,0.0,0.14226190476190476,0,0
3,4160,0.0,0.0,0.14226190476190476,0,0
4,5200,0.0,0.0,0.14226190476190476,0,0
5,6240,0.0,0.0,0.14226190476190476,0,0
6,7280,0.0,0.0,0.14226190476190476,0,0
7,8320,0.0,0.0,0.14226190476190476,0,0
8,9360,0.0,0.0,0.14226190476190476,0,0
9,10400,0.0,0.0,0.14226190476190476,0,0
10,11440,0.0,0.0,0.41369407616834264,0,0
11,12480,0.0,0.0,0.41734838192522206,0,0
12,13520,0.0,0.0,0.4179091272005397,0,0
13,14560,0.0,0.0,0.41758608903622574,0,0
14,15600,0.0,0.0,0.6197425662034655,0,0
15,16640,0.0,0.0,0.4657469674441321,0,0
16,17680,0.0,0.0,0.7071359227446115,0,0
17,18720,0.0,0.0,0.7009900236517009,0,0
18,19760,0.0,0.0,0.5826133428841389,0,0
19,20800,0.0,0.0,0.7010644289311239,0,0
20,21840,0.0,0.0,0.6509225343882593,0,0
21,22880,0.0,0.0,0.6265625137440644,0,0
22,23920,0.0,0.0,0.5797484515168042,0,0
23,24960,0.0,0.0,0.7005685100046517,0,0
24,26000,0.0,0.0,0.7005685100046517,0,0
25,27040,0.0,0.0,0.6616455382905053,0,0
26,28080,0.0,0.0,0.7003213174339138,0,0
27,29120,0.0,0.0,0.7003213174339138,0,0
28,30160,0.0,0.0,0.41806360926720204,0,0
29,31200,0.0,0.0,0.7003221706489986,0,0
30,32240,0.0,0.0,0.7003213174339138,0,0
31,33280,0.0,0.0,0.4342402635323699,0,0
32,34320,0.0,0.0,0.7003213174339138,0,0
33,35360,0.0,0.0,0.6212174870867824,0,0
34,36400,0.0,0.0,0.5611873397786842,0,0
35,37440,0.0,0.0,0.6408937468190379,0,0
36,38480,0.0,0.0,0.6681664535559846,0,0
37,39520,0.0,0.0,0.6757318357101922,0,0
38,40560,0.0,0.0,0.6908363537794662,0,0
39,41600,0.0,0.0,0.5859764794024072,0,0
40,42640,0.0,0.0,0.6652497575588954,0,0
41,43680,0.0,0.0,0.6509057429340308,0,0
42,44720,0.0,0.0,0.44522120930576453,0,0
43,45760,0.0,0.0,0.5330785532607188,0,0
44,46800,0.0,0.0,0.6052428536936504,0,0
45,47840,0.0,0.0,0.43676623050537206,0,0
46,48880,0.0,0.0,0.4440261457961161,0,0
47,49920,0.0,0.0,0.4404155503931504,0,0
48,50960,0.0,0.0,0.6458074667876683,0,0
49,52000,0.0,0.0,0.6701777203601067,0,0
