t,bytes_sent,utility,pheromone,f1_val,agg_count,rollback
0,1040,0.0,0.0,0.0,0,0
1,2080,0.0,0.0,0.0,0,0
2,3120,0.0,0.0,0.0,0,0
3,4160,0.0,0.0,0.0,0,0
4,5200,0.0,0.0,0.0,0,0
5,6240,0.0,0.0,0.0,0,0
6,7280,0.0,0.0,0.0,0,0
7,8320,0.0,0.0,0.0,0,0
8,9360,0.0,0.0,0.0,0,0
9,10400,0.0,0.0,0.0,0,0
10,11440,0.0,0.0,0.0,0,0
11,12480,0.0,0.0,0.0,0,0
12,13520,0.0,0.0,0.0,0,0
13,14560,0.0,0.0,0.0,0,0
14,15600,0.0,0.0,0.0,0,0
15,16640,0.0,0.0,0.0,0,0
16,17680,0.0,0.0,0.0,0,0
17,18720,0.0,0.0,0.0,0,0
18,19760,0.0,0.0,0.0,0,0
19,20800,0.0,0.0,0.0,0,0
20,21840,0.0,0.0,0.0,0,0
21,22880,0.0,0.0,0.0,0,0
22,23920,0.0,0.0,0.0,0,0
23,24960,0.0,0.0,0.0,0,0
24,26000,0.0,0.0,0.0,0,0
25,27040,0.0,0.0,0.0,0,0
26,28080,0.0,0.0,0.0,0,0
27,29120,0.0,0.0,0.0,0,0
28,30160,0.0,0.0,0.0,0,0
29,31200,0.0,0.0,0.29782170968332417,0,0
30,32240,0.0,0.0,0.1337571182624818,0,0
31,33280,0.0,0.0,0.2839506172839506,0,0
32,34320,0.0,0.0,0.294449062528863,0,0
33,35360,0.0,0.0,0.19299482839680301,0,0
34,36400,0.0,0.0,0.28858241861337836,0,0
35,37440,0.0,0.0,0.25934910046492826,0,0
36,38480,0.0,0.0,0.282418001525553,0,0
37,39520,0.0,0.0,0.29784120014635934,0,0
38,40560,0.0,0.0,0.2621700291076985,0,0
39,41600,0.0,0.0,0.2931258106355383,0,0
40,42640,0.0,0.0,0.29784120014635934,0,0
41,43680,0.0,0.0,0.29773995791014735,0,0
42,44720,0.0,0.0,0.29751461988304095,0,0
43,45760,0.0,0.0,0.2965207013678509,0,0
44,46800,0.0,0.0,0.29784120014635934,0,0
45,47840,0.0,0.0,0.29759619778813634,0,0
46,48880,0.0,0.0,0.30224384968910517,0,0
47,49920,0.0,0.0,0.29751461988304095,0,0
48,50960,0.0,0.0,0.29743589743589743,0,0
49,52000,0.0,0.0,0.2937217820938751,0,0
