t,bytes_sent,utility,pheromone,f1_val,agg_count,rollback
0,1040,0.0,0.0,0.0,0,0
1,2080,0.0,0.0,0.0,0,0
2,3120,0.0,0.0,0.0,0,0
3,4160,0.0,0.0,0.0,0,0
4,5200,0.0,0.0,0.0,0,0
5,6240,0.0,0.0,0.0,0,0
6,7280,0.0,0.0,0.0,0,0
7,8320,0.0,0.0,0.0,0,0
8,9360,0.0,0.0,0.0,0,0
9,10400,0.0,0.0,0.0,0,0
10,11440,0.0,0.0,0.0,0,0
11,12480,0.0,0.0,0.0,0,0
12,13520,0.0,0.0,0.0,0,0
13,14560,0.0,0.0,0.0,0,0
14,15600,0.0,0.0,0.0,0,0
15,16640,0.0,0.0,0.0,0,0
16,17680,0.0,0.0,0.0,0,0
17,18720,0.0,0.0,0.0,0,0
18,19760,0.0,0.0,0.0,0,0
19,20800,0.0,0.0,0.0,0,0
20,21840,0.0,0.0,0.0,0,0
21,22880,0.0,0.0,0.0,0,0
22,23920,0.0,0.0,0.0,0,0
23,24960,0.0,0.0,0.0,0,0
24,26000,0.0,0.0,0.0,0,0
25,27040,0.0,0.0,0.0007170172084130019,0,0
26,28080,0.0,0.0,0.013733705772811917,0,0
27,29120,0.0,0.0,0.004438104295450943,0,0
28,30160,0.0,0.0,0.010084427767354597,0,0
29,31200,0.0,0.0,0.060765349032800675,0,0
30,32240,0.0,0.0,0.03946208112874779,0,0
31,33280,0.0,0.0,0.07104722792607802,0,0
32,34320,0.0,0.0,0.04920155373327579,0,0
33,35360,0.0,0.0,0.013053613053613054,0,0
34,36400,0.0,0.0,0.06605733277939344,0,0
35,37440,0.0,0.0,0.009163533834586466,0,0
36,38480,0.0,0.0,0.031193895870736087,0,0
37,39520,0.0,0.0,0.02737556561085973,0,0
38,40560,0.0,0.0,0.02737556561085973,0,0
39,41600,0.0,0.0,0.009624413145539907,0,0
40,42640,0.0,0.0,0.029716343989194056,0,0
41,43680,0.0,0.0,0.02153000458085204,0,0
42,44720,0.0,0.0,0.018885306310456013,0,0
43,45760,0.0,0.0,0.038852097130242826,0,0
44,46800,0.0,0.0,0.005445075757575758,0,0
45,47840,0.0,0.0,0.0,0,0
46,48880,0.0,0.0,0.017774699907663897,0,0
47,49920,0.0,0.0,0.005912961210974456,0,0
48,50960,0.0,0.0,0.049590340664079344,0,0
49,52000,0.0,0.0,0.017551963048498844,0,0
