t,bytes_sent,utility,pheromone,f1_val,agg_count,rollback
0,4160,0.0,0.0,0.14063745019920318,0,0
1,8320,0.0,0.0,0.14063745019920318,0,0
2,12480,0.0,0.0,0.14063745019920318,0,0
3,16640,0.0,0.0,0.14063745019920318,0,0
4,20800,0.0,0.0,0.14063745019920318,0,0
5,24960,0.0,0.0,0.14063745019920318,0,0
6,29120,0.0,0.0,0.14063745019920318,0,0
7,33280,0.0,0.0,0.14063745019920318,0,0
8,37440,0.0,0.0,0.14063745019920318,0,0
9,41600,0.0,0.0,0.14063745019920318,0,0
10,45760,0.0,0.0,0.14063745019920318,0,0
11,49920,0.0,0.0,0.14063745019920318,0,0
12,54080,0.0,0.0,0.41742175001598325,0,0
13,58240,0.0,0.0,0.41700358386742975,0,0
14,62400,0.0,0.0,0.38931680288031967,0,0
15,66560,0.0,0.0,0.4044241635725366,0,0
16,70720,0.0,0.0,0.43885025969999125,0,0
17,74880,0.0,0.0,0.5486891536679575,0,0
18,79040,0.0,0.0,0.5886974781374488,0,0
19,83200,0.0,0.0,0.5035647670844812,0,0
20,87360,0.0,0.0,0.43709815608267294,0,0
21,91520,0.0,0.0,0.5702267751024016,0,0
22,95680,0.0,0.0,0.6168088356105157,0,0
23,99840,0.0,0.0,0.9140976554509446,0,0
24,104000,0.0,0.0,0.8189913725894334,0,0
25,108160,0.0,0.0,0.8338095719233439,0,0
26,112320,0.0,0.0,0.8337048312430103,0,0
27,116480,0.0,0.0,0.9885062927538296,0,0
28,120640,0.0,0.0,0.914205839967199,0,0
29,124800,0.0,0.0,0.8776366343584268,0,0
30,128960,0.0,0.0,0.9269216289538333,0,0
31,133120,0.0,0.0,0.9229486008931708,0,0
32,137280,0.0,0.0,0.8697531723149714,0,0
33,141440,0.0,0.0,0.9373416640955596,0,0
34,145600,0.0,0.0,0.9637837564383485,0,0
35,149760,0.0,0.0,0.829868033246626,0,0
36,153920,0.0,0.0,0.9198205974841926,0,0
37,158080,0.0,0.0,0.9900396432651981,0,0
38,162240,0.0,0.0,0.9917880435184186,0,0
39,166400,0.0,0.0,0.9852477218686357,0,0
40,170560,0.0,0.0,0.8750467436595075,0,0
41,174720,0.0,0.0,0.9379406317192502,0,0
42,178880,0.0,0.0,0.9387813692641198,0,0
43,183040,0.0,0.0,0.849424150954156,0,0
44,187200,0.0,0.0,0.8340082765473436,0,0
45,191360,0.0,0.0,0.9911402317122786,0,0
46,195520,0.0,0.0,0.9915786080030298,0,0
47,199680,0.0,0.0,0.9915550722228358,0,0
48,203840,0.0,0.0,0.9719407730720198,0,0
49,208000,0.0,0.0,0.9874949243355601,0,0
