t,bytes_sent,utility,pheromone,f1_val,agg_count,rollback
0,4160,0.0,0.0,0.6469764243003737,0,0
1,8320,0.0,0.0,0.7160905516706029,0,0
2,12480,0.0,0.0,0.8649718393759722,0,0
3,16640,0.0,0.0,0.9753570686636179,0,0
4,20800,0.0,0.0,0.7662609587281479,0,0
5,24960,0.0,0.0,0.8791733201958322,0,0
6,29120,0.0,0.0,0.8635708874411728,0,0
7,33280,0.0,0.0,0.8811164069826122,0,0
8,37440,0.0,0.0,0.8612048565086281,0,0
9,41600,0.0,0.0,0.8756197609648988,0,0
10,45760,0.0,0.0,0.8600625061541503,0,0
11,49920,0.0,0.0,0.8612048565086281,0,0
12,54080,0.0,0.0,0.3472667211474781,0,0
13,58240,0.0,0.0,0.8795715724576431,0,0
14,62400,0.0,0.0,0.8832334263933094,0,0
15,66560,0.0,0.0,0.8505414324984516,0,0
16,70720,0.0,0.0,0.8465138812852331,0,0
17,74880,0.0,0.0,0.8705293357060547,0,0
18,79040,0.0,0.0,0.8566261025529283,0,0
19,83200,0.0,0.0,0.862467103606962,0,0
20,87360,0.0,0.0,0.8400412079928894,0,0
21,91520,0.0,0.0,0.8650391803389654,0,0
22,95680,0.0,0.0,0.8319481900123943,0,0
23,99840,0.0,0.0,0.9001563140014953,0,0
24,104000,0.0,0.0,0.8563247034912701,0,0
25,108160,0.0,0.0,0.9026387718915481,0,0
26,112320,0.0,0.0,0.9042883729603483,0,0
27,116480,0.0,0.0,0.9058961266707684,0,0
28,120640,0.0,0.0,0.9117956363755197,0,0
29,124800,0.0,0.0,0.909655158044715,0,0
30,128960,0.0,0.0,0.9105002835825966,0,0
31,133120,0.0,0.0,0.9085033207615606,0,0
32,137280,0.0,0.0,0.9101935319006405,0,0
33,141440,0.0,0.0,0.7786312125398268,0,0
34,145600,0.0,0.0,0.8788918148196985,0,0
35,149760,0.0,0.0,0.8749704671164851,0,0
36,153920,0.0,0.0,0.8573816056593777,0,0
37,158080,0.0,0.0,0.8663336260854386,0,0
38,162240,0.0,0.0,0.8781339019664184,0,0
39,166400,0.0,0.0,0.8772712415716173,0,0
40,170560,0.0,0.0,0.8792840453845985,0,0
41,174720,0.0,0.0,0.8792840453845985,0,0
42,178880,0.0,0.0,0.8149771558679859,0,0
43,183040,0.0,0.0,0.8787551744237063,0,0
44,187200,0.0,0.0,0.8781690157943238,0,0
45,191360,0.0,0.0,0.8787551744237063,0,0
46,195520,0.0,0.0,0.8792840453845985,0,0
47,199680,0.0,0.0,0.8775939260477613,0,0
48,203840,0.0,0.0,0.8703426144054576,0,0
49,208000,0.0,0.0,0.9254863892679147,0,0
