t,bytes_sent,utility,pheromone,f1_val,agg_count,rollback
0,4160,0.0,0.0,0.14142628205128205,0,0
1,8320,0.0,0.0,0.14142628205128205,0,0
2,12480,0.0,0.0,0.14142628205128205,0,0
3,16640,0.0,0.0,0.14142628205128205,0,0
4,20800,0.0,0.0,0.14142628205128205,0,0
5,24960,0.0,0.0,0.14142628205128205,0,0
6,29120,0.0,0.0,0.14142628205128205,0,0
7,33280,0.0,0.0,0.14142628205128205,0,0
8,37440,0.0,0.0,0.14142628205128205,0,0
9,41600,0.0,0.0,0.14142628205128205,0,0
10,45760,0.0,0.0,0.14142628205128205,0,0
11,49920,0.0,0.0,0.14142628205128205,0,0
12,54080,0.0,0.0,0.14142628205128205,0,0
13,58240,0.0,0.0,0.41705570454086727,0,0
14,62400,0.0,0.0,0.4171358730402079,0,0
15,66560,0.0,0.0,0.41705570454086727,0,0
16,70720,0.0,0.0,0.41705570454086727,0,0
17,74880,0.0,0.0,0.6201397953713027,0,0
18,79040,0.0,0.0,0.7120507575755839,0,0
19,83200,0.0,0.0,0.6462662392942953,0,0
20,87360,0.0,0.0,0.7141989545956561,0,0
21,91520,0.0,0.0,0.699111662204738,0,0
22,95680,0.0,0.0,0.7072167379149058,0,0
23,99840,0.0,0.0,0.6893543698201161,0,0
24,104000,0.0,0.0,0.6918215963347166,0,0
25,108160,0.0,0.0,0.7007973715774709,0,0
26,112320,0.0,0.0,0.6992271657366035,0,0
27,116480,0.0,0.0,0.6907722975264219,0,0
28,120640,0.0,0.0,0.7096956684575091,0,0
29,124800,0.0,0.0,0.6794002039263503,0,0
30,128960,0.0,0.0,0.7070152481968857,0,0
31,133120,0.0,0.0,0.702332339896522,0,0
32,137280,0.0,0.0,0.6989978473625873,0,0
33,141440,0.0,0.0,0.6187412870029775,0,0
34,145600,0.0,0.0,0.7145795052586541,0,0
35,149760,0.0,0.0,0.7816646056488776,0,0
36,153920,0.0,0.0,0.7075750903332749,0,0
37,158080,0.0,0.0,0.7207105944023948,0,0
38,162240,0.0,0.0,0.9763895019116453,0,0
39,166400,0.0,0.0,0.6127234455097799,0,0
40,170560,0.0,0.0,0.9723517085174749,0,0
41,174720,0.0,0.0,0.6422578915390745,0,0
42,178880,0.0,0.0,0.983039487716821,0,0
43,183040,0.0,0.0,0.8213977460206603,0,0
44,187200,0.0,0.0,0.638328876750114,0,0
45,191360,0.0,0.0,0.8733567396006622,0,0
46,195520,0.0,0.0,0.642021095607182,0,0
47,199680,0.0,0.0,0.8397172576672081,0,0
48,203840,0.0,0.0,0.7618061429360999,0,0
49,208000,0.0,0.0,0.6432704421839054,0,0
