t,bytes_sent,utility,pheromone,f1_val,agg_count,rollback
0,4160,0.0,0.0,0.5737764151173512,0,0
1,8320,0.0,0.0,0.49387134248292763,0,0
2,12480,0.0,0.0,0.5201322525608417,0,0
3,16640,0.0,0.0,0.6050761163476116,0,0
4,20800,0.0,0.0,0.5788853534032703,0,0
5,24960,0.0,0.0,0.7688095544400168,0,0
6,29120,0.0,0.0,0.605494696316457,0,0
7,33280,0.0,0.0,0.7886898379129783,0,0
8,37440,0.0,0.0,0.786500202316577,0,0
9,41600,0.0,0.0,0.8474929816362382,0,0
10,45760,0.0,0.0,0.8396749014583993,0,0
11,49920,0.0,0.0,0.8069609941537066,0,0
12,54080,0.0,0.0,0.7627832209773016,0,0
13,58240,0.0,0.0,0.8093658546084357,0,0
14,62400,0.0,0.0,0.846274457769009,0,0
15,66560,0.0,0.0,0.87783327763425,0,0
16,70720,0.0,0.0,0.7744411679838789,0,0
17,74880,0.0,0.0,0.9267737456094491,0,0
18,79040,0.0,0.0,0.774150207169188,0,0
19,83200,0.0,0.0,0.7874684870505294,0,0
20,87360,0.0,0.0,0.8053471441662533,0,0
21,91520,0.0,0.0,0.8089265521455798,0,0
22,95680,0.0,0.0,0.794079231041674,0,0
23,99840,0.0,0.0,0.8027216044027148,0,0
24,104000,0.0,0.0,0.7992940206559714,0,0
25,108160,0.0,0.0,0.8024983074461735,0,0
26,112320,0.0,0.0,0.8063106144838281,0,0
27,116480,0.0,0.0,0.8077372821063359,0,0
28,120640,0.0,0.0,0.8023012676400697,0,0
29,124800,0.0,0.0,0.7967121074532136,0,0
30,128960,0.0,0.0,0.8069799493765352,0,0
31,133120,0.0,0.0,0.8004096246019746,0,0
32,137280,0.0,0.0,0.8023261714624645,0,0
33,141440,0.0,0.0,0.8008551357852967,0,0
34,145600,0.0,0.0,0.8012799148991676,0,0
35,149760,0.0,0.0,0.8124597568162283,0,0
36,153920,0.0,0.0,0.8068177627121976,0,0
37,158080,0.0,0.0,0.8029703941660201,0,0
38,162240,0.0,0.0,0.8034159616479125,0,0
39,166400,0.0,0.0,0.8015025619589264,0,0
40,170560,0.0,0.0,0.8044789808230248,0,0
41,174720,0.0,0.0,0.8099333217209257,0,0
42,178880,0.0,0.0,0.8044789808230248,0,0
43,183040,0.0,0.0,0.8044789808230248,0,0
44,187200,0.0,0.0,0.8047016025321961,0,0
45,191360,0.0,0.0,0.8047016025321961,0,0
46,195520,0.0,0.0,0.8057613169025406,0,0
47,199680,0.0,0.0,0.8045042572697544,0,0
48,203840,0.0,0.0,0.8021698848298784,0,0
49,208000,0.0,0.0,0.801744917732907,0,0
