t,bytes_sent,utility,pheromone,f1_val,agg_count,rollback
0,4160,0.0,0.0,0.14063745019920318,0,0
1,8320,0.0,0.0,0.14063745019920318,0,0
2,12480,0.0,0.0,0.14063745019920318,0,0
3,16640,0.0,0.0,0.14063745019920318,0,0
4,20800,0.0,0.0,0.14063745019920318,0,0
5,24960,0.0,0.0,0.14063745019920318,0,0
6,29120,0.0,0.0,0.14063745019920318,0,0
7,33280,0.0,0.0,0.14063745019920318,0,0
8,37440,0.0,0.0,0.14063745019920318,0,0
9,41600,0.0,0.0,0.4140870532610207,0,0
10,45760,0.0,0.0,0.4170779150236796,0,0
11,49920,0.0,0.0,0.3837939711474868,0,0
12,54080,0.0,0.0,0.38442500644569666,0,0
13,58240,0.0,0.0,0.38617998577139,0,0
14,62400,0.0,0.0,0.36558529529822104,0,0
15,66560,0.0,0.0,0.3636519834934173,0,0
16,70720,0.0,0.0,0.4382717982969348,0,0
17,74880,0.0,0.0,0.5320759325813625,0,0
18,79040,0.0,0.0,0.7105487178643018,0,0
19,83200,0.0,0.0,0.8389732797314138,0,0
20,87360,0.0,0.0,0.8522267854057701,0,0
21,91520,0.0,0.0,0.8450699986325578,0,0
22,95680,0.0,0.0,0.8376872772605393,0,0
23,99840,0.0,0.0,0.8485240924552371,0,0
24,104000,0.0,0.0,0.8311641925914506,0,0
25,108160,0.0,0.0,0.8259214477170542,0,0
26,112320,0.0,0.0,0.8374838108168469,0,0
27,116480,0.0,0.0,0.8291923212378662,0,0
28,120640,0.0,0.0,0.9072700903393045,0,0
29,124800,0.0,0.0,0.9133690045750302,0,0
30,128960,0.0,0.0,0.8595743515625159,0,0
31,133120,0.0,0.0,0.9150201106432252,0,0
32,137280,0.0,0.0,0.9440109985840356,0,0
33,141440,0.0,0.0,0.9671845119563622,0,0
34,145600,0.0,0.0,0.9095901454314403,0,0
35,149760,0.0,0.0,0.8446683387231386,0,0
36,153920,0.0,0.0,0.8507236600164544,0,0
37,158080,0.0,0.0,0.9360721067793314,0,0
38,162240,0.0,0.0,0.9402449986069934,0,0
39,166400,0.0,0.0,0.9383665976740867,0,0
40,170560,0.0,0.0,0.9292015229219719,0,0
41,174720,0.0,0.0,0.930243604108656,0,0
42,178880,0.0,0.0,0.9327448743647304,0,0
43,183040,0.0,0.0,0.9327448743647304,0,0
44,187200,0.0,0.0,0.9354837473861601,0,0
45,191360,0.0,0.0,0.9279510575389411,0,0
46,195520,0.0,0.0,0.8626854709235684,0,0
47,199680,0.0,0.0,0.8687622940053588,0,0
48,203840,0.0,0.0,0.9196119998812492,0,0
49,208000,0.0,0.0,0.9291825524053338,0,0
