t,bytes_sent,utility,pheromone,f1_val,agg_count,rollback
0,4160,0.0,0.0,0.15479066022544283,0,0
1,8320,0.0,0.0,0.14205682272909165,0,0
2,12480,0.0,0.0,0.14205682272909165,0,0
3,16640,0.0,0.0,0.14205682272909165,0,0
4,20800,0.0,0.0,0.14205682272909165,0,0
5,24960,0.0,0.0,0.14205682272909165,0,0
6,29120,0.0,0.0,0.14205682272909165,0,0
7,33280,0.0,0.0,0.14205682272909165,0,0
8,37440,0.0,0.0,0.14205682272909165,0,0
9,41600,0.0,0.0,0.14205682272909165,0,0
10,45760,0.0,0.0,0.14205682272909165,0,0
11,49920,0.0,0.0,0.14205682272909165,0,0
12,54080,0.0,0.0,0.14205682272909165,0,0
13,58240,0.0,0.0,0.41626420531236646,0,0
14,62400,0.0,0.0,0.41703542715461484,0,0
15,66560,0.0,0.0,0.4169130971024577,0,0
16,70720,0.0,0.0,0.4174824668208474,0,0
17,74880,0.0,0.0,0.7074567887919218,0,0
18,79040,0.0,0.0,0.7142685888878759,0,0
19,83200,0.0,0.0,0.7142685888878759,0,0
20,87360,0.0,0.0,0.7142685888878759,0,0
21,91520,0.0,0.0,0.6726145748422128,0,0
22,95680,0.0,0.0,0.6790664793771416,0,0
23,99840,0.0,0.0,0.6989179191025336,0,0
24,104000,0.0,0.0,0.6217337068160488,0,0
25,108160,0.0,0.0,0.6668456988161742,0,0
26,112320,0.0,0.0,0.6352712333412548,0,0
27,116480,0.0,0.0,0.6996176736950902,0,0
28,120640,0.0,0.0,0.45226592496861295,0,0
29,124800,0.0,0.0,0.6879456231076277,0,0
30,128960,0.0,0.0,0.7001397550937472,0,0
31,133120,0.0,0.0,0.5126839118852007,0,0
32,137280,0.0,0.0,0.6989198458642711,0,0
33,141440,0.0,0.0,0.6945619976432517,0,0
34,145600,0.0,0.0,0.6377971158658741,0,0
35,149760,0.0,0.0,0.6997921593152148,0,0
36,153920,0.0,0.0,0.6540242525541233,0,0
37,158080,0.0,0.0,0.6752318685874132,0,0
38,162240,0.0,0.0,0.6490628835488952,0,0
39,166400,0.0,0.0,0.6424653985505393,0,0
40,170560,0.0,0.0,0.629645085487965,0,0
41,174720,0.0,0.0,0.6985709984920879,0,0
42,178880,0.0,0.0,0.6167498772168452,0,0
43,183040,0.0,0.0,0.6989198458642711,0,0
44,187200,0.0,0.0,0.629645085487965,0,0
45,191360,0.0,0.0,0.6983965908806349,0,0
46,195520,0.0,0.0,0.5347099862561323,0,0
47,199680,0.0,0.0,0.6976990638622577,0,0
48,203840,0.0,0.0,0.6715668841865343,0,0
49,208000,0.0,0.0,0.6054491256686337,0,0
