t,bytes_sent,utility,pheromone,f1_val,agg_count,rollback
0,1040,0.0,0.0,0.13995598239295717,0,0
1,2080,0.0,0.0,0.13995598239295717,0,0
2,3120,0.0,0.0,0.13995598239295717,0,0
3,4160,0.0,0.0,0.13995598239295717,0,0
4,5200,0.0,0.0,0.13995598239295717,0,0
5,6240,0.0,0.0,0.13995598239295717,0,0
6,7280,0.0,0.0,0.13995598239295717,0,0
7,8320,0.0,0.0,0.13995598239295717,0,0
8,9360,0.0,0.0,0.13995598239295717,0,0
9,10400,0.0,0.0,0.2916256282952515,0,0
10,11440,0.0,0.0,0.7148118385281752,0,0
11,12480,0.0,0.0,0.714460606093301,0,0
12,13520,0.0,0.0,0.7141742661762565,0,0
13,14560,0.0,0.0,0.6495972031949752,0,0
14,15600,0.0,0.0,0.7008842885890438,0,0
15,16640,0.0,0.0,0.7011506828958344,0,0
16,17680,0.0,0.0,0.7011506828958344,0,0
17,18720,0.0,0.0,0.7009086045093338,0,0
18,19760,0.0,0.0,0.7009060531918208,0,0
19,20800,0.0,0.0,0.7009086045093338,0,0
20,21840,0.0,0.0,0.7009086045093338,0,0
21,22880,0.0,0.0,0.7033701354773427,0,0
22,23920,0.0,0.0,0.7011396728580639,0,0
23,24960,0.0,0.0,0.7011506828958344,0,0
24,26000,0.0,0.0,0.9876456508352556,0,0
25,27040,0.0,0.0,0.7006134363551966,0,0
26,28080,0.0,0.0,0.7142391053978291,0,0
27,29120,0.0,0.0,0.9946534232918708,0,0
28,30160,0.0,0.0,0.9939172338233603,0,0
29,31200,0.0,0.0,0.9924097319910223,0,0
30,32240,0.0,0.0,0.9937111453033,0,0
31,33280,0.0,0.0,0.9926811669910671,0,0
32,34320,0.0,0.0,0.9918109678295097,0,0
33,35360,0.0,0.0,0.9936910743895857,0,0
34,36400,0.0,0.0,0.9923077140383828,0,0
35,37440,0.0,0.0,0.9921646161217188,0,0
36,38480,0.0,0.0,0.9622127774715975,0,0
37,39520,0.0,0.0,0.9936686458350827,0,0
38,40560,0.0,0.0,0.9932775562128633,0,0
39,41600,0.0,0.0,0.9837298055796642,0,0
40,42640,0.0,0.0,0.9942718878481736,0,0
41,43680,0.0,0.0,0.9942788405856967,0,0
42,44720,0.0,0.0,0.9918109678295097,0,0
43,45760,0.0,0.0,0.9939122747783468,0,0
44,46800,0.0,0.0,0.9940931887774087,0,0
45,47840,0.0,0.0,0.9936910743895857,0,0
46,48880,0.0,0.0,0.9864258722700556,0,0
47,49920,0.0,0.0,0.9918008107316822,0,0
48,50960,0.0,0.0,0.9853629043478473,0,0
49,52000,0.0,0.0,0.9896426608072839,0,0
