t,bytes_sent,utility,pheromone,f1_val,agg_count,rollback
0,1040,0.0,0.0,0.10392028033289531,0,0
1,2080,0.0,0.0,0.1403857625770531,0,0
2,3120,0.0,0.0,0.1403857625770531,0,0
3,4160,0.0,0.0,0.1403857625770531,0,0
4,5200,0.0,0.0,0.1403857625770531,0,0
5,6240,0.0,0.0,0.1403857625770531,0,0
6,7280,0.0,0.0,0.1403857625770531,0,0
7,8320,0.0,0.0,0.1403857625770531,0,0
8,9360,0.0,0.0,0.1403857625770531,0,0
9,10400,0.0,0.0,0.1403857625770531,0,0
10,11440,0.0,0.0,0.1403857625770531,0,0
11,12480,0.0,0.0,0.4158809972763461,0,0
12,13520,0.0,0.0,0.4160404975377924,0,0
13,14560,0.0,0.0,0.4160038662657951,0,0
14,15600,0.0,0.0,0.371555274259885,0,0
15,16640,0.0,0.0,0.46226532070766313,0,0
16,17680,0.0,0.0,0.6967210628851661,0,0
17,18720,0.0,0.0,0.7111117215716545,0,0
18,19760,0.0,0.0,0.7111117215716545,0,0
19,20800,0.0,0.0,0.7114425853893016,0,0
20,21840,0.0,0.0,0.7032927713036778,0,0
21,22880,0.0,0.0,0.7008006775846001,0,0
22,23920,0.0,0.0,0.6582027117397512,0,0
23,24960,0.0,0.0,0.615219611744623,0,0
24,26000,0.0,0.0,0.6082365925209425,0,0
25,27040,0.0,0.0,0.6242563261236459,0,0
26,28080,0.0,0.0,0.6073018062172855,0,0
27,29120,0.0,0.0,0.6048891522715543,0,0
28,30160,0.0,0.0,0.6272324342131161,0,0
29,31200,0.0,0.0,0.6274502110555875,0,0
30,32240,0.0,0.0,0.6169562897978147,0,0
31,33280,0.0,0.0,0.6144845172257528,0,0
32,34320,0.0,0.0,0.5953351798162938,0,0
33,35360,0.0,0.0,0.6079937571516194,0,0
34,36400,0.0,0.0,0.66368773183258,0,0
35,37440,0.0,0.0,0.6063642429363716,0,0
36,38480,0.0,0.0,0.5899803440389635,0,0
37,39520,0.0,0.0,0.6413066753656911,0,0
38,40560,0.0,0.0,0.6288564193994892,0,0
39,41600,0.0,0.0,0.5826291880838721,0,0
40,42640,0.0,0.0,0.6104974571410168,0,0
41,43680,0.0,0.0,0.6052574226346519,0,0
42,44720,0.0,0.0,0.5893604322824539,0,0
43,45760,0.0,0.0,0.5737365039872149,0,0
44,46800,0.0,0.0,0.561173563393081,0,0
45,47840,0.0,0.0,0.6062086350561953,0,0
46,48880,0.0,0.0,0.5733833603563065,0,0
47,49920,0.0,0.0,0.5863597061400834,0,0
48,50960,0.0,0.0,0.6460169234445039,0,0
49,52000,0.0,0.0,0.6052039346139741,0,0
