t,bytes_sent,utility,pheromone,f1_val,agg_count,rollback
0,1040,0.0,0.0,0.1054868315043061,0,0
1,2080,0.0,0.0,0.14142628205128205,0,0
2,3120,0.0,0.0,0.14142628205128205,0,0
3,4160,0.0,0.0,0.14142628205128205,0,0
4,5200,0.0,0.0,0.14142628205128205,0,0
5,6240,0.0,0.0,0.14142628205128205,0,0
6,7280,0.0,0.0,0.14142628205128205,0,0
7,8320,0.0,0.0,0.14142628205128205,0,0
8,9360,0.0,0.0,0.14142628205128205,0,0
9,10400,0.0,0.0,0.14142628205128205,0,0
10,11440,0.0,0.0,0.14142628205128205,0,0
11,12480,0.0,0.0,0.37579709554481056,0,0
12,13520,0.0,0.0,0.41625250229074906,0,0
13,14560,0.0,0.0,0.5133978535259662,0,0
14,15600,0.0,0.0,0.5875486499352117,0,0
15,16640,0.0,0.0,0.6730578796206999,0,0
16,17680,0.0,0.0,0.6720366219039797,0,0
17,18720,0.0,0.0,0.7097914796873478,0,0
18,19760,0.0,0.0,0.6969488072525586,0,0
19,20800,0.0,0.0,0.7099011045070378,0,0
20,21840,0.0,0.0,0.696750262430496,0,0
21,22880,0.0,0.0,0.7032068679473011,0,0
22,23920,0.0,0.0,0.6942495959658199,0,0
23,24960,0.0,0.0,0.6974135827570953,0,0
24,26000,0.0,0.0,0.7102860096226307,0,0
25,27040,0.0,0.0,0.697487462458859,0,0
26,28080,0.0,0.0,0.7079151643867243,0,0
27,29120,0.0,0.0,0.6944106155920673,0,0
28,30160,0.0,0.0,0.9388259152875751,0,0
29,31200,0.0,0.0,0.6766535004378549,0,0
30,32240,0.0,0.0,0.9596508443615908,0,0
31,33280,0.0,0.0,0.6399985832546278,0,0
32,34320,0.0,0.0,0.9505512994426234,0,0
33,35360,0.0,0.0,0.8607177233570074,0,0
34,36400,0.0,0.0,0.9593062928533485,0,0
35,37440,0.0,0.0,0.9616064421548003,0,0
36,38480,0.0,0.0,0.8373161143115728,0,0
37,39520,0.0,0.0,0.7635931728334355,0,0
38,40560,0.0,0.0,0.7962703132302492,0,0
39,41600,0.0,0.0,0.9580200254484074,0,0
40,42640,0.0,0.0,0.8228871988554951,0,0
41,43680,0.0,0.0,0.6222410521832805,0,0
42,44720,0.0,0.0,0.8205354452178065,0,0
43,45760,0.0,0.0,0.7957432604324014,0,0
44,46800,0.0,0.0,0.4216083119239983,0,0
45,47840,0.0,0.0,0.7517864898295612,0,0
46,48880,0.0,0.0,0.948826653633325,0,0
47,49920,0.0,0.0,0.9416451322380901,0,0
48,50960,0.0,0.0,0.6717140031339184,0,0
49,52000,0.0,0.0,0.8650200760374315,0,0
