t,bytes_sent,utility,pheromone,f1_val,agg_count,rollback
0,1040,0.0,0.0,0.06554635900008361,0,0
1,2080,0.0,0.0,0.15075448759207608,0,0
2,3120,0.0,0.0,0.1376476630713919,0,0
3,4160,0.0,0.0,0.13601236476043277,0,0
4,5200,0.0,0.0,0.13741466637304559,0,0
5,6240,0.0,0.0,0.14666666666666667,0,0
6,7280,0.0,0.0,0.14254577157802964,0,0
7,8320,0.0,0.0,0.13140311804008908,0,0
8,9360,0.0,0.0,0.15196917808219176,0,0
9,10400,0.0,0.0,0.14841954022988504,0,0
10,11440,0.0,0.0,0.1185391895171075,0,0
11,12480,0.0,0.0,0.13656743844174937,0,0
12,13520,0.0,0.0,0.13630348478164975,0,0
13,14560,0.0,0.0,0.1245206406496729,0,0
14,15600,0.0,0.0,0.125497260376792,0,0
15,16640,0.0,0.0,0.12707678491243826,0,0
16,17680,0.0,0.0,0.13008856143484407,0,0
17,18720,0.0,0.0,0.13211743772241993,0,0
18,19760,0.0,0.0,0.13303736588975212,0,0
19,20800,0.0,0.0,0.13348115299334812,0,0
20,21840,0.0,0.0,0.13430743118589034,0,0
21,22880,0.0,0.0,0.1346607669616519,0,0
22,23920,0.0,0.0,0.13513115237253168,0,0
23,24960,0.0,0.0,0.1356007067137809,0,0
24,26000,0.0,0.0,0.13595232840432575,0,0
25,27040,0.0,0.0,0.13618648430031619,0,0
26,28080,0.0,0.0,0.13630348478164975,0,0
27,29120,0.0,0.0,0.13653733098177542,0,0
28,30160,0.0,0.0,0.13677097105920374,0,0
29,31200,0.0,0.0,0.13688771388705295,0,0
30,32240,0.0,0.0,0.13758709204253758,0,0
31,33280,0.0,0.0,0.13840070298769772,0,0
32,34320,0.0,0.0,0.13874862788144895,0,0
33,35360,0.0,0.0,0.13921181545660596,0,0
34,36400,0.0,0.0,0.13944310458232842,0,0
35,37440,0.0,0.0,0.13967419095624226,0,0
36,38480,0.0,0.0,0.13978965819456615,0,0
37,39520,0.0,0.0,0.14059651425654487,0,0
38,40560,0.0,0.0,0.1409415537093718,0,0
39,41600,0.0,0.0,0.1415156147630487,0,0
40,42640,0.0,0.0,0.1418594500218245,0,0
41,43680,0.0,0.0,0.14220283533260633,0,0
42,44720,0.0,0.0,0.14243150933798415,0,0
43,45760,0.0,0.0,0.14243150933798415,0,0
44,46800,0.0,0.0,0.14243150933798415,0,0
45,47840,0.0,0.0,0.14254577157802964,0,0
46,48880,0.0,0.0,0.14254577157802964,0,0
47,49920,0.0,0.0,0.1426599840197574,0,0
48,50960,0.0,0.0,0.1426599840197574,0,0
49,52000,0.0,0.0,0.14311633645402425,0,0
