t,bytes_sent,utility,pheromone,f1_val,agg_count,rollback
0,1040,0.0,0.0,0.36867172340800847,0,0
1,2080,0.0,0.0,0.36867172340800847,0,0
2,3120,0.0,0.0,0.36867172340800847,0,0
3,4160,0.0,0.0,0.36867172340800847,0,0
4,5200,0.0,0.0,0.36867172340800847,0,0
5,6240,0.0,0.0,0.36867172340800847,0,0
6,7280,0.0,0.0,0.36867172340800847,0,0
7,8320,0.0,0.0,0.24526080301424702,0,0
8,9360,0.0,0.0,0.24466454427543924,0,0
9,10400,0.0,0.0,0.2448137670909948,0,0
10,11440,0.0,0.0,0.24496288441145284,0,0
11,12480,0.0,0.0,0.24279031207437674,0,0
12,13520,0.0,0.0,0.24218703670758465,0,0
13,14560,0.0,0.0,0.24097531965506988,0,0
14,15600,0.0,0.0,0.24021447721179623,0,0
15,16640,0.0,0.0,0.23806957667205556,0,0
16,17680,0.0,0.0,0.2382234991321003,0,0
17,18720,0.0,0.0,0.2403668632005241,0,0
18,19760,0.0,0.0,0.24112716247547708,0,0
19,20800,0.0,0.0,0.2428656009473061,0,0
20,21840,0.0,0.0,0.24414143202880587,0,0
21,22880,0.0,0.0,0.2442162417374882,0,0
22,23920,0.0,0.0,0.24263965404893076,0,0
23,24960,0.0,0.0,0.24082336843357724,0,0
24,26000,0.0,0.0,0.2383773110752109,0,0
25,27040,0.0,0.0,0.2382234991321003,0,0
26,28080,0.0,0.0,0.23714371437143714,0,0
27,29120,0.0,0.0,0.2348896127397756,0,0
28,30160,0.0,0.0,0.23551379351885315,0,0
29,31200,0.0,0.0,0.2348896127397756,0,0
30,32240,0.0,0.0,0.23213743701815093,0,0
31,33280,0.0,0.0,0.2318999028182702,0,0
32,34320,0.0,0.0,0.23142405448133285,0,0
33,35360,0.0,0.0,0.23142405448133285,0,0
34,36400,0.0,0.0,0.23022986403268095,0,0
35,37440,0.0,0.0,0.23015001829491402,0,0
36,38480,0.0,0.0,0.22926978307363277,0,0
37,39520,0.0,0.0,0.22926978307363277,0,0
38,40560,0.0,0.0,0.2283859906931178,0,0
39,41600,0.0,0.0,0.22798308512594226,0,0
40,42640,0.0,0.0,0.2268509984639017,0,0
41,43680,0.0,0.0,0.22555000924385282,0,0
42,44720,0.0,0.0,0.22440531356194007,0,0
43,45760,0.0,0.0,0.22126812270549437,0,0
44,46800,0.0,0.0,0.21774851050486047,0,0
45,47840,0.0,0.0,0.2158826122551798,0,0
46,48880,0.0,0.0,0.21537103587415674,0,0
47,49920,0.0,0.0,0.21485829703970208,0,0
48,50960,0.0,0.0,0.21460149046355945,0,0
49,52000,0.0,0.0,0.21400113830392717,0,0
