t,bytes_sent,utility,pheromone,f1_val,agg_count,rollback
0,1040,0.0,0.0,0.7007562037352997,0,0
1,2080,0.0,0.0,0.9816704223582675,0,0
2,3120,0.0,0.0,0.8080900140268662,0,0
3,4160,0.0,0.0,0.9963080443113621,0,0
4,5200,0.0,0.0,0.9894240174195466,0,0
5,6240,0.0,0.0,0.8681107307890337,0,0
6,7280,0.0,0.0,0.7661199287726144,0,0
7,8320,0.0,0.0,0.9271277280624232,0,0
8,9360,0.0,0.0,0.9610750853994537,0,0
9,10400,0.0,0.0,0.7873937027802422,0,0
10,11440,0.0,0.0,0.7811342107880256,0,0
11,12480,0.0,0.0,0.7677357162928001,0,0
12,13520,0.0,0.0,0.7770400834344025,0,0
13,14560,0.0,0.0,0.7663146205644704,0,0
14,15600,0.0,0.0,0.7400145366005352,0,0
15,16640,0.0,0.0,0.7326581804991624,0,0
16,17680,0.0,0.0,0.7310577085624402,0,0
17,18720,0.0,0.0,0.7262036459145993,0,0
18,19760,0.0,0.0,0.7379313426118551,0,0
19,20800,0.0,0.0,0.7256593551211685,0,0
20,21840,0.0,0.0,0.7184909653330583,0,0
21,22880,0.0,0.0,0.7262036459145993,0,0
22,23920,0.0,0.0,0.7179322976533679,0,0
23,24960,0.0,0.0,0.7179322976533679,0,0
24,26000,0.0,0.0,0.7168117936215314,0,0
25,27040,0.0,0.0,0.7134246545561308,0,0
26,28080,0.0,0.0,0.7173725750247049,0,0
27,29120,0.0,0.0,0.715687039104514,0,0
28,30160,0.0,0.0,0.7128563531778559,0,0
29,31200,0.0,0.0,0.7134246545561308,0,0
30,32240,0.0,0.0,0.7128563531778559,0,0
31,33280,0.0,0.0,0.7122869618013219,0,0
32,34320,0.0,0.0,0.7134246545561308,0,0
33,35360,0.0,0.0,0.7117164764446386,0,0
34,36400,0.0,0.0,0.7117164764446386,0,0
35,37440,0.0,0.0,0.7117164764446386,0,0
36,38480,0.0,0.0,0.7117164764446386,0,0
37,39520,0.0,0.0,0.7117164764446386,0,0
38,40560,0.0,0.0,0.7117164764446386,0,0
39,41600,0.0,0.0,0.7117164764446386,0,0
40,42640,0.0,0.0,0.7117164764446386,0,0
41,43680,0.0,0.0,0.7117164764446386,0,0
42,44720,0.0,0.0,0.7117164764446386,0,0
43,45760,0.0,0.0,0.7117164764446386,0,0
44,46800,0.0,0.0,0.7117164764446386,0,0
45,47840,0.0,0.0,0.7117164764446386,0,0
46,48880,0.0,0.0,0.7117164764446386,0,0
47,49920,0.0,0.0,0.7117164764446386,0,0
48,50960,0.0,0.0,0.7117164764446386,0,0
49,52000,0.0,0.0,0.7117164764446386,0,0
