t,bytes_sent,utility,pheromone,f1_val,agg_count,rollback
0,1040,0.0,0.0,0.7452915361456429,0,0
1,2080,0.0,0.0,0.6190737143516286,0,0
2,3120,0.0,0.0,0.6620985948133431,0,0
3,4160,0.0,0.0,0.9587174822865481,0,0
4,5200,0.0,0.0,0.8227446460499935,0,0
5,6240,0.0,0.0,0.8224872665547072,0,0
6,7280,0.0,0.0,0.8185377352942819,0,0
7,8320,0.0,0.0,0.9230435721679715,0,0
8,9360,0.0,0.0,0.7272026392347501,0,0
9,10400,0.0,0.0,0.9318696149896664,0,0
10,11440,0.0,0.0,0.9197077336063729,0,0
11,12480,0.0,0.0,0.9575423769267171,0,0
12,13520,0.0,0.0,0.9588592863034133,0,0
13,14560,0.0,0.0,0.9575802510653904,0,0
14,15600,0.0,0.0,0.9372256172597226,0,0
15,16640,0.0,0.0,0.920696492546339,0,0
16,17680,0.0,0.0,0.9209893320544494,0,0
17,18720,0.0,0.0,0.9181177726506834,0,0
18,19760,0.0,0.0,0.9181177726506834,0,0
19,20800,0.0,0.0,0.9149968408270868,0,0
20,21840,0.0,0.0,0.9096959094324861,0,0
21,22880,0.0,0.0,0.9150637474524912,0,0
22,23920,0.0,0.0,0.9076262014516552,0,0
23,24960,0.0,0.0,0.9076262014516552,0,0
24,26000,0.0,0.0,0.9016288679096593,0,0
25,27040,0.0,0.0,0.9070410279677241,0,0
26,28080,0.0,0.0,0.8977052989203721,0,0
27,29120,0.0,0.0,0.8990509283836091,0,0
28,30160,0.0,0.0,0.8970705738447723,0,0
29,31200,0.0,0.0,0.8932750672569414,0,0
30,32240,0.0,0.0,0.8877760436323531,0,0
31,33280,0.0,0.0,0.8861243860081125,0,0
32,34320,0.0,0.0,0.8806098221955864,0,0
33,35360,0.0,0.0,0.8792372265524605,0,0
34,36400,0.0,0.0,0.8770379126442022,0,0
35,37440,0.0,0.0,0.8866821222353373,0,0
36,38480,0.0,0.0,0.867488669662194,0,0
37,39520,0.0,0.0,0.8764517658372575,0,0
38,40560,0.0,0.0,0.872204283925502,0,0
39,41600,0.0,0.0,0.871911008350772,0,0
40,42640,0.0,0.0,0.8691872199359288,0,0
41,43680,0.0,0.0,0.8685074600863233,0,0
42,44720,0.0,0.0,0.8736174420788452,0,0
43,45760,0.0,0.0,0.8678281548989266,0,0
44,46800,0.0,0.0,0.869527273510039,0,0
45,47840,0.0,0.0,0.8638981989712193,0,0
46,48880,0.0,0.0,0.8618689889780481,0,0
47,49920,0.0,0.0,0.8642367450676101,0,0
48,50960,0.0,0.0,0.8595952210974352,0,0
49,52000,0.0,0.0,0.8689876317582642,0,0
