t,bytes_sent,utility,pheromone,f1_val,agg_count,rollback
0,1040,0.0,0.0,0.2872868841455229,0,0
1,2080,0.0,0.0,0.3239393939393939,0,0
2,3120,0.0,0.0,0.32401303326513603,0,0
3,4160,0.0,0.0,0.3239393939393939,0,0
4,5200,0.0,0.0,0.323865788078467,0,0
5,6240,0.0,0.0,0.3236451710566152,0,0
6,7280,0.0,0.0,0.3237230419977299,0,0
7,8320,0.0,0.0,0.3237230419977299,0,0
8,9360,0.0,0.0,0.3237230419977299,0,0
9,10400,0.0,0.0,0.3237230419977299,0,0
10,11440,0.0,0.0,0.3237230419977299,0,0
11,12480,0.0,0.0,0.3237230419977299,0,0
12,13520,0.0,0.0,0.3237230419977299,0,0
13,14560,0.0,0.0,0.3230629814227458,0,0
14,15600,0.0,0.0,0.3221142986220917,0,0
15,16640,0.0,0.0,0.3167481119502443,0,0
16,17680,0.0,0.0,0.31299385425812115,0,0
17,18720,0.0,0.0,0.3066007310255859,0,0
18,19760,0.0,0.0,0.30372736954206603,0,0
19,20800,0.0,0.0,0.30078042607044925,0,0
20,21840,0.0,0.0,0.2975792988313856,0,0
21,22880,0.0,0.0,0.2967124427798585,0,0
22,23920,0.0,0.0,0.2950548313676805,0,0
23,24960,0.0,0.0,0.29517698199130615,0,0
24,26000,0.0,0.0,0.2946280991735537,0,0
25,27040,0.0,0.0,0.2950548313676805,0,0
26,28080,0.0,0.0,0.29536039768019884,0,0
27,29120,0.0,0.0,0.2948717948717949,0,0
28,30160,0.0,0.0,0.2948717948717949,0,0
29,31200,0.0,0.0,0.2960963455149502,0,0
30,32240,0.0,0.0,0.2973311092577148,0,0
31,33280,0.0,0.0,0.2972691265374192,0,0
32,34320,0.0,0.0,0.2972071696540225,0,0
33,35360,0.0,0.0,0.2972071696540225,0,0
34,36400,0.0,0.0,0.2970833333333333,0,0
35,37440,0.0,0.0,0.2970214538637784,0,0
36,38480,0.0,0.0,0.29640407399709,0,0
37,39520,0.0,0.0,0.2959120149408591,0,0
38,40560,0.0,0.0,0.29396000824572255,0,0
39,41600,0.0,0.0,0.29221311475409834,0,0
40,42640,0.0,0.0,0.2909016727866177,0,0
41,43680,0.0,0.0,0.2889564336372847,0,0
42,44720,0.0,0.0,0.28767399636877145,0,0
43,45760,0.0,0.0,0.2858861267040898,0,0
44,46800,0.0,0.0,0.28321747765640515,0,0
45,47840,0.0,0.0,0.2819296164491894,0,0
46,48880,0.0,0.0,0.281040599132834,0,0
47,49920,0.0,0.0,0.2807086614173228,0,0
48,50960,0.0,0.0,0.28048780487804875,0,0
49,52000,0.0,0.0,0.28048780487804875,0,0
