t,bytes_sent,utility,pheromone,f1_val,agg_count,rollback
0,1040,0.0,0.0,0.15246506211180125,0,0
1,2080,0.0,0.0,0.20391650024080257,0,0
2,3120,0.0,0.0,0.19690643201973623,0,0
3,4160,0.0,0.0,0.709278574101416,0,0
4,5200,0.0,0.0,0.7249929436906514,0,0
5,6240,0.0,0.0,0.7398638011723391,0,0
6,7280,0.0,0.0,0.8647134432103194,0,0
7,8320,0.0,0.0,0.9680346347536424,0,0
8,9360,0.0,0.0,0.9724934671984596,0,0
9,10400,0.0,0.0,0.9711015072029181,0,0
10,11440,0.0,0.0,0.9750065818341378,0,0
11,12480,0.0,0.0,0.9591295400735793,0,0
12,13520,0.0,0.0,0.976403757920035,0,0
13,14560,0.0,0.0,0.9347382277803188,0,0
14,15600,0.0,0.0,0.9881676475311233,0,0
15,16640,0.0,0.0,0.8802710430239479,0,0
16,17680,0.0,0.0,0.9694249053781077,0,0
17,18720,0.0,0.0,0.9895727643736743,0,0
18,19760,0.0,0.0,0.9772396877091583,0,0
19,20800,0.0,0.0,0.5076334234360181,0,0
20,21840,0.0,0.0,0.9685920155793574,0,0
21,22880,0.0,0.0,0.9032396788990826,0,0
22,23920,0.0,0.0,0.9722175255497036,0,0
23,24960,0.0,0.0,0.9602414136386261,0,0
24,26000,0.0,0.0,0.9513553408480945,0,0
25,27040,0.0,0.0,0.9602414136386261,0,0
26,28080,0.0,0.0,0.9580180018807936,0,0
27,29120,0.0,0.0,0.9134588561248845,0,0
28,30160,0.0,0.0,0.8605365730335518,0,0
29,31200,0.0,0.0,0.6296234943911106,0,0
30,32240,0.0,0.0,0.9336319379721985,0,0
31,33280,0.0,0.0,0.9402721061432279,0,0
32,34320,0.0,0.0,0.9452566806866252,0,0
33,35360,0.0,0.0,0.9519101577365465,0,0
34,36400,0.0,0.0,0.9555182231908121,0,0
35,37440,0.0,0.0,0.9585737295865988,0,0
36,38480,0.0,0.0,0.9599634133414381,0,0
37,39520,0.0,0.0,0.9610755440147776,0,0
38,40560,0.0,0.0,0.9621880249475009,0,0
39,41600,0.0,0.0,0.9624662009072846,0,0
40,42640,0.0,0.0,0.9627443994242344,0,0
41,43680,0.0,0.0,0.9627443994242344,0,0
42,44720,0.0,0.0,0.9635791316517891,0,0
43,45760,0.0,0.0,0.9641357350353086,0,0
44,46800,0.0,0.0,0.9641357350353086,0,0
45,47840,0.0,0.0,0.9638574217313556,0,0
46,48880,0.0,0.0,0.9638574217313556,0,0
47,49920,0.0,0.0,0.9635791316517891,0,0
48,50960,0.0,0.0,0.9633008646630672,0,0
49,52000,0.0,0.0,0.9633008646630672,0,0
