t,bytes_sent,utility,pheromone,f1_val,agg_count,rollback
0,1040,0.0,0.0,0.3020011161604082,0,0
1,2080,0.0,0.0,0.29259259259259257,0,0
2,3120,0.0,0.0,0.2970875559207523,0,0
3,4160,0.0,0.0,0.2921918767507003,0,0
4,5200,0.0,0.0,0.28825007854225576,0,0
5,6240,0.0,0.0,0.2810044893378227,0,0
6,7280,0.0,0.0,0.2675176173381199,0,0
7,8320,0.0,0.0,0.26274893894874307,0,0
8,9360,0.0,0.0,0.26208154226911556,0,0
9,10400,0.0,0.0,0.2618768710139268,0,0
10,11440,0.0,0.0,0.2618768710139268,0,0
11,12480,0.0,0.0,0.2618257531394365,0,0
12,13520,0.0,0.0,0.2618257531394365,0,0
13,14560,0.0,0.0,0.26192800885243767,0,0
14,15600,0.0,0.0,0.26280041797283177,0,0
15,16640,0.0,0.0,0.2642500656685054,0,0
16,17680,0.0,0.0,0.2645627876397107,0,0
17,18720,0.0,0.0,0.2635750311128578,0,0
18,19760,0.0,0.0,0.26274893894874307,0,0
19,20800,0.0,0.0,0.26203034446832063,0,0
20,21840,0.0,0.0,0.2617235772357724,0,0
21,22880,0.0,0.0,0.2616214810480463,0,0
22,23920,0.0,0.0,0.26151946448300517,0,0
23,24960,0.0,0.0,0.26151946448300517,0,0
24,26000,0.0,0.0,0.26151946448300517,0,0
25,27040,0.0,0.0,0.26151946448300517,0,0
26,28080,0.0,0.0,0.26151946448300517,0,0
27,29120,0.0,0.0,0.26151946448300517,0,0
28,30160,0.0,0.0,0.26151946448300517,0,0
29,31200,0.0,0.0,0.26151946448300517,0,0
30,32240,0.0,0.0,0.26151946448300517,0,0
31,33280,0.0,0.0,0.26157046281851276,0,0
32,34320,0.0,0.0,0.2616214810480463,0,0
33,35360,0.0,0.0,0.2616214810480463,0,0
34,36400,0.0,0.0,0.2616725191832488,0,0
35,37440,0.0,0.0,0.2617235772357724,0,0
36,38480,0.0,0.0,0.2617235772357724,0,0
37,39520,0.0,0.0,0.2617235772357724,0,0
38,40560,0.0,0.0,0.26177465521727816,0,0
39,41600,0.0,0.0,0.26192800885243767,0,0
40,42640,0.0,0.0,0.2621839979150378,0,0
41,43680,0.0,0.0,0.2623891497130934,0,0
42,44720,0.0,0.0,0.2624918460534899,0,0
43,45760,0.0,0.0,0.26295497614846763,0,0
44,46800,0.0,0.0,0.26326463853451093,0,0
45,47840,0.0,0.0,0.26373050203172105,0,0
46,48880,0.0,0.0,0.26466719284398843,0,0
47,49920,0.0,0.0,0.2656631676239519,0,0
48,50960,0.0,0.0,0.2658738024446647,0,0
49,52000,0.0,0.0,0.2658738024446647,0,0
