t,bytes_sent,utility,pheromone,f1_val,agg_count,rollback
0,1040,0.0,0.0,0.5962708299572111,0,0
1,2080,0.0,0.0,0.5992859307393589,0,0
2,3120,0.0,0.0,0.5801381057835735,0,0
3,4160,0.0,0.0,0.5830765933298443,0,0
4,5200,0.0,0.0,0.6337468415659524,0,0
5,6240,0.0,0.0,0.744859280382814,0,0
6,7280,0.0,0.0,0.7610502247762947,0,0
7,8320,0.0,0.0,0.590822984689574,0,0
8,9360,0.0,0.0,0.6180636323524713,0,0
9,10400,0.0,0.0,0.6373779949782024,0,0
10,11440,0.0,0.0,0.7469099252137321,0,0
11,12480,0.0,0.0,0.7182960304821375,0,0
12,13520,0.0,0.0,0.7585324566624618,0,0
13,14560,0.0,0.0,0.7308059949002659,0,0
14,15600,0.0,0.0,0.7016000436304977,0,0
15,16640,0.0,0.0,0.5405388584219337,0,0
16,17680,0.0,0.0,0.7799798852249546,0,0
17,18720,0.0,0.0,0.6913671007864727,0,0
18,19760,0.0,0.0,0.6433724901368262,0,0
19,20800,0.0,0.0,0.7105189521180073,0,0
20,21840,0.0,0.0,0.7415394052774134,0,0
21,22880,0.0,0.0,0.6576848997953153,0,0
22,23920,0.0,0.0,0.686077122575425,0,0
23,24960,0.0,0.0,0.5820680248404649,0,0
24,26000,0.0,0.0,0.5410983099481103,0,0
25,27040,0.0,0.0,0.5758290683898304,0,0
26,28080,0.0,0.0,0.6085070266006171,0,0
27,29120,0.0,0.0,0.7407329585146448,0,0
28,30160,0.0,0.0,0.6562290705526077,0,0
29,31200,0.0,0.0,0.7330091813911147,0,0
30,32240,0.0,0.0,0.61020773000959,0,0
31,33280,0.0,0.0,0.760949335038237,0,0
32,34320,0.0,0.0,0.6910389461766593,0,0
33,35360,0.0,0.0,0.6652167192538636,0,0
34,36400,0.0,0.0,0.6129401831056958,0,0
35,37440,0.0,0.0,0.805491792435326,0,0
36,38480,0.0,0.0,0.7957276331111589,0,0
37,39520,0.0,0.0,0.7248031439048394,0,0
38,40560,0.0,0.0,0.7280673551377016,0,0
39,41600,0.0,0.0,0.7708883725314012,0,0
40,42640,0.0,0.0,0.7656139410941851,0,0
41,43680,0.0,0.0,0.7544178502841009,0,0
42,44720,0.0,0.0,0.7446852139044539,0,0
43,45760,0.0,0.0,0.7640133059991772,0,0
44,46800,0.0,0.0,0.7432941944022182,0,0
45,47840,0.0,0.0,0.7047066897070775,0,0
46,48880,0.0,0.0,0.7065509668880564,0,0
47,49920,0.0,0.0,0.7925838319546774,0,0
48,50960,0.0,0.0,0.7702744142233947,0,0
49,52000,0.0,0.0,0.7404222062978794,0,0
