t,bytes_sent,utility,pheromone,f1_val,agg_count,rollback
0,1040,0.0,0.0,0.8349657759916502,0,0
1,2080,0.0,0.0,0.9063049713055896,0,0
2,3120,0.0,0.0,0.997608451264256,0,0
3,4160,0.0,0.0,0.9153290940303871,0,0
4,5200,0.0,0.0,0.9158750956504511,0,0
5,6240,0.0,0.0,0.9175064881592451,0,0
6,7280,0.0,0.0,0.9373662215316299,0,0
7,8320,0.0,0.0,0.9609005530216239,0,0
8,9360,0.0,0.0,0.963673021959537,0,0
9,10400,0.0,0.0,0.9650161697831341,0,0
10,11440,0.0,0.0,0.9645581127540742,0,0
11,12480,0.0,0.0,0.9631797254307167,0,0
12,13520,0.0,0.0,0.9631797254307167,0,0
13,14560,0.0,0.0,0.9622572545594251,0,0
14,15600,0.0,0.0,0.9627188467701365,0,0
15,16640,0.0,0.0,0.9613319163268346,0,0
16,17680,0.0,0.0,0.9613319163268346,0,0
17,18720,0.0,0.0,0.960868163687112,0,0
18,19760,0.0,0.0,0.9557181728069406,0,0
19,20800,0.0,0.0,0.9547720080576734,0,0
20,21840,0.0,0.0,0.9533469656134488,0,0
21,22880,0.0,0.0,0.9501499226487637,0,0
22,23920,0.0,0.0,0.9533469656134488,0,0
23,24960,0.0,0.0,0.9538227572151834,0,0
24,26000,0.0,0.0,0.9542977701730246,0,0
25,27040,0.0,0.0,0.9542977701730246,0,0
26,28080,0.0,0.0,0.9533469656134488,0,0
27,29120,0.0,0.0,0.9530759756497796,0,0
28,30160,0.0,0.0,0.951644250605898,0,0
29,31200,0.0,0.0,0.9507155439845832,0,0
30,32240,0.0,0.0,0.9526297339738764,0,0
31,33280,0.0,0.0,0.9529515823847603,0,0
32,34320,0.0,0.0,0.9534273894446471,0,0
33,35360,0.0,0.0,0.9534273894446471,0,0
34,36400,0.0,0.0,0.9534273894446471,0,0
35,37440,0.0,0.0,0.9534273894446471,0,0
36,38480,0.0,0.0,0.9534273894446471,0,0
37,39520,0.0,0.0,0.9539024194336001,0,0
38,40560,0.0,0.0,0.9539024194336001,0,0
39,41600,0.0,0.0,0.9543766759131765,0,0
40,42640,0.0,0.0,0.9548501624283318,0,0
41,43680,0.0,0.0,0.9548501624283318,0,0
42,44720,0.0,0.0,0.9567364791687378,0,0
43,45760,0.0,0.0,0.9586107558304175,0,0
44,46800,0.0,0.0,0.9586107558304175,0,0
45,47840,0.0,0.0,0.9567364791687378,0,0
46,48880,0.0,0.0,0.9586107558304175,0,0
47,49920,0.0,0.0,0.9572061684624897,0,0
48,50960,0.0,0.0,0.958143303369516,0,0
49,52000,0.0,0.0,0.9586107558304175,0,0
