t,bytes_sent,utility,pheromone,f1_val,agg_count,rollback
0,1040,0.0,0.0,0.14063745019920318,0,0
1,2080,0.0,0.0,0.14063745019920318,0,0
2,3120,0.0,0.0,0.14063745019920318,0,0
3,4160,0.0,0.0,0.14063745019920318,0,0
4,5200,0.0,0.0,0.14063745019920318,0,0
5,6240,0.0,0.0,0.14063745019920318,0,0
6,7280,0.0,0.0,0.14063745019920318,0,0
7,8320,0.0,0.0,0.14063745019920318,0,0
8,9360,0.0,0.0,0.14063745019920318,0,0
9,10400,0.0,0.0,0.14063745019920318,0,0
10,11440,0.0,0.0,0.32358231322074776,0,0
11,12480,0.0,0.0,0.41526982732562534,0,0
12,13520,0.0,0.0,0.3863391668029321,0,0
13,14560,0.0,0.0,0.38390971391914225,0,0
14,15600,0.0,0.0,0.3838217466300758,0,0
15,16640,0.0,0.0,0.38575682625275765,0,0
16,17680,0.0,0.0,0.4118272669498808,0,0
17,18720,0.0,0.0,0.5468202241468392,0,0
18,19760,0.0,0.0,0.5548427824289257,0,0
19,20800,0.0,0.0,0.6010640622079908,0,0
20,21840,0.0,0.0,0.547828320245056,0,0
21,22880,0.0,0.0,0.5682841517164237,0,0
22,23920,0.0,0.0,0.5434094996921378,0,0
23,24960,0.0,0.0,0.5371452326688849,0,0
24,26000,0.0,0.0,0.641944961791134,0,0
25,27040,0.0,0.0,0.9265974493341476,0,0
26,28080,0.0,0.0,0.6041883509917373,0,0
27,29120,0.0,0.0,0.9770820771079197,0,0
28,30160,0.0,0.0,0.9908744055700841,0,0
29,31200,0.0,0.0,0.9410247981382432,0,0
30,32240,0.0,0.0,0.8437015490203172,0,0
31,33280,0.0,0.0,0.8513755748167495,0,0
32,34320,0.0,0.0,0.9896461946230658,0,0
33,35360,0.0,0.0,0.9911069169203253,0,0
34,36400,0.0,0.0,0.9544243219802939,0,0
35,37440,0.0,0.0,0.991330160227093,0,0
36,38480,0.0,0.0,0.8560805196190325,0,0
37,39520,0.0,0.0,0.8468593722377831,0,0
38,40560,0.0,0.0,0.8465862926409087,0,0
39,41600,0.0,0.0,0.8410762262860892,0,0
40,42640,0.0,0.0,0.9913687001057281,0,0
41,43680,0.0,0.0,0.9904761226159192,0,0
42,44720,0.0,0.0,0.8327738225623864,0,0
43,45760,0.0,0.0,0.9891640457746546,0,0
44,46800,0.0,0.0,0.9049576427526486,0,0
45,47840,0.0,0.0,0.9147035709099056,0,0
46,48880,0.0,0.0,0.9063459220820351,0,0
47,49920,0.0,0.0,0.9059760669581138,0,0
48,50960,0.0,0.0,0.9356668884522608,0,0
49,52000,0.0,0.0,0.9396071925005274,0,0
