t,bytes_sent,utility,pheromone,f1_val,agg_count,rollback
0,4160,0.0,0.0,0.9953378152466963,0,0
1,8320,0.0,0.0,0.9974310505072961,0,0
2,12480,0.0,0.0,0.994470429891246,0,0
3,16640,0.0,0.0,0.997222386716132,0,0
4,20800,0.0,0.0,0.9940522555841613,0,0
5,24960,0.0,0.0,0.9967584991393483,0,0
6,29120,0.0,0.0,0.9967358680170888,0,0
7,33280,0.0,0.0,0.9537658767585036,0,0
8,37440,0.0,0.0,0.9982111419559175,0,0
9,41600,0.0,0.0,0.9977998904431125,0,0
10,45760,0.0,0.0,0.9977998904431125,0,0
11,49920,0.0,0.0,0.9982111419559175,0,0
12,54080,0.0,0.0,0.9982111419559175,0,0
13,58240,0.0,0.0,0.9984539900362299,0,0
14,62400,0.0,0.0,0.9537403825239941,0,0
15,66560,0.0,0.0,0.9975569145249968,0,0
16,70720,0.0,0.0,0.9817173157496082,0,0
17,74880,0.0,0.0,0.9978195179672185,0,0
18,79040,0.0,0.0,0.9982111419559175,0,0
19,83200,0.0,0.0,0.9982111419559175,0,0
20,87360,0.0,0.0,0.9982111419559175,0,0
21,91520,0.0,0.0,0.9982111419559175,0,0
22,95680,0.0,0.0,0.9982111419559175,0,0
23,99840,0.0,0.0,0.9984539900362299,0,0
24,104000,0.0,0.0,0.9982111419559175,0,0
25,108160,0.0,0.0,0.9984539900362299,0,0
26,112320,0.0,0.0,0.9971461492914482,0,0
27,116480,0.0,0.0,0.9977975102598944,0,0
28,120640,0.0,0.0,0.9841987144357723,0,0
29,124800,0.0,0.0,0.8956680210041419,0,0
30,128960,0.0,0.0,0.9832578148609996,0,0
31,133120,0.0,0.0,0.9980403583402068,0,0
32,137280,0.0,0.0,0.9951640411578171,0,0
33,141440,0.0,0.0,0.9879934744902219,0,0
34,145600,0.0,0.0,0.9842103052854931,0,0
35,149760,0.0,0.0,0.9910241268403409,0,0
36,153920,0.0,0.0,0.9943941412579365,0,0
37,158080,0.0,0.0,0.9872354351498016,0,0
38,162240,0.0,0.0,0.9985205830887355,0,0
39,166400,0.0,0.0,0.9977931822927959,0,0
40,170560,0.0,0.0,0.9980847028057478,0,0
41,174720,0.0,0.0,0.9968260833127502,0,0
42,178880,0.0,0.0,0.9958604628083765,0,0
43,183040,0.0,0.0,0.9987633044505082,0,0
44,187200,0.0,0.0,0.9980646300492297,0,0
45,191360,0.0,0.0,0.9980646300492297,0,0
46,195520,0.0,0.0,0.9980646300492297,0,0
47,199680,0.0,0.0,0.9980646300492297,0,0
48,203840,0.0,0.0,0.9980646300492297,0,0
49,208000,0.0,0.0,0.9970950151374725,0,0
