t,bytes_sent,utility,pheromone,f1_val,agg_count,rollback
0,1040,0.0,0.0,0.9935252750776847,0,0
1,2080,0.0,0.0,0.9910860494090681,0,0
2,3120,0.0,0.0,0.9930990485370332,0,0
3,4160,0.0,0.0,0.9940342119076258,0,0
4,5200,0.0,0.0,0.9891462001880631,0,0
5,6240,0.0,0.0,0.9929361822751569,0,0
6,7280,0.0,0.0,0.9906918744815704,0,0
7,8320,0.0,0.0,0.9895694841884839,0,0
8,9360,0.0,0.0,0.9924932660920454,0,0
9,10400,0.0,0.0,0.986754467488032,0,0
10,11440,0.0,0.0,0.970210785794227,0,0
11,12480,0.0,0.0,0.9839293661190681,0,0
12,13520,0.0,0.0,0.9938693923431187,0,0
13,14560,0.0,0.0,0.9855582322204043,0,0
14,15600,0.0,0.0,0.9929570848330327,0,0
15,16640,0.0,0.0,0.9933203573669679,0,0
16,17680,0.0,0.0,0.9785663295359763,0,0
17,18720,0.0,0.0,0.9828881407542347,0,0
18,19760,0.0,0.0,0.9821945100650118,0,0
19,20800,0.0,0.0,0.9839321928135557,0,0
20,21840,0.0,0.0,0.9134891627740582,0,0
21,22880,0.0,0.0,0.963681857684129,0,0
22,23920,0.0,0.0,0.8088843201391767,0,0
23,24960,0.0,0.0,0.8650695090626499,0,0
24,26000,0.0,0.0,0.8673219138804232,0,0
25,27040,0.0,0.0,0.8528985474864503,0,0
26,28080,0.0,0.0,0.9958019312538845,0,0
27,29120,0.0,0.0,0.875173631607247,0,0
28,30160,0.0,0.0,0.8484587275049349,0,0
29,31200,0.0,0.0,0.847473848075328,0,0
30,32240,0.0,0.0,0.8423118178916555,0,0
31,33280,0.0,0.0,0.8418208487485496,0,0
32,34320,0.0,0.0,0.8428028884612011,0,0
33,35360,0.0,0.0,0.8418208487485496,0,0
34,36400,0.0,0.0,0.8386317605374528,0,0
35,37440,0.0,0.0,0.8378962937579234,0,0
36,38480,0.0,0.0,0.8398579107321407,0,0
37,39520,0.0,0.0,0.837651172590403,0,0
38,40560,0.0,0.0,0.8344659247972854,0,0
39,41600,0.0,0.0,0.837651172590403,0,0
40,42640,0.0,0.0,0.8342209916987886,0,0
41,43680,0.0,0.0,0.8366708476605211,0,0
42,44720,0.0,0.0,0.8334862504748887,0,0
43,45760,0.0,0.0,0.8342209916987886,0,0
44,46800,0.0,0.0,0.8366708476605211,0,0
45,47840,0.0,0.0,0.8342209916987886,0,0
46,48880,0.0,0.0,0.8320169882629778,0,0
47,49920,0.0,0.0,0.8329964668157095,0,0
48,50960,0.0,0.0,0.8329964668157095,0,0
49,52000,0.0,0.0,0.8337311549948832,0,0
