t,bytes_sent,utility,pheromone,f1_val,agg_count,rollback
0,1040,0.0,0.0,0.258595205963627,0,0
1,2080,0.0,0.0,0.2908628682518319,0,0
2,3120,0.0,0.0,0.27599451303155004,0,0
3,4160,0.0,0.0,0.26009954107685346,0,0
4,5200,0.0,0.0,0.26050365766815564,0,0
5,6240,0.0,0.0,0.260351966873706,0,0
6,7280,0.0,0.0,0.26065552532711495,0,0
7,8320,0.0,0.0,0.2608582911966809,0,0
8,9360,0.0,0.0,0.2697774202198981,0,0
9,10400,0.0,0.0,0.2740211099761662,0,0
10,11440,0.0,0.0,0.27599451303155004,0,0
11,12480,0.0,0.0,0.2767347500171928,0,0
12,13520,0.0,0.0,0.2769972451790634,0,0
13,14560,0.0,0.0,0.277341056406013,0,0
14,15600,0.0,0.0,0.2775476387738194,0,0
15,16640,0.0,0.0,0.27763957987838583,0,0
16,17680,0.0,0.0,0.27763957987838583,0,0
17,18720,0.0,0.0,0.27763957987838583,0,0
18,19760,0.0,0.0,0.2777547352412553,0,0
19,20800,0.0,0.0,0.2777547352412553,0,0
20,21840,0.0,0.0,0.2777547352412553,0,0
21,22880,0.0,0.0,0.2776971456216739,0,0
22,23920,0.0,0.0,0.27763957987838583,0,0
23,24960,0.0,0.0,0.27763957987838583,0,0
24,26000,0.0,0.0,0.27763957987838583,0,0
25,27040,0.0,0.0,0.27763957987838583,0,0
26,28080,0.0,0.0,0.27763957987838583,0,0
27,29120,0.0,0.0,0.27758203799654574,0,0
28,30160,0.0,0.0,0.27758203799654574,0,0
29,31200,0.0,0.0,0.27758203799654574,0,0
30,32240,0.0,0.0,0.27766266058847905,0,0
31,33280,0.0,0.0,0.27766266058847905,0,0
32,34320,0.0,0.0,0.27766266058847905,0,0
33,35360,0.0,0.0,0.2775476387738194,0,0
34,36400,0.0,0.0,0.2773752846201614,0,0
35,37440,0.0,0.0,0.277317880794702,0,0
36,38480,0.0,0.0,0.2772031443938767,0,0
37,39520,0.0,0.0,0.27714581178903824,0,0
38,40560,0.0,0.0,0.27697395618023973,0,0
39,41600,0.0,0.0,0.2769167183302335,0,0
40,42640,0.0,0.0,0.2768595041322314,0,0
41,43680,0.0,0.0,0.2768595041322314,0,0
42,44720,0.0,0.0,0.2768595041322314,0,0
43,45760,0.0,0.0,0.2768595041322314,0,0
44,46800,0.0,0.0,0.2768595041322314,0,0
45,47840,0.0,0.0,0.2769167183302335,0,0
46,48880,0.0,0.0,0.27697395618023973,0,0
47,49920,0.0,0.0,0.2769167183302335,0,0
48,50960,0.0,0.0,0.27697395618023973,0,0
49,52000,0.0,0.0,0.2770312176969196,0,0
