t,bytes_sent,utility,pheromone,f1_val,agg_count,rollback
0,1040,0.0,0.0,0.3567939207526687,0,0
1,2080,0.0,0.0,0.3567939207526687,0,0
2,3120,0.0,0.0,0.3567939207526687,0,0
3,4160,0.0,0.0,0.3567939207526687,0,0
4,5200,0.0,0.0,0.1829313543599258,0,0
5,6240,0.0,0.0,0.24811273276295923,0,0
6,7280,0.0,0.0,0.3914921573458159,0,0
7,8320,0.0,0.0,0.6507607523674578,0,0
8,9360,0.0,0.0,0.4884566154294493,0,0
9,10400,0.0,0.0,0.48957478653858977,0,0
10,11440,0.0,0.0,0.6525676983691372,0,0
11,12480,0.0,0.0,0.4897459646070351,0,0
12,13520,0.0,0.0,0.6527960859746443,0,0
13,14560,0.0,0.0,0.6529101671602354,0,0
14,15600,0.0,0.0,0.6529946194760469,0,0
15,16640,0.0,0.0,0.6524533918009432,0,0
16,17680,0.0,0.0,0.6526819297356417,0,0
17,18720,0.0,0.0,0.6511910349234543,0,0
18,19760,0.0,0.0,0.5823732466354863,0,0
19,20800,0.0,0.0,0.5906285192610256,0,0
20,21840,0.0,0.0,0.33316438587599256,0,0
21,22880,0.0,0.0,0.33324883819180395,0,0
22,23920,0.0,0.0,0.33324883819180395,0,0
23,24960,0.0,0.0,0.33324883819180395,0,0
24,26000,0.0,0.0,0.3333333333333333,0,0
25,27040,0.0,0.0,0.33324883819180395,0,0
26,28080,0.0,0.0,0.33324883819180395,0,0
27,29120,0.0,0.0,0.33324883819180395,0,0
28,30160,0.0,0.0,0.33324883819180395,0,0
29,31200,0.0,0.0,0.3333333333333333,0,0
30,32240,0.0,0.0,0.33316421444275324,0,0
31,33280,0.0,0.0,0.33324879533350243,0,0
32,34320,0.0,0.0,0.33324879533350243,0,0
33,35360,0.0,0.0,0.33324879533350243,0,0
34,36400,0.0,0.0,0.33324879533350243,0,0
35,37440,0.0,0.0,0.33324879533350243,0,0
36,38480,0.0,0.0,0.33324879533350243,0,0
37,39520,0.0,0.0,0.33324879533350243,0,0
38,40560,0.0,0.0,0.3333333333333333,0,0
39,41600,0.0,0.0,0.33324879533350243,0,0
40,42640,0.0,0.0,0.33324879533350243,0,0
41,43680,0.0,0.0,0.33324879533350243,0,0
42,44720,0.0,0.0,0.33324879533350243,0,0
43,45760,0.0,0.0,0.33316421444275324,0,0
44,46800,0.0,0.0,0.33316421444275324,0,0
45,47840,0.0,0.0,0.33324879533350243,0,0
46,48880,0.0,0.0,0.33324879533350243,0,0
47,49920,0.0,0.0,0.33163438668025824,0,0
48,50960,0.0,0.0,0.33146353901070885,0,0
49,52000,0.0,0.0,0.3315489846206135,0,0
