t,bytes_sent,utility,pheromone,f1_val,agg_count,rollback
0,1040,0.0,0.0,0.10450549450549451,0,0
1,2080,0.0,0.0,0.13995598239295717,0,0
2,3120,0.0,0.0,0.13995598239295717,0,0
3,4160,0.0,0.0,0.13995598239295717,0,0
4,5200,0.0,0.0,0.13995598239295717,0,0
5,6240,0.0,0.0,0.13995598239295717,0,0
6,7280,0.0,0.0,0.13995598239295717,0,0
7,8320,0.0,0.0,0.13995598239295717,0,0
8,9360,0.0,0.0,0.13995598239295717,0,0
9,10400,0.0,0.0,0.13995598239295717,0,0
10,11440,0.0,0.0,0.13995598239295717,0,0
11,12480,0.0,0.0,0.4153007362546016,0,0
12,13520,0.0,0.0,0.4164753255908322,0,0
13,14560,0.0,0.0,0.3728657005221765,0,0
14,15600,0.0,0.0,0.37306606018310795,0,0
15,16640,0.0,0.0,0.3728657005221765,0,0
16,17680,0.0,0.0,0.3729322731464855,0,0
17,18720,0.0,0.0,0.3729322731464855,0,0
18,19760,0.0,0.0,0.3727983816295533,0,0
19,20800,0.0,0.0,0.4066130456824921,0,0
20,21840,0.0,0.0,0.7008870418344522,0,0
21,22880,0.0,0.0,0.7009086045093338,0,0
22,23920,0.0,0.0,0.7141742661762565,0,0
23,24960,0.0,0.0,0.7011506828958344,0,0
24,26000,0.0,0.0,0.7009086045093338,0,0
25,27040,0.0,0.0,0.7009086045093338,0,0
26,28080,0.0,0.0,0.7002083712808352,0,0
27,29120,0.0,0.0,0.7138229449839267,0,0
28,30160,0.0,0.0,0.7008920463502527,0,0
29,31200,0.0,0.0,0.9953878401539481,0,0
30,32240,0.0,0.0,0.9317256887341449,0,0
31,33280,0.0,0.0,0.9930461454137609,0,0
32,34320,0.0,0.0,0.9941380936044745,0,0
33,35360,0.0,0.0,0.9915995590959052,0,0
34,36400,0.0,0.0,0.9939919029218467,0,0
35,37440,0.0,0.0,0.7217767185822042,0,0
36,38480,0.0,0.0,0.9896558900940475,0,0
37,39520,0.0,0.0,0.9340787718911225,0,0
38,40560,0.0,0.0,0.9923167377520978,0,0
39,41600,0.0,0.0,0.9939919029218467,0,0
40,42640,0.0,0.0,0.990736079195671,0,0
41,43680,0.0,0.0,0.9936253371144965,0,0
42,44720,0.0,0.0,0.9932673365348732,0,0
43,45760,0.0,0.0,0.9914588715117574,0,0
44,46800,0.0,0.0,0.7274737456816167,0,0
45,47840,0.0,0.0,0.9784469650889858,0,0
46,48880,0.0,0.0,0.993632801855294,0,0
47,49920,0.0,0.0,0.9936253371144965,0,0
48,50960,0.0,0.0,0.9661039633081008,0,0
49,52000,0.0,0.0,0.9932673365348732,0,0
