t,bytes_sent,utility,pheromone,f1_val,agg_count,rollback
0,1040,0.0,0.0,0.997841853906109,0,0
1,2080,0.0,0.0,0.9940171545096366,0,0
2,3120,0.0,0.0,0.9477161062804406,0,0
3,4160,0.0,0.0,0.9969788439352044,0,0
4,5200,0.0,0.0,0.9390759460171892,0,0
5,6240,0.0,0.0,0.9971404074438908,0,0
6,7280,0.0,0.0,0.8564572186499122,0,0
7,8320,0.0,0.0,0.9938092796660458,0,0
8,9360,0.0,0.0,0.9775125222132376,0,0
9,10400,0.0,0.0,0.9309753195940609,0,0
10,11440,0.0,0.0,0.9703927217064412,0,0
11,12480,0.0,0.0,0.9703927217064412,0,0
12,13520,0.0,0.0,0.972635352153997,0,0
13,14560,0.0,0.0,0.9748617503507411,0,0
14,15600,0.0,0.0,0.9748617503507411,0,0
15,16640,0.0,0.0,0.975305114833096,0,0
16,17680,0.0,0.0,0.9748617503507411,0,0
17,18720,0.0,0.0,0.977072286436673,0,0
18,19760,0.0,0.0,0.9783911452843572,0,0
19,20800,0.0,0.0,0.9788295382635729,0,0
20,21840,0.0,0.0,0.9779521408796699,0,0
21,22880,0.0,0.0,0.9788295382635729,0,0
22,23920,0.0,0.0,0.9831804551218077,0,0
23,24960,0.0,0.0,0.9788295382635729,0,0
24,26000,0.0,0.0,0.9799474771486759,0,0
25,27040,0.0,0.0,0.983403969631265,0,0
26,28080,0.0,0.0,0.8582137859192491,0,0
27,29120,0.0,0.0,0.9963106585872605,0,0
28,30160,0.0,0.0,0.9589225446300758,0,0
29,31200,0.0,0.0,0.941074419119618,0,0
30,32240,0.0,0.0,0.9416094802299144,0,0
31,33280,0.0,0.0,0.9416094802299144,0,0
32,34320,0.0,0.0,0.947995559798403,0,0
33,35360,0.0,0.0,0.9504139876593508,0,0
34,36400,0.0,0.0,0.971740268844387,0,0
35,37440,0.0,0.0,0.9965536345053762,0,0
36,38480,0.0,0.0,0.9974109942678281,0,0
37,39520,0.0,0.0,0.9307015616088806,0,0
38,40560,0.0,0.0,0.8997525543730432,0,0
39,41600,0.0,0.0,0.9413551728233229,0,0
40,42640,0.0,0.0,0.8490509432447957,0,0
41,43680,0.0,0.0,0.9575619867974365,0,0
42,44720,0.0,0.0,0.8627165005026054,0,0
43,45760,0.0,0.0,0.874386723385987,0,0
44,46800,0.0,0.0,0.8761065954191614,0,0
45,47840,0.0,0.0,0.9660191545717911,0,0
46,48880,0.0,0.0,0.9288971183703991,0,0
47,49920,0.0,0.0,0.8796228840010644,0,0
48,50960,0.0,0.0,0.9919056390555392,0,0
49,52000,0.0,0.0,0.89296893431691,0,0
