t,bytes_sent,utility,pheromone,f1_val,agg_count,rollback
0,1040,0.0,0.0,0.16682566181731456,0,0
1,2080,0.0,0.0,0.37587870803381696,0,0
2,3120,0.0,0.0,0.43458916243652745,0,0
3,4160,0.0,0.0,0.7142366873364445,0,0
4,5200,0.0,0.0,0.42266693760322427,0,0
5,6240,0.0,0.0,0.13995598239295717,0,0
6,7280,0.0,0.0,0.13995598239295717,0,0
7,8320,0.0,0.0,0.13995598239295717,0,0
8,9360,0.0,0.0,0.146996634333723,0,0
9,10400,0.0,0.0,0.4158888197469405,0,0
10,11440,0.0,0.0,0.41593493692345573,0,0
11,12480,0.0,0.0,0.7140170479737811,0,0
12,13520,0.0,0.0,0.7140170479737811,0,0
13,14560,0.0,0.0,0.7139521677339791,0,0
14,15600,0.0,0.0,0.7138874667974482,0,0
15,16640,0.0,0.0,0.7009086045093338,0,0
16,17680,0.0,0.0,0.3727983816295533,0,0
17,18720,0.0,0.0,0.7009036394045793,0,0
18,19760,0.0,0.0,0.7009479489522377,0,0
19,20800,0.0,0.0,0.7139521677339791,0,0
20,21840,0.0,0.0,0.7009086045093338,0,0
21,22880,0.0,0.0,0.7142391053978291,0,0
22,23920,0.0,0.0,0.6995055990847787,0,0
23,24960,0.0,0.0,0.7000296083205206,0,0
24,26000,0.0,0.0,0.7002053882669599,0,0
25,27040,0.0,0.0,0.7002025424693468,0,0
26,28080,0.0,0.0,0.7000296083205206,0,0
27,29120,0.0,0.0,0.7000296083205206,0,0
28,30160,0.0,0.0,0.7000239072424799,0,0
29,31200,0.0,0.0,0.9881265936825899,0,0
30,32240,0.0,0.0,0.9910860494090681,0,0
31,33280,0.0,0.0,0.9934464462379313,0,0
32,34320,0.0,0.0,0.9922069265978078,0,0
33,35360,0.0,0.0,0.9882077600002297,0,0
34,36400,0.0,0.0,0.9384710806131618,0,0
35,37440,0.0,0.0,0.9864258722700556,0,0
36,38480,0.0,0.0,0.9839526961539431,0,0
37,39520,0.0,0.0,0.9922069265978078,0,0
38,40560,0.0,0.0,0.9934667705418724,0,0
39,41600,0.0,0.0,0.9882077600002297,0,0
40,42640,0.0,0.0,0.9896426608072839,0,0
41,43680,0.0,0.0,0.9896426608072839,0,0
42,44720,0.0,0.0,0.990351025081079,0,0
43,45760,0.0,0.0,0.9896849108621378,0,0
44,46800,0.0,0.0,0.9893116490919741,0,0
45,47840,0.0,0.0,0.9918431215757397,0,0
46,48880,0.0,0.0,0.990351025081079,0,0
47,49920,0.0,0.0,0.9927572273717925,0,0
48,50960,0.0,0.0,0.9918431215757397,0,0
49,52000,0.0,0.0,0.9927572273717925,0,0
