t,bytes_sent,utility,pheromone,f1_val,agg_count,rollback
0,1040,0.0,0.0,0.17969768047954132,0,0
1,2080,0.0,0.0,0.14063745019920318,0,0
2,3120,0.0,0.0,0.14063745019920318,0,0
3,4160,0.0,0.0,0.14063745019920318,0,0
4,5200,0.0,0.0,0.14063745019920318,0,0
5,6240,0.0,0.0,0.14063745019920318,0,0
6,7280,0.0,0.0,0.14063745019920318,0,0
7,8320,0.0,0.0,0.14063745019920318,0,0
8,9360,0.0,0.0,0.17802831137880032,0,0
9,10400,0.0,0.0,0.4170779150236796,0,0
10,11440,0.0,0.0,0.26863991514903796,0,0
11,12480,0.0,0.0,0.39705421986536266,0,0
12,13520,0.0,0.0,0.42900935475266083,0,0
13,14560,0.0,0.0,0.34471365679830784,0,0
14,15600,0.0,0.0,0.41454209694851013,0,0
15,16640,0.0,0.0,0.5457852424702836,0,0
16,17680,0.0,0.0,0.4568357651564173,0,0
17,18720,0.0,0.0,0.555702100278982,0,0
18,19760,0.0,0.0,0.5514298161940621,0,0
19,20800,0.0,0.0,0.5736662292942029,0,0
20,21840,0.0,0.0,0.5981035118938629,0,0
21,22880,0.0,0.0,0.5608530360639669,0,0
22,23920,0.0,0.0,0.596199253837118,0,0
23,24960,0.0,0.0,0.9137270959021581,0,0
24,26000,0.0,0.0,0.948929958926398,0,0
25,27040,0.0,0.0,0.9205070457913153,0,0
26,28080,0.0,0.0,0.8582932987665304,0,0
27,29120,0.0,0.0,0.8399184209011265,0,0
28,30160,0.0,0.0,0.8454280475774246,0,0
29,31200,0.0,0.0,0.9621105497037503,0,0
30,32240,0.0,0.0,0.9367347173223042,0,0
31,33280,0.0,0.0,0.8699169832656326,0,0
32,34320,0.0,0.0,0.8523489240178901,0,0
33,35360,0.0,0.0,0.8463068098278954,0,0
34,36400,0.0,0.0,0.8337458244024745,0,0
35,37440,0.0,0.0,0.9210618013999398,0,0
36,38480,0.0,0.0,0.9392444363717548,0,0
37,39520,0.0,0.0,0.9866861226941066,0,0
38,40560,0.0,0.0,0.9899554179939685,0,0
39,41600,0.0,0.0,0.9390290883826258,0,0
40,42640,0.0,0.0,0.9189861505400473,0,0
41,43680,0.0,0.0,0.8590918968434247,0,0
42,44720,0.0,0.0,0.9375114261406866,0,0
43,45760,0.0,0.0,0.9333579212980573,0,0
44,46800,0.0,0.0,0.91982022247205,0,0
45,47840,0.0,0.0,0.8465030183539028,0,0
46,48880,0.0,0.0,0.9697548713606721,0,0
47,49920,0.0,0.0,0.9820844544940941,0,0
48,50960,0.0,0.0,0.9385642486151624,0,0
49,52000,0.0,0.0,0.9402544756865976,0,0
