t,bytes_sent,utility,pheromone,f1_val,agg_count,rollback
0,1040,0.0,0.0,0.7025125477263504,0,0
1,2080,0.0,0.0,0.580087672017205,0,0
2,3120,0.0,0.0,0.5905374145951032,0,0
3,4160,0.0,0.0,0.7176841769465221,0,0
4,5200,0.0,0.0,0.45765790064380685,0,0
5,6240,0.0,0.0,0.670658663021023,0,0
6,7280,0.0,0.0,0.7936428156583355,0,0
7,8320,0.0,0.0,0.7464352597955726,0,0
8,9360,0.0,0.0,0.7728364848855442,0,0
9,10400,0.0,0.0,0.7203820158019993,0,0
10,11440,0.0,0.0,0.7017699747223133,0,0
11,12480,0.0,0.0,0.8643567367371396,0,0
12,13520,0.0,0.0,0.8276404709827374,0,0
13,14560,0.0,0.0,0.8436443527015293,0,0
14,15600,0.0,0.0,0.8260809927164955,0,0
15,16640,0.0,0.0,0.8509083348884633,0,0
16,17680,0.0,0.0,0.8629850772037654,0,0
17,18720,0.0,0.0,0.8554302358036768,0,0
18,19760,0.0,0.0,0.840082668410888,0,0
19,20800,0.0,0.0,0.8275450904463308,0,0
20,21840,0.0,0.0,0.8289248557336939,0,0
21,22880,0.0,0.0,0.8263387531590001,0,0
22,23920,0.0,0.0,0.7935147448565215,0,0
23,24960,0.0,0.0,0.7024092683653588,0,0
24,26000,0.0,0.0,0.8889215300654397,0,0
25,27040,0.0,0.0,0.8879676537525832,0,0
26,28080,0.0,0.0,0.8916078013342489,0,0
27,29120,0.0,0.0,0.892024757235924,0,0
28,30160,0.0,0.0,0.9078899174717328,0,0
29,31200,0.0,0.0,0.8952322674548941,0,0
30,32240,0.0,0.0,0.773195046818064,0,0
31,33280,0.0,0.0,0.8823344540153272,0,0
32,34320,0.0,0.0,0.8854970632790491,0,0
33,35360,0.0,0.0,0.8005789868668557,0,0
34,36400,0.0,0.0,0.762561615437982,0,0
35,37440,0.0,0.0,0.8415865320635099,0,0
36,38480,0.0,0.0,0.7715221250268745,0,0
37,39520,0.0,0.0,0.8995272858610168,0,0
38,40560,0.0,0.0,0.8197559979719409,0,0
39,41600,0.0,0.0,0.9025194050416392,0,0
40,42640,0.0,0.0,0.9021892776228366,0,0
41,43680,0.0,0.0,0.896483954613759,0,0
42,44720,0.0,0.0,0.9033596721839299,0,0
43,45760,0.0,0.0,0.9156553919827111,0,0
44,46800,0.0,0.0,0.9154454457389642,0,0
45,47840,0.0,0.0,0.9176658521920558,0,0
46,48880,0.0,0.0,0.9145974132325501,0,0
47,49920,0.0,0.0,0.8538763288345248,0,0
48,50960,0.0,0.0,0.9109736629289842,0,0
49,52000,0.0,0.0,0.9095279450040497,0,0
