t,bytes_sent,utility,pheromone,f1_val,agg_count,rollback
0,1040,0.0,0.0,0.7013121503667978,0,0
1,2080,0.0,0.0,0.9391087012071078,0,0
2,3120,0.0,0.0,0.9150603665053801,0,0
3,4160,0.0,0.0,0.8343467042072324,0,0
4,5200,0.0,0.0,0.9180528225646505,0,0
5,6240,0.0,0.0,0.9839148683338996,0,0
6,7280,0.0,0.0,0.9180528225646505,0,0
7,8320,0.0,0.0,0.9181231124189266,0,0
8,9360,0.0,0.0,0.8270555898014011,0,0
9,10400,0.0,0.0,0.9903951731349667,0,0
10,11440,0.0,0.0,0.8333207601042704,0,0
11,12480,0.0,0.0,0.8307319288339219,0,0
12,13520,0.0,0.0,0.9127591387953711,0,0
13,14560,0.0,0.0,0.9141457208743291,0,0
14,15600,0.0,0.0,0.9124759515857944,0,0
15,16640,0.0,0.0,0.8329943771205914,0,0
16,17680,0.0,0.0,0.8304513445530081,0,0
17,18720,0.0,0.0,0.9101146759661224,0,0
18,19760,0.0,0.0,0.9134114400513699,0,0
19,20800,0.0,0.0,0.9122867295183498,0,0
20,21840,0.0,0.0,0.8335132754217766,0,0
21,22880,0.0,0.0,0.9117700405398805,0,0
22,23920,0.0,0.0,0.9144479628558576,0,0
23,24960,0.0,0.0,0.8314533790650362,0,0
24,26000,0.0,0.0,0.8314533790650362,0,0
25,27040,0.0,0.0,0.9043522323737562,0,0
26,28080,0.0,0.0,0.9134027153778747,0,0
27,29120,0.0,0.0,0.9128354007179517,0,0
28,30160,0.0,0.0,0.8725722426071951,0,0
29,31200,0.0,0.0,0.9116872504968401,0,0
30,32240,0.0,0.0,0.916324502178824,0,0
31,33280,0.0,0.0,0.9268505229171025,0,0
32,34320,0.0,0.0,0.9157125938298332,0,0
33,35360,0.0,0.0,0.9143327953685636,0,0
34,36400,0.0,0.0,0.9149882252755867,0,0
35,37440,0.0,0.0,0.9149882252755867,0,0
36,38480,0.0,0.0,0.9160650660563211,0,0
37,39520,0.0,0.0,0.9160650660563211,0,0
38,40560,0.0,0.0,0.9166223632619425,0,0
39,41600,0.0,0.0,0.9159203115808523,0,0
40,42640,0.0,0.0,0.9147583690376617,0,0
41,43680,0.0,0.0,0.9163900235142258,0,0
42,44720,0.0,0.0,0.9187958566773519,0,0
43,45760,0.0,0.0,0.9156712048479207,0,0
44,46800,0.0,0.0,0.9166390452479366,0,0
45,47840,0.0,0.0,0.9173197614874625,0,0
46,48880,0.0,0.0,0.9172360345706492,0,0
47,49920,0.0,0.0,0.9178532551656992,0,0
48,50960,0.0,0.0,0.920024704281639,0,0
49,52000,0.0,0.0,0.920291728282421,0,0
