t,bytes_sent,utility,pheromone,f1_val,agg_count,rollback
0,1040,0.0,0.0,0.9400060350697016,0,0
1,2080,0.0,0.0,0.9400279762960392,0,0
2,3120,0.0,0.0,0.9411462386273537,0,0
3,4160,0.0,0.0,0.9304490193719568,0,0
4,5200,0.0,0.0,0.9388690626195046,0,0
5,6240,0.0,0.0,0.9438589243999594,0,0
6,7280,0.0,0.0,0.919667579597993,0,0
7,8320,0.0,0.0,0.949746453562417,0,0
8,9360,0.0,0.0,0.9537762428273311,0,0
9,10400,0.0,0.0,0.9399017720280507,0,0
10,11440,0.0,0.0,0.9520052273976769,0,0
11,12480,0.0,0.0,0.9539071251878628,0,0
12,13520,0.0,0.0,0.9517367262333435,0,0
13,14560,0.0,0.0,0.9344937770062296,0,0
14,15600,0.0,0.0,0.9360658052127794,0,0
15,16640,0.0,0.0,0.93791829980579,0,0
16,17680,0.0,0.0,0.9269947825815322,0,0
17,18720,0.0,0.0,0.9309410632097321,0,0
18,19760,0.0,0.0,0.9373221869133612,0,0
19,20800,0.0,0.0,0.9334352981392589,0,0
20,21840,0.0,0.0,0.9374826117441358,0,0
21,22880,0.0,0.0,0.944218841167231,0,0
22,23920,0.0,0.0,0.9546365397812838,0,0
23,24960,0.0,0.0,0.9549933246965835,0,0
24,26000,0.0,0.0,0.954307861931332,0,0
25,27040,0.0,0.0,0.9363760726739014,0,0
26,28080,0.0,0.0,0.9324121320156694,0,0
27,29120,0.0,0.0,0.9310757778170579,0,0
28,30160,0.0,0.0,0.9368610556545183,0,0
29,31200,0.0,0.0,0.9302537363227745,0,0
30,32240,0.0,0.0,0.9272600151841469,0,0
31,33280,0.0,0.0,0.9345126944300095,0,0
32,34320,0.0,0.0,0.9365928909062994,0,0
33,35360,0.0,0.0,0.9279533526581452,0,0
34,36400,0.0,0.0,0.9374727784917065,0,0
35,37440,0.0,0.0,0.9363239617980708,0,0
36,38480,0.0,0.0,0.9404296343410244,0,0
37,39520,0.0,0.0,0.9539899078081784,0,0
38,40560,0.0,0.0,0.9510620355060764,0,0
39,41600,0.0,0.0,0.9415497120036005,0,0
40,42640,0.0,0.0,0.9554337365228526,0,0
41,43680,0.0,0.0,0.9546524212693954,0,0
42,44720,0.0,0.0,0.9397448900011256,0,0
43,45760,0.0,0.0,0.9370049966302723,0,0
44,46800,0.0,0.0,0.9372838804005638,0,0
45,47840,0.0,0.0,0.9379170584752606,0,0
46,48880,0.0,0.0,0.9342938422891648,0,0
47,49920,0.0,0.0,0.9366015757854411,0,0
48,50960,0.0,0.0,0.9366140303555899,0,0
49,52000,0.0,0.0,0.9374578791270997,0,0
