t,bytes_sent,utility,pheromone,f1_val,agg_count,rollback
0,1040,0.0,0.0,0.14142628205128205,0,0
1,2080,0.0,0.0,0.14142628205128205,0,0
2,3120,0.0,0.0,0.14142628205128205,0,0
3,4160,0.0,0.0,0.14142628205128205,0,0
4,5200,0.0,0.0,0.14142628205128205,0,0
5,6240,0.0,0.0,0.14142628205128205,0,0
6,7280,0.0,0.0,0.14142628205128205,0,0
7,8320,0.0,0.0,0.14142628205128205,0,0
8,9360,0.0,0.0,0.14142628205128205,0,0
9,10400,0.0,0.0,0.14142628205128205,0,0
10,11440,0.0,0.0,0.14142628205128205,0,0
11,12480,0.0,0.0,0.14142628205128205,0,0
12,13520,0.0,0.0,0.3915290094355506,0,0
13,14560,0.0,0.0,0.41745618053540323,0,0
14,15600,0.0,0.0,0.40058213795162395,0,0
15,16640,0.0,0.0,0.7061584391021896,0,0
16,17680,0.0,0.0,0.6170940774688174,0,0
17,18720,0.0,0.0,0.6690766940002271,0,0
18,19760,0.0,0.0,0.7062692570556668,0,0
19,20800,0.0,0.0,0.7017300538483877,0,0
20,21840,0.0,0.0,0.7069492151754729,0,0
21,22880,0.0,0.0,0.6628234998439301,0,0
22,23920,0.0,0.0,0.6764541436559064,0,0
23,24960,0.0,0.0,0.6837105819567952,0,0
24,26000,0.0,0.0,0.7072428994429236,0,0
25,27040,0.0,0.0,0.6779170710716781,0,0
26,28080,0.0,0.0,0.7076458513547825,0,0
27,29120,0.0,0.0,0.6760489355806614,0,0
28,30160,0.0,0.0,0.7059479087428548,0,0
29,31200,0.0,0.0,0.6213300079703657,0,0
30,32240,0.0,0.0,0.6784479297068373,0,0
31,33280,0.0,0.0,0.6955069345964312,0,0
32,34320,0.0,0.0,0.7076458513547825,0,0
33,35360,0.0,0.0,0.9580221586462052,0,0
34,36400,0.0,0.0,0.7093143785118198,0,0
35,37440,0.0,0.0,0.9328522152486746,0,0
36,38480,0.0,0.0,0.8234556075004085,0,0
37,39520,0.0,0.0,0.7961782309443949,0,0
38,40560,0.0,0.0,0.8075117992171396,0,0
39,41600,0.0,0.0,0.9606280385190102,0,0
40,42640,0.0,0.0,0.9315961078646011,0,0
41,43680,0.0,0.0,0.8165282722475465,0,0
42,44720,0.0,0.0,0.7885476194969043,0,0
43,45760,0.0,0.0,0.7704442280859758,0,0
44,46800,0.0,0.0,0.7452334455546921,0,0
45,47840,0.0,0.0,0.9470315653164869,0,0
46,48880,0.0,0.0,0.6070161550293441,0,0
47,49920,0.0,0.0,0.8223191480748729,0,0
48,50960,0.0,0.0,0.6199946242812895,0,0
49,52000,0.0,0.0,0.822033261633338,0,0
