t,bytes_sent,utility,pheromone,f1_val,agg_count,rollback
0,1040,0.0,0.0,0.10450549450549451,0,0
1,2080,0.0,0.0,0.09148694665153236,0,0
2,3120,0.0,0.0,0.37308219280302063,0,0
3,4160,0.0,0.0,0.416084496488008,0,0
4,5200,0.0,0.0,0.13995598239295717,0,0
5,6240,0.0,0.0,0.13995598239295717,0,0
6,7280,0.0,0.0,0.13995598239295717,0,0
7,8320,0.0,0.0,0.13995598239295717,0,0
8,9360,0.0,0.0,0.13995598239295717,0,0
9,10400,0.0,0.0,0.1575310375442101,0,0
10,11440,0.0,0.0,0.3914827863404925,0,0
11,12480,0.0,0.0,0.3726652774371328,0,0
12,13520,0.0,0.0,0.3726652774371328,0,0
13,14560,0.0,0.0,0.3726652774371328,0,0
14,15600,0.0,0.0,0.6095966195699862,0,0
15,16640,0.0,0.0,0.7123879741097118,0,0
16,17680,0.0,0.0,0.6998569671016995,0,0
17,18720,0.0,0.0,0.7008043295354164,0,0
18,19760,0.0,0.0,0.6996812786542299,0,0
19,20800,0.0,0.0,0.712411519400694,0,0
20,21840,0.0,0.0,0.6995055990847787,0,0
21,22880,0.0,0.0,0.7119642257408971,0,0
22,23920,0.0,0.0,0.700021262485383,0,0
23,24960,0.0,0.0,0.7140170479737811,0,0
24,26000,0.0,0.0,0.7034754952119731,0,0
25,27040,0.0,0.0,0.6999895055933546,0,0
26,28080,0.0,0.0,0.7139293602936292,0,0
27,29120,0.0,0.0,0.8479853275830582,0,0
28,30160,0.0,0.0,0.9932673365348732,0,0
29,31200,0.0,0.0,0.7139758603458082,0,0
30,32240,0.0,0.0,0.9899320089114061,0,0
31,33280,0.0,0.0,0.9940273225800647,0,0
32,34320,0.0,0.0,0.9945058427751525,0,0
33,35360,0.0,0.0,0.9939919029218467,0,0
34,36400,0.0,0.0,0.9889384063943332,0,0
35,37440,0.0,0.0,0.753186769389552,0,0
36,38480,0.0,0.0,0.992174240363445,0,0
37,39520,0.0,0.0,0.9925803045490724,0,0
38,40560,0.0,0.0,0.9732905253003096,0,0
39,41600,0.0,0.0,0.9932673365348732,0,0
40,42640,0.0,0.0,0.991097207355627,0,0
41,43680,0.0,0.0,0.9934886015238295,0,0
42,44720,0.0,0.0,0.9939919029218467,0,0
43,45760,0.0,0.0,0.9871538275294434,0,0
44,46800,0.0,0.0,0.9940342119076258,0,0
45,47840,0.0,0.0,0.993675047592855,0,0
46,48880,0.0,0.0,0.9889384063943332,0,0
47,49920,0.0,0.0,0.7137538225988359,0,0
48,50960,0.0,0.0,0.7140170479737811,0,0
49,52000,0.0,0.0,0.9878817827888313,0,0
