t,bytes_sent,utility,pheromone,f1_val,agg_count,rollback
0,4160,0.0,0.0,0.14035785288270378,0,0
1,8320,0.0,0.0,0.14035785288270378,0,0
2,12480,0.0,0.0,0.14035785288270378,0,0
3,16640,0.0,0.0,0.14035785288270378,0,0
4,20800,0.0,0.0,0.14035785288270378,0,0
5,24960,0.0,0.0,0.14035785288270378,0,0
6,29120,0.0,0.0,0.14035785288270378,0,0
7,33280,0.0,0.0,0.14035785288270378,0,0
8,37440,0.0,0.0,0.14035785288270378,0,0
9,41600,0.0,0.0,0.14035785288270378,0,0
10,45760,0.0,0.0,0.14035785288270378,0,0
11,49920,0.0,0.0,0.14035785288270378,0,0
12,54080,0.0,0.0,0.14035785288270378,0,0
13,58240,0.0,0.0,0.5291068371273366,0,0
14,62400,0.0,0.0,0.4467971066760961,0,0
15,66560,0.0,0.0,0.701576189693488,0,0
16,70720,0.0,0.0,0.6592810309332238,0,0
17,74880,0.0,0.0,0.7016841223542372,0,0
18,79040,0.0,0.0,0.7016841223542372,0,0
19,83200,0.0,0.0,0.7016841223542372,0,0
20,87360,0.0,0.0,0.7014411458502701,0,0
21,91520,0.0,0.0,0.7014411458502701,0,0
22,95680,0.0,0.0,0.9693128801094568,0,0
23,99840,0.0,0.0,0.9640558230863205,0,0
24,104000,0.0,0.0,0.9971652929977585,0,0
25,108160,0.0,0.0,0.9969975081576651,0,0
26,112320,0.0,0.0,0.9977975102598944,0,0
27,116480,0.0,0.0,0.9898416821095001,0,0
28,120640,0.0,0.0,0.9978195179672185,0,0
29,124800,0.0,0.0,0.9971652929977585,0,0
30,128960,0.0,0.0,0.9973862616479148,0,0
31,133120,0.0,0.0,0.9973891252095638,0,0
32,137280,0.0,0.0,0.9969755000837764,0,0
33,141440,0.0,0.0,0.9969755000837764,0,0
34,145600,0.0,0.0,0.9971432857297993,0,0
35,149760,0.0,0.0,0.9971432857297993,0,0
36,153920,0.0,0.0,0.9975545343417789,0,0
37,158080,0.0,0.0,0.9977998904431125,0,0
38,162240,0.0,0.0,0.9975569145249968,0,0
39,166400,0.0,0.0,0.9975569145249968,0,0
40,170560,0.0,0.0,0.9977975102598944,0,0
41,174720,0.0,0.0,0.9973891252095638,0,0
42,178880,0.0,0.0,0.9975569145249968,0,0
43,183040,0.0,0.0,0.9598566122980728,0,0
44,187200,0.0,0.0,0.9861408772591214,0,0
45,191360,0.0,0.0,0.9661568159377326,0,0
46,195520,0.0,0.0,0.9973891252095638,0,0
47,199680,0.0,0.0,0.9971461492914482,0,0
48,203840,0.0,0.0,0.9973891252095638,0,0
49,208000,0.0,0.0,0.9875652106262305,0,0
