t,bytes_sent,utility,pheromone,f1_val,agg_count,rollback
0,4160,0.0,0.0,0.6351837141476078,0,0
1,8320,0.0,0.0,0.49631880616078383,0,0
2,12480,0.0,0.0,0.6877666483128148,0,0
3,16640,0.0,0.0,0.7983732385306741,0,0
4,20800,0.0,0.0,0.6376228595556483,0,0
5,24960,0.0,0.0,0.8190887102573182,0,0
6,29120,0.0,0.0,0.5133028859449887,0,0
7,33280,0.0,0.0,0.8699601367574877,0,0
8,37440,0.0,0.0,0.8349085821288671,0,0
9,41600,0.0,0.0,0.8349085821288671,0,0
10,45760,0.0,0.0,0.8343096405158837,0,0
11,49920,0.0,0.0,0.8371440002554185,0,0
12,54080,0.0,0.0,0.828451604896109,0,0
13,58240,0.0,0.0,0.8314012000246888,0,0
14,62400,0.0,0.0,0.8366029806526649,0,0
15,66560,0.0,0.0,0.837775028079571,0,0
16,70720,0.0,0.0,0.8236114379736227,0,0
17,74880,0.0,0.0,0.8287470038639055,0,0
18,79040,0.0,0.0,0.8196391874151503,0,0
19,83200,0.0,0.0,0.82943933174661,0,0
20,87360,0.0,0.0,0.8059815288286348,0,0
21,91520,0.0,0.0,0.8668411801650282,0,0
22,95680,0.0,0.0,0.8578865721956042,0,0
23,99840,0.0,0.0,0.870231010922353,0,0
24,104000,0.0,0.0,0.8605168944413554,0,0
25,108160,0.0,0.0,0.867019858739817,0,0
26,112320,0.0,0.0,0.856352366019993,0,0
27,116480,0.0,0.0,0.8548596694316635,0,0
28,120640,0.0,0.0,0.8548596694316635,0,0
29,124800,0.0,0.0,0.8599232737486089,0,0
30,128960,0.0,0.0,0.8308288419220553,0,0
31,133120,0.0,0.0,0.8689818441711997,0,0
32,137280,0.0,0.0,0.8473487634839793,0,0
33,141440,0.0,0.0,0.8391871427641435,0,0
34,145600,0.0,0.0,0.8984478314270299,0,0
35,149760,0.0,0.0,0.8913108900757811,0,0
36,153920,0.0,0.0,0.8538097973386063,0,0
37,158080,0.0,0.0,0.9081397088777202,0,0
38,162240,0.0,0.0,0.8651506864352488,0,0
39,166400,0.0,0.0,0.8986433144638724,0,0
40,170560,0.0,0.0,0.8883202360154904,0,0
41,174720,0.0,0.0,0.8695888654963793,0,0
42,178880,0.0,0.0,0.9004507666699328,0,0
43,183040,0.0,0.0,0.8993997066077368,0,0
44,187200,0.0,0.0,0.8954797978419976,0,0
45,191360,0.0,0.0,0.8913340973993124,0,0
46,195520,0.0,0.0,0.889475607533566,0,0
47,199680,0.0,0.0,0.884563699459522,0,0
48,203840,0.0,0.0,0.8749436155844519,0,0
49,208000,0.0,0.0,0.8735930207511367,0,0
