t,bytes_sent,utility,pheromone,f1_val,agg_count,rollback
0,4160,0.0,0.0,0.04807943558923439,0,0
1,8320,0.0,0.0,0.08791994281629735,0,0
2,12480,0.0,0.0,0.1417771333885667,0,0
3,16640,0.0,0.0,0.1417771333885667,0,0
4,20800,0.0,0.0,0.1417771333885667,0,0
5,24960,0.0,0.0,0.1417771333885667,0,0
6,29120,0.0,0.0,0.1417771333885667,0,0
7,33280,0.0,0.0,0.1417771333885667,0,0
8,37440,0.0,0.0,0.1417771333885667,0,0
9,41600,0.0,0.0,0.1417771333885667,0,0
10,45760,0.0,0.0,0.1417771333885667,0,0
11,49920,0.0,0.0,0.1417771333885667,0,0
12,54080,0.0,0.0,0.1417771333885667,0,0
13,58240,0.0,0.0,0.4160938496492347,0,0
14,62400,0.0,0.0,0.417359413202934,0,0
15,66560,0.0,0.0,0.5940651175081677,0,0
16,70720,0.0,0.0,0.5813622113689565,0,0
17,74880,0.0,0.0,0.6006577265316989,0,0
18,79040,0.0,0.0,0.7145266022275867,0,0
19,83200,0.0,0.0,0.702131536414099,0,0
20,87360,0.0,0.0,0.6645701632478797,0,0
21,91520,0.0,0.0,0.6993326113135615,0,0
22,95680,0.0,0.0,0.699612579596673,0,0
23,99840,0.0,0.0,0.7008824004608912,0,0
24,104000,0.0,0.0,0.7041633639725945,0,0
25,108160,0.0,0.0,0.7073287215365354,0,0
26,112320,0.0,0.0,0.7071942885945585,0,0
27,116480,0.0,0.0,0.7062140216651513,0,0
28,120640,0.0,0.0,0.7071055138806523,0,0
29,124800,0.0,0.0,0.7036788943695871,0,0
30,128960,0.0,0.0,0.7123158013363609,0,0
31,133120,0.0,0.0,0.7074191923402702,0,0
32,137280,0.0,0.0,0.7031590258717665,0,0
33,141440,0.0,0.0,0.6984386522915209,0,0
34,145600,0.0,0.0,0.7010284598697447,0,0
35,149760,0.0,0.0,0.5467270744366022,0,0
36,153920,0.0,0.0,0.7191677938806309,0,0
37,158080,0.0,0.0,0.6738591436612289,0,0
38,162240,0.0,0.0,0.7095377796603743,0,0
39,166400,0.0,0.0,0.6390532346437682,0,0
40,170560,0.0,0.0,0.7124509628817237,0,0
41,174720,0.0,0.0,0.7205158451667717,0,0
42,178880,0.0,0.0,0.6228945610443011,0,0
43,183040,0.0,0.0,0.6245333284095588,0,0
44,187200,0.0,0.0,0.6556667792007662,0,0
45,191360,0.0,0.0,0.7207102262101182,0,0
46,195520,0.0,0.0,0.68428868670048,0,0
47,199680,0.0,0.0,0.7168159199306622,0,0
48,203840,0.0,0.0,0.7184415746597985,0,0
49,208000,0.0,0.0,0.719236740638729,0,0
