t,bytes_sent,utility,pheromone,f1_val,agg_count,rollback
0,4160,0.0,0.0,0.14205682272909165,0,0
1,8320,0.0,0.0,0.14205682272909165,0,0
2,12480,0.0,0.0,0.14205682272909165,0,0
3,16640,0.0,0.0,0.14205682272909165,0,0
4,20800,0.0,0.0,0.14205682272909165,0,0
5,24960,0.0,0.0,0.14205682272909165,0,0
6,29120,0.0,0.0,0.14205682272909165,0,0
7,33280,0.0,0.0,0.14205682272909165,0,0
8,37440,0.0,0.0,0.14205682272909165,0,0
9,41600,0.0,0.0,0.14205682272909165,0,0
10,45760,0.0,0.0,0.14205682272909165,0,0
11,49920,0.0,0.0,0.14205682272909165,0,0
12,54080,0.0,0.0,0.4171579869317734,0,0
13,58240,0.0,0.0,0.41683246609844005,0,0
14,62400,0.0,0.0,0.41671011811102343,0,0
15,66560,0.0,0.0,0.416587999573199,0,0
16,70720,0.0,0.0,0.41671011811102343,0,0
17,74880,0.0,0.0,0.416587999573199,0,0
18,79040,0.0,0.0,0.41671011811102343,0,0
19,83200,0.0,0.0,0.41671011811102343,0,0
20,87360,0.0,0.0,0.6014140878608318,0,0
21,91520,0.0,0.0,0.6091808520643,0,0
22,95680,0.0,0.0,0.6653942094986348,0,0
23,99840,0.0,0.0,0.3988222396067259,0,0
24,104000,0.0,0.0,0.6786692599611732,0,0
25,108160,0.0,0.0,0.42074268065422427,0,0
26,112320,0.0,0.0,0.6992194219695879,0,0
27,116480,0.0,0.0,0.37664784944384283,0,0
28,120640,0.0,0.0,0.6122201105520569,0,0
29,124800,0.0,0.0,0.5379208399465688,0,0
30,128960,0.0,0.0,0.6458101047774627,0,0
31,133120,0.0,0.0,0.6819103446509092,0,0
32,137280,0.0,0.0,0.5976885782905466,0,0
33,141440,0.0,0.0,0.6237616207360848,0,0
34,145600,0.0,0.0,0.6534435239542339,0,0
35,149760,0.0,0.0,0.41986934627073597,0,0
36,153920,0.0,0.0,0.5529629490084306,0,0
37,158080,0.0,0.0,0.6800721752335284,0,0
38,162240,0.0,0.0,0.5340175536278523,0,0
39,166400,0.0,0.0,0.6415495883955264,0,0
40,170560,0.0,0.0,0.43488317211400473,0,0
41,174720,0.0,0.0,0.6802463162045373,0,0
42,178880,0.0,0.0,0.49504070522439136,0,0
43,183040,0.0,0.0,0.6426243772767869,0,0
44,187200,0.0,0.0,0.4779831961811277,0,0
45,191360,0.0,0.0,0.6312610825833044,0,0
46,195520,0.0,0.0,0.5664136851359101,0,0
47,199680,0.0,0.0,0.6348957388571639,0,0
48,203840,0.0,0.0,0.6822982674316334,0,0
49,208000,0.0,0.0,0.503734215409745,0,0
