t,bytes_sent,utility,pheromone,f1_val,agg_count,rollback
0,1040,0.0,0.0,0.16760085807210576,0,0
1,2080,0.0,0.0,0.15390086053623497,0,0
2,3120,0.0,0.0,0.2476621943428007,0,0
3,4160,0.0,0.0,0.15321087854193363,0,0
4,5200,0.0,0.0,0.13152028533214447,0,0
5,6240,0.0,0.0,0.0,0,0
6,7280,0.0,0.0,0.37171224525344015,0,0
7,8320,0.0,0.0,0.18726741095162147,0,0
8,9360,0.0,0.0,0.14317868293037103,0,0
9,10400,0.0,0.0,0.1933070866141732,0,0
10,11440,0.0,0.0,0.15881731784582895,0,0
11,12480,0.0,0.0,0.16704757947226265,0,0
12,13520,0.0,0.0,0.1696293234118782,0,0
13,14560,0.0,0.0,0.1853482786228983,0,0
14,15600,0.0,0.0,0.18803078556263272,0,0
15,16640,0.0,0.0,0.1885066613640883,0,0
16,17680,0.0,0.0,0.1885066613640883,0,0
17,18720,0.0,0.0,0.18973952135396008,0,0
18,19760,0.0,0.0,0.18945557981080904,0,0
19,20800,0.0,0.0,0.1885066613640883,0,0
20,21840,0.0,0.0,0.18831642464027584,0,0
21,22880,0.0,0.0,0.18822124950258656,0,0
22,23920,0.0,0.0,0.18803078556263272,0,0
23,24960,0.0,0.0,0.187553961612539,0,0
24,26000,0.0,0.0,0.1868848097898377,0,0
25,27040,0.0,0.0,0.18640569868850276,0,0
26,28080,0.0,0.0,0.18602172030115263,0,0
27,29120,0.0,0.0,0.18486609229947237,0,0
28,30160,0.0,0.0,0.1842861919090605,0,0
29,31200,0.0,0.0,0.1845763164929163,0,0
30,32240,0.0,0.0,0.1845763164929163,0,0
31,33280,0.0,0.0,0.18312219317648637,0,0
32,34320,0.0,0.0,0.1824405960531615,0,0
33,35360,0.0,0.0,0.1828303152246814,0,0
34,36400,0.0,0.0,0.1828303152246814,0,0
35,37440,0.0,0.0,0.18126766249495355,0,0
36,38480,0.0,0.0,0.18224550094010206,0,0
37,39520,0.0,0.0,0.18312219317648637,0,0
38,40560,0.0,0.0,0.18389881549889578,0,0
39,41600,0.0,0.0,0.1842861919090605,0,0
40,42640,0.0,0.0,0.1842861919090605,0,0
41,43680,0.0,0.0,0.1847695390781563,0,0
42,44720,0.0,0.0,0.18525191858525192,0,0
43,45760,0.0,0.0,0.18496260683760682,0,0
44,46800,0.0,0.0,0.1850590827158021,0,0
45,47840,0.0,0.0,0.18525191858525192,0,0
46,48880,0.0,0.0,0.18573333333333333,0,0
47,49920,0.0,0.0,0.18630976161939006,0,0
48,50960,0.0,0.0,0.1868848097898377,0,0
49,52000,0.0,0.0,0.1868848097898377,0,0
