t,bytes_sent,utility,pheromone,f1_val,agg_count,rollback
0,1040,0.0,0.0,0.6030975363905615,0,0
1,2080,0.0,0.0,0.40704071955619053,0,0
2,3120,0.0,0.0,0.5893101990699465,0,0
3,4160,0.0,0.0,0.6552780267998026,0,0
4,5200,0.0,0.0,0.6320526567719752,0,0
5,6240,0.0,0.0,0.8964364398108106,0,0
6,7280,0.0,0.0,0.7890982721391142,0,0
7,8320,0.0,0.0,0.892705695024971,0,0
8,9360,0.0,0.0,0.9108197207737299,0,0
9,10400,0.0,0.0,0.9062566257825913,0,0
10,11440,0.0,0.0,0.90771259239398,0,0
11,12480,0.0,0.0,0.8477629953622132,0,0
12,13520,0.0,0.0,0.776162411890092,0,0
13,14560,0.0,0.0,0.8638229561067376,0,0
14,15600,0.0,0.0,0.8789074155095365,0,0
15,16640,0.0,0.0,0.8784459955431877,0,0
16,17680,0.0,0.0,0.8792733643723479,0,0
17,18720,0.0,0.0,0.879778942782489,0,0
18,19760,0.0,0.0,0.7600390572049498,0,0
19,20800,0.0,0.0,0.8855530128474347,0,0
20,21840,0.0,0.0,0.8875007774073196,0,0
21,22880,0.0,0.0,0.8577605097125194,0,0
22,23920,0.0,0.0,0.8713114851065513,0,0
23,24960,0.0,0.0,0.8891936406508193,0,0
24,26000,0.0,0.0,0.914869224533928,0,0
25,27040,0.0,0.0,0.9151059012916081,0,0
26,28080,0.0,0.0,0.8844477476206308,0,0
27,29120,0.0,0.0,0.8236036338316515,0,0
28,30160,0.0,0.0,0.5342978686074031,0,0
29,31200,0.0,0.0,0.9715124664514181,0,0
30,32240,0.0,0.0,0.8793286873407035,0,0
31,33280,0.0,0.0,0.8769996857463392,0,0
32,34320,0.0,0.0,0.8784358040468114,0,0
33,35360,0.0,0.0,0.8767124419120731,0,0
34,36400,0.0,0.0,0.8787230115115594,0,0
35,37440,0.0,0.0,0.878148591941418,0,0
36,38480,0.0,0.0,0.8775741515353621,0,0
37,39520,0.0,0.0,0.8775939260477613,0,0
38,40560,0.0,0.0,0.8401704173720261,0,0
39,41600,0.0,0.0,0.8798031916349988,0,0
40,42640,0.0,0.0,0.8612962285489898,0,0
41,43680,0.0,0.0,0.8780799283781038,0,0
42,44720,0.0,0.0,0.8783112711534201,0,0
43,45760,0.0,0.0,0.8795062506080236,0,0
44,46800,0.0,0.0,0.8068139744200854,0,0
45,47840,0.0,0.0,0.8713478041595453,0,0
46,48880,0.0,0.0,0.8602921289075517,0,0
47,49920,0.0,0.0,0.8644861708216204,0,0
48,50960,0.0,0.0,0.8607008852218447,0,0
49,52000,0.0,0.0,0.8642366676210351,0,0
