t,bytes_sent,utility,pheromone,f1_val,agg_count,rollback
0,1040,0.0,0.0,0.3343748239890673,0,0
1,2080,0.0,0.0,0.10386473429951691,0,0
2,3120,0.0,0.0,0.1955825818372356,0,0
3,4160,0.0,0.0,0.399969515373324,0,0
4,5200,0.0,0.0,0.14063745019920318,0,0
5,6240,0.0,0.0,0.14063745019920318,0,0
6,7280,0.0,0.0,0.14063745019920318,0,0
7,8320,0.0,0.0,0.14063745019920318,0,0
8,9360,0.0,0.0,0.14063745019920318,0,0
9,10400,0.0,0.0,0.14063745019920318,0,0
10,11440,0.0,0.0,0.41727255530994717,0,0
11,12480,0.0,0.0,0.41696372269722326,0,0
12,13520,0.0,0.0,0.3848316490840707,0,0
13,14560,0.0,0.0,0.3858148821820966,0,0
14,15600,0.0,0.0,0.4368574134873421,0,0
15,16640,0.0,0.0,0.6062816329094988,0,0
16,17680,0.0,0.0,0.5279734240664006,0,0
17,18720,0.0,0.0,0.672374647339804,0,0
18,19760,0.0,0.0,0.5994084676806641,0,0
19,20800,0.0,0.0,0.9032088012058808,0,0
20,21840,0.0,0.0,0.8457323592264836,0,0
21,22880,0.0,0.0,0.6545182229604121,0,0
22,23920,0.0,0.0,0.9090012799784055,0,0
23,24960,0.0,0.0,0.763057637777895,0,0
24,26000,0.0,0.0,0.8337961240030114,0,0
25,27040,0.0,0.0,0.8284465459496392,0,0
26,28080,0.0,0.0,0.9754315152233105,0,0
27,29120,0.0,0.0,0.9215272539657826,0,0
28,30160,0.0,0.0,0.8682241555340395,0,0
29,31200,0.0,0.0,0.9114845630566768,0,0
30,32240,0.0,0.0,0.8480646411175202,0,0
31,33280,0.0,0.0,0.9362161009207003,0,0
32,34320,0.0,0.0,0.905829725670318,0,0
33,35360,0.0,0.0,0.9400529383174889,0,0
34,36400,0.0,0.0,0.9360680820252373,0,0
35,37440,0.0,0.0,0.9396361980663657,0,0
36,38480,0.0,0.0,0.8890823051660262,0,0
37,39520,0.0,0.0,0.9400268703780881,0,0
38,40560,0.0,0.0,0.9670928059341527,0,0
39,41600,0.0,0.0,0.9913190644079727,0,0
40,42640,0.0,0.0,0.9404485799026342,0,0
41,43680,0.0,0.0,0.8833371046692992,0,0
42,44720,0.0,0.0,0.9906647403389832,0,0
43,45760,0.0,0.0,0.938760363426854,0,0
44,46800,0.0,0.0,0.9900110574449508,0,0
45,47840,0.0,0.0,0.9410001138639495,0,0
46,48880,0.0,0.0,0.9906684954946086,0,0
47,49920,0.0,0.0,0.9529426311983578,0,0
48,50960,0.0,0.0,0.885447750135375,0,0
49,52000,0.0,0.0,0.9349484401514525,0,0
