t,bytes_sent,utility,pheromone,f1_val,agg_count,rollback
0,1040,0.0,0.0,0.10477605118829982,0,0
1,2080,0.0,0.0,0.10477605118829982,0,0
2,3120,0.0,0.0,0.10477605118829982,0,0
3,4160,0.0,0.0,0.16711491442542786,0,0
4,5200,0.0,0.0,0.14714101461736886,0,0
5,6240,0.0,0.0,0.1417771333885667,0,0
6,7280,0.0,0.0,0.1417771333885667,0,0
7,8320,0.0,0.0,0.1417771333885667,0,0
8,9360,0.0,0.0,0.1417771333885667,0,0
9,10400,0.0,0.0,0.41617548827054024,0,0
10,11440,0.0,0.0,0.4168093390637936,0,0
11,12480,0.0,0.0,0.4167707259393586,0,0
12,13520,0.0,0.0,0.6099504143810222,0,0
13,14560,0.0,0.0,0.5772778220627997,0,0
14,15600,0.0,0.0,0.5863180794250119,0,0
15,16640,0.0,0.0,0.6231256895137217,0,0
16,17680,0.0,0.0,0.7142224911097961,0,0
17,18720,0.0,0.0,0.7005941134428538,0,0
18,19760,0.0,0.0,0.6986119754205011,0,0
19,20800,0.0,0.0,0.699612579596673,0,0
20,21840,0.0,0.0,0.7138380537093632,0,0
21,22880,0.0,0.0,0.6997928610448589,0,0
22,23920,0.0,0.0,0.699612579596673,0,0
23,24960,0.0,0.0,0.699612579596673,0,0
24,26000,0.0,0.0,0.7010391776630864,0,0
25,27040,0.0,0.0,0.7006147961933911,0,0
26,28080,0.0,0.0,0.7004343818556926,0,0
27,29120,0.0,0.0,0.7136991355682057,0,0
28,30160,0.0,0.0,0.6991717901214329,0,0
29,31200,0.0,0.0,0.6991717901214329,0,0
30,32240,0.0,0.0,0.6845825482445885,0,0
31,33280,0.0,0.0,0.6991717901214329,0,0
32,34320,0.0,0.0,0.6995324772707143,0,0
33,35360,0.0,0.0,0.7009735608554166,0,0
34,36400,0.0,0.0,0.6999714129314755,0,0
35,37440,0.0,0.0,0.7009860304245442,0,0
36,38480,0.0,0.0,0.7009716073376621,0,0
37,39520,0.0,0.0,0.7003323196347389,0,0
38,40560,0.0,0.0,0.7009640208170853,0,0
39,41600,0.0,0.0,0.7009756597039377,0,0
40,42640,0.0,0.0,0.7008737635735156,0,0
41,43680,0.0,0.0,0.7003323196347389,0,0
42,44720,0.0,0.0,0.707653276354863,0,0
43,45760,0.0,0.0,0.7009756597039377,0,0
44,46800,0.0,0.0,0.6445618172636165,0,0
45,47840,0.0,0.0,0.7009735608554166,0,0
46,48880,0.0,0.0,0.7047473205843546,0,0
47,49920,0.0,0.0,0.6812657191640229,0,0
48,50960,0.0,0.0,0.6861019913300487,0,0
49,52000,0.0,0.0,0.7083063065468749,0,0
