t,bytes_sent,utility,pheromone,f1_val,agg_count,rollback
0,1040,0.0,0.0,0.14205682272909165,0,0
1,2080,0.0,0.0,0.10429108604291086,0,0
2,3120,0.0,0.0,0.10429108604291086,0,0
3,4160,0.0,0.0,0.10429108604291086,0,0
4,5200,0.0,0.0,0.14205682272909165,0,0
5,6240,0.0,0.0,0.14205682272909165,0,0
6,7280,0.0,0.0,0.14205682272909165,0,0
7,8320,0.0,0.0,0.14205682272909165,0,0
8,9360,0.0,0.0,0.14205682272909165,0,0
9,10400,0.0,0.0,0.14205682272909165,0,0
10,11440,0.0,0.0,0.14205682272909165,0,0
11,12480,0.0,0.0,0.14205682272909165,0,0
12,13520,0.0,0.0,0.14205682272909165,0,0
13,14560,0.0,0.0,0.14809715049200786,0,0
14,15600,0.0,0.0,0.4171579869317734,0,0
15,16640,0.0,0.0,0.41703542715461484,0,0
16,17680,0.0,0.0,0.41671011811102343,0,0
17,18720,0.0,0.0,0.41679099637737954,0,0
18,19760,0.0,0.0,0.416587999573199,0,0
19,20800,0.0,0.0,0.41671011811102343,0,0
20,21840,0.0,0.0,0.416587999573199,0,0
21,22880,0.0,0.0,0.41671011811102343,0,0
22,23920,0.0,0.0,0.374766435523157,0,0
23,24960,0.0,0.0,0.6865158436548346,0,0
24,26000,0.0,0.0,0.6899070576778691,0,0
25,27040,0.0,0.0,0.39917712755833556,0,0
26,28080,0.0,0.0,0.6736122587613216,0,0
27,29120,0.0,0.0,0.3974838730480703,0,0
28,30160,0.0,0.0,0.6779721777234904,0,0
29,31200,0.0,0.0,0.43017831778557597,0,0
30,32240,0.0,0.0,0.4498625280111537,0,0
31,33280,0.0,0.0,0.6472350063970336,0,0
32,34320,0.0,0.0,0.5990944045896417,0,0
33,35360,0.0,0.0,0.5881474648782099,0,0
34,36400,0.0,0.0,0.5298647929077026,0,0
35,37440,0.0,0.0,0.47133386889656587,0,0
36,38480,0.0,0.0,0.6148586601555459,0,0
37,39520,0.0,0.0,0.48179621841916037,0,0
38,40560,0.0,0.0,0.6336208018730558,0,0
39,41600,0.0,0.0,0.5915267483375496,0,0
40,42640,0.0,0.0,0.6913499658813215,0,0
41,43680,0.0,0.0,0.559077251821828,0,0
42,44720,0.0,0.0,0.6841163025117286,0,0
43,45760,0.0,0.0,0.6195374813788705,0,0
44,46800,0.0,0.0,0.6411910020585685,0,0
45,47840,0.0,0.0,0.6356111442107473,0,0
46,48880,0.0,0.0,0.6124151939634439,0,0
47,49920,0.0,0.0,0.6552597591130449,0,0
48,50960,0.0,0.0,0.608393701002322,0,0
49,52000,0.0,0.0,0.566618641819087,0,0
