t,bytes_sent,utility,pheromone,f1_val,agg_count,rollback
0,4160,0.0,0.0,0.9980623665153463,0,0
1,8320,0.0,0.0,0.9969788439352044,0,0
2,12480,0.0,0.0,0.9961284317504399,0,0
3,16640,0.0,0.0,0.9969755000837764,0,0
4,20800,0.0,0.0,0.9969755000837764,0,0
5,24960,0.0,0.0,0.942057641702612,0,0
6,29120,0.0,0.0,0.9982111419559175,0,0
7,33280,0.0,0.0,0.9873793975172283,0,0
8,37440,0.0,0.0,0.997360667428709,0,0
9,41600,0.0,0.0,0.6358060964865812,0,0
10,45760,0.0,0.0,0.9742160909914447,0,0
11,49920,0.0,0.0,0.9870465201288174,0,0
12,54080,0.0,0.0,0.9746607273273783,0,0
13,58240,0.0,0.0,0.972635352153997,0,0
14,62400,0.0,0.0,0.9672250470145857,0,0
15,66560,0.0,0.0,0.9520352873385867,0,0
16,70720,0.0,0.0,0.9708425644148969,0,0
17,74880,0.0,0.0,0.8535573666191612,0,0
18,79040,0.0,0.0,0.8966107877928208,0,0
19,83200,0.0,0.0,0.8590510895787804,0,0
20,87360,0.0,0.0,0.9975765414632514,0,0
21,91520,0.0,0.0,0.9285522700552988,0,0
22,95680,0.0,0.0,0.9236293792804378,0,0
23,99840,0.0,0.0,0.9268624047426424,0,0
24,104000,0.0,0.0,0.8472408171237624,0,0
25,108160,0.0,0.0,0.856427009584914,0,0
26,112320,0.0,0.0,0.8597603752724652,0,0
27,116480,0.0,0.0,0.8687552966473825,0,0
28,120640,0.0,0.0,0.8628176760248045,0,0
29,124800,0.0,0.0,0.8680681312586961,0,0
30,128960,0.0,0.0,0.9252347838077445,0,0
31,133120,0.0,0.0,0.9076895897881614,0,0
32,137280,0.0,0.0,0.8876868482602825,0,0
33,141440,0.0,0.0,0.9052793711838747,0,0
34,145600,0.0,0.0,0.8881375712105722,0,0
35,149760,0.0,0.0,0.9749827254024834,0,0
36,153920,0.0,0.0,0.831665815618037,0,0
37,158080,0.0,0.0,0.8317107970722704,0,0
38,162240,0.0,0.0,0.8317520762067596,0,0
39,166400,0.0,0.0,0.8312559013395487,0,0
40,170560,0.0,0.0,0.8310353760174595,0,0
41,174720,0.0,0.0,0.8305383209453375,0,0
42,178880,0.0,0.0,0.8300403815937445,0,0
43,183040,0.0,0.0,0.8295415538679816,0,0
44,187200,0.0,0.0,0.8295415538679816,0,0
45,191360,0.0,0.0,0.8295415538679816,0,0
46,195520,0.0,0.0,0.8295415538679816,0,0
47,199680,0.0,0.0,0.8295415538679816,0,0
48,203840,0.0,0.0,0.8293210028649447,0,0
49,208000,0.0,0.0,0.8293210028649447,0,0
