t,bytes_sent,utility,pheromone,f1_val,agg_count,rollback
0,4160,0.0,0.0,0.6863486325485615,0,0
1,8320,0.0,0.0,0.7997299840648089,0,0
2,12480,0.0,0.0,0.8186923267637879,0,0
3,16640,0.0,0.0,0.7185900714445955,0,0
4,20800,0.0,0.0,0.7738489120344727,0,0
5,24960,0.0,0.0,0.7997625310953358,0,0
6,29120,0.0,0.0,0.8992864969420014,0,0
7,33280,0.0,0.0,0.7600557703418298,0,0
8,37440,0.0,0.0,0.8570123772725432,0,0
9,41600,0.0,0.0,0.932920249373405,0,0
10,45760,0.0,0.0,0.9035898329931226,0,0
11,49920,0.0,0.0,0.9001278620871102,0,0
12,54080,0.0,0.0,0.9580154252273259,0,0
13,58240,0.0,0.0,0.8652861207811237,0,0
14,62400,0.0,0.0,0.8896838437934479,0,0
15,66560,0.0,0.0,0.8705826983237588,0,0
16,70720,0.0,0.0,0.8854811265402605,0,0
17,74880,0.0,0.0,0.8880104684271586,0,0
18,79040,0.0,0.0,0.9078123655937564,0,0
19,83200,0.0,0.0,0.9166995809730943,0,0
20,87360,0.0,0.0,0.9158289981813578,0,0
21,91520,0.0,0.0,0.9164388161904472,0,0
22,95680,0.0,0.0,0.917240919474913,0,0
23,99840,0.0,0.0,0.9233915989265798,0,0
24,104000,0.0,0.0,0.9143430430321935,0,0
25,108160,0.0,0.0,0.9173129461875751,0,0
26,112320,0.0,0.0,0.9129528169122445,0,0
27,116480,0.0,0.0,0.9160637398554633,0,0
28,120640,0.0,0.0,0.822842619828925,0,0
29,124800,0.0,0.0,0.9095705272651988,0,0
30,128960,0.0,0.0,0.8323519752228027,0,0
31,133120,0.0,0.0,0.8282253604123743,0,0
32,137280,0.0,0.0,0.8265431856549097,0,0
33,141440,0.0,0.0,0.824219821101897,0,0
34,145600,0.0,0.0,0.8264419824195373,0,0
35,149760,0.0,0.0,0.8315589990502875,0,0
36,153920,0.0,0.0,0.8287487114680767,0,0
37,158080,0.0,0.0,0.8297487713261984,0,0
38,162240,0.0,0.0,0.8297477058486228,0,0
39,166400,0.0,0.0,0.8300074597800432,0,0
40,170560,0.0,0.0,0.8300074597800432,0,0
41,174720,0.0,0.0,0.8300074597800432,0,0
42,178880,0.0,0.0,0.8307839158303334,0,0
43,183040,0.0,0.0,0.8307839158303334,0,0
44,187200,0.0,0.0,0.8307839158303334,0,0
45,191360,0.0,0.0,0.8307839158303334,0,0
46,195520,0.0,0.0,0.8300074597800432,0,0
47,199680,0.0,0.0,0.8307839158303334,0,0
48,203840,0.0,0.0,0.8300074597800432,0,0
49,208000,0.0,0.0,0.8300074597800432,0,0
