t,bytes_sent,utility,pheromone,f1_val,agg_count,rollback
0,4160,0.0,0.0,0.9622971202719408,0,0
1,8320,0.0,0.0,0.6493798969723737,0,0
2,12480,0.0,0.0,0.6177230524171547,0,0
3,16640,0.0,0.0,0.7989095726433736,0,0
4,20800,0.0,0.0,0.8125663887393549,0,0
5,24960,0.0,0.0,0.82873239699654,0,0
6,29120,0.0,0.0,0.9861712416089655,0,0
7,33280,0.0,0.0,0.8291537985778749,0,0
8,37440,0.0,0.0,0.8570429475578961,0,0
9,41600,0.0,0.0,0.8914024336655072,0,0
10,45760,0.0,0.0,0.8089800606447106,0,0
11,49920,0.0,0.0,0.9355275147759325,0,0
12,54080,0.0,0.0,0.805254098861129,0,0
13,58240,0.0,0.0,0.8209842401401481,0,0
14,62400,0.0,0.0,0.907242471316487,0,0
15,66560,0.0,0.0,0.8275163204288685,0,0
16,70720,0.0,0.0,0.8436019853010015,0,0
17,74880,0.0,0.0,0.8055555991471,0,0
18,79040,0.0,0.0,0.7990423528339383,0,0
19,83200,0.0,0.0,0.7919994884591547,0,0
20,87360,0.0,0.0,0.798990784172296,0,0
21,91520,0.0,0.0,0.7978341870266007,0,0
22,95680,0.0,0.0,0.7952252448405714,0,0
23,99840,0.0,0.0,0.7911429962570096,0,0
24,104000,0.0,0.0,0.7928541416010362,0,0
25,108160,0.0,0.0,0.7916870406627797,0,0
26,112320,0.0,0.0,0.7896396240686248,0,0
27,116480,0.0,0.0,0.7884667333963145,0,0
28,120640,0.0,0.0,0.7875856240792936,0,0
29,124800,0.0,0.0,0.790202135538923,0,0
30,128960,0.0,0.0,0.7871453462143764,0,0
31,133120,0.0,0.0,0.7881390993467716,0,0
32,137280,0.0,0.0,0.7882103686336965,0,0
33,141440,0.0,0.0,0.7866959162558953,0,0
34,145600,0.0,0.0,0.7876879420490698,0,0
35,149760,0.0,0.0,0.7874253890297134,0,0
36,153920,0.0,0.0,0.7903647559758107,0,0
37,158080,0.0,0.0,0.7867981961090087,0,0
38,162240,0.0,0.0,0.7802883681051744,0,0
39,166400,0.0,0.0,0.959119317177697,0,0
40,170560,0.0,0.0,0.9569223191488564,0,0
41,174720,0.0,0.0,0.9354626214300685,0,0
42,178880,0.0,0.0,0.9240552154077134,0,0
43,183040,0.0,0.0,0.9248604259681792,0,0
44,187200,0.0,0.0,0.9281725835475045,0,0
45,191360,0.0,0.0,0.9252272156086667,0,0
46,195520,0.0,0.0,0.9249337447736231,0,0
47,199680,0.0,0.0,0.9249337447736231,0,0
48,203840,0.0,0.0,0.9256682124656348,0,0
49,208000,0.0,0.0,0.9245669660992792,0,0
