t,bytes_sent,utility,pheromone,f1_val,agg_count,rollback
0,1040,0.0,0.0,0.7004881108700358,0,0
1,2080,0.0,0.0,0.9175283770385374,0,0
2,3120,0.0,0.0,0.8356715321282899,0,0
3,4160,0.0,0.0,0.914016590977907,0,0
4,5200,0.0,0.0,0.9081451406317441,0,0
5,6240,0.0,0.0,0.9133132414420371,0,0
6,7280,0.0,0.0,0.9172566200513199,0,0
7,8320,0.0,0.0,0.9157020313921532,0,0
8,9360,0.0,0.0,0.9146447885542414,0,0
9,10400,0.0,0.0,0.8980484179458843,0,0
10,11440,0.0,0.0,0.9094304793064687,0,0
11,12480,0.0,0.0,0.9141075851423295,0,0
12,13520,0.0,0.0,0.9123531434591388,0,0
13,14560,0.0,0.0,0.8988411449649599,0,0
14,15600,0.0,0.0,0.9090843158458672,0,0
15,16640,0.0,0.0,0.9107819317849951,0,0
16,17680,0.0,0.0,0.8302812230776898,0,0
17,18720,0.0,0.0,0.9153221417853658,0,0
18,19760,0.0,0.0,0.9136371651332209,0,0
19,20800,0.0,0.0,0.9133774088471646,0,0
20,21840,0.0,0.0,0.9157380931695013,0,0
21,22880,0.0,0.0,0.9174084401656273,0,0
22,23920,0.0,0.0,0.9138039147210528,0,0
23,24960,0.0,0.0,0.909706350255434,0,0
24,26000,0.0,0.0,0.9136809558887816,0,0
25,27040,0.0,0.0,0.9153486921676932,0,0
26,28080,0.0,0.0,0.8347857780460309,0,0
27,29120,0.0,0.0,0.917703032909628,0,0
28,30160,0.0,0.0,0.9130628679861013,0,0
29,31200,0.0,0.0,0.9134757529531436,0,0
30,32240,0.0,0.0,0.9134750369953991,0,0
31,33280,0.0,0.0,0.9169967028829451,0,0
32,34320,0.0,0.0,0.9157207225231416,0,0
33,35360,0.0,0.0,0.9160201759072166,0,0
34,36400,0.0,0.0,0.9167900525333379,0,0
35,37440,0.0,0.0,0.9181634229761735,0,0
36,38480,0.0,0.0,0.9192725542833231,0,0
37,39520,0.0,0.0,0.9181634229761735,0,0
38,40560,0.0,0.0,0.9187185545808166,0,0
39,41600,0.0,0.0,0.9187185545808166,0,0
40,42640,0.0,0.0,0.9187185545808166,0,0
41,43680,0.0,0.0,0.9198254275491189,0,0
42,44720,0.0,0.0,0.9198254275491189,0,0
43,45760,0.0,0.0,0.9683899854488238,0,0
44,46800,0.0,0.0,0.954633817004951,0,0
45,47840,0.0,0.0,0.9339351152055624,0,0
46,48880,0.0,0.0,0.9339351152055624,0,0
47,49920,0.0,0.0,0.9344583675369339,0,0
48,50960,0.0,0.0,0.9349806419120444,0,0
49,52000,0.0,0.0,0.9286477638703741,0,0
