t,bytes_sent,utility,pheromone,f1_val,agg_count,rollback
0,1040,0.0,0.0,0.1038107752956636,0,0
1,2080,0.0,0.0,0.14035785288270378,0,0
2,3120,0.0,0.0,0.14035785288270378,0,0
3,4160,0.0,0.0,0.14035785288270378,0,0
4,5200,0.0,0.0,0.14035785288270378,0,0
5,6240,0.0,0.0,0.14035785288270378,0,0
6,7280,0.0,0.0,0.14035785288270378,0,0
7,8320,0.0,0.0,0.14035785288270378,0,0
8,9360,0.0,0.0,0.14035785288270378,0,0
9,10400,0.0,0.0,0.14035785288270378,0,0
10,11440,0.0,0.0,0.14035785288270378,0,0
11,12480,0.0,0.0,0.15401396160558464,0,0
12,13520,0.0,0.0,0.15387968613775066,0,0
13,14560,0.0,0.0,0.39652757107859105,0,0
14,15600,0.0,0.0,0.43057684547421793,0,0
15,16640,0.0,0.0,0.5205017112152899,0,0
16,17680,0.0,0.0,0.6410276130274901,0,0
17,18720,0.0,0.0,0.7019943617210709,0,0
18,19760,0.0,0.0,0.7023047375160051,0,0
19,20800,0.0,0.0,0.6995122021208465,0,0
20,21840,0.0,0.0,0.7019943617210709,0,0
21,22880,0.0,0.0,0.7019269709023651,0,0
22,23920,0.0,0.0,0.7019943617210709,0,0
23,24960,0.0,0.0,0.701751512821432,0,0
24,26000,0.0,0.0,0.7019269709023651,0,0
25,27040,0.0,0.0,0.9296651649145871,0,0
26,28080,0.0,0.0,0.99637929278128,0,0
27,29120,0.0,0.0,0.9345655556107033,0,0
28,30160,0.0,0.0,0.997842298753406,0,0
29,31200,0.0,0.0,0.9978195179672185,0,0
30,32240,0.0,0.0,0.986217037122954,0,0
31,33280,0.0,0.0,0.9788862438402732,0,0
32,34320,0.0,0.0,0.9511388392839839,0,0
33,35360,0.0,0.0,0.9462889004777876,0,0
34,36400,0.0,0.0,0.9438328341761253,0,0
35,37440,0.0,0.0,0.9477161062804406,0,0
36,38480,0.0,0.0,0.9980403583402068,0,0
37,39520,0.0,0.0,0.9577588204788996,0,0
38,40560,0.0,0.0,0.9971882020035234,0,0
39,41600,0.0,0.0,0.9975765414632514,0,0
40,42640,0.0,0.0,0.995062261950327,0,0
41,43680,0.0,0.0,0.9844742761895678,0,0
42,44720,0.0,0.0,0.9976015531333403,0,0
43,45760,0.0,0.0,0.9342591273140564,0,0
44,46800,0.0,0.0,0.9976015531333403,0,0
45,47840,0.0,0.0,0.9971687801929319,0,0
46,48880,0.0,0.0,0.9946451139255286,0,0
47,49920,0.0,0.0,0.9977975102598944,0,0
48,50960,0.0,0.0,0.997792673990439,0,0
49,52000,0.0,0.0,0.983207818658593,0,0
