t,bytes_sent,utility,pheromone,f1_val,agg_count,rollback
0,1040,0.0,0.0,0.1503685469135634,0,0
1,2080,0.0,0.0,0.13973365136155833,0,0
2,3120,0.0,0.0,0.13973365136155833,0,0
3,4160,0.0,0.0,0.13973365136155833,0,0
4,5200,0.0,0.0,0.13973365136155833,0,0
5,6240,0.0,0.0,0.13973365136155833,0,0
6,7280,0.0,0.0,0.13973365136155833,0,0
7,8320,0.0,0.0,0.13973365136155833,0,0
8,9360,0.0,0.0,0.13973365136155833,0,0
9,10400,0.0,0.0,0.13973365136155833,0,0
10,11440,0.0,0.0,0.32645567741471715,0,0
11,12480,0.0,0.0,0.41599167481162613,0,0
12,13520,0.0,0.0,0.38381574747486924,0,0
13,14560,0.0,0.0,0.3837715202208868,0,0
14,15600,0.0,0.0,0.4273207201155734,0,0
15,16640,0.0,0.0,0.43723169005680784,0,0
16,17680,0.0,0.0,0.6973476699185397,0,0
17,18720,0.0,0.0,0.7011753255036837,0,0
18,19760,0.0,0.0,0.6981338031394603,0,0
19,20800,0.0,0.0,0.7001234043497471,0,0
20,21840,0.0,0.0,0.7010958141947854,0,0
21,22880,0.0,0.0,0.701112287123778,0,0
22,23920,0.0,0.0,0.7011100234866573,0,0
23,24960,0.0,0.0,0.700957864484732,0,0
24,26000,0.0,0.0,0.9107849354832714,0,0
25,27040,0.0,0.0,0.7748145474483337,0,0
26,28080,0.0,0.0,0.8983368875091606,0,0
27,29120,0.0,0.0,0.8132466117977613,0,0
28,30160,0.0,0.0,0.9243975981634922,0,0
29,31200,0.0,0.0,0.8199154046527062,0,0
30,32240,0.0,0.0,0.8931609799770237,0,0
31,33280,0.0,0.0,0.8219105971662547,0,0
32,34320,0.0,0.0,0.9954234638218977,0,0
33,35360,0.0,0.0,0.833104417192561,0,0
34,36400,0.0,0.0,0.7711214050090349,0,0
35,37440,0.0,0.0,0.9963755136436562,0,0
36,38480,0.0,0.0,0.8607347608450251,0,0
37,39520,0.0,0.0,0.9916566385119339,0,0
38,40560,0.0,0.0,0.9967466683875206,0,0
39,41600,0.0,0.0,0.7009169771696235,0,0
40,42640,0.0,0.0,0.9963164379542544,0,0
41,43680,0.0,0.0,0.9968965306828483,0,0
42,44720,0.0,0.0,0.8258899273248899,0,0
43,45760,0.0,0.0,0.8963309690601695,0,0
44,46800,0.0,0.0,0.9763684783458336,0,0
45,47840,0.0,0.0,0.8608942320436233,0,0
46,48880,0.0,0.0,0.8250804627914383,0,0
47,49920,0.0,0.0,0.758221721500496,0,0
48,50960,0.0,0.0,0.7780952106117948,0,0
49,52000,0.0,0.0,0.9960421039080725,0,0
