t,bytes_sent,utility,pheromone,f1_val,agg_count,rollback
0,1040,0.0,0.0,0.11011822930987077,0,0
1,2080,0.0,0.0,0.0,0,0
2,3120,0.0,0.0,0.0,0,0
3,4160,0.0,0.0,0.0,0,0
4,5200,0.0,0.0,0.0,0,0
5,6240,0.0,0.0,0.0,0,0
6,7280,0.0,0.0,0.0,0,0
7,8320,0.0,0.0,0.0,0,0
8,9360,0.0,0.0,0.0,0,0
9,10400,0.0,0.0,0.0,0,0
10,11440,0.0,0.0,0.0,0,0
11,12480,0.0,0.0,0.0,0,0
12,13520,0.0,0.0,0.0,0,0
13,14560,0.0,0.0,0.0,0,0
14,15600,0.0,0.0,0.0,0,0
15,16640,0.0,0.0,0.0,0,0
16,17680,0.0,0.0,0.0,0,0
17,18720,0.0,0.0,0.0,0,0
18,19760,0.0,0.0,0.0,0,0
19,20800,0.0,0.0,0.0,0,0
20,21840,0.0,0.0,0.0,0,0
21,22880,0.0,0.0,0.0,0,0
22,23920,0.0,0.0,0.0,0,0
23,24960,0.0,0.0,0.0,0,0
24,26000,0.0,0.0,0.004606778545574202,0,0
25,27040,0.0,0.0,0.1173901173901174,0,0
26,28080,0.0,0.0,0.13497094558901215,0,0
27,29120,0.0,0.0,0.15223499361430395,0,0
28,30160,0.0,0.0,0.13370399788191686,0,0
29,31200,0.0,0.0,0.13365091967712053,0,0
30,32240,0.0,0.0,0.1634182908545727,0,0
31,33280,0.0,0.0,0.28654970760233917,0,0
32,34320,0.0,0.0,0.2834046600095102,0,0
33,35360,0.0,0.0,0.2819778541428026,0,0
34,36400,0.0,0.0,0.2973344325364111,0,0
35,37440,0.0,0.0,0.28219805380652546,0,0
36,38480,0.0,0.0,0.29773995791014735,0,0
37,39520,0.0,0.0,0.28142624988050857,0,0
38,40560,0.0,0.0,0.29773995791014735,0,0
39,41600,0.0,0.0,0.29773995791014735,0,0
40,42640,0.0,0.0,0.29763866007688083,0,0
41,43680,0.0,0.0,0.29784120014635934,0,0
42,44720,0.0,0.0,0.29763866007688083,0,0
43,45760,0.0,0.0,0.29773995791014735,0,0
44,46800,0.0,0.0,0.29784120014635934,0,0
45,47840,0.0,0.0,0.29773995791014735,0,0
46,48880,0.0,0.0,0.29773995791014735,0,0
47,49920,0.0,0.0,0.29784120014635934,0,0
48,50960,0.0,0.0,0.29784120014635934,0,0
49,52000,0.0,0.0,0.29773995791014735,0,0
