t,bytes_sent,utility,pheromone,f1_val,agg_count,rollback
0,1040,0.0,0.0,0.26487625065824116,0,0
1,2080,0.0,0.0,0.2596464059878694,0,0
2,3120,0.0,0.0,0.27132266334095473,0,0
3,4160,0.0,0.0,0.3641628959276018,0,0
4,5200,0.0,0.0,0.24392313754015882,0,0
5,6240,0.0,0.0,0.25298629448007043,0,0
6,7280,0.0,0.0,0.2551033346012425,0,0
7,8320,0.0,0.0,0.255881978888465,0,0
8,9360,0.0,0.0,0.256028504167462,0,0
9,10400,0.0,0.0,0.256028504167462,0,0
10,11440,0.0,0.0,0.2563220587298554,0,0
11,12480,0.0,0.0,0.2564690885914595,0,0
12,13520,0.0,0.0,0.2570588986840424,0,0
13,14560,0.0,0.0,0.25735482220516753,0,0
14,15600,0.0,0.0,0.25760194609820114,0,0
15,16640,0.0,0.0,0.2578495450467769,0,0
16,17680,0.0,0.0,0.25789912196372494,0,0
17,18720,0.0,0.0,0.25794871794871793,0,0
18,19760,0.0,0.0,0.2579983330127589,0,0
19,20800,0.0,0.0,0.2581969842797562,0,0
20,21840,0.0,0.0,0.25824669490437685,0,0
21,22880,0.0,0.0,0.25839594169395746,0,0
22,23920,0.0,0.0,0.2584955354275069,0,0
23,24960,0.0,0.0,0.2584955354275069,0,0
24,26000,0.0,0.0,0.2584955354275069,0,0
25,27040,0.0,0.0,0.2584955354275069,0,0
26,28080,0.0,0.0,0.2586450700604191,0,0
27,29120,0.0,0.0,0.2586450700604191,0,0
28,30160,0.0,0.0,0.2586450700604191,0,0
29,31200,0.0,0.0,0.2586450700604191,0,0
30,32240,0.0,0.0,0.2586450700604191,0,0
31,33280,0.0,0.0,0.2586450700604191,0,0
32,34320,0.0,0.0,0.25869495339119253,0,0
33,35360,0.0,0.0,0.25869495339119253,0,0
34,36400,0.0,0.0,0.2587448559670782,0,0
35,37440,0.0,0.0,0.2587947777992154,0,0
36,38480,0.0,0.0,0.2588447188987521,0,0
37,39520,0.0,0.0,0.2590446761941548,0,0
38,40560,0.0,0.0,0.2590446761941548,0,0
39,41600,0.0,0.0,0.2590446761941548,0,0
40,42640,0.0,0.0,0.25909471379821003,0,0
41,43680,0.0,0.0,0.25909471379821003,0,0
42,44720,0.0,0.0,0.25909471379821003,0,0
43,45760,0.0,0.0,0.25914477073673364,0,0
44,46800,0.0,0.0,0.259194847020934,0,0
45,47840,0.0,0.0,0.2592449426620281,0,0
46,48880,0.0,0.0,0.25929505767124167,0,0
47,49920,0.0,0.0,0.25929505767124167,0,0
48,50960,0.0,0.0,0.2593953458389738,0,0
49,52000,0.0,0.0,0.2594455190199871,0,0
