t,bytes_sent,utility,pheromone,f1_val,agg_count,rollback
0,1040,0.0,0.0,0.3320907114010562,0,0
1,2080,0.0,0.0,0.3249734002127983,0,0
2,3120,0.0,0.0,0.3237922156595487,0,0
3,4160,0.0,0.0,0.31702253855278767,0,0
4,5200,0.0,0.0,0.32342485439830576,0,0
5,6240,0.0,0.0,0.32371867665985316,0,0
6,7280,0.0,0.0,0.32371867665985316,0,0
7,8320,0.0,0.0,0.31787094855783526,0,0
8,9360,0.0,0.0,0.31005728373576974,0,0
9,10400,0.0,0.0,0.3040386803185438,0,0
10,11440,0.0,0.0,0.29995793016407235,0,0
11,12480,0.0,0.0,0.2976414109789188,0,0
12,13520,0.0,0.0,0.2971452385913732,0,0
13,14560,0.0,0.0,0.29493278179937954,0,0
14,15600,0.0,0.0,0.29263287502565155,0,0
15,16640,0.0,0.0,0.291914022517912,0,0
16,17680,0.0,0.0,0.2905460472697637,0,0
17,18720,0.0,0.0,0.28989632039032326,0,0
18,19760,0.0,0.0,0.288722413444017,0,0
19,20800,0.0,0.0,0.28831378892033965,0,0
20,21840,0.0,0.0,0.28819725141471303,0,0
21,22880,0.0,0.0,0.28779011099899093,0,0
22,23920,0.0,0.0,0.28726833199033036,0,0
23,24960,0.0,0.0,0.2867484415845566,0,0
24,26000,0.0,0.0,0.2862304295463669,0,0
25,27040,0.0,0.0,0.28434695912263214,0,0
26,28080,0.0,0.0,0.2829926572732685,0,0
27,29120,0.0,0.0,0.2818738881201818,0,0
28,30160,0.0,0.0,0.2813178141645295,0,0
29,31200,0.0,0.0,0.281040599132834,0,0
30,32240,0.0,0.0,0.28065341468214916,0,0
31,33280,0.0,0.0,0.28065341468214916,0,0
32,34320,0.0,0.0,0.2805981896890988,0,0
33,35360,0.0,0.0,0.2805981896890988,0,0
34,36400,0.0,0.0,0.28054298642533937,0,0
35,37440,0.0,0.0,0.28048780487804875,0,0
36,38480,0.0,0.0,0.28043264503441495,0,0
37,39520,0.0,0.0,0.2803775068816359,0,0
38,40560,0.0,0.0,0.2803223904069196,0,0
39,41600,0.0,0.0,0.2803223904069196,0,0
40,42640,0.0,0.0,0.2803223904069196,0,0
41,43680,0.0,0.0,0.2803223904069196,0,0
42,44720,0.0,0.0,0.2803223904069196,0,0
43,45760,0.0,0.0,0.2803223904069196,0,0
44,46800,0.0,0.0,0.2803223904069196,0,0
45,47840,0.0,0.0,0.2803223904069196,0,0
46,48880,0.0,0.0,0.2803223904069196,0,0
47,49920,0.0,0.0,0.2803223904069196,0,0
48,50960,0.0,0.0,0.2803223904069196,0,0
49,52000,0.0,0.0,0.2803223904069196,0,0
