t,bytes_sent,utility,pheromone,f1_val,agg_count,rollback
0,1040,0.0,0.0,0.2830295322876925,0,0
1,2080,0.0,0.0,0.29743589743589743,0,0
2,3120,0.0,0.0,0.2943674976915974,0,0
3,4160,0.0,0.0,0.29773995791014735,0,0
4,5200,0.0,0.0,0.29784120014635934,0,0
5,6240,0.0,0.0,0.29775948788294465,0,0
6,7280,0.0,0.0,0.29751461988304095,0,0
7,8320,0.0,0.0,0.297351598173516,0,0
8,9360,0.0,0.0,0.29685807150595883,0,0
9,10400,0.0,0.0,0.2967181990778411,0,0
10,11440,0.0,0.0,0.2966973470492691,0,0
11,12480,0.0,0.0,0.29723647493023675,0,0
12,13520,0.0,0.0,0.29755483638978786,0,0
13,14560,0.0,0.0,0.2975710316393296,0,0
14,15600,0.0,0.0,0.29743313588224735,0,0
15,16640,0.0,0.0,0.2973917719817155,0,0
16,17680,0.0,0.0,0.2973917719817155,0,0
17,18720,0.0,0.0,0.2971930768540938,0,0
18,19760,0.0,0.0,0.2971930768540938,0,0
19,20800,0.0,0.0,0.2968553459119497,0,0
20,21840,0.0,0.0,0.29645658642142275,0,0
21,22880,0.0,0.0,0.2961559285327558,0,0
22,23920,0.0,0.0,0.2961156278229449,0,0
23,24960,0.0,0.0,0.29649742058104805,0,0
24,26000,0.0,0.0,0.2961552412042075,0,0
25,27040,0.0,0.0,0.2961552412042075,0,0
26,28080,0.0,0.0,0.2961151860907362,0,0
27,29120,0.0,0.0,0.29617575264442636,0,0
28,30160,0.0,0.0,0.2960347637153721,0,0
29,31200,0.0,0.0,0.2959941997462389,0,0
30,32240,0.0,0.0,0.2960138018705167,0,0
31,33280,0.0,0.0,0.29615489500954456,0,0
32,34320,0.0,0.0,0.29615489500954456,0,0
33,35360,0.0,0.0,0.29621542940320233,0,0
34,36400,0.0,0.0,0.2963772073548152,0,0
35,37440,0.0,0.0,0.29662020588503235,0,0
36,38480,0.0,0.0,0.2967012939675597,0,0
37,39520,0.0,0.0,0.2967824263968645,0,0
38,40560,0.0,0.0,0.29662020588503235,0,0
39,41600,0.0,0.0,0.29621542940320233,0,0
40,42640,0.0,0.0,0.29599345870809485,0,0
41,43680,0.0,0.0,0.29567264168024626,0,0
42,44720,0.0,0.0,0.29555495446758634,0,0
43,45760,0.0,0.0,0.2958963282937365,0,0
44,46800,0.0,0.0,0.29655480984340044,0,0
45,47840,0.0,0.0,0.29732620320855613,0,0
46,48880,0.0,0.0,0.29702794091475354,0,0
47,49920,0.0,0.0,0.29643427354976054,0,0
48,50960,0.0,0.0,0.2956091527520099,0,0
49,52000,0.0,0.0,0.29510218463706833,0,0
