t,bytes_sent,utility,pheromone,f1_val,agg_count,rollback
0,1040,0.0,0.0,0.09461924304605564,0,0
1,2080,0.0,0.0,0.14022662889518414,0,0
2,3120,0.0,0.0,0.14022662889518414,0,0
3,4160,0.0,0.0,0.14022662889518414,0,0
4,5200,0.0,0.0,0.14022662889518414,0,0
5,6240,0.0,0.0,0.14022662889518414,0,0
6,7280,0.0,0.0,0.14022662889518414,0,0
7,8320,0.0,0.0,0.14022662889518414,0,0
8,9360,0.0,0.0,0.14022662889518414,0,0
9,10400,0.0,0.0,0.14497098646034817,0,0
10,11440,0.0,0.0,0.4096803086294067,0,0
11,12480,0.0,0.0,0.3734123033431662,0,0
12,13520,0.0,0.0,0.37282460094914815,0,0
13,14560,0.0,0.0,0.3834404784402382,0,0
14,15600,0.0,0.0,0.3730910546701353,0,0
15,16640,0.0,0.0,0.3731117613138398,0,0
16,17680,0.0,0.0,0.3751959237829772,0,0
17,18720,0.0,0.0,0.6538041693156138,0,0
18,19760,0.0,0.0,0.6630519724233882,0,0
19,20800,0.0,0.0,0.6662871205241875,0,0
20,21840,0.0,0.0,0.6642612551078855,0,0
21,22880,0.0,0.0,0.6665567822599889,0,0
22,23920,0.0,0.0,0.6658991338325186,0,0
23,24960,0.0,0.0,0.667137700980384,0,0
24,26000,0.0,0.0,0.9457606215201817,0,0
25,27040,0.0,0.0,0.9433975469412335,0,0
26,28080,0.0,0.0,0.9539432617744481,0,0
27,29120,0.0,0.0,0.9425041021318552,0,0
28,30160,0.0,0.0,0.9432865704308828,0,0
29,31200,0.0,0.0,0.9406039959132203,0,0
30,32240,0.0,0.0,0.9410194542187177,0,0
31,33280,0.0,0.0,0.941919614556825,0,0
32,34320,0.0,0.0,0.9424161502287163,0,0
33,35360,0.0,0.0,0.9025513575905897,0,0
34,36400,0.0,0.0,0.9385750927510934,0,0
35,37440,0.0,0.0,0.9542346995032838,0,0
36,38480,0.0,0.0,0.9378882476538282,0,0
37,39520,0.0,0.0,0.9415928380156897,0,0
38,40560,0.0,0.0,0.941070605795183,0,0
39,41600,0.0,0.0,0.9393012682195265,0,0
40,42640,0.0,0.0,0.943536171416055,0,0
41,43680,0.0,0.0,0.9408085112204416,0,0
42,44720,0.0,0.0,0.9393091253316115,0,0
43,45760,0.0,0.0,0.9396068889691793,0,0
44,46800,0.0,0.0,0.8240854431896218,0,0
45,47840,0.0,0.0,0.9016906118348701,0,0
46,48880,0.0,0.0,0.9417625488907466,0,0
47,49920,0.0,0.0,0.8517051110114051,0,0
48,50960,0.0,0.0,0.9398143725305574,0,0
49,52000,0.0,0.0,0.6678012757289791,0,0
