t,bytes_sent,utility,pheromone,f1_val,agg_count,rollback
0,4160,0.0,0.0,0.9950444545353663,0,0
1,8320,0.0,0.0,0.9946643883427498,0,0
2,12480,0.0,0.0,0.9940063275949004,0,0
3,16640,0.0,0.0,0.9946643883427498,0,0
4,20800,0.0,0.0,0.9946643883427498,0,0
5,24960,0.0,0.0,0.9945291067983943,0,0
6,29120,0.0,0.0,0.993871046050545,0,0
7,33280,0.0,0.0,0.9940903254969471,0,0
8,37440,0.0,0.0,0.993871046050545,0,0
9,41600,0.0,0.0,0.993871046050545,0,0
10,45760,0.0,0.0,0.9943096789853013,0,0
11,49920,0.0,0.0,0.9945291067983943,0,0
12,54080,0.0,0.0,0.9945291067983943,0,0
13,58240,0.0,0.0,0.9945291067983943,0,0
14,62400,0.0,0.0,0.9945291067983943,0,0
15,66560,0.0,0.0,0.9947486092193725,0,0
16,70720,0.0,0.0,0.9949681865317428,0,0
17,74880,0.0,0.0,0.9949681865317428,0,0
18,79040,0.0,0.0,0.9951878390193748,0,0
19,83200,0.0,0.0,0.9951878390193748,0,0
20,87360,0.0,0.0,0.9951878390193748,0,0
21,91520,0.0,0.0,0.9951878390193748,0,0
22,95680,0.0,0.0,0.990988548973825,0,0
23,99840,0.0,0.0,0.9951878390193748,0,0
24,104000,0.0,0.0,0.9951878390193748,0,0
25,108160,0.0,0.0,0.9951878390193748,0,0
26,112320,0.0,0.0,0.9901007825567076,0,0
27,116480,0.0,0.0,0.9643978358680229,0,0
28,120640,0.0,0.0,0.9494358091135275,0,0
29,124800,0.0,0.0,0.9428556018531224,0,0
30,128960,0.0,0.0,0.9209833349373315,0,0
31,133120,0.0,0.0,0.9953231205637304,0,0
32,137280,0.0,0.0,0.9886792590449227,0,0
33,141440,0.0,0.0,0.9957455607450773,0,0
34,145600,0.0,0.0,0.9929412353423297,0,0
35,149760,0.0,0.0,0.9949561867995229,0,0
36,153920,0.0,0.0,0.996290253251753,0,0
37,158080,0.0,0.0,0.996290253251753,0,0
38,162240,0.0,0.0,0.996290253251753,0,0
39,166400,0.0,0.0,0.9959242449874552,0,0
40,170560,0.0,0.0,0.9957045291232679,0,0
41,174720,0.0,0.0,0.995484888228921,0,0
42,178880,0.0,0.0,0.994826412527945,0,0
43,183040,0.0,0.0,0.994826412527945,0,0
44,187200,0.0,0.0,0.9946070686777816,0,0
45,191360,0.0,0.0,0.9936891932796992,0,0
46,195520,0.0,0.0,0.9939081090120041,0,0
47,199680,0.0,0.0,0.9936891932796992,0,0
48,203840,0.0,0.0,0.9939081090120041,0,0
49,208000,0.0,0.0,0.9936891932796992,0,0
