t,bytes_sent,utility,pheromone,f1_val,agg_count,rollback
0,4160,0.0,0.0,0.8737638454012813,0,0
1,8320,0.0,0.0,0.9267737516741205,0,0
2,12480,0.0,0.0,0.8500982727798365,0,0
3,16640,0.0,0.0,0.8564010212444607,0,0
4,20800,0.0,0.0,0.7353318253381853,0,0
5,24960,0.0,0.0,0.7103088743850903,0,0
6,29120,0.0,0.0,0.8214509360631422,0,0
7,33280,0.0,0.0,0.8209163506144913,0,0
8,37440,0.0,0.0,0.6869479385247237,0,0
9,41600,0.0,0.0,0.8215660071386737,0,0
10,45760,0.0,0.0,0.7479718787637897,0,0
11,49920,0.0,0.0,0.6170433598059223,0,0
12,54080,0.0,0.0,0.8161403571235203,0,0
13,58240,0.0,0.0,0.7493357688979474,0,0
14,62400,0.0,0.0,0.8238275448642743,0,0
15,66560,0.0,0.0,0.8255753160681343,0,0
16,70720,0.0,0.0,0.8383629002766465,0,0
17,74880,0.0,0.0,0.8311306361725728,0,0
18,79040,0.0,0.0,0.8293442491562832,0,0
19,83200,0.0,0.0,0.8215129391671432,0,0
20,87360,0.0,0.0,0.8184591356005262,0,0
21,91520,0.0,0.0,0.8152107094484462,0,0
22,95680,0.0,0.0,0.8176399517846884,0,0
23,99840,0.0,0.0,0.8136311984641752,0,0
24,104000,0.0,0.0,0.8124134740157908,0,0
25,108160,0.0,0.0,0.8087276587970988,0,0
26,112320,0.0,0.0,0.8078014854496146,0,0
27,116480,0.0,0.0,0.805760879304156,0,0
28,120640,0.0,0.0,0.8063445318440535,0,0
29,124800,0.0,0.0,0.801072870814735,0,0
30,128960,0.0,0.0,0.8014094267048236,0,0
31,133120,0.0,0.0,0.8007787186240416,0,0
32,137280,0.0,0.0,0.8007167320744083,0,0
33,141440,0.0,0.0,0.7935896283377545,0,0
34,145600,0.0,0.0,0.793817327464439,0,0
35,149760,0.0,0.0,0.7987615283524487,0,0
36,153920,0.0,0.0,0.7925967777705359,0,0
37,158080,0.0,0.0,0.7898699048055516,0,0
38,162240,0.0,0.0,0.7975914352686184,0,0
39,166400,0.0,0.0,0.7949902484658071,0,0
40,170560,0.0,0.0,0.8043161898947571,0,0
41,174720,0.0,0.0,0.8034329933940152,0,0
42,178880,0.0,0.0,0.8064786813909113,0,0
43,183040,0.0,0.0,0.8085711198464043,0,0
44,187200,0.0,0.0,0.8095965938662861,0,0
45,191360,0.0,0.0,0.8103335514439995,0,0
46,195520,0.0,0.0,0.812119468635053,0,0
47,199680,0.0,0.0,0.8236598100115919,0,0
48,203840,0.0,0.0,0.8212114709772933,0,0
49,208000,0.0,0.0,0.8242525568004879,0,0
