t,bytes_sent,utility,pheromone,f1_val,agg_count,rollback
0,1040,0.0,0.0,0.20305027788548533,0,0
1,2080,0.0,0.0,0.20301091942882987,0,0
2,3120,0.0,0.0,0.31094172436985384,0,0
3,4160,0.0,0.0,0.5926299943486815,0,0
4,5200,0.0,0.0,0.562823263960926,0,0
5,6240,0.0,0.0,0.5297618095071631,0,0
6,7280,0.0,0.0,0.7980725032050598,0,0
7,8320,0.0,0.0,0.5862290815039491,0,0
8,9360,0.0,0.0,0.8691649605615999,0,0
9,10400,0.0,0.0,0.8780514059158957,0,0
10,11440,0.0,0.0,0.871666627057601,0,0
11,12480,0.0,0.0,0.21937636853332454,0,0
12,13520,0.0,0.0,0.5851997543514861,0,0
13,14560,0.0,0.0,0.5815384734192074,0,0
14,15600,0.0,0.0,0.8777747221458314,0,0
15,16640,0.0,0.0,0.8638781335809249,0,0
16,17680,0.0,0.0,0.8109606865144521,0,0
17,18720,0.0,0.0,0.8766648014121201,0,0
18,19760,0.0,0.0,0.8730555457604587,0,0
19,20800,0.0,0.0,0.8797154562166344,0,0
20,21840,0.0,0.0,0.20873974642952278,0,0
21,22880,0.0,0.0,0.837585085515037,0,0
22,23920,0.0,0.0,0.837585085515037,0,0
23,24960,0.0,0.0,0.8448850521636558,0,0
24,26000,0.0,0.0,0.8583060003858769,0,0
25,27040,0.0,0.0,0.8448850521636558,0,0
26,28080,0.0,0.0,0.8502056430106504,0,0
27,29120,0.0,0.0,0.8577480980599657,0,0
28,30160,0.0,0.0,0.5870515881078938,0,0
29,31200,0.0,0.0,0.591593036569924,0,0
30,32240,0.0,0.0,0.8847042072546057,0,0
31,33280,0.0,0.0,0.8877506161984876,0,0
32,34320,0.0,0.0,0.5899495818540824,0,0
33,35360,0.0,0.0,0.8830418292146787,0,0
34,36400,0.0,0.0,0.5933404072558234,0,0
35,37440,0.0,0.0,0.5891475824222195,0,0
36,38480,0.0,0.0,0.8863678371278507,0,0
37,39520,0.0,0.0,0.5945511303829663,0,0
38,40560,0.0,0.0,0.8899652235768342,0,0
39,41600,0.0,0.0,0.5942160615300334,0,0
40,42640,0.0,0.0,0.5966150724012121,0,0
41,43680,0.0,0.0,0.8977109742041407,0,0
42,44720,0.0,0.0,0.5986159062503867,0,0
43,45760,0.0,0.0,0.6008441403465857,0,0
44,46800,0.0,0.0,0.6333256178024674,0,0
45,47840,0.0,0.0,0.629993969124404,0,0
46,48880,0.0,0.0,0.6287019459914255,0,0
47,49920,0.0,0.0,0.6330452258243393,0,0
48,50960,0.0,0.0,0.6354527462871622,0,0
49,52000,0.0,0.0,0.6368389435108758,0,0
