t,bytes_sent,utility,pheromone,f1_val,agg_count,rollback
0,1040,0.0,0.0,0.3567939207526687,0,0
1,2080,0.0,0.0,0.3567939207526687,0,0
2,3120,0.0,0.0,0.3567939207526687,0,0
3,4160,0.0,0.0,0.3567939207526687,0,0
4,5200,0.0,0.0,0.3567939207526687,0,0
5,6240,0.0,0.0,0.3567939207526687,0,0
6,7280,0.0,0.0,0.3567939207526687,0,0
7,8320,0.0,0.0,0.3567939207526687,0,0
8,9360,0.0,0.0,0.3567939207526687,0,0
9,10400,0.0,0.0,0.3567939207526687,0,0
10,11440,0.0,0.0,0.23799179338643495,0,0
11,12480,0.0,0.0,0.24287209803559331,0,0
12,13520,0.0,0.0,0.24305170395020645,0,0
13,14560,0.0,0.0,0.24300677757239678,0,0
14,15600,0.0,0.0,0.24309664694280078,0,0
15,16640,0.0,0.0,0.24300677757239678,0,0
16,17680,0.0,0.0,0.2429169746242917,0,0
17,18720,0.0,0.0,0.2429169746242917,0,0
18,19760,0.0,0.0,0.2429169746242917,0,0
19,20800,0.0,0.0,0.24287209803559331,0,0
20,21840,0.0,0.0,0.2427823945829486,0,0
21,22880,0.0,0.0,0.24264796357819615,0,0
22,23920,0.0,0.0,0.24264796357819615,0,0
23,24960,0.0,0.0,0.241711098853956,0,0
24,26000,0.0,0.0,0.2858549412478626,0,0
25,27040,0.0,0.0,0.23990267639902677,0,0
26,28080,0.0,0.0,0.23959662231942166,0,0
27,29120,0.0,0.0,0.3567939207526687,0,0
28,30160,0.0,0.0,0.3567939207526687,0,0
29,31200,0.0,0.0,0.3567939207526687,0,0
30,32240,0.0,0.0,0.3567939207526687,0,0
31,33280,0.0,0.0,0.3567939207526687,0,0
32,34320,0.0,0.0,0.3567939207526687,0,0
33,35360,0.0,0.0,0.3567939207526687,0,0
34,36400,0.0,0.0,0.24431642197856654,0,0
35,37440,0.0,0.0,0.26256574129551963,0,0
36,38480,0.0,0.0,0.2423795476892822,0,0
37,39520,0.0,0.0,0.23794871794871794,0,0
38,40560,0.0,0.0,0.2380348844227171,0,0
39,41600,0.0,0.0,0.2460540270759249,0,0
40,42640,0.0,0.0,0.3567939207526687,0,0
41,43680,0.0,0.0,0.26580401671384285,0,0
42,44720,0.0,0.0,0.27882644043831745,0,0
43,45760,0.0,0.0,0.32072863299991866,0,0
44,46800,0.0,0.0,0.3203378817413905,0,0
45,47840,0.0,0.0,0.32174906183716756,0,0
46,48880,0.0,0.0,0.32214326553949196,0,0
47,49920,0.0,0.0,0.3227760045830264,0,0
48,50960,0.0,0.0,0.3229345779087857,0,0
49,52000,0.0,0.0,0.323013923013923,0,0
