t,bytes_sent,utility,pheromone,f1_val,agg_count,rollback
0,4160,0.0,0.0,0.20301091942882987,0,0
1,8320,0.0,0.0,0.1576717152198676,0,0
2,12480,0.0,0.0,0.30875549754205167,0,0
3,16640,0.0,0.0,0.7380541770712006,0,0
4,20800,0.0,0.0,0.7422719012622545,0,0
5,24960,0.0,0.0,0.6148611216035859,0,0
6,29120,0.0,0.0,0.5775630200889337,0,0
7,33280,0.0,0.0,0.5788624501918083,0,0
8,37440,0.0,0.0,0.5764507832506292,0,0
9,41600,0.0,0.0,0.26361269950614324,0,0
10,45760,0.0,0.0,0.580345843789595,0,0
11,49920,0.0,0.0,0.579975369480313,0,0
12,54080,0.0,0.0,0.5799750791409312,0,0
13,58240,0.0,0.0,0.577377400408038,0,0
14,62400,0.0,0.0,0.5812489383460933,0,0
15,66560,0.0,0.0,0.5741390443367195,0,0
16,70720,0.0,0.0,0.5760528909446144,0,0
17,74880,0.0,0.0,0.5727176510472222,0,0
18,79040,0.0,0.0,0.8722221827846244,0,0
19,83200,0.0,0.0,0.8811028543648864,0,0
20,87360,0.0,0.0,0.8824888926615363,0,0
21,91520,0.0,0.0,0.8813800930763462,0,0
22,95680,0.0,0.0,0.5899694988198343,0,0
23,99840,0.0,0.0,0.588490835621034,0,0
24,104000,0.0,0.0,0.9444210624312682,0,0
25,108160,0.0,0.0,0.8811028543648864,0,0
26,112320,0.0,0.0,0.8655485425011367,0,0
27,116480,0.0,0.0,0.8098192508278966,0,0
28,120640,0.0,0.0,0.3976864547246121,0,0
29,124800,0.0,0.0,0.525010586669382,0,0
30,128960,0.0,0.0,0.5901163725504747,0,0
31,133120,0.0,0.0,0.8454410197186248,0,0
32,137280,0.0,0.0,0.572115654564891,0,0
33,141440,0.0,0.0,0.8434779586801272,0,0
34,145600,0.0,0.0,0.8677744721395813,0,0
35,149760,0.0,0.0,0.8871986871334884,0,0
36,153920,0.0,0.0,0.6537656085518749,0,0
37,158080,0.0,0.0,0.9577401687392461,0,0
38,162240,0.0,0.0,0.9538525757604361,0,0
39,166400,0.0,0.0,0.9363979479969538,0,0
40,170560,0.0,0.0,0.5987011778006256,0,0
41,174720,0.0,0.0,0.6449313680747663,0,0
42,178880,0.0,0.0,0.9159450766947056,0,0
43,183040,0.0,0.0,0.9184313516848357,0,0
44,187200,0.0,0.0,0.9187076118814331,0,0
45,191360,0.0,0.0,0.9184313516848357,0,0
46,195520,0.0,0.0,0.921746631279889,0,0
47,199680,0.0,0.0,0.9264441602514273,0,0
48,203840,0.0,0.0,0.9286552789674586,0,0
49,208000,0.0,0.0,0.930037438023011,0,0
