t,bytes_sent,utility,pheromone,f1_val,agg_count,rollback
0,1040,0.0,0.0,0.1038107752956636,0,0
1,2080,0.0,0.0,0.14035785288270378,0,0
2,3120,0.0,0.0,0.14035785288270378,0,0
3,4160,0.0,0.0,0.14035785288270378,0,0
4,5200,0.0,0.0,0.14035785288270378,0,0
5,6240,0.0,0.0,0.14035785288270378,0,0
6,7280,0.0,0.0,0.14035785288270378,0,0
7,8320,0.0,0.0,0.14035785288270378,0,0
8,9360,0.0,0.0,0.14035785288270378,0,0
9,10400,0.0,0.0,0.14035785288270378,0,0
10,11440,0.0,0.0,0.14035785288270378,0,0
11,12480,0.0,0.0,0.14035785288270378,0,0
12,13520,0.0,0.0,0.4024323630710008,0,0
13,14560,0.0,0.0,0.6610496000637998,0,0
14,15600,0.0,0.0,0.5281893773747375,0,0
15,16640,0.0,0.0,0.699401660228386,0,0
16,17680,0.0,0.0,0.7013394932588356,0,0
17,18720,0.0,0.0,0.6991655016458245,0,0
18,19760,0.0,0.0,0.9086213459450591,0,0
19,20800,0.0,0.0,0.9299896531328364,0,0
20,21840,0.0,0.0,0.9353570753708866,0,0
21,22880,0.0,0.0,0.994759826890201,0,0
22,23920,0.0,0.0,0.9980623665153463,0,0
23,24960,0.0,0.0,0.9978195179672185,0,0
24,26000,0.0,0.0,0.9974306056599991,0,0
25,27040,0.0,0.0,0.9978195179672185,0,0
26,28080,0.0,0.0,0.9978195179672185,0,0
27,29120,0.0,0.0,0.9523341305394458,0,0
28,30160,0.0,0.0,0.9976511180498535,0,0
29,31200,0.0,0.0,0.9976538428159559,0,0
30,32240,0.0,0.0,0.9975765414632514,0,0
31,33280,0.0,0.0,0.9971652929977585,0,0
32,34320,0.0,0.0,0.9378492043471004,0,0
33,35360,0.0,0.0,0.9905324544260727,0,0
34,36400,0.0,0.0,0.9915563358382661,0,0
35,37440,0.0,0.0,0.9416094802299144,0,0
36,38480,0.0,0.0,0.9974109942678281,0,0
37,39520,0.0,0.0,0.9974109942678281,0,0
38,40560,0.0,0.0,0.9974109942678281,0,0
39,41600,0.0,0.0,0.9974109942678281,0,0
40,42640,0.0,0.0,0.9612849936981271,0,0
41,43680,0.0,0.0,0.9978195179672185,0,0
42,44720,0.0,0.0,0.9977975102598944,0,0
43,45760,0.0,0.0,0.9838552821423519,0,0
44,46800,0.0,0.0,0.938071324368385,0,0
45,47840,0.0,0.0,0.9969452255660185,0,0
46,48880,0.0,0.0,0.9969478118293155,0,0
47,49920,0.0,0.0,0.9971461492914482,0,0
48,50960,0.0,0.0,0.9971461492914482,0,0
49,52000,0.0,0.0,0.9973891252095638,0,0
