t,bytes_sent,utility,pheromone,f1_val,agg_count,rollback
0,1040,0.0,0.0,0.9133533550098281,0,0
1,2080,0.0,0.0,0.9427244196503836,0,0
2,3120,0.0,0.0,0.8883483715399934,0,0
3,4160,0.0,0.0,0.9916853042241777,0,0
4,5200,0.0,0.0,0.9828299856283852,0,0
5,6240,0.0,0.0,0.980260406136238,0,0
6,7280,0.0,0.0,0.9804760316062512,0,0
7,8320,0.0,0.0,0.9742457178331841,0,0
8,9360,0.0,0.0,0.9442189352846067,0,0
9,10400,0.0,0.0,0.9412596966122946,0,0
10,11440,0.0,0.0,0.943381716757338,0,0
11,12480,0.0,0.0,0.94489229225108,0,0
12,13520,0.0,0.0,0.982855209055383,0,0
13,14560,0.0,0.0,0.9937444739647745,0,0
14,15600,0.0,0.0,0.9941590324606154,0,0
15,16640,0.0,0.0,0.9938759845528573,0,0
16,17680,0.0,0.0,0.9942926263002075,0,0
17,18720,0.0,0.0,0.9941399568663692,0,0
18,19760,0.0,0.0,0.9949732862985167,0,0
19,20800,0.0,0.0,0.9951934148105175,0,0
20,21840,0.0,0.0,0.9925991268614645,0,0
21,22880,0.0,0.0,0.9809358279227244,0,0
22,23920,0.0,0.0,0.9954145737556028,0,0
23,24960,0.0,0.0,0.9957058620242487,0,0
24,26000,0.0,0.0,0.9957058620242487,0,0
25,27040,0.0,0.0,0.9957058620242487,0,0
26,28080,0.0,0.0,0.9957058620242487,0,0
27,29120,0.0,0.0,0.9957058620242487,0,0
28,30160,0.0,0.0,0.99546314572951,0,0
29,31200,0.0,0.0,0.9957058620242487,0,0
30,32240,0.0,0.0,0.99546314572951,0,0
31,33280,0.0,0.0,0.99546314572951,0,0
32,34320,0.0,0.0,0.9957058620242487,0,0
33,35360,0.0,0.0,0.99546314572951,0,0
34,36400,0.0,0.0,0.99546314572951,0,0
35,37440,0.0,0.0,0.99546314572951,0,0
36,38480,0.0,0.0,0.99546314572951,0,0
37,39520,0.0,0.0,0.9957058620242487,0,0
38,40560,0.0,0.0,0.9957058620242487,0,0
39,41600,0.0,0.0,0.9957058620242487,0,0
40,42640,0.0,0.0,0.9957058620242487,0,0
41,43680,0.0,0.0,0.9957058620242487,0,0
42,44720,0.0,0.0,0.9957058620242487,0,0
43,45760,0.0,0.0,0.9957058620242487,0,0
44,46800,0.0,0.0,0.9957058620242487,0,0
45,47840,0.0,0.0,0.9957058620242487,0,0
46,48880,0.0,0.0,0.9957058620242487,0,0
47,49920,0.0,0.0,0.9957058620242487,0,0
48,50960,0.0,0.0,0.9957058620242487,0,0
49,52000,0.0,0.0,0.9957058620242487,0,0
