t,bytes_sent,utility,pheromone,f1_val,agg_count,rollback
0,1040,0.0,0.0,0.7008606215859605,0,0
1,2080,0.0,0.0,0.8908357035256304,0,0
2,3120,0.0,0.0,0.9859304720767296,0,0
3,4160,0.0,0.0,0.9577541416847661,0,0
4,5200,0.0,0.0,0.7585067205480485,0,0
5,6240,0.0,0.0,0.7904752549717431,0,0
6,7280,0.0,0.0,0.9405261430086426,0,0
7,8320,0.0,0.0,0.8148639012378422,0,0
8,9360,0.0,0.0,0.9781426398523109,0,0
9,10400,0.0,0.0,0.9623846900862575,0,0
10,11440,0.0,0.0,0.960995754132836,0,0
11,12480,0.0,0.0,0.9633071192161984,0,0
12,13520,0.0,0.0,0.9623846900862575,0,0
13,14560,0.0,0.0,0.9623846900862575,0,0
14,15600,0.0,0.0,0.9647240178559916,0,0
15,16640,0.0,0.0,0.9610750853994537,0,0
16,17680,0.0,0.0,0.9604860795675504,0,0
17,18720,0.0,0.0,0.9719579678760057,0,0
18,19760,0.0,0.0,0.9610750853994537,0,0
19,20800,0.0,0.0,0.9598131575059168,0,0
20,21840,0.0,0.0,0.8068262713863557,0,0
21,22880,0.0,0.0,0.7775771505532287,0,0
22,23920,0.0,0.0,0.7677662709231181,0,0
23,24960,0.0,0.0,0.7658763108572989,0,0
24,26000,0.0,0.0,0.7524658204513374,0,0
25,27040,0.0,0.0,0.739630604461365,0,0
26,28080,0.0,0.0,0.7352752926533878,0,0
27,29120,0.0,0.0,0.7325315206835188,0,0
28,30160,0.0,0.0,0.7304091292565223,0,0
29,31200,0.0,0.0,0.7288073117320301,0,0
30,32240,0.0,0.0,0.7304091292565223,0,0
31,33280,0.0,0.0,0.7288073117320301,0,0
32,34320,0.0,0.0,0.7304091292565223,0,0
33,35360,0.0,0.0,0.7244930423880509,0,0
34,36400,0.0,0.0,0.7271968004134443,0,0
35,37440,0.0,0.0,0.7197051295767193,0,0
36,38480,0.0,0.0,0.7180468118748636,0,0
37,39520,0.0,0.0,0.7240825783695908,0,0
38,40560,0.0,0.0,0.7158212316899134,0,0
39,41600,0.0,0.0,0.7158212316899134,0,0
40,42640,0.0,0.0,0.7158212316899134,0,0
41,43680,0.0,0.0,0.7158212316899134,0,0
42,44720,0.0,0.0,0.7158212316899134,0,0
43,45760,0.0,0.0,0.7152622242429327,0,0
44,46800,0.0,0.0,0.7152622242429327,0,0
45,47840,0.0,0.0,0.7152622242429327,0,0
46,48880,0.0,0.0,0.7152622242429327,0,0
47,49920,0.0,0.0,0.7141410480177233,0,0
48,50960,0.0,0.0,0.7152622242429327,0,0
49,52000,0.0,0.0,0.7135788716154137,0,0
