t,bytes_sent,utility,pheromone,f1_val,agg_count,rollback
0,1040,0.0,0.0,0.7006083926626743,0,0
1,2080,0.0,0.0,0.7006083926626743,0,0
2,3120,0.0,0.0,0.9657448165961283,0,0
3,4160,0.0,0.0,0.7532336479612627,0,0
4,5200,0.0,0.0,0.9971410286679584,0,0
5,6240,0.0,0.0,0.9963338119635569,0,0
6,7280,0.0,0.0,0.9963338119635569,0,0
7,8320,0.0,0.0,0.9652577546847164,0,0
8,9360,0.0,0.0,0.9963338119635569,0,0
9,10400,0.0,0.0,0.9967019684784577,0,0
10,11440,0.0,0.0,0.9963338119635569,0,0
11,12480,0.0,0.0,0.9967728679684698,0,0
12,13520,0.0,0.0,0.9963338119635569,0,0
13,14560,0.0,0.0,0.9967728679684698,0,0
14,15600,0.0,0.0,0.9963338119635569,0,0
15,16640,0.0,0.0,0.9967728679684698,0,0
16,17680,0.0,0.0,0.9963338119635569,0,0
17,18720,0.0,0.0,0.9830740331473725,0,0
18,19760,0.0,0.0,0.9963338119635569,0,0
19,20800,0.0,0.0,0.9963338119635569,0,0
20,21840,0.0,0.0,0.9967728679684698,0,0
21,22880,0.0,0.0,0.9967728679684698,0,0
22,23920,0.0,0.0,0.9967728679684698,0,0
23,24960,0.0,0.0,0.9963338119635569,0,0
24,26000,0.0,0.0,0.9967728679684698,0,0
25,27040,0.0,0.0,0.9967728679684698,0,0
26,28080,0.0,0.0,0.9937406744244579,0,0
27,29120,0.0,0.0,0.9971410286679584,0,0
28,30160,0.0,0.0,0.9971410286679584,0,0
29,31200,0.0,0.0,0.9975086222760589,0,0
30,32240,0.0,0.0,0.9967728679684698,0,0
31,33280,0.0,0.0,0.9971410286679584,0,0
32,34320,0.0,0.0,0.9975086222760589,0,0
33,35360,0.0,0.0,0.99736232676063,0,0
34,36400,0.0,0.0,0.9972123199782954,0,0
35,37440,0.0,0.0,0.9991936395785745,0,0
36,38480,0.0,0.0,0.9975086222760589,0,0
37,39520,0.0,0.0,0.9980221884664623,0,0
38,40560,0.0,0.0,0.9983871318983927,0,0
39,41600,0.0,0.0,0.9991206264817875,0,0
40,42640,0.0,0.0,0.9603793192635419,0,0
41,43680,0.0,0.0,0.9987541605777602,0,0
42,44720,0.0,0.0,0.9891104804267411,0,0
43,45760,0.0,0.0,0.9987541605777602,0,0
44,46800,0.0,0.0,0.9984625701716527,0,0
45,47840,0.0,0.0,0.9988272367506998,0,0
46,48880,0.0,0.0,0.9991206264817875,0,0
47,49920,0.0,0.0,0.9991206264817875,0,0
48,50960,0.0,0.0,0.9980984593360873,0,0
49,52000,0.0,0.0,0.9988272367506998,0,0
