t,bytes_sent,utility,pheromone,f1_val,agg_count,rollback
0,4160,0.0,0.0,0.6544989577621183,0,0
1,8320,0.0,0.0,0.6130788974681854,0,0
2,12480,0.0,0.0,0.695796065421481,0,0
3,16640,0.0,0.0,0.7441350643552237,0,0
4,20800,0.0,0.0,0.7380807304862451,0,0
5,24960,0.0,0.0,0.7383803064914395,0,0
6,29120,0.0,0.0,0.6285620136119088,0,0
7,33280,0.0,0.0,0.6884723412162183,0,0
8,37440,0.0,0.0,0.7182508379117358,0,0
9,41600,0.0,0.0,0.7561322049426209,0,0
10,45760,0.0,0.0,0.7093539481698551,0,0
11,49920,0.0,0.0,0.7006380026411121,0,0
12,54080,0.0,0.0,0.7068363063922681,0,0
13,58240,0.0,0.0,0.7677127254548926,0,0
14,62400,0.0,0.0,0.6279446531505912,0,0
15,66560,0.0,0.0,0.5155740555642505,0,0
16,70720,0.0,0.0,0.6392217760629567,0,0
17,74880,0.0,0.0,0.5975435823571578,0,0
18,79040,0.0,0.0,0.5910930746711687,0,0
19,83200,0.0,0.0,0.553529810205743,0,0
20,87360,0.0,0.0,0.5914153970092743,0,0
21,91520,0.0,0.0,0.7569402635573309,0,0
22,95680,0.0,0.0,0.6895346847298502,0,0
23,99840,0.0,0.0,0.7138508617264901,0,0
24,104000,0.0,0.0,0.7276904874483103,0,0
25,108160,0.0,0.0,0.6238885100777957,0,0
26,112320,0.0,0.0,0.666952247890565,0,0
27,116480,0.0,0.0,0.6439022043927157,0,0
28,120640,0.0,0.0,0.7300876896412785,0,0
29,124800,0.0,0.0,0.6219348654256002,0,0
30,128960,0.0,0.0,0.7441879045555,0,0
31,133120,0.0,0.0,0.7221699956461264,0,0
32,137280,0.0,0.0,0.7235560013859089,0,0
33,141440,0.0,0.0,0.6646992022327838,0,0
34,145600,0.0,0.0,0.7234045794334814,0,0
35,149760,0.0,0.0,0.7131237378393231,0,0
36,153920,0.0,0.0,0.6591445823124626,0,0
37,158080,0.0,0.0,0.672461743114925,0,0
38,162240,0.0,0.0,0.6739808121707227,0,0
39,166400,0.0,0.0,0.7017957231711357,0,0
40,170560,0.0,0.0,0.7362331592956929,0,0
41,174720,0.0,0.0,0.6383129790735544,0,0
42,178880,0.0,0.0,0.6609268503364631,0,0
43,183040,0.0,0.0,0.6000119017888903,0,0
44,187200,0.0,0.0,0.7190975008753183,0,0
45,191360,0.0,0.0,0.7124585534508163,0,0
46,195520,0.0,0.0,0.7462847065805795,0,0
47,199680,0.0,0.0,0.7050959690121095,0,0
48,203840,0.0,0.0,0.6953804074348617,0,0
49,208000,0.0,0.0,0.6665448251778353,0,0
