t,bytes_sent,utility,pheromone,f1_val,agg_count,rollback
0,1040,0.0,0.0,0.14142628205128205,0,0
1,2080,0.0,0.0,0.6994867181247895,0,0
2,3120,0.0,0.0,0.14142628205128205,0,0
3,4160,0.0,0.0,0.14142628205128205,0,0
4,5200,0.0,0.0,0.14142628205128205,0,0
5,6240,0.0,0.0,0.14142628205128205,0,0
6,7280,0.0,0.0,0.14142628205128205,0,0
7,8320,0.0,0.0,0.14142628205128205,0,0
8,9360,0.0,0.0,0.14142628205128205,0,0
9,10400,0.0,0.0,0.14142628205128205,0,0
10,11440,0.0,0.0,0.41625250229074906,0,0
11,12480,0.0,0.0,0.4168551858772006,0,0
12,13520,0.0,0.0,0.41705570454086727,0,0
13,14560,0.0,0.0,0.41705570454086727,0,0
14,15600,0.0,0.0,0.4154784209531903,0,0
15,16640,0.0,0.0,0.6946410440931798,0,0
16,17680,0.0,0.0,0.6938249987240028,0,0
17,18720,0.0,0.0,0.6943844765515469,0,0
18,19760,0.0,0.0,0.694245125638667,0,0
19,20800,0.0,0.0,0.69473569377108,0,0
20,21840,0.0,0.0,0.7077711158708658,0,0
21,22880,0.0,0.0,0.6950281590165839,0,0
22,23920,0.0,0.0,0.7000900072665346,0,0
23,24960,0.0,0.0,0.6948631094772193,0,0
24,26000,0.0,0.0,0.6933422854149234,0,0
25,27040,0.0,0.0,0.6940221104736358,0,0
26,28080,0.0,0.0,0.6947747238712205,0,0
27,29120,0.0,0.0,0.694315227447913,0,0
28,30160,0.0,0.0,0.6936016847445478,0,0
29,31200,0.0,0.0,0.6942590696562921,0,0
30,32240,0.0,0.0,0.41568085041203323,0,0
31,33280,0.0,0.0,0.9604713551081098,0,0
32,34320,0.0,0.0,0.6987339446067815,0,0
33,35360,0.0,0.0,0.6206103660722324,0,0
34,36400,0.0,0.0,0.6200318526418955,0,0
35,37440,0.0,0.0,0.9630587003666407,0,0
36,38480,0.0,0.0,0.8179574806117111,0,0
37,39520,0.0,0.0,0.9314197571869867,0,0
38,40560,0.0,0.0,0.8121390874940161,0,0
39,41600,0.0,0.0,0.6228862231959315,0,0
40,42640,0.0,0.0,0.9273867788757081,0,0
41,43680,0.0,0.0,0.8232872679004889,0,0
42,44720,0.0,0.0,0.805860329887307,0,0
43,45760,0.0,0.0,0.8671710589703842,0,0
44,46800,0.0,0.0,0.854381232469655,0,0
45,47840,0.0,0.0,0.8238075351801383,0,0
46,48880,0.0,0.0,0.8640812467872078,0,0
47,49920,0.0,0.0,0.82234516898872,0,0
48,50960,0.0,0.0,0.6162396207693481,0,0
49,52000,0.0,0.0,0.7858181588170827,0,0
