t,bytes_sent,utility,pheromone,f1_val,agg_count,rollback
0,1040,0.0,0.0,0.6292121762155808,0,0
1,2080,0.0,0.0,0.5732091057434557,0,0
2,3120,0.0,0.0,0.6034844233006497,0,0
3,4160,0.0,0.0,0.6559795786414715,0,0
4,5200,0.0,0.0,0.62905658455702,0,0
5,6240,0.0,0.0,0.6633394610242629,0,0
6,7280,0.0,0.0,0.6385648632001246,0,0
7,8320,0.0,0.0,0.6050061248320522,0,0
8,9360,0.0,0.0,0.6316368260033924,0,0
9,10400,0.0,0.0,0.6640748011776115,0,0
10,11440,0.0,0.0,0.5340948594071611,0,0
11,12480,0.0,0.0,0.8389694171838576,0,0
12,13520,0.0,0.0,0.7770683839144678,0,0
13,14560,0.0,0.0,0.8329223419816263,0,0
14,15600,0.0,0.0,0.8402625262372845,0,0
15,16640,0.0,0.0,0.7496025668476187,0,0
16,17680,0.0,0.0,0.564289747140223,0,0
17,18720,0.0,0.0,0.7543269181039166,0,0
18,19760,0.0,0.0,0.8131293881229504,0,0
19,20800,0.0,0.0,0.818032054969846,0,0
20,21840,0.0,0.0,0.8182671240694681,0,0
21,22880,0.0,0.0,0.8163492323054605,0,0
22,23920,0.0,0.0,0.8187369036062607,0,0
23,24960,0.0,0.0,0.8163492323054605,0,0
24,26000,0.0,0.0,0.8176631633252159,0,0
25,27040,0.0,0.0,0.8187369036062607,0,0
26,28080,0.0,0.0,0.8165837772818088,0,0
27,29120,0.0,0.0,0.8180072034400312,0,0
28,30160,0.0,0.0,0.8172866971575439,0,0
29,31200,0.0,0.0,0.8143791056631391,0,0
30,32240,0.0,0.0,0.8158380535804324,0,0
31,33280,0.0,0.0,0.8158380535804324,0,0
32,34320,0.0,0.0,0.8140127401712913,0,0
33,35360,0.0,0.0,0.815212173814916,0,0
34,36400,0.0,0.0,0.8137450170679981,0,0
35,37440,0.0,0.0,0.8148463678005218,0,0
36,38480,0.0,0.0,0.814713314227255,0,0
37,39520,0.0,0.0,0.8154456745500707,0,0
38,40560,0.0,0.0,0.8154456745500707,0,0
39,41600,0.0,0.0,0.8154456745500707,0,0
40,42640,0.0,0.0,0.8139783289865791,0,0
41,43680,0.0,0.0,0.8150798212531256,0,0
42,44720,0.0,0.0,0.809512154730834,0,0
43,45760,0.0,0.0,0.8098880814596348,0,0
44,46800,0.0,0.0,0.8098880814596348,0,0
45,47840,0.0,0.0,0.8091355355889795,0,0
46,48880,0.0,0.0,0.8097447863863522,0,0
47,49920,0.0,0.0,0.809368120738753,0,0
48,50960,0.0,0.0,0.810353319434417,0,0
49,52000,0.0,0.0,0.8088450752838826,0,0
