t,bytes_sent,utility,pheromone,f1_val,agg_count,rollback
0,4160,0.0,0.0,0.054777695897813804,0,0
1,8320,0.0,0.0,0.19198018139066172,0,0
2,12480,0.0,0.0,0.30682772231339656,0,0
3,16640,0.0,0.0,0.13973365136155833,0,0
4,20800,0.0,0.0,0.13973365136155833,0,0
5,24960,0.0,0.0,0.13973365136155833,0,0
6,29120,0.0,0.0,0.13973365136155833,0,0
7,33280,0.0,0.0,0.13973365136155833,0,0
8,37440,0.0,0.0,0.13973365136155833,0,0
9,41600,0.0,0.0,0.13973365136155833,0,0
10,45760,0.0,0.0,0.3773838607949942,0,0
11,49920,0.0,0.0,0.4170305028984703,0,0
12,54080,0.0,0.0,0.38372740901093455,0,0
13,58240,0.0,0.0,0.3838212590038361,0,0
14,62400,0.0,0.0,0.43598773512275796,0,0
15,66560,0.0,0.0,0.6032102044901944,0,0
16,70720,0.0,0.0,0.6168278185078546,0,0
17,74880,0.0,0.0,0.6905261205061793,0,0
18,79040,0.0,0.0,0.6929607074650923,0,0
19,83200,0.0,0.0,0.696695757245951,0,0
20,87360,0.0,0.0,0.6980308171108343,0,0
21,91520,0.0,0.0,0.6896525326883929,0,0
22,95680,0.0,0.0,0.6990816891019731,0,0
23,99840,0.0,0.0,0.6986184249994525,0,0
24,104000,0.0,0.0,0.6831867449036173,0,0
25,108160,0.0,0.0,0.6984664509892107,0,0
26,112320,0.0,0.0,0.6976135223572444,0,0
27,116480,0.0,0.0,0.6970880278227074,0,0
28,120640,0.0,0.0,0.9692052056432309,0,0
29,124800,0.0,0.0,0.6988157833113708,0,0
30,128960,0.0,0.0,0.7621834184152957,0,0
31,133120,0.0,0.0,0.842292300089465,0,0
32,137280,0.0,0.0,0.7125679225413994,0,0
33,141440,0.0,0.0,0.9401673158039535,0,0
34,145600,0.0,0.0,0.6942674751078368,0,0
35,149760,0.0,0.0,0.7007438455271788,0,0
36,153920,0.0,0.0,0.9952302458980257,0,0
37,158080,0.0,0.0,0.9877454362011411,0,0
38,162240,0.0,0.0,0.6928677532568055,0,0
39,166400,0.0,0.0,0.9825811969917071,0,0
40,170560,0.0,0.0,0.967346655058329,0,0
41,174720,0.0,0.0,0.827496007017692,0,0
42,178880,0.0,0.0,0.9909922843394117,0,0
43,183040,0.0,0.0,0.7016173767869387,0,0
44,187200,0.0,0.0,0.8124662674593388,0,0
45,191360,0.0,0.0,0.9956438101891232,0,0
46,195520,0.0,0.0,0.9122041806749173,0,0
47,199680,0.0,0.0,0.7487017557873635,0,0
48,203840,0.0,0.0,0.7661061061415285,0,0
49,208000,0.0,0.0,0.9927444567478255,0,0
