t,bytes_sent,utility,pheromone,f1_val,agg_count,rollback
0,4160,0.0,0.0,0.9923167377520978,0,0
1,8320,0.0,0.0,0.9929361822751569,0,0
2,12480,0.0,0.0,0.9925380579155019,0,0
3,16640,0.0,0.0,0.9777329671655071,0,0
4,20800,0.0,0.0,0.9723119528879729,0,0
5,24960,0.0,0.0,0.9733196850875003,0,0
6,29120,0.0,0.0,0.9922164873423569,0,0
7,33280,0.0,0.0,0.9940317422932848,0,0
8,37440,0.0,0.0,0.993122746315827,0,0
9,41600,0.0,0.0,0.993122746315827,0,0
10,45760,0.0,0.0,0.9938554489473111,0,0
11,49920,0.0,0.0,0.992765585815685,0,0
12,54080,0.0,0.0,0.9918532151771823,0,0
13,58240,0.0,0.0,0.9944117504162611,0,0
14,62400,0.0,0.0,0.9920372758728229,0,0
15,66560,0.0,0.0,0.9908850059994319,0,0
16,70720,0.0,0.0,0.9938823143664862,0,0
17,74880,0.0,0.0,0.877330949915521,0,0
18,79040,0.0,0.0,0.8270534392778842,0,0
19,83200,0.0,0.0,0.8570668876139489,0,0
20,87360,0.0,0.0,0.8605776305922762,0,0
21,91520,0.0,0.0,0.8408615617506319,0,0
22,95680,0.0,0.0,0.8411070615019132,0,0
23,99840,0.0,0.0,0.8425397406724475,0,0
24,104000,0.0,0.0,0.8401032008128854,0,0
25,108160,0.0,0.0,0.8401032008128854,0,0
26,112320,0.0,0.0,0.8401032008128854,0,0
27,116480,0.0,0.0,0.8388352219038487,0,0
28,120640,0.0,0.0,0.838590011566309,0,0
29,124800,0.0,0.0,0.8371191273185535,0,0
30,128960,0.0,0.0,0.8383448199951771,0,0
31,133120,0.0,0.0,0.8371191273185535,0,0
32,137280,0.0,0.0,0.8346688822349533,0,0
33,141440,0.0,0.0,0.8363839071182454,0,0
34,145600,0.0,0.0,0.8383448199951771,0,0
35,149760,0.0,0.0,0.8336891280415515,0,0
36,153920,0.0,0.0,0.8356547635677328,0,0
37,158080,0.0,0.0,0.8332054106592698,0,0
38,162240,0.0,0.0,0.8371250055142584,0,0
39,166400,0.0,0.0,0.8346748832679765,0,0
40,170560,0.0,0.0,0.8351647977783193,0,0
41,174720,0.0,0.0,0.8344299440924946,0,0
42,178880,0.0,0.0,0.8349198343433744,0,0
43,183040,0.0,0.0,0.8339400996050881,0,0
44,187200,0.0,0.0,0.8356547635677328,0,0
45,191360,0.0,0.0,0.8356547635677328,0,0
46,195520,0.0,0.0,0.8351647977783193,0,0
47,199680,0.0,0.0,0.834185016357765,0,0
48,203840,0.0,0.0,0.8361447843227442,0,0
49,208000,0.0,0.0,0.8332054106592698,0,0
