t,bytes_sent,utility,pheromone,f1_val,agg_count,rollback
0,1040,0.0,0.0,0.057462496821764554,0,0
1,2080,0.0,0.0,0.057307561885384876,0,0
2,3120,0.0,0.0,0.1430858806404658,0,0
3,4160,0.0,0.0,0.14604139528151686,0,0
4,5200,0.0,0.0,0.14769940862541467,0,0
5,6240,0.0,0.0,0.14468146858220868,0,0
6,7280,0.0,0.0,0.12314898760954972,0,0
7,8320,0.0,0.0,0.09077809798270893,0,0
8,9360,0.0,0.0,0.06373165618448638,0,0
9,10400,0.0,0.0,0.0905013615249079,0,0
10,11440,0.0,0.0,0.09091636654661865,0,0
11,12480,0.0,0.0,0.09243295019157088,0,0
12,13520,0.0,0.0,0.10677873764495292,0,0
13,14560,0.0,0.0,0.11805078929306795,0,0
14,15600,0.0,0.0,0.12815330488809043,0,0
15,16640,0.0,0.0,0.13270986417279004,0,0
16,17680,0.0,0.0,0.1338961712212101,0,0
17,18720,0.0,0.0,0.13601829313269898,0,0
18,19760,0.0,0.0,0.13789048144064683,0,0
19,20800,0.0,0.0,0.13867488443759632,0,0
20,21840,0.0,0.0,0.13913935928450993,0,0
21,22880,0.0,0.0,0.14052789354390582,0,0
22,23920,0.0,0.0,0.1414185639229422,0,0
23,24960,0.0,0.0,0.14250363901018923,0,0
24,26000,0.0,0.0,0.14273243125272808,0,0
25,27040,0.0,0.0,0.14284675249109027,0,0
26,28080,0.0,0.0,0.1428155904595695,0,0
27,29120,0.0,0.0,0.14358304297328686,0,0
28,30160,0.0,0.0,0.14412063215890966,0,0
29,31200,0.0,0.0,0.1448016217781639,0,0
30,32240,0.0,0.0,0.14536775873291388,0,0
31,33280,0.0,0.0,0.14590104730949802,0,0
32,34320,0.0,0.0,0.14601386481802428,0,0
33,35360,0.0,0.0,0.1462393532553775,0,0
34,36400,0.0,0.0,0.14713935725608876,0,0
35,37440,0.0,0.0,0.14781232009211284,0,0
36,38480,0.0,0.0,0.14814814814814814,0,0
37,39520,0.0,0.0,0.14837179210696572,0,0
38,40560,0.0,0.0,0.14859524322770712,0,0
39,41600,0.0,0.0,0.14881850175967823,0,0
40,42640,0.0,0.0,0.1489300588826655,0,0
41,43680,0.0,0.0,0.14904156795175533,0,0
42,44720,0.0,0.0,0.14926444205238606,0,0
43,45760,0.0,0.0,0.1494871243095904,0,0
44,46800,0.0,0.0,0.1497096149709615,0,0
45,47840,0.0,0.0,0.1497096149709615,0,0
46,48880,0.0,0.0,0.150154022494448,0,0
47,49920,0.0,0.0,0.150154022494448,0,0
48,50960,0.0,0.0,0.15037593984962405,0,0
49,52000,0.0,0.0,0.15059766659508983,0,0
