t,bytes_sent,utility,pheromone,f1_val,agg_count,rollback
0,1040,0.0,0.0,0.30380970798684975,0,0
1,2080,0.0,0.0,0.30380970798684975,0,0
2,3120,0.0,0.0,0.3281739884891101,0,0
3,4160,0.0,0.0,0.7359390529994132,0,0
4,5200,0.0,0.0,0.6452157931317267,0,0
5,6240,0.0,0.0,0.7701891060563557,0,0
6,7280,0.0,0.0,0.7734138266796495,0,0
7,8320,0.0,0.0,0.8049737581821855,0,0
8,9360,0.0,0.0,0.7645993944879678,0,0
9,10400,0.0,0.0,0.8229100665293838,0,0
10,11440,0.0,0.0,0.8186562034690397,0,0
11,12480,0.0,0.0,0.7992224407318747,0,0
12,13520,0.0,0.0,0.523434202771465,0,0
13,14560,0.0,0.0,0.773145750428078,0,0
14,15600,0.0,0.0,0.7637426424163425,0,0
15,16640,0.0,0.0,0.8220698786441392,0,0
16,17680,0.0,0.0,0.8240520914694032,0,0
17,18720,0.0,0.0,0.8288575405993743,0,0
18,19760,0.0,0.0,0.8265976263172662,0,0
19,20800,0.0,0.0,0.8344963275878627,0,0
20,21840,0.0,0.0,0.8075477837779207,0,0
21,22880,0.0,0.0,0.8152458693696647,0,0
22,23920,0.0,0.0,0.7958043362325714,0,0
23,24960,0.0,0.0,0.8072757211491344,0,0
24,26000,0.0,0.0,0.8206527238290211,0,0
25,27040,0.0,0.0,0.817247060986674,0,0
26,28080,0.0,0.0,0.8271628475268771,0,0
27,29120,0.0,0.0,0.82603224156065,0,0
28,30160,0.0,0.0,0.8280103750375706,0,0
29,31200,0.0,0.0,0.5875043532512899,0,0
30,32240,0.0,0.0,0.8597022059705894,0,0
31,33280,0.0,0.0,0.5750715689216743,0,0
32,34320,0.0,0.0,0.8549597110308419,0,0
33,35360,0.0,0.0,0.8543984271572249,0,0
34,36400,0.0,0.0,0.8597022059705894,0,0
35,37440,0.0,0.0,0.8535573137631811,0,0
36,38480,0.0,0.0,0.8412324612112041,0,0
37,39520,0.0,0.0,0.5585114990007911,0,0
38,40560,0.0,0.0,0.5885733586553875,0,0
39,41600,0.0,0.0,0.6035244227474532,0,0
40,42640,0.0,0.0,0.5950546822723624,0,0
41,43680,0.0,0.0,0.5979768871636165,0,0
42,44720,0.0,0.0,0.8954986603817634,0,0
43,45760,0.0,0.0,0.5998496376111948,0,0
44,46800,0.0,0.0,0.898263970713366,0,0
45,47840,0.0,0.0,0.6161497393029524,0,0
46,48880,0.0,0.0,0.6199323866220663,0,0
47,49920,0.0,0.0,0.6239916567876896,0,0
48,50960,0.0,0.0,0.6260224282593586,0,0
49,52000,0.0,0.0,0.62639175396363,0,0
