t,bytes_sent,utility,pheromone,f1_val,agg_count,rollback
0,1040,0.0,0.0,0.10474797479747974,0,0
1,2080,0.0,0.0,0.05677517032551098,0,0
2,3120,0.0,0.0,0.4024842183813,0,0
3,4160,0.0,0.0,0.13984006561410703,0,0
4,5200,0.0,0.0,0.13984006561410703,0,0
5,6240,0.0,0.0,0.13984006561410703,0,0
6,7280,0.0,0.0,0.13984006561410703,0,0
7,8320,0.0,0.0,0.13984006561410703,0,0
8,9360,0.0,0.0,0.13984006561410703,0,0
9,10400,0.0,0.0,0.13984006561410703,0,0
10,11440,0.0,0.0,0.13984006561410703,0,0
11,12480,0.0,0.0,0.39645225981545407,0,0
12,13520,0.0,0.0,0.400550043463925,0,0
13,14560,0.0,0.0,0.401708470248874,0,0
14,15600,0.0,0.0,0.401708470248874,0,0
15,16640,0.0,0.0,0.6037114505475307,0,0
16,17680,0.0,0.0,0.7008362290767893,0,0
17,18720,0.0,0.0,0.7003512381127298,0,0
18,19760,0.0,0.0,0.7006809596653347,0,0
19,20800,0.0,0.0,0.7007562037352997,0,0
20,21840,0.0,0.0,0.7007562037352997,0,0
21,22880,0.0,0.0,0.7006809596653347,0,0
22,23920,0.0,0.0,0.7006060025002057,0,0
23,24960,0.0,0.0,0.7006060025002057,0,0
24,26000,0.0,0.0,0.7006060025002057,0,0
25,27040,0.0,0.0,0.7006809596653347,0,0
26,28080,0.0,0.0,0.7006809596653347,0,0
27,29120,0.0,0.0,0.7006060025002057,0,0
28,30160,0.0,0.0,0.7006060025002057,0,0
29,31200,0.0,0.0,0.7006060025002057,0,0
30,32240,0.0,0.0,0.7006060025002057,0,0
31,33280,0.0,0.0,0.7006060025002057,0,0
32,34320,0.0,0.0,0.9906678593791969,0,0
33,35360,0.0,0.0,0.9281222298607774,0,0
34,36400,0.0,0.0,0.9610352511054436,0,0
35,37440,0.0,0.0,0.9973696976584205,0,0
36,38480,0.0,0.0,0.9732750933977798,0,0
37,39520,0.0,0.0,0.960995754132836,0,0
38,40560,0.0,0.0,0.99692358008676,0,0
39,41600,0.0,0.0,0.9973696976584205,0,0
40,42640,0.0,0.0,0.9607409897453603,0,0
41,43680,0.0,0.0,0.9812358185924561,0,0
42,44720,0.0,0.0,0.9772979625671722,0,0
43,45760,0.0,0.0,0.960995754132836,0,0
44,46800,0.0,0.0,0.9969583726029951,0,0
45,47840,0.0,0.0,0.9973696976584205,0,0
46,48880,0.0,0.0,0.960995754132836,0,0
47,49920,0.0,0.0,0.9820710975803975,0,0
48,50960,0.0,0.0,0.9973696976584205,0,0
49,52000,0.0,0.0,0.972865017655,0,0
