t,bytes_sent,utility,pheromone,f1_val,agg_count,rollback
0,1040,0.0,0.0,0.5905266748104882,0,0
1,2080,0.0,0.0,0.5506738021199489,0,0
2,3120,0.0,0.0,0.6839849849316708,0,0
3,4160,0.0,0.0,0.5581289731596023,0,0
4,5200,0.0,0.0,0.6629199729992034,0,0
5,6240,0.0,0.0,0.6250788682166822,0,0
6,7280,0.0,0.0,0.5826026393150804,0,0
7,8320,0.0,0.0,0.7267965469908301,0,0
8,9360,0.0,0.0,0.9427206339351174,0,0
9,10400,0.0,0.0,0.650633412425946,0,0
10,11440,0.0,0.0,0.8799299239682182,0,0
11,12480,0.0,0.0,0.8040002820330012,0,0
12,13520,0.0,0.0,0.566956672351846,0,0
13,14560,0.0,0.0,0.8738271965426189,0,0
14,15600,0.0,0.0,0.6584142507004993,0,0
15,16640,0.0,0.0,0.8353719266850704,0,0
16,17680,0.0,0.0,0.8539259534463706,0,0
17,18720,0.0,0.0,0.822357331007086,0,0
18,19760,0.0,0.0,0.8404327797957459,0,0
19,20800,0.0,0.0,0.9246898861299498,0,0
20,21840,0.0,0.0,0.7730913712287645,0,0
21,22880,0.0,0.0,0.8192941078836344,0,0
22,23920,0.0,0.0,0.8170866015442084,0,0
23,24960,0.0,0.0,0.8226448913686616,0,0
24,26000,0.0,0.0,0.8167106898975108,0,0
25,27040,0.0,0.0,0.819699035005844,0,0
26,28080,0.0,0.0,0.818583454983973,0,0
27,29120,0.0,0.0,0.8174618312603212,0,0
28,30160,0.0,0.0,0.8201583410722249,0,0
29,31200,0.0,0.0,0.8167106898975108,0,0
30,32240,0.0,0.0,0.8145178495681413,0,0
31,33280,0.0,0.0,0.8196444863890937,0,0
32,34320,0.0,0.0,0.8176912481257634,0,0
33,35360,0.0,0.0,0.8436803864397007,0,0
34,36400,0.0,0.0,0.8231524707526108,0,0
35,37440,0.0,0.0,0.829487932234856,0,0
36,38480,0.0,0.0,0.8304428657190988,0,0
37,39520,0.0,0.0,0.8230755756650696,0,0
38,40560,0.0,0.0,0.820002018110981,0,0
39,41600,0.0,0.0,0.8097561221976501,0,0
40,42640,0.0,0.0,0.8118713785434608,0,0
41,43680,0.0,0.0,0.8081014204268184,0,0
42,44720,0.0,0.0,0.8044969604221,0,0
43,45760,0.0,0.0,0.799176646742711,0,0
44,46800,0.0,0.0,0.8101968716155614,0,0
45,47840,0.0,0.0,0.799176646742711,0,0
46,48880,0.0,0.0,0.7958329896539699,0,0
47,49920,0.0,0.0,0.8109336937116574,0,0
48,50960,0.0,0.0,0.7896227354029146,0,0
49,52000,0.0,0.0,0.7930873801817113,0,0
