t,bytes_sent,utility,pheromone,f1_val,agg_count,rollback
0,1040,0.0,0.0,0.05479960415635824,0,0
1,2080,0.0,0.0,0.18972064008679143,0,0
2,3120,0.0,0.0,0.13995598239295717,0,0
3,4160,0.0,0.0,0.13995598239295717,0,0
4,5200,0.0,0.0,0.13995598239295717,0,0
5,6240,0.0,0.0,0.13995598239295717,0,0
6,7280,0.0,0.0,0.13995598239295717,0,0
7,8320,0.0,0.0,0.13995598239295717,0,0
8,9360,0.0,0.0,0.13995598239295717,0,0
9,10400,0.0,0.0,0.13995598239295717,0,0
10,11440,0.0,0.0,0.714281638946015,0,0
11,12480,0.0,0.0,0.7147473519913303,0,0
12,13520,0.0,0.0,0.5585431665348609,0,0
13,14560,0.0,0.0,0.37306606018310795,0,0
14,15600,0.0,0.0,0.7141096062959231,0,0
15,16640,0.0,0.0,0.701432261124125,0,0
16,17680,0.0,0.0,0.7142391053978291,0,0
17,18720,0.0,0.0,0.7011901646574596,0,0
18,19760,0.0,0.0,0.7142391053978291,0,0
19,20800,0.0,0.0,0.7047738905408433,0,0
20,21840,0.0,0.0,0.9966394137733288,0,0
21,22880,0.0,0.0,0.9966398743144329,0,0
22,23920,0.0,0.0,0.9967904835007894,0,0
23,24960,0.0,0.0,0.9953659596578323,0,0
24,26000,0.0,0.0,0.9967904835007894,0,0
25,27040,0.0,0.0,0.9964900410640029,0,0
26,28080,0.0,0.0,0.997077090227122,0,0
27,29120,0.0,0.0,0.9953755438620445,0,0
28,30160,0.0,0.0,0.9950136499820015,0,0
29,31200,0.0,0.0,0.9957630759091974,0,0
30,32240,0.0,0.0,0.9942699068001273,0,0
31,33280,0.0,0.0,0.9935178734003183,0,0
32,34320,0.0,0.0,0.9926457841098181,0,0
33,35360,0.0,0.0,0.7140636628454178,0,0
34,36400,0.0,0.0,0.9800829808672643,0,0
35,37440,0.0,0.0,0.9922724065265219,0,0
36,38480,0.0,0.0,0.7198520683827079,0,0
37,39520,0.0,0.0,0.9881372834100528,0,0
38,40560,0.0,0.0,0.9920979054933599,0,0
39,41600,0.0,0.0,0.9940931887774087,0,0
40,42640,0.0,0.0,0.9922724065265219,0,0
41,43680,0.0,0.0,0.9842396338177932,0,0
42,44720,0.0,0.0,0.9910113370052481,0,0
43,45760,0.0,0.0,0.9922819023012285,0,0
44,46800,0.0,0.0,0.9919085369259982,0,0
45,47840,0.0,0.0,0.9915452129742699,0,0
46,48880,0.0,0.0,0.9901099825334893,0,0
47,49920,0.0,0.0,0.9920648610389395,0,0
48,50960,0.0,0.0,0.9916892033051603,0,0
49,52000,0.0,0.0,0.989031239147991,0,0
