t,bytes_sent,utility,pheromone,f1_val,agg_count,rollback
0,1040,0.0,0.0,0.1038107752956636,0,0
1,2080,0.0,0.0,0.14035785288270378,0,0
2,3120,0.0,0.0,0.14035785288270378,0,0
3,4160,0.0,0.0,0.14035785288270378,0,0
4,5200,0.0,0.0,0.14035785288270378,0,0
5,6240,0.0,0.0,0.14035785288270378,0,0
6,7280,0.0,0.0,0.14035785288270378,0,0
7,8320,0.0,0.0,0.14035785288270378,0,0
8,9360,0.0,0.0,0.14035785288270378,0,0
9,10400,0.0,0.0,0.14035785288270378,0,0
10,11440,0.0,0.0,0.14035785288270378,0,0
11,12480,0.0,0.0,0.15483064170470384,0,0
12,13520,0.0,0.0,0.3964619511854436,0,0
13,14560,0.0,0.0,0.39155223937832634,0,0
14,15600,0.0,0.0,0.39649470961585787,0,0
15,16640,0.0,0.0,0.5149144954329214,0,0
16,17680,0.0,0.0,0.6420356105599121,0,0
17,18720,0.0,0.0,0.665696976588182,0,0
18,19760,0.0,0.0,0.6536731160017186,0,0
19,20800,0.0,0.0,0.7015782525941663,0,0
20,21840,0.0,0.0,0.7020620161542324,0,0
21,22880,0.0,0.0,0.7019943617210709,0,0
22,23920,0.0,0.0,0.9346051102490758,0,0
23,24960,0.0,0.0,0.9487602103311308,0,0
24,26000,0.0,0.0,0.9949110635196168,0,0
25,27040,0.0,0.0,0.9976511180498535,0,0
26,28080,0.0,0.0,0.9890180214872789,0,0
27,29120,0.0,0.0,0.9949110635196168,0,0
28,30160,0.0,0.0,0.9563794614243323,0,0
29,31200,0.0,0.0,0.9563794614243323,0,0
30,32240,0.0,0.0,0.987924591240885,0,0
31,33280,0.0,0.0,0.9975765414632514,0,0
32,34320,0.0,0.0,0.9651911849023302,0,0
33,35360,0.0,0.0,0.9746899199125819,0,0
34,36400,0.0,0.0,0.9929948985377146,0,0
35,37440,0.0,0.0,0.9971652929977585,0,0
36,38480,0.0,0.0,0.9978195179672185,0,0
37,39520,0.0,0.0,0.9896142200355164,0,0
38,40560,0.0,0.0,0.9902185937601619,0,0
39,41600,0.0,0.0,0.9972435617623723,0,0
40,42640,0.0,0.0,0.9969975081576651,0,0
41,43680,0.0,0.0,0.996707183296921,0,0
42,44720,0.0,0.0,0.9763915559364852,0,0
43,45760,0.0,0.0,0.9255128296515235,0,0
44,46800,0.0,0.0,0.9914136494255933,0,0
45,47840,0.0,0.0,0.9974082695017256,0,0
46,48880,0.0,0.0,0.9757766562245227,0,0
47,49920,0.0,0.0,0.9971882020035234,0,0
48,50960,0.0,0.0,0.9966634287550596,0,0
49,52000,0.0,0.0,0.9420810966620967,0,0
