t,bytes_sent,utility,pheromone,f1_val,agg_count,rollback
0,1040,0.0,0.0,0.0,0,0
1,2080,0.0,0.0,0.0,0,0
2,3120,0.0,0.0,0.0,0,0
3,4160,0.0,0.0,0.0,0,0
4,5200,0.0,0.0,0.0,0,0
5,6240,0.0,0.0,0.0,0,0
6,7280,0.0,0.0,0.0,0,0
7,8320,0.0,0.0,0.0,0,0
8,9360,0.0,0.0,0.0,0,0
9,10400,0.0,0.0,0.0,0,0
10,11440,0.0,0.0,0.0,0,0
11,12480,0.0,0.0,0.0,0,0
12,13520,0.0,0.0,0.0,0,0
13,14560,0.0,0.0,0.0,0,0
14,15600,0.0,0.0,0.0,0,0
15,16640,0.0,0.0,0.0,0,0
16,17680,0.0,0.0,0.0,0,0
17,18720,0.0,0.0,0.0,0,0
18,19760,0.0,0.0,0.0,0,0
19,20800,0.0,0.0,0.0,0,0
20,21840,0.0,0.0,0.0,0,0
21,22880,0.0,0.0,0.0,0,0
22,23920,0.0,0.0,0.2902091430686656,0,0
23,24960,0.0,0.0,0.32467423287095415,0,0
24,26000,0.0,0.0,0.33292312740995983,0,0
25,27040,0.0,0.0,0.3333333333333333,0,0
26,28080,0.0,0.0,0.333005249343832,0,0
27,29120,0.0,0.0,0.2910495814552479,0,0
28,30160,0.0,0.0,0.2547914317925592,0,0
29,31200,0.0,0.0,0.2537425149700599,0,0
30,32240,0.0,0.0,0.2404255319148936,0,0
31,33280,0.0,0.0,0.2404255319148936,0,0
32,34320,0.0,0.0,0.24038291083141286,0,0
33,35360,0.0,0.0,0.24029771398192448,0,0
34,36400,0.0,0.0,0.24029771398192448,0,0
35,37440,0.0,0.0,0.24008498583569404,0,0
36,38480,0.0,0.0,0.2404255319148936,0,0
37,39520,0.0,0.0,0.24538545059717698,0,0
38,40560,0.0,0.0,0.24587488667271076,0,0
39,41600,0.0,0.0,0.24034030485643387,0,0
40,42640,0.0,0.0,0.24021257750221436,0,0
41,43680,0.0,0.0,0.24017003188097766,0,0
42,44720,0.0,0.0,0.24008498583569404,0,0
43,45760,0.0,0.0,0.3599362944611573,0,0
44,46800,0.0,0.0,0.3599362944611573,0,0
45,47840,0.0,0.0,0.3599362944611573,0,0
46,48880,0.0,0.0,0.3599362944611573,0,0
47,49920,0.0,0.0,0.24012750132813884,0,0
48,50960,0.0,0.0,0.24835164835164836,0,0
49,52000,0.0,0.0,0.3174900491688129,0,0
