t,bytes_sent,utility,pheromone,f1_val,agg_count,rollback
0,1040,0.0,0.0,0.35042556313742756,0,0
1,2080,0.0,0.0,0.1403857625770531,0,0
2,3120,0.0,0.0,0.1403857625770531,0,0
3,4160,0.0,0.0,0.1403857625770531,0,0
4,5200,0.0,0.0,0.1403857625770531,0,0
5,6240,0.0,0.0,0.1403857625770531,0,0
6,7280,0.0,0.0,0.1403857625770531,0,0
7,8320,0.0,0.0,0.1403857625770531,0,0
8,9360,0.0,0.0,0.1403857625770531,0,0
9,10400,0.0,0.0,0.1403857625770531,0,0
10,11440,0.0,0.0,0.4160404975377924,0,0
11,12480,0.0,0.0,0.37146126764782716,0,0
12,13520,0.0,0.0,0.41208042262147515,0,0
13,14560,0.0,0.0,0.41580726865236384,0,0
14,15600,0.0,0.0,0.41580726865236384,0,0
15,16640,0.0,0.0,0.41580726865236384,0,0
16,17680,0.0,0.0,0.41580726865236384,0,0
17,18720,0.0,0.0,0.515914106408311,0,0
18,19760,0.0,0.0,0.64028179010208,0,0
19,20800,0.0,0.0,0.6507461061658104,0,0
20,21840,0.0,0.0,0.71091285812191,0,0
21,22880,0.0,0.0,0.6875218561782644,0,0
22,23920,0.0,0.0,0.6684613554193581,0,0
23,24960,0.0,0.0,0.7087330522057671,0,0
24,26000,0.0,0.0,0.6752615267899784,0,0
25,27040,0.0,0.0,0.550696451159975,0,0
26,28080,0.0,0.0,0.5572061711108699,0,0
27,29120,0.0,0.0,0.521539328672822,0,0
28,30160,0.0,0.0,0.5094279569783237,0,0
29,31200,0.0,0.0,0.5025449470053599,0,0
30,32240,0.0,0.0,0.570443560507073,0,0
31,33280,0.0,0.0,0.5206746762080899,0,0
32,34320,0.0,0.0,0.6257519812297845,0,0
33,35360,0.0,0.0,0.5185947701872708,0,0
34,36400,0.0,0.0,0.521590286713956,0,0
35,37440,0.0,0.0,0.5745041580675827,0,0
36,38480,0.0,0.0,0.5231878021979393,0,0
37,39520,0.0,0.0,0.5669858885554523,0,0
38,40560,0.0,0.0,0.5787495393061722,0,0
39,41600,0.0,0.0,0.5542397036268236,0,0
40,42640,0.0,0.0,0.5470129414712732,0,0
41,43680,0.0,0.0,0.5544640546493076,0,0
42,44720,0.0,0.0,0.42993461356476653,0,0
43,45760,0.0,0.0,0.5280756654950767,0,0
44,46800,0.0,0.0,0.564586669886183,0,0
45,47840,0.0,0.0,0.6329046058944633,0,0
46,48880,0.0,0.0,0.5545699471179625,0,0
47,49920,0.0,0.0,0.5707304018486319,0,0
48,50960,0.0,0.0,0.592676333651,0,0
49,52000,0.0,0.0,0.5558428097960467,0,0
