t,bytes_sent,utility,pheromone,f1_val,agg_count,rollback
0,1040,0.0,0.0,0.3256924302576655,0,0
1,2080,0.0,0.0,0.14035785288270378,0,0
2,3120,0.0,0.0,0.14035785288270378,0,0
3,4160,0.0,0.0,0.14035785288270378,0,0
4,5200,0.0,0.0,0.14035785288270378,0,0
5,6240,0.0,0.0,0.14035785288270378,0,0
6,7280,0.0,0.0,0.14035785288270378,0,0
7,8320,0.0,0.0,0.14035785288270378,0,0
8,9360,0.0,0.0,0.14035785288270378,0,0
9,10400,0.0,0.0,0.14035785288270378,0,0
10,11440,0.0,0.0,0.14035785288270378,0,0
11,12480,0.0,0.0,0.14035785288270378,0,0
12,13520,0.0,0.0,0.5188348686984317,0,0
13,14560,0.0,0.0,0.5200417223571889,0,0
14,15600,0.0,0.0,0.526469348090502,0,0
15,16640,0.0,0.0,0.6751886071022062,0,0
16,17680,0.0,0.0,0.7015782525941663,0,0
17,18720,0.0,0.0,0.7019943617210709,0,0
18,19760,0.0,0.0,0.7022370829656733,0,0
19,20800,0.0,0.0,0.7019269709023651,0,0
20,21840,0.0,0.0,0.7019943617210709,0,0
21,22880,0.0,0.0,0.7019269709023651,0,0
22,23920,0.0,0.0,0.8130891125275246,0,0
23,24960,0.0,0.0,0.9640816343073085,0,0
24,26000,0.0,0.0,0.9976483782674455,0,0
25,27040,0.0,0.0,0.9944935406943898,0,0
26,28080,0.0,0.0,0.9976511180498535,0,0
27,29120,0.0,0.0,0.9976483782674455,0,0
28,30160,0.0,0.0,0.9727037890224178,0,0
29,31200,0.0,0.0,0.9974055297193176,0,0
30,32240,0.0,0.0,0.9932378750416818,0,0
31,33280,0.0,0.0,0.9976511180498535,0,0
32,34320,0.0,0.0,0.9928182792787577,0,0
33,35360,0.0,0.0,0.9969755000837764,0,0
34,36400,0.0,0.0,0.9973862616479148,0,0
35,37440,0.0,0.0,0.9969755000837764,0,0
36,38480,0.0,0.0,0.9973833833620065,0,0
37,39520,0.0,0.0,0.9969975081576651,0,0
38,40560,0.0,0.0,0.9969975081576651,0,0
39,41600,0.0,0.0,0.9973833833620065,0,0
40,42640,0.0,0.0,0.9969755000837764,0,0
41,43680,0.0,0.0,0.9972057548423301,0,0
42,44720,0.0,0.0,0.9974082695017256,0,0
43,45760,0.0,0.0,0.9969721384427733,0,0
44,46800,0.0,0.0,0.9969755000837764,0,0
45,47840,0.0,0.0,0.9969755000837764,0,0
46,48880,0.0,0.0,0.9518200820637968,0,0
47,49920,0.0,0.0,0.996754531653698,0,0
48,50960,0.0,0.0,0.996124188334813,0,0
49,52000,0.0,0.0,0.996754531653698,0,0
