t,bytes_sent,utility,pheromone,f1_val,agg_count,rollback
0,4160,0.0,0.0,0.0,0,0
1,8320,0.0,0.0,0.0,0,0
2,12480,0.0,0.0,0.0,0,0
3,16640,0.0,0.0,0.0,0,0
4,20800,0.0,0.0,0.0,0,0
5,24960,0.0,0.0,0.0,0,0
6,29120,0.0,0.0,0.0,0,0
7,33280,0.0,0.0,0.0,0,0
8,37440,0.0,0.0,0.0,0,0
9,41600,0.0,0.0,0.0,0,0
10,45760,0.0,0.0,0.0,0,0
11,49920,0.0,0.0,0.0,0,0
12,54080,0.0,0.0,0.0,0,0
13,58240,0.0,0.0,0.0,0,0
14,62400,0.0,0.0,0.0,0,0
15,66560,0.0,0.0,0.0,0,0
16,70720,0.0,0.0,0.0,0,0
17,74880,0.0,0.0,0.0,0,0
18,79040,0.0,0.0,0.0,0,0
19,83200,0.0,0.0,0.0,0,0
20,87360,0.0,0.0,0.0,0,0
21,91520,0.0,0.0,0.0,0,0
22,95680,0.0,0.0,0.0,0,0
23,99840,0.0,0.0,0.0,0,0
24,104000,0.0,0.0,0.0,0,0
25,108160,0.0,0.0,0.07524752475247524,0,0
26,112320,0.0,0.0,0.09855502037791775,0,0
27,116480,0.0,0.0,0.07970784375992379,0,0
28,120640,0.0,0.0,0.05412305335716109,0,0
29,124800,0.0,0.0,0.10311694398875088,0,0
30,128960,0.0,0.0,0.0900511836212412,0,0
31,133120,0.0,0.0,0.13723763393512403,0,0
32,137280,0.0,0.0,0.09097438352884846,0,0
33,141440,0.0,0.0,0.11336094493020403,0,0
34,145600,0.0,0.0,0.10638530505138859,0,0
35,149760,0.0,0.0,0.08979591836734695,0,0
36,153920,0.0,0.0,0.13197710079738295,0,0
37,158080,0.0,0.0,0.12483100495718792,0,0
38,162240,0.0,0.0,0.09048760991207035,0,0
39,166400,0.0,0.0,0.1408265908593921,0,0
40,170560,0.0,0.0,0.15601330785021592,0,0
41,174720,0.0,0.0,0.14572501444251876,0,0
42,178880,0.0,0.0,0.1374706572769953,0,0
43,183040,0.0,0.0,0.17585714285714285,0,0
44,187200,0.0,0.0,0.153987167736022,0,0
45,191360,0.0,0.0,0.07762124085613654,0,0
46,195520,0.0,0.0,0.06410567135239942,0,0
47,199680,0.0,0.0,0.09046591544793414,0,0
48,203840,0.0,0.0,0.09500787047447717,0,0
49,208000,0.0,0.0,0.10726756874727193,0,0
