t,bytes_sent,utility,pheromone,f1_val,agg_count,rollback
0,1040,0.0,0.0,0.14035785288270378,0,0
1,2080,0.0,0.0,0.3675362789094164,0,0
2,3120,0.0,0.0,0.14035785288270378,0,0
3,4160,0.0,0.0,0.14035785288270378,0,0
4,5200,0.0,0.0,0.14035785288270378,0,0
5,6240,0.0,0.0,0.14035785288270378,0,0
6,7280,0.0,0.0,0.14035785288270378,0,0
7,8320,0.0,0.0,0.14035785288270378,0,0
8,9360,0.0,0.0,0.14035785288270378,0,0
9,10400,0.0,0.0,0.14035785288270378,0,0
10,11440,0.0,0.0,0.14035785288270378,0,0
11,12480,0.0,0.0,0.14035785288270378,0,0
12,13520,0.0,0.0,0.1539803707742639,0,0
13,14560,0.0,0.0,0.622775667701434,0,0
14,15600,0.0,0.0,0.6228286810412689,0,0
15,16640,0.0,0.0,0.3915628978896972,0,0
16,17680,0.0,0.0,0.3915628978896972,0,0
17,18720,0.0,0.0,0.6161568483529085,0,0
18,19760,0.0,0.0,0.6548682458026911,0,0
19,20800,0.0,0.0,0.878675125473652,0,0
20,21840,0.0,0.0,0.8951762225419743,0,0
21,22880,0.0,0.0,0.8680778496440026,0,0
22,23920,0.0,0.0,0.928682158758253,0,0
23,24960,0.0,0.0,0.8760489855837438,0,0
24,26000,0.0,0.0,0.9302244113595544,0,0
25,27040,0.0,0.0,0.975121601893105,0,0
26,28080,0.0,0.0,0.990339519668454,0,0
27,29120,0.0,0.0,0.9301838527314599,0,0
28,30160,0.0,0.0,0.9494490721854854,0,0
29,31200,0.0,0.0,0.9297390312655737,0,0
30,32240,0.0,0.0,0.9453150893826785,0,0
31,33280,0.0,0.0,0.9963703642928647,0,0
32,34320,0.0,0.0,0.9737708143129907,0,0
33,35360,0.0,0.0,0.9846634528070148,0,0
34,36400,0.0,0.0,0.9936575722339756,0,0
35,37440,0.0,0.0,0.9362941192668763,0,0
36,38480,0.0,0.0,0.996923079575176,0,0
37,39520,0.0,0.0,0.9965155232876948,0,0
38,40560,0.0,0.0,0.9967358680170888,0,0
39,41600,0.0,0.0,0.9973891252095638,0,0
40,42640,0.0,0.0,0.996923079575176,0,0
41,43680,0.0,0.0,0.9965123182311155,0,0
42,44720,0.0,0.0,0.9948017836105251,0,0
43,45760,0.0,0.0,0.996177394920079,0,0
44,46800,0.0,0.0,0.9969023381245982,0,0
45,47840,0.0,0.0,0.9959595992062671,0,0
46,48880,0.0,0.0,0.9609573651722414,0,0
47,49920,0.0,0.0,0.9042753788208494,0,0
48,50960,0.0,0.0,0.9960326143299716,0,0
49,52000,0.0,0.0,0.9965155232876948,0,0
