t,bytes_sent,utility,pheromone,f1_val,agg_count,rollback
0,1040,0.0,0.0,0.31634154749555365,0,0
1,2080,0.0,0.0,0.14063745019920318,0,0
2,3120,0.0,0.0,0.14063745019920318,0,0
3,4160,0.0,0.0,0.14063745019920318,0,0
4,5200,0.0,0.0,0.14063745019920318,0,0
5,6240,0.0,0.0,0.14063745019920318,0,0
6,7280,0.0,0.0,0.14063745019920318,0,0
7,8320,0.0,0.0,0.14063745019920318,0,0
8,9360,0.0,0.0,0.14063745019920318,0,0
9,10400,0.0,0.0,0.14063745019920318,0,0
10,11440,0.0,0.0,0.4158588189228392,0,0
11,12480,0.0,0.0,0.41696372269722326,0,0
12,13520,0.0,0.0,0.38481240143658507,0,0
13,14560,0.0,0.0,0.385427501546244,0,0
14,15600,0.0,0.0,0.38481840705584636,0,0
15,16640,0.0,0.0,0.4367618105962288,0,0
16,17680,0.0,0.0,0.6006360339185235,0,0
17,18720,0.0,0.0,0.5506766956303776,0,0
18,19760,0.0,0.0,0.5534070205214711,0,0
19,20800,0.0,0.0,0.6283281175980668,0,0
20,21840,0.0,0.0,0.6972315374900582,0,0
21,22880,0.0,0.0,0.8367229309136427,0,0
22,23920,0.0,0.0,0.9735439146528475,0,0
23,24960,0.0,0.0,0.9414113704593594,0,0
24,26000,0.0,0.0,0.9780849983802756,0,0
25,27040,0.0,0.0,0.9245899143040969,0,0
26,28080,0.0,0.0,0.8714957098230868,0,0
27,29120,0.0,0.0,0.8385865897734645,0,0
28,30160,0.0,0.0,0.8652766873173898,0,0
29,31200,0.0,0.0,0.9436872357088691,0,0
30,32240,0.0,0.0,0.9391609159887299,0,0
31,33280,0.0,0.0,0.9177351466271411,0,0
32,34320,0.0,0.0,0.9248061323745806,0,0
33,35360,0.0,0.0,0.8645685528439412,0,0
34,36400,0.0,0.0,0.941207969455933,0,0
35,37440,0.0,0.0,0.942643258447129,0,0
36,38480,0.0,0.0,0.9915546246973106,0,0
37,39520,0.0,0.0,0.9925886304855627,0,0
38,40560,0.0,0.0,0.9923643747452124,0,0
39,41600,0.0,0.0,0.9428296386932764,0,0
40,42640,0.0,0.0,0.928491977641557,0,0
41,43680,0.0,0.0,0.8604839470104559,0,0
42,44720,0.0,0.0,0.934284573690615,0,0
43,45760,0.0,0.0,0.940325683295857,0,0
44,46800,0.0,0.0,0.9697658005165501,0,0
45,47840,0.0,0.0,0.8480431174466612,0,0
46,48880,0.0,0.0,0.9832607264780427,0,0
47,49920,0.0,0.0,0.9894837602590907,0,0
48,50960,0.0,0.0,0.9940811234852013,0,0
49,52000,0.0,0.0,0.9932488882747361,0,0
