t,bytes_sent,utility,pheromone,f1_val,agg_count,rollback
0,1040,0.0,0.0,0.1417771333885667,0,0
1,2080,0.0,0.0,0.1417771333885667,0,0
2,3120,0.0,0.0,0.1417771333885667,0,0
3,4160,0.0,0.0,0.1417771333885667,0,0
4,5200,0.0,0.0,0.1417771333885667,0,0
5,6240,0.0,0.0,0.1417771333885667,0,0
6,7280,0.0,0.0,0.1417771333885667,0,0
7,8320,0.0,0.0,0.1417771333885667,0,0
8,9360,0.0,0.0,0.1417771333885667,0,0
9,10400,0.0,0.0,0.22675522833973538,0,0
10,11440,0.0,0.0,0.4160938496492347,0,0
11,12480,0.0,0.0,0.5099139513596374,0,0
12,13520,0.0,0.0,0.5147975342205019,0,0
13,14560,0.0,0.0,0.5273529372987017,0,0
14,15600,0.0,0.0,0.5328033377881393,0,0
15,16640,0.0,0.0,0.7143149081312539,0,0
16,17680,0.0,0.0,0.7013083232172098,0,0
17,18720,0.0,0.0,0.7011169225064517,0,0
18,19760,0.0,0.0,0.7010529594768992,0,0
19,20800,0.0,0.0,0.7010542679632784,0,0
20,21840,0.0,0.0,0.7010521691391168,0,0
21,22880,0.0,0.0,0.7014304460805554,0,0
22,23920,0.0,0.0,0.7006147961933911,0,0
23,24960,0.0,0.0,0.7009642129361606,0,0
24,26000,0.0,0.0,0.7004320476553794,0,0
25,27040,0.0,0.0,0.6859157909846147,0,0
26,28080,0.0,0.0,0.6640012055424611,0,0
27,29120,0.0,0.0,0.6877282289040618,0,0
28,30160,0.0,0.0,0.7123799571313395,0,0
29,31200,0.0,0.0,0.5966260331837907,0,0
30,32240,0.0,0.0,0.7133360175136008,0,0
31,33280,0.0,0.0,0.7080344151848141,0,0
32,34320,0.0,0.0,0.6964900312513245,0,0
33,35360,0.0,0.0,0.6596840397953911,0,0
34,36400,0.0,0.0,0.6840444371588581,0,0
35,37440,0.0,0.0,0.7149098228152776,0,0
36,38480,0.0,0.0,0.7126931605911935,0,0
37,39520,0.0,0.0,0.7129405985107001,0,0
38,40560,0.0,0.0,0.7116672559888735,0,0
39,41600,0.0,0.0,0.7149275298083005,0,0
40,42640,0.0,0.0,0.7118211317259492,0,0
41,43680,0.0,0.0,0.7148359538082403,0,0
42,44720,0.0,0.0,0.694946823017434,0,0
43,45760,0.0,0.0,0.6651779572297629,0,0
44,46800,0.0,0.0,0.6502909561864716,0,0
45,47840,0.0,0.0,0.7145464787805806,0,0
46,48880,0.0,0.0,0.6887989918441386,0,0
47,49920,0.0,0.0,0.67094249448233,0,0
48,50960,0.0,0.0,0.7095699321599884,0,0
49,52000,0.0,0.0,0.6704897218704351,0,0
