t,bytes_sent,utility,pheromone,f1_val,agg_count,rollback
0,1040,0.0,0.0,0.08845180584311019,0,0
1,2080,0.0,0.0,0.14205682272909165,0,0
2,3120,0.0,0.0,0.14205682272909165,0,0
3,4160,0.0,0.0,0.14205682272909165,0,0
4,5200,0.0,0.0,0.14205682272909165,0,0
5,6240,0.0,0.0,0.14205682272909165,0,0
6,7280,0.0,0.0,0.14205682272909165,0,0
7,8320,0.0,0.0,0.14205682272909165,0,0
8,9360,0.0,0.0,0.14205682272909165,0,0
9,10400,0.0,0.0,0.14205682272909165,0,0
10,11440,0.0,0.0,0.14205682272909165,0,0
11,12480,0.0,0.0,0.14205682272909165,0,0
12,13520,0.0,0.0,0.14205682272909165,0,0
13,14560,0.0,0.0,0.14205682272909165,0,0
14,15600,0.0,0.0,0.14205682272909165,0,0
15,16640,0.0,0.0,0.41695504393391747,0,0
16,17680,0.0,0.0,0.41683246609844005,0,0
17,18720,0.0,0.0,0.4169130971024577,0,0
18,19760,0.0,0.0,0.41671011811102343,0,0
19,20800,0.0,0.0,0.41671011811102343,0,0
20,21840,0.0,0.0,0.41671011811102343,0,0
21,22880,0.0,0.0,0.668692504012638,0,0
22,23920,0.0,0.0,0.37597927483581983,0,0
23,24960,0.0,0.0,0.5967403488844198,0,0
24,26000,0.0,0.0,0.4290207842567326,0,0
25,27040,0.0,0.0,0.4075732791453196,0,0
26,28080,0.0,0.0,0.4568414901763671,0,0
27,29120,0.0,0.0,0.44471033175628705,0,0
28,30160,0.0,0.0,0.42934993925501547,0,0
29,31200,0.0,0.0,0.45501691595441596,0,0
30,32240,0.0,0.0,0.5950211785934076,0,0
31,33280,0.0,0.0,0.4650996455581105,0,0
32,34320,0.0,0.0,0.4682272073853503,0,0
33,35360,0.0,0.0,0.5087169710475263,0,0
34,36400,0.0,0.0,0.45076271284581193,0,0
35,37440,0.0,0.0,0.6997493224373046,0,0
36,38480,0.0,0.0,0.38987904196177964,0,0
37,39520,0.0,0.0,0.4573686625698962,0,0
38,40560,0.0,0.0,0.6999651717065678,0,0
39,41600,0.0,0.0,0.39674926060462823,0,0
40,42640,0.0,0.0,0.5863618763291352,0,0
41,43680,0.0,0.0,0.5291426783100208,0,0
42,44720,0.0,0.0,0.6856828915847055,0,0
43,45760,0.0,0.0,0.6497548441329899,0,0
44,46800,0.0,0.0,0.5725745192477838,0,0
45,47840,0.0,0.0,0.5711322897221931,0,0
46,48880,0.0,0.0,0.5566104008547228,0,0
47,49920,0.0,0.0,0.6656196835239946,0,0
48,50960,0.0,0.0,0.4743994660934367,0,0
49,52000,0.0,0.0,0.6481554859676601,0,0
