t,bytes_sent,utility,pheromone,f1_val,agg_count,rollback
0,1040,0.0,0.0,0.32779235928842226,0,0
1,2080,0.0,0.0,0.3275058275058275,0,0
2,3120,0.0,0.0,0.3275058275058275,0,0
3,4160,0.0,0.0,0.3292325717633275,0,0
4,5200,0.0,0.0,0.3280793928779918,0,0
5,6240,0.0,0.0,0.3283669295939235,0,0
6,7280,0.0,0.0,0.3275058275058275,0,0
7,8320,0.0,0.0,0.3275058275058275,0,0
8,9360,0.0,0.0,0.3275058275058275,0,0
9,10400,0.0,0.0,0.3275058275058275,0,0
10,11440,0.0,0.0,0.3275058275058275,0,0
11,12480,0.0,0.0,0.3272197962154294,0,0
12,13520,0.0,0.0,0.32410611303344866,0,0
13,14560,0.0,0.0,0.3213264722698685,0,0
14,15600,0.0,0.0,0.31484593837535013,0,0
15,16640,0.0,0.0,0.3088760648529816,0,0
16,17680,0.0,0.0,0.3051031487513572,0,0
17,18720,0.0,0.0,0.3019070641955412,0,0
18,19760,0.0,0.0,0.3019070641955412,0,0
19,20800,0.0,0.0,0.30117899249732044,0,0
20,21840,0.0,0.0,0.30117899249732044,0,0
21,22880,0.0,0.0,0.3006955591225254,0,0
22,23920,0.0,0.0,0.3002136752136752,0,0
23,24960,0.0,0.0,0.29997331198291965,0,0
24,26000,0.0,0.0,0.29997331198291965,0,0
25,27040,0.0,0.0,0.29997331198291965,0,0
26,28080,0.0,0.0,0.29997331198291965,0,0
27,29120,0.0,0.0,0.29997331198291965,0,0
28,30160,0.0,0.0,0.3002136752136752,0,0
29,31200,0.0,0.0,0.3002136752136752,0,0
30,32240,0.0,0.0,0.3002136752136752,0,0
31,33280,0.0,0.0,0.3002136752136752,0,0
32,34320,0.0,0.0,0.3002136752136752,0,0
33,35360,0.0,0.0,0.3002136752136752,0,0
34,36400,0.0,0.0,0.3002136752136752,0,0
35,37440,0.0,0.0,0.3002136752136752,0,0
36,38480,0.0,0.0,0.3002136752136752,0,0
37,39520,0.0,0.0,0.3002136752136752,0,0
38,40560,0.0,0.0,0.3002136752136752,0,0
39,41600,0.0,0.0,0.3002136752136752,0,0
40,42640,0.0,0.0,0.3002136752136752,0,0
41,43680,0.0,0.0,0.29997331198291965,0,0
42,44720,0.0,0.0,0.29997331198291965,0,0
43,45760,0.0,0.0,0.29997331198291965,0,0
44,46800,0.0,0.0,0.29997331198291965,0,0
45,47840,0.0,0.0,0.29997331198291965,0,0
46,48880,0.0,0.0,0.29901569566374037,0,0
47,49920,0.0,0.0,0.298064173959162,0,0
48,50960,0.0,0.0,0.29735449735449737,0,0
49,52000,0.0,0.0,0.2957116548276769,0,0
