t,bytes_sent,utility,pheromone,f1_val,agg_count,rollback
0,1040,0.0,0.0,0.13984006561410703,0,0
1,2080,0.0,0.0,0.172920892494929,0,0
2,3120,0.0,0.0,0.13984006561410703,0,0
3,4160,0.0,0.0,0.13984006561410703,0,0
4,5200,0.0,0.0,0.13984006561410703,0,0
5,6240,0.0,0.0,0.13984006561410703,0,0
6,7280,0.0,0.0,0.13984006561410703,0,0
7,8320,0.0,0.0,0.13984006561410703,0,0
8,9360,0.0,0.0,0.13984006561410703,0,0
9,10400,0.0,0.0,0.13984006561410703,0,0
10,11440,0.0,0.0,0.13984006561410703,0,0
11,12480,0.0,0.0,0.3972027972027972,0,0
12,13520,0.0,0.0,0.3916242279304234,0,0
13,14560,0.0,0.0,0.4009668676591264,0,0
14,15600,0.0,0.0,0.401708470248874,0,0
15,16640,0.0,0.0,0.401708470248874,0,0
16,17680,0.0,0.0,0.4140619191500358,0,0
17,18720,0.0,0.0,0.7006809596653347,0,0
18,19760,0.0,0.0,0.7010863553524592,0,0
19,20800,0.0,0.0,0.7005813959920884,0,0
20,21840,0.0,0.0,0.6312276058573798,0,0
21,22880,0.0,0.0,0.5613821203055775,0,0
22,23920,0.0,0.0,0.7003264167718803,0,0
23,24960,0.0,0.0,0.6894224656567255,0,0
24,26000,0.0,0.0,0.7007562037352997,0,0
25,27040,0.0,0.0,0.7004261945879899,0,0
26,28080,0.0,0.0,0.7006809596653347,0,0
27,29120,0.0,0.0,0.7006809596653347,0,0
28,30160,0.0,0.0,0.7018768808926283,0,0
29,31200,0.0,0.0,0.7020275052927452,0,0
30,32240,0.0,0.0,0.7016221158152838,0,0
31,33280,0.0,0.0,0.7016221158152838,0,0
32,34320,0.0,0.0,0.6629826552948201,0,0
33,35360,0.0,0.0,0.6065553626389091,0,0
34,36400,0.0,0.0,0.9621576209832428,0,0
35,37440,0.0,0.0,0.5693241896672427,0,0
36,38480,0.0,0.0,0.9934191051676631,0,0
37,39520,0.0,0.0,0.6695174250364777,0,0
38,40560,0.0,0.0,0.7884643174907944,0,0
39,41600,0.0,0.0,0.7112015522475401,0,0
40,42640,0.0,0.0,0.9975629964046346,0,0
41,43680,0.0,0.0,0.8083086225735175,0,0
42,44720,0.0,0.0,0.5353842540688124,0,0
43,45760,0.0,0.0,0.8939860721206541,0,0
44,46800,0.0,0.0,0.8410438105759777,0,0
45,47840,0.0,0.0,0.8489828844013227,0,0
46,48880,0.0,0.0,0.8878025568837818,0,0
47,49920,0.0,0.0,0.7589455460180494,0,0
48,50960,0.0,0.0,0.9923540659264347,0,0
49,52000,0.0,0.0,0.9065742620786947,0,0
