t,bytes_sent,utility,pheromone,f1_val,agg_count,rollback
0,1040,0.0,0.0,0.35055790061764797,0,0
1,2080,0.0,0.0,0.3912489580056939,0,0
2,3120,0.0,0.0,0.14094896331738438,0,0
3,4160,0.0,0.0,0.14094896331738438,0,0
4,5200,0.0,0.0,0.14094896331738438,0,0
5,6240,0.0,0.0,0.14094896331738438,0,0
6,7280,0.0,0.0,0.14094896331738438,0,0
7,8320,0.0,0.0,0.14094896331738438,0,0
8,9360,0.0,0.0,0.14094896331738438,0,0
9,10400,0.0,0.0,0.14517057072479483,0,0
10,11440,0.0,0.0,0.3857757700660961,0,0
11,12480,0.0,0.0,0.3918628032171344,0,0
12,13520,0.0,0.0,0.390320047883545,0,0
13,14560,0.0,0.0,0.35480128428545776,0,0
14,15600,0.0,0.0,0.35391622072494766,0,0
15,16640,0.0,0.0,0.352263956233478,0,0
16,17680,0.0,0.0,0.3522089586747318,0,0
17,18720,0.0,0.0,0.33668129355030313,0,0
18,19760,0.0,0.0,0.34556041358936485,0,0
19,20800,0.0,0.0,0.34901659049652184,0,0
20,21840,0.0,0.0,0.34976331809971983,0,0
21,22880,0.0,0.0,0.340780244444571,0,0
22,23920,0.0,0.0,0.3451474272779159,0,0
23,24960,0.0,0.0,0.3366779378614133,0,0
24,26000,0.0,0.0,0.3421958137654264,0,0
25,27040,0.0,0.0,0.34006622130578795,0,0
26,28080,0.0,0.0,0.33230516694486234,0,0
27,29120,0.0,0.0,0.3352813096668586,0,0
28,30160,0.0,0.0,0.3393090347786596,0,0
29,31200,0.0,0.0,0.3374564026708869,0,0
30,32240,0.0,0.0,0.34038454753146863,0,0
31,33280,0.0,0.0,0.3382715609838519,0,0
32,34320,0.0,0.0,0.3382658464703474,0,0
33,35360,0.0,0.0,0.33715647026746864,0,0
34,36400,0.0,0.0,0.34054239855216,0,0
35,37440,0.0,0.0,0.33668129355030313,0,0
36,38480,0.0,0.0,0.5322913241247319,0,0
37,39520,0.0,0.0,0.3433308749914861,0,0
38,40560,0.0,0.0,0.3489214447108002,0,0
39,41600,0.0,0.0,0.34356209786346004,0,0
40,42640,0.0,0.0,0.4139458200793814,0,0
41,43680,0.0,0.0,0.4020700813256064,0,0
42,44720,0.0,0.0,0.34969867601658666,0,0
43,45760,0.0,0.0,0.38014994150220427,0,0
44,46800,0.0,0.0,0.3774294515516148,0,0
45,47840,0.0,0.0,0.3501241235634085,0,0
46,48880,0.0,0.0,0.4115158072545857,0,0
47,49920,0.0,0.0,0.3969332131949755,0,0
48,50960,0.0,0.0,0.3956917521876863,0,0
49,52000,0.0,0.0,0.4385361576820822,0,0
