t,bytes_sent,utility,pheromone,f1_val,agg_count,rollback
0,1040,0.0,0.0,0.690682712937688,0,0
1,2080,0.0,0.0,0.7006990472927634,0,0
2,3120,0.0,0.0,0.6974553255507216,0,0
3,4160,0.0,0.0,0.7033729971392706,0,0
4,5200,0.0,0.0,0.7145131143925062,0,0
5,6240,0.0,0.0,0.7082879587272488,0,0
6,7280,0.0,0.0,0.7213869940938263,0,0
7,8320,0.0,0.0,0.7135851677810348,0,0
8,9360,0.0,0.0,0.7082283611875708,0,0
9,10400,0.0,0.0,0.7071009900906342,0,0
10,11440,0.0,0.0,0.7078197929324953,0,0
11,12480,0.0,0.0,0.7081974403975163,0,0
12,13520,0.0,0.0,0.7066295859809718,0,0
13,14560,0.0,0.0,0.7068870330858388,0,0
14,15600,0.0,0.0,0.7072472634238117,0,0
15,16640,0.0,0.0,0.7080481704008985,0,0
16,17680,0.0,0.0,0.7176577106367292,0,0
17,18720,0.0,0.0,0.7080504943539696,0,0
18,19760,0.0,0.0,0.7068368202251378,0,0
19,20800,0.0,0.0,0.708049039297726,0,0
20,21840,0.0,0.0,0.7068016553216379,0,0
21,22880,0.0,0.0,0.7080804013715672,0,0
22,23920,0.0,0.0,0.7086191829852695,0,0
23,24960,0.0,0.0,0.706844451033934,0,0
24,26000,0.0,0.0,0.7080551618671536,0,0
25,27040,0.0,0.0,0.7713222802375252,0,0
26,28080,0.0,0.0,0.7064817895294851,0,0
27,29120,0.0,0.0,0.7059635772327795,0,0
28,30160,0.0,0.0,0.7011319395432878,0,0
29,31200,0.0,0.0,0.7058263891072993,0,0
30,32240,0.0,0.0,0.7063979916858071,0,0
31,33280,0.0,0.0,0.70657973206088,0,0
32,34320,0.0,0.0,0.7082885427803318,0,0
33,35360,0.0,0.0,0.7110217126252228,0,0
34,36400,0.0,0.0,0.7052925088005277,0,0
35,37440,0.0,0.0,0.7103637999724092,0,0
36,38480,0.0,0.0,0.8478883223404334,0,0
37,39520,0.0,0.0,0.8783731368324137,0,0
38,40560,0.0,0.0,0.9151539973444586,0,0
39,41600,0.0,0.0,0.8977428917949879,0,0
40,42640,0.0,0.0,0.894163045259017,0,0
41,43680,0.0,0.0,0.8721123251776915,0,0
42,44720,0.0,0.0,0.8817014579442302,0,0
43,45760,0.0,0.0,0.8522147433384328,0,0
44,46800,0.0,0.0,0.8751561826313554,0,0
45,47840,0.0,0.0,0.8732845242872914,0,0
46,48880,0.0,0.0,0.8700361334336737,0,0
47,49920,0.0,0.0,0.8655691974514674,0,0
48,50960,0.0,0.0,0.8570662557939379,0,0
49,52000,0.0,0.0,0.8712071345043241,0,0
