t,bytes_sent,utility,pheromone,f1_val,agg_count,rollback
0,1040,0.0,0.0,0.2975942149909609,0,0
1,2080,0.0,0.0,0.3243817326657563,0,0
2,3120,0.0,0.0,0.33154997286190585,0,0
3,4160,0.0,0.0,0.32512165450121655,0,0
4,5200,0.0,0.0,0.32423415225963,0,0
5,6240,0.0,0.0,0.323865788078467,0,0
6,7280,0.0,0.0,0.323865788078467,0,0
7,8320,0.0,0.0,0.323865788078467,0,0
8,9360,0.0,0.0,0.3237230419977299,0,0
9,10400,0.0,0.0,0.3237230419977299,0,0
10,11440,0.0,0.0,0.3237230419977299,0,0
11,12480,0.0,0.0,0.3237230419977299,0,0
12,13520,0.0,0.0,0.3237230419977299,0,0
13,14560,0.0,0.0,0.3237230419977299,0,0
14,15600,0.0,0.0,0.3237230419977299,0,0
15,16640,0.0,0.0,0.3237230419977299,0,0
16,17680,0.0,0.0,0.3237230419977299,0,0
17,18720,0.0,0.0,0.323502722323049,0,0
18,19760,0.0,0.0,0.322843558976681,0,0
19,20800,0.0,0.0,0.32008978675645344,0,0
20,21840,0.0,0.0,0.3153471915081822,0,0
21,22880,0.0,0.0,0.312719298245614,0,0
22,23920,0.0,0.0,0.3087248322147651,0,0
23,24960,0.0,0.0,0.3048963010476801,0,0
24,26000,0.0,0.0,0.3017989417989418,0,0
25,27040,0.0,0.0,0.3004635482511589,0,0
26,28080,0.0,0.0,0.2992654774396642,0,0
27,29120,0.0,0.0,0.2975792988313856,0,0
28,30160,0.0,0.0,0.2971452385913732,0,0
29,31200,0.0,0.0,0.2962809058799086,0,0
30,32240,0.0,0.0,0.2947498966515089,0,0
31,33280,0.0,0.0,0.29414191419141916,0,0
32,34320,0.0,0.0,0.2916155419222904,0,0
33,35360,0.0,0.0,0.2910204081632653,0,0
34,36400,0.0,0.0,0.2885471469040874,0,0
35,37440,0.0,0.0,0.2857715430861723,0,0
36,38480,0.0,0.0,0.28282427608092026,0,0
37,39520,0.0,0.0,0.2812623274161736,0,0
38,40560,0.0,0.0,0.2805981896890988,0,0
39,41600,0.0,0.0,0.28048780487804875,0,0
40,42640,0.0,0.0,0.28043264503441495,0,0
41,43680,0.0,0.0,0.28043264503441495,0,0
42,44720,0.0,0.0,0.2803775068816359,0,0
43,45760,0.0,0.0,0.2803775068816359,0,0
44,46800,0.0,0.0,0.2803775068816359,0,0
45,47840,0.0,0.0,0.2803223904069196,0,0
46,48880,0.0,0.0,0.280398322851153,0,0
47,49920,0.0,0.0,0.280398322851153,0,0
48,50960,0.0,0.0,0.280398322851153,0,0
49,52000,0.0,0.0,0.280398322851153,0,0
