t,bytes_sent,utility,pheromone,f1_val,agg_count,rollback
0,1040,0.0,0.0,0.3319360347772085,0,0
1,2080,0.0,0.0,0.32706134312375706,0,0
2,3120,0.0,0.0,0.3246772968868641,0,0
3,4160,0.0,0.0,0.3240172688025449,0,0
4,5200,0.0,0.0,0.323943661971831,0,0
5,6240,0.0,0.0,0.32387008857597094,0,0
6,7280,0.0,0.0,0.3237965485921889,0,0
7,8320,0.0,0.0,0.3236495687698593,0,0
8,9360,0.0,0.0,0.3236495687698593,0,0
9,10400,0.0,0.0,0.32372740337342104,0,0
10,11440,0.0,0.0,0.32372740337342104,0,0
11,12480,0.0,0.0,0.3235071806500378,0,0
12,13520,0.0,0.0,0.32343383964331596,0,0
13,14560,0.0,0.0,0.3223377014610634,0,0
14,15600,0.0,0.0,0.32132132132132135,0,0
15,16640,0.0,0.0,0.31500699197762566,0,0
16,17680,0.0,0.0,0.3125912941863862,0,0
17,18720,0.0,0.0,0.3090699017908723,0,0
18,19760,0.0,0.0,0.3051693404634581,0,0
19,20800,0.0,0.0,0.30162085976039466,0,0
20,21840,0.0,0.0,0.29934256539376136,0,0
21,22880,0.0,0.0,0.2979671400724032,0,0
22,23920,0.0,0.0,0.29765630433270746,0,0
23,24960,0.0,0.0,0.29765630433270746,0,0
24,26000,0.0,0.0,0.2979671400724032,0,0
25,27040,0.0,0.0,0.296234772978959,0,0
26,28080,0.0,0.0,0.2970365743632452,0,0
27,29120,0.0,0.0,0.2965426453266819,0,0
28,30160,0.0,0.0,0.29685115827437925,0,0
29,31200,0.0,0.0,0.29709843120921836,0,0
30,32240,0.0,0.0,0.29685115827437925,0,0
31,33280,0.0,0.0,0.29740810228615105,0,0
32,34320,0.0,0.0,0.29765630433270746,0,0
33,35360,0.0,0.0,0.29771841958820255,0,0
34,36400,0.0,0.0,0.2972841564214767,0,0
35,37440,0.0,0.0,0.29747011398387546,0,0
36,38480,0.0,0.0,0.2966659735218687,0,0
37,39520,0.0,0.0,0.29592753923805576,0,0
38,40560,0.0,0.0,0.2951317059715901,0,0
39,41600,0.0,0.0,0.2947049507677477,0,0
40,42640,0.0,0.0,0.2946440864656478,0,0
41,43680,0.0,0.0,0.29403682330310527,0,0
42,44720,0.0,0.0,0.2934924226839471,0,0
43,45760,0.0,0.0,0.29252956052217893,0,0
44,46800,0.0,0.0,0.29193097333060497,0,0
45,47840,0.0,0.0,0.2909189777052746,0,0
46,48880,0.0,0.0,0.2904451682953312,0,0
47,49920,0.0,0.0,0.2898550724637681,0,0
48,50960,0.0,0.0,0.2893847194050034,0,0
49,52000,0.0,0.0,0.28932603258297845,0,0
