t,bytes_sent,utility,pheromone,f1_val,agg_count,rollback
0,1040,0.0,0.0,0.021310724106324473,0,0
1,2080,0.0,0.0,0.0016698473282442748,0,0
2,3120,0.0,0.0,0.02327704244637152,0,0
3,4160,0.0,0.0,0.08270075908909309,0,0
4,5200,0.0,0.0,0.0743683781581092,0,0
5,6240,0.0,0.0,0.0741948634325316,0,0
6,7280,0.0,0.0,0.07523383489223262,0,0
7,8320,0.0,0.0,0.0741948634325316,0,0
8,9360,0.0,0.0,0.07384740922072623,0,0
9,10400,0.0,0.0,0.07575142160844842,0,0
10,11440,0.0,0.0,0.07661126874746656,0,0
11,12480,0.0,0.0,0.07471498371335505,0,0
12,13520,0.0,0.0,0.07297628781684383,0,0
13,14560,0.0,0.0,0.06297071129707113,0,0
14,15600,0.0,0.0,0.05458422174840085,0,0
15,16640,0.0,0.0,0.059654300168634065,0,0
16,17680,0.0,0.0,0.06260469011725293,0,0
17,18720,0.0,0.0,0.06315349226265161,0,0
18,19760,0.0,0.0,0.06461025427261359,0,0
19,20800,0.0,0.0,0.06533499791926758,0,0
20,21840,0.0,0.0,0.06695688225538972,0,0
21,22880,0.0,0.0,0.07051809210526316,0,0
22,23920,0.0,0.0,0.06963329213020189,0,0
23,24960,0.0,0.0,0.06981054365733114,0,0
24,26000,0.0,0.0,0.07051809210526316,0,0
25,27040,0.0,0.0,0.06874483897605285,0,0
26,28080,0.0,0.0,0.06479166666666666,0,0
27,29120,0.0,0.0,0.06551580698835274,0,0
28,30160,0.0,0.0,0.06497292794668888,0,0
29,31200,0.0,0.0,0.06551580698835274,0,0
30,32240,0.0,0.0,0.06461025427261359,0,0
31,33280,0.0,0.0,0.06479166666666666,0,0
32,34320,0.0,0.0,0.06442869057547956,0,0
33,35360,0.0,0.0,0.06388308977035491,0,0
34,36400,0.0,0.0,0.06370091896407686,0,0
35,37440,0.0,0.0,0.06333612040133779,0,0
36,38480,0.0,0.0,0.06315349226265161,0,0
37,39520,0.0,0.0,0.06333612040133779,0,0
38,40560,0.0,0.0,0.06315349226265161,0,0
39,41600,0.0,0.0,0.06370091896407686,0,0
40,42640,0.0,0.0,0.0635185959047221,0,0
41,43680,0.0,0.0,0.06315349226265161,0,0
42,44720,0.0,0.0,0.06315349226265161,0,0
43,45760,0.0,0.0,0.06297071129707113,0,0
44,46800,0.0,0.0,0.06297071129707113,0,0
45,47840,0.0,0.0,0.06297071129707113,0,0
46,48880,0.0,0.0,0.06223805532271584,0,0
47,49920,0.0,0.0,0.06278777731268313,0,0
48,50960,0.0,0.0,0.06297071129707113,0,0
49,52000,0.0,0.0,0.06297071129707113,0,0
