t,bytes_sent,utility,pheromone,f1_val,agg_count,rollback
0,1040,0.0,0.0,0.2396131805157593,0,0
1,2080,0.0,0.0,0.23968964488212474,0,0
2,3120,0.0,0.0,0.35976373724718097,0,0
3,4160,0.0,0.0,0.24962705121829937,0,0
4,5200,0.0,0.0,0.24843789052736817,0,0
5,6240,0.0,0.0,0.2488145744946344,0,0
6,7280,0.0,0.0,0.4958983629218968,0,0
7,8320,0.0,0.0,0.49774058627597595,0,0
8,9360,0.0,0.0,0.4985577566910907,0,0
9,10400,0.0,0.0,0.49824408849912083,0,0
10,11440,0.0,0.0,0.4986203964402778,0,0
11,12480,0.0,0.0,0.4988076932269964,0,0
12,13520,0.0,0.0,0.6648264897451823,0,0
13,14560,0.0,0.0,0.4984944937039563,0,0
14,15600,0.0,0.0,0.49780269445702097,0,0
15,16640,0.0,0.0,0.665577001469956,0,0
16,17680,0.0,0.0,0.6629784482009881,0,0
17,18720,0.0,0.0,0.49736047105168474,0,0
18,19760,0.0,0.0,0.6639050125738092,0,0
19,20800,0.0,0.0,0.6629784482009881,0,0
20,21840,0.0,0.0,0.6626402461746544,0,0
21,22880,0.0,0.0,0.6631472947355797,0,0
22,23920,0.0,0.0,0.6639050125738092,0,0
23,24960,0.0,0.0,0.6637369259426946,0,0
24,26000,0.0,0.0,0.6628094320992012,0,0
25,27040,0.0,0.0,0.6657431691383339,0,0
26,28080,0.0,0.0,0.6624079621455864,0,0
27,29120,0.0,0.0,0.6630005596750892,0,0
28,30160,0.0,0.0,0.49729716948617286,0,0
29,31200,0.0,0.0,0.6628314586939,0,0
30,32240,0.0,0.0,0.6634225702711628,0,0
31,33280,0.0,0.0,0.4976765031660766,0,0
32,34320,0.0,0.0,0.49717047102146605,0,0
33,35360,0.0,0.0,0.497233836150741,0,0
34,36400,0.0,0.0,0.49736047105168474,0,0
35,37440,0.0,0.0,0.3296463884699179,0,0
36,38480,0.0,0.0,0.6599035827312617,0,0
37,39520,0.0,0.0,0.6626164271876053,0,0
38,40560,0.0,0.0,0.6627230936364463,0,0
39,41600,0.0,0.0,0.3293920335429769,0,0
40,42640,0.0,0.0,0.6607079519663323,0,0
41,43680,0.0,0.0,0.6636528194841506,0,0
42,44720,0.0,0.0,0.33091364205256574,0,0
43,45760,0.0,0.0,0.648937343358396,0,0
44,46800,0.0,0.0,0.6626402461746544,0,0
45,47840,0.0,0.0,0.663484480122875,0,0
46,48880,0.0,0.0,0.49704232022733474,0,0
47,49920,0.0,0.0,0.49710707407440086,0,0
48,50960,0.0,0.0,0.49704232022733474,0,0
49,52000,0.0,0.0,0.4983689948193807,0,0
