t,bytes_sent,utility,pheromone,f1_val,agg_count,rollback
0,1040,0.0,0.0,0.0,0,0
1,2080,0.0,0.0,0.0,0,0
2,3120,0.0,0.0,0.0,0,0
3,4160,0.0,0.0,0.0,0,0
4,5200,0.0,0.0,0.0,0,0
5,6240,0.0,0.0,0.0,0,0
6,7280,0.0,0.0,0.0,0,0
7,8320,0.0,0.0,0.0,0,0
8,9360,0.0,0.0,0.0,0,0
9,10400,0.0,0.0,0.0,0,0
10,11440,0.0,0.0,0.0,0,0
11,12480,0.0,0.0,0.0,0,0
12,13520,0.0,0.0,0.0,0,0
13,14560,0.0,0.0,0.0,0,0
14,15600,0.0,0.0,0.0,0,0
15,16640,0.0,0.0,0.0,0,0
16,17680,0.0,0.0,0.02720464618676448,0,0
17,18720,0.0,0.0,0.12251268045259461,0,0
18,19760,0.0,0.0,0.0896428078885671,0,0
19,20800,0.0,0.0,0.0,0,0
20,21840,0.0,0.0,0.0,0,0
21,22880,0.0,0.0,0.06507276507276508,0,0
22,23920,0.0,0.0,0.1640976236351959,0,0
23,24960,0.0,0.0,0.24518988616903395,0,0
24,26000,0.0,0.0,0.2749063670411985,0,0
25,27040,0.0,0.0,0.2960403933032155,0,0
26,28080,0.0,0.0,0.30022771063233494,0,0
27,29120,0.0,0.0,0.29993864492944167,0,0
28,30160,0.0,0.0,0.3062876830318691,0,0
29,31200,0.0,0.0,0.31042997020008517,0,0
30,32240,0.0,0.0,0.3108843537414966,0,0
31,33280,0.0,0.0,0.30804834147595783,0,0
32,34320,0.0,0.0,0.3167753804984111,0,0
33,35360,0.0,0.0,0.3230680791656401,0,0
34,36400,0.0,0.0,0.31509957146458284,0,0
35,37440,0.0,0.0,0.3084168165082627,0,0
36,38480,0.0,0.0,0.32323729787408684,0,0
37,39520,0.0,0.0,0.3325347388596071,0,0
38,40560,0.0,0.0,0.3330941561030057,0,0
39,41600,0.0,0.0,0.33301435406698565,0,0
40,42640,0.0,0.0,0.3108843537414966,0,0
41,43680,0.0,0.0,0.32856565656565656,0,0
42,44720,0.0,0.0,0.32592230637674074,0,0
43,45760,0.0,0.0,0.32864760058167714,0,0
44,46800,0.0,0.0,0.33325364570882143,0,0
45,47840,0.0,0.0,0.33325364570882143,0,0
46,48880,0.0,0.0,0.33317391997449386,0,0
47,49920,0.0,0.0,0.32592230637674074,0,0
48,50960,0.0,0.0,0.3330941561030057,0,0
49,52000,0.0,0.0,0.33317391997449386,0,0
