t,bytes_sent,utility,pheromone,f1_val,agg_count,rollback
0,4160,0.0,0.0,0.176450034940601,0,0
1,8320,0.0,0.0,0.23202389156903283,0,0
2,12480,0.0,0.0,0.1943802925327175,0,0
3,16640,0.0,0.0,0.22374833850243686,0,0
4,20800,0.0,0.0,0.17525594308519868,0,0
5,24960,0.0,0.0,0.17543859649122806,0,0
6,29120,0.0,0.0,0.17562163102069206,0,0
7,33280,0.0,0.0,0.17571329157967988,0,0
8,37440,0.0,0.0,0.17571329157967988,0,0
9,41600,0.0,0.0,0.17598884823139918,0,0
10,45760,0.0,0.0,0.17626527050610818,0,0
11,49920,0.0,0.0,0.18188366648658383,0,0
12,54080,0.0,0.0,0.19031467872621066,0,0
13,58240,0.0,0.0,0.1876625789669268,0,0
14,62400,0.0,0.0,0.18999247554552293,0,0
15,66560,0.0,0.0,0.18829231916480238,0,0
16,70720,0.0,0.0,0.1877672429819669,0,0
17,74880,0.0,0.0,0.18703703703703703,0,0
18,79040,0.0,0.0,0.18247515808491419,0,0
19,83200,0.0,0.0,0.17766051011433595,0,0
20,87360,0.0,0.0,0.17766051011433595,0,0
21,91520,0.0,0.0,0.17917331914138726,0,0
22,95680,0.0,0.0,0.1797472859939491,0,0
23,99840,0.0,0.0,0.18257411424439626,0,0
24,104000,0.0,0.0,0.18755803156917364,0,0
25,108160,0.0,0.0,0.1913966268713284,0,0
26,112320,0.0,0.0,0.19304281345565752,0,0
27,116480,0.0,0.0,0.19393241167434716,0,0
28,120640,0.0,0.0,0.1949430611850994,0,0
29,124800,0.0,0.0,0.19596429957314707,0,0
30,128960,0.0,0.0,0.1967660237677771,0,0
31,133120,0.0,0.0,0.1980392156862745,0,0
32,137280,0.0,0.0,0.20453624949372215,0,0
33,141440,0.0,0.0,0.21214030665826508,0,0
34,145600,0.0,0.0,0.2228105007721156,0,0
35,149760,0.0,0.0,0.22399645154136172,0,0
36,153920,0.0,0.0,0.23592618547068442,0,0
37,158080,0.0,0.0,0.24378469707941106,0,0
38,162240,0.0,0.0,0.25049603174603174,0,0
39,166400,0.0,0.0,0.2583781018163213,0,0
40,170560,0.0,0.0,0.25758735016577405,0,0
41,174720,0.0,0.0,0.2537050992213012,0,0
42,178880,0.0,0.0,0.24919812484579326,0,0
43,183040,0.0,0.0,0.24449285887194383,0,0
44,187200,0.0,0.0,0.24013314312886355,0,0
45,191360,0.0,0.0,0.23298731257208768,0,0
46,195520,0.0,0.0,0.22809394760614274,0,0
47,199680,0.0,0.0,0.22519509476031216,0,0
48,203840,0.0,0.0,0.22120017520805957,0,0
49,208000,0.0,0.0,0.2170642596174511,0,0
