t,bytes_sent,utility,pheromone,f1_val,agg_count,rollback
0,1040,0.0,0.0,0.6238078037090268,0,0
1,2080,0.0,0.0,0.6514110034677891,0,0
2,3120,0.0,0.0,0.725781648602169,0,0
3,4160,0.0,0.0,0.6246976700056226,0,0
4,5200,0.0,0.0,0.7076438738926099,0,0
5,6240,0.0,0.0,0.6179632266236722,0,0
6,7280,0.0,0.0,0.6180395012192228,0,0
7,8320,0.0,0.0,0.6814793648540403,0,0
8,9360,0.0,0.0,0.665965314387932,0,0
9,10400,0.0,0.0,0.6139499698942952,0,0
10,11440,0.0,0.0,0.6810386601543832,0,0
11,12480,0.0,0.0,0.7245569471123839,0,0
12,13520,0.0,0.0,0.7570356484396973,0,0
13,14560,0.0,0.0,0.75058390333435,0,0
14,15600,0.0,0.0,0.6757473018745553,0,0
15,16640,0.0,0.0,0.6329734809607616,0,0
16,17680,0.0,0.0,0.6752008066622817,0,0
17,18720,0.0,0.0,0.7257188044537042,0,0
18,19760,0.0,0.0,0.7527155363034237,0,0
19,20800,0.0,0.0,0.6910308087301628,0,0
20,21840,0.0,0.0,0.6617405092692065,0,0
21,22880,0.0,0.0,0.6189134828498531,0,0
22,23920,0.0,0.0,0.5777477379235011,0,0
23,24960,0.0,0.0,0.753133408196084,0,0
24,26000,0.0,0.0,0.6436213304199223,0,0
25,27040,0.0,0.0,0.7010696472505445,0,0
26,28080,0.0,0.0,0.6748662420464926,0,0
27,29120,0.0,0.0,0.6976539204317626,0,0
28,30160,0.0,0.0,0.6589345902629823,0,0
29,31200,0.0,0.0,0.7453273981073182,0,0
30,32240,0.0,0.0,0.7675716360132883,0,0
31,33280,0.0,0.0,0.7458845156642965,0,0
32,34320,0.0,0.0,0.7667711734793403,0,0
33,35360,0.0,0.0,0.7334928858158014,0,0
34,36400,0.0,0.0,0.7002391637456714,0,0
35,37440,0.0,0.0,0.6923066302678202,0,0
36,38480,0.0,0.0,0.7039322268528475,0,0
37,39520,0.0,0.0,0.7095374179495071,0,0
38,40560,0.0,0.0,0.7740108026507897,0,0
39,41600,0.0,0.0,0.5945227977428607,0,0
40,42640,0.0,0.0,0.7016053105710423,0,0
41,43680,0.0,0.0,0.7405500031129943,0,0
42,44720,0.0,0.0,0.7237158787509365,0,0
43,45760,0.0,0.0,0.6977832576914866,0,0
44,46800,0.0,0.0,0.6923438731044465,0,0
45,47840,0.0,0.0,0.722752208407166,0,0
46,48880,0.0,0.0,0.7050638857755618,0,0
47,49920,0.0,0.0,0.678492082827334,0,0
48,50960,0.0,0.0,0.6726339658644261,0,0
49,52000,0.0,0.0,0.6998578162269997,0,0
