t,bytes_sent,utility,pheromone,f1_val,agg_count,rollback
0,4160,0.0,0.0,0.6528590279346504,0,0
1,8320,0.0,0.0,0.5792128245576922,0,0
2,12480,0.0,0.0,0.5307123191158978,0,0
3,16640,0.0,0.0,0.5974140722701606,0,0
4,20800,0.0,0.0,0.7511130466487459,0,0
5,24960,0.0,0.0,0.7013472292198853,0,0
6,29120,0.0,0.0,0.6127595244714095,0,0
7,33280,0.0,0.0,0.7408019163458481,0,0
8,37440,0.0,0.0,0.7061212884956494,0,0
9,41600,0.0,0.0,0.7406727449250855,0,0
10,45760,0.0,0.0,0.6576996756428466,0,0
11,49920,0.0,0.0,0.7234472021075575,0,0
12,54080,0.0,0.0,0.5919897669816279,0,0
13,58240,0.0,0.0,0.6421344839291164,0,0
14,62400,0.0,0.0,0.6448209836344497,0,0
15,66560,0.0,0.0,0.6482950082347945,0,0
16,70720,0.0,0.0,0.6630729639785141,0,0
17,74880,0.0,0.0,0.7697805430183183,0,0
18,79040,0.0,0.0,0.7646956839264913,0,0
19,83200,0.0,0.0,0.6166667861163295,0,0
20,87360,0.0,0.0,0.7690382706462895,0,0
21,91520,0.0,0.0,0.7487538253191526,0,0
22,95680,0.0,0.0,0.775758253069994,0,0
23,99840,0.0,0.0,0.7515560207563221,0,0
24,104000,0.0,0.0,0.7108937681611899,0,0
25,108160,0.0,0.0,0.7012850775074888,0,0
26,112320,0.0,0.0,0.775076463365663,0,0
27,116480,0.0,0.0,0.6608661924626056,0,0
28,120640,0.0,0.0,0.7180675346597087,0,0
29,124800,0.0,0.0,0.6835016486788137,0,0
30,128960,0.0,0.0,0.7399558566130314,0,0
31,133120,0.0,0.0,0.720174018425864,0,0
32,137280,0.0,0.0,0.7236247678259413,0,0
33,141440,0.0,0.0,0.7388967849872214,0,0
34,145600,0.0,0.0,0.6292944867295909,0,0
35,149760,0.0,0.0,0.5894738615081712,0,0
36,153920,0.0,0.0,0.7401984277911595,0,0
37,158080,0.0,0.0,0.7447519841347704,0,0
38,162240,0.0,0.0,0.6429706843213644,0,0
39,166400,0.0,0.0,0.7032864624244647,0,0
40,170560,0.0,0.0,0.6777460218795803,0,0
41,174720,0.0,0.0,0.6937539949654518,0,0
42,178880,0.0,0.0,0.6834057444962953,0,0
43,183040,0.0,0.0,0.6793937030765511,0,0
44,187200,0.0,0.0,0.7108074764453985,0,0
45,191360,0.0,0.0,0.6627912488327001,0,0
46,195520,0.0,0.0,0.6879125252896218,0,0
47,199680,0.0,0.0,0.6506775781805002,0,0
48,203840,0.0,0.0,0.6136405305495606,0,0
49,208000,0.0,0.0,0.65905524742132,0,0
