t,bytes_sent,utility,pheromone,f1_val,agg_count,rollback
0,4160,0.0,0.0,0.4538884933180477,0,0
1,8320,0.0,0.0,0.42033625679174824,0,0
2,12480,0.0,0.0,0.6245944062906303,0,0
3,16640,0.0,0.0,0.6903989134197323,0,0
4,20800,0.0,0.0,0.6177936022591402,0,0
5,24960,0.0,0.0,0.6480212541335155,0,0
6,29120,0.0,0.0,0.6646769139257684,0,0
7,33280,0.0,0.0,0.5859770206945649,0,0
8,37440,0.0,0.0,0.7741659944151371,0,0
9,41600,0.0,0.0,0.8480434373303122,0,0
10,45760,0.0,0.0,0.8030837135748743,0,0
11,49920,0.0,0.0,0.6181007083089358,0,0
12,54080,0.0,0.0,0.7109998240235293,0,0
13,58240,0.0,0.0,0.72253910653785,0,0
14,62400,0.0,0.0,0.8492978716104744,0,0
15,66560,0.0,0.0,0.6946208910996858,0,0
16,70720,0.0,0.0,0.8395059404670296,0,0
17,74880,0.0,0.0,0.7795140064130486,0,0
18,79040,0.0,0.0,0.8227900568729538,0,0
19,83200,0.0,0.0,0.7747440567706582,0,0
20,87360,0.0,0.0,0.7750536679327649,0,0
21,91520,0.0,0.0,0.8701277132945138,0,0
22,95680,0.0,0.0,0.8198548404314572,0,0
23,99840,0.0,0.0,0.7494245408917606,0,0
24,104000,0.0,0.0,0.9303814481465131,0,0
25,108160,0.0,0.0,0.8664979897078815,0,0
26,112320,0.0,0.0,0.8330917785953056,0,0
27,116480,0.0,0.0,0.7953858916308139,0,0
28,120640,0.0,0.0,0.8302353293631399,0,0
29,124800,0.0,0.0,0.8211612653367094,0,0
30,128960,0.0,0.0,0.8170298531128061,0,0
31,133120,0.0,0.0,0.81930704619924,0,0
32,137280,0.0,0.0,0.8114500554831421,0,0
33,141440,0.0,0.0,0.8157033883263647,0,0
34,145600,0.0,0.0,0.8114500554831421,0,0
35,149760,0.0,0.0,0.8133682738772373,0,0
36,153920,0.0,0.0,0.8159961264088175,0,0
37,158080,0.0,0.0,0.813655741058829,0,0
38,162240,0.0,0.0,0.8127015977099513,0,0
39,166400,0.0,0.0,0.8154623868970434,0,0
40,170560,0.0,0.0,0.8085405200577842,0,0
41,174720,0.0,0.0,0.8104223084129617,0,0
42,178880,0.0,0.0,0.8075969329358458,0,0
43,183040,0.0,0.0,0.8080029289012819,0,0
44,187200,0.0,0.0,0.809037491044617,0,0
45,191360,0.0,0.0,0.8063741398234571,0,0
46,195520,0.0,0.0,0.8059649296690494,0,0
47,199680,0.0,0.0,0.8105185565679857,0,0
48,203840,0.0,0.0,0.8070478319107233,0,0
49,208000,0.0,0.0,0.806638479908586,0,0
