t,bytes_sent,utility,pheromone,f1_val,agg_count,rollback
0,1040,0.0,0.0,0.5948269296311804,0,0
1,2080,0.0,0.0,0.5454431022505366,0,0
2,3120,0.0,0.0,0.6790262008233691,0,0
3,4160,0.0,0.0,0.6386530838338018,0,0
4,5200,0.0,0.0,0.645412677887335,0,0
5,6240,0.0,0.0,0.645703720066039,0,0
6,7280,0.0,0.0,0.7449164266520603,0,0
7,8320,0.0,0.0,0.6513623403979834,0,0
8,9360,0.0,0.0,0.7012102220476508,0,0
9,10400,0.0,0.0,0.6426192080000606,0,0
10,11440,0.0,0.0,0.6352066917506553,0,0
11,12480,0.0,0.0,0.7760583267947777,0,0
12,13520,0.0,0.0,0.7735190916815461,0,0
13,14560,0.0,0.0,0.6983976363686228,0,0
14,15600,0.0,0.0,0.6914138525513198,0,0
15,16640,0.0,0.0,0.769746719840529,0,0
16,17680,0.0,0.0,0.7361837310548791,0,0
17,18720,0.0,0.0,0.6472100348440768,0,0
18,19760,0.0,0.0,0.6214545413525316,0,0
19,20800,0.0,0.0,0.708107160879561,0,0
20,21840,0.0,0.0,0.5350884444841753,0,0
21,22880,0.0,0.0,0.6279270307005141,0,0
22,23920,0.0,0.0,0.6619587677226376,0,0
23,24960,0.0,0.0,0.7502782073819019,0,0
24,26000,0.0,0.0,0.7478589835947319,0,0
25,27040,0.0,0.0,0.6611142189730277,0,0
26,28080,0.0,0.0,0.7184163589416159,0,0
27,29120,0.0,0.0,0.5210976377385051,0,0
28,30160,0.0,0.0,0.6863348267266386,0,0
29,31200,0.0,0.0,0.6962625030852639,0,0
30,32240,0.0,0.0,0.7280678853176749,0,0
31,33280,0.0,0.0,0.6686444926423547,0,0
32,34320,0.0,0.0,0.6431272124346245,0,0
33,35360,0.0,0.0,0.6758702345783777,0,0
34,36400,0.0,0.0,0.5163056306928326,0,0
35,37440,0.0,0.0,0.611520570575354,0,0
36,38480,0.0,0.0,0.6394848280582024,0,0
37,39520,0.0,0.0,0.6889107284649323,0,0
38,40560,0.0,0.0,0.5569999024030372,0,0
39,41600,0.0,0.0,0.6544228680100661,0,0
40,42640,0.0,0.0,0.6161918711952519,0,0
41,43680,0.0,0.0,0.6089896469495584,0,0
42,44720,0.0,0.0,0.6568927633827082,0,0
43,45760,0.0,0.0,0.6479246561345677,0,0
44,46800,0.0,0.0,0.7141904281771636,0,0
45,47840,0.0,0.0,0.7169326206332193,0,0
46,48880,0.0,0.0,0.7545460704343696,0,0
47,49920,0.0,0.0,0.6875571778008501,0,0
48,50960,0.0,0.0,0.7132616931510571,0,0
49,52000,0.0,0.0,0.632845376683748,0,0
