t,bytes_sent,utility,pheromone,f1_val,agg_count,rollback
0,1040,0.0,0.0,0.05508893280632411,0,0
1,2080,0.0,0.0,0.14094896331738438,0,0
2,3120,0.0,0.0,0.14094896331738438,0,0
3,4160,0.0,0.0,0.14094896331738438,0,0
4,5200,0.0,0.0,0.14094896331738438,0,0
5,6240,0.0,0.0,0.14094896331738438,0,0
6,7280,0.0,0.0,0.14094896331738438,0,0
7,8320,0.0,0.0,0.14094896331738438,0,0
8,9360,0.0,0.0,0.14094896331738438,0,0
9,10400,0.0,0.0,0.14094896331738438,0,0
10,11440,0.0,0.0,0.1872938395065737,0,0
11,12480,0.0,0.0,0.38301586709979046,0,0
12,13520,0.0,0.0,0.39161774811033667,0,0
13,14560,0.0,0.0,0.3883392635172652,0,0
14,15600,0.0,0.0,0.34736803220025647,0,0
15,16640,0.0,0.0,0.35125194739393545,0,0
16,17680,0.0,0.0,0.3426782086750017,0,0
17,18720,0.0,0.0,0.3534730578482862,0,0
18,19760,0.0,0.0,0.37097383955679075,0,0
19,20800,0.0,0.0,0.3883291104092187,0,0
20,21840,0.0,0.0,0.38954486211433936,0,0
21,22880,0.0,0.0,0.38933943659528203,0,0
22,23920,0.0,0.0,0.389297715881587,0,0
23,24960,0.0,0.0,0.5935385814384623,0,0
24,26000,0.0,0.0,0.39516351590303656,0,0
25,27040,0.0,0.0,0.5375406262558061,0,0
26,28080,0.0,0.0,0.4162410685249811,0,0
27,29120,0.0,0.0,0.3912089659594114,0,0
28,30160,0.0,0.0,0.41188126672849196,0,0
29,31200,0.0,0.0,0.4003947203031871,0,0
30,32240,0.0,0.0,0.3896776545978713,0,0
31,33280,0.0,0.0,0.41624577778571203,0,0
32,34320,0.0,0.0,0.3987647138628161,0,0
33,35360,0.0,0.0,0.38991099911084964,0,0
34,36400,0.0,0.0,0.4176152985385385,0,0
35,37440,0.0,0.0,0.46488790797042445,0,0
36,38480,0.0,0.0,0.42592227938178756,0,0
37,39520,0.0,0.0,0.6073784272574536,0,0
38,40560,0.0,0.0,0.3821598111775403,0,0
39,41600,0.0,0.0,0.417995748798343,0,0
40,42640,0.0,0.0,0.41033819368373936,0,0
41,43680,0.0,0.0,0.4085227862976209,0,0
42,44720,0.0,0.0,0.6802992682766895,0,0
43,45760,0.0,0.0,0.6701082555445936,0,0
44,46800,0.0,0.0,0.6723037593184528,0,0
45,47840,0.0,0.0,0.67523822953489,0,0
46,48880,0.0,0.0,0.6871980779180451,0,0
47,49920,0.0,0.0,0.6957840570714022,0,0
48,50960,0.0,0.0,0.6679949647074672,0,0
49,52000,0.0,0.0,0.6591956565209228,0,0
