t,bytes_sent,utility,pheromone,f1_val,agg_count,rollback
0,1040,0.0,0.0,0.1417771333885667,0,0
1,2080,0.0,0.0,0.16140061306295686,0,0
2,3120,0.0,0.0,0.1417771333885667,0,0
3,4160,0.0,0.0,0.1417771333885667,0,0
4,5200,0.0,0.0,0.1417771333885667,0,0
5,6240,0.0,0.0,0.1417771333885667,0,0
6,7280,0.0,0.0,0.1417771333885667,0,0
7,8320,0.0,0.0,0.1417771333885667,0,0
8,9360,0.0,0.0,0.1417771333885667,0,0
9,10400,0.0,0.0,0.2837076198133138,0,0
10,11440,0.0,0.0,0.4158821818019893,0,0
11,12480,0.0,0.0,0.5405858809559678,0,0
12,13520,0.0,0.0,0.7144848796249513,0,0
13,14560,0.0,0.0,0.7084703539761978,0,0
14,15600,0.0,0.0,0.7018030591132077,0,0
15,16640,0.0,0.0,0.7014578790711119,0,0
16,17680,0.0,0.0,0.7013896806394065,0,0
17,18720,0.0,0.0,0.701049040284694,0,0
18,19760,0.0,0.0,0.701049040284694,0,0
19,20800,0.0,0.0,0.6897688865093008,0,0
20,21840,0.0,0.0,0.7009697991820033,0,0
21,22880,0.0,0.0,0.5352687201106706,0,0
22,23920,0.0,0.0,0.7009697991820033,0,0
23,24960,0.0,0.0,0.701230889339113,0,0
24,26000,0.0,0.0,0.701230889339113,0,0
25,27040,0.0,0.0,0.6177445207382019,0,0
26,28080,0.0,0.0,0.701230889339113,0,0
27,29120,0.0,0.0,0.6466100791888794,0,0
28,30160,0.0,0.0,0.6193290358761204,0,0
29,31200,0.0,0.0,0.7009654651380788,0,0
30,32240,0.0,0.0,0.6904896263091039,0,0
31,33280,0.0,0.0,0.5207996104648526,0,0
32,34320,0.0,0.0,0.5178021257495943,0,0
33,35360,0.0,0.0,0.6987024937344304,0,0
34,36400,0.0,0.0,0.701230889339113,0,0
35,37440,0.0,0.0,0.7012236984463176,0,0
36,38480,0.0,0.0,0.8166039017674157,0,0
37,39520,0.0,0.0,0.7988486957429012,0,0
38,40560,0.0,0.0,0.7748111132039167,0,0
39,41600,0.0,0.0,0.725018133504824,0,0
40,42640,0.0,0.0,0.6508327822403601,0,0
41,43680,0.0,0.0,0.834043630476301,0,0
42,44720,0.0,0.0,0.8311953747023122,0,0
43,45760,0.0,0.0,0.8258586681149578,0,0
44,46800,0.0,0.0,0.7859964252971171,0,0
45,47840,0.0,0.0,0.8252925661575657,0,0
46,48880,0.0,0.0,0.49990827566553925,0,0
47,49920,0.0,0.0,0.7155967323647814,0,0
48,50960,0.0,0.0,0.7566590347628825,0,0
49,52000,0.0,0.0,0.8164148134077754,0,0
