t,bytes_sent,utility,pheromone,f1_val,agg_count,rollback
0,1040,0.0,0.0,0.13984006561410703,0,0
1,2080,0.0,0.0,0.13984006561410703,0,0
2,3120,0.0,0.0,0.13984006561410703,0,0
3,4160,0.0,0.0,0.13984006561410703,0,0
4,5200,0.0,0.0,0.13984006561410703,0,0
5,6240,0.0,0.0,0.13984006561410703,0,0
6,7280,0.0,0.0,0.13984006561410703,0,0
7,8320,0.0,0.0,0.13984006561410703,0,0
8,9360,0.0,0.0,0.13984006561410703,0,0
9,10400,0.0,0.0,0.13984006561410703,0,0
10,11440,0.0,0.0,0.13984006561410703,0,0
11,12480,0.0,0.0,0.4226526521515814,0,0
12,13520,0.0,0.0,0.39642092198300777,0,0
13,14560,0.0,0.0,0.4008827131202587,0,0
14,15600,0.0,0.0,0.41334967004326306,0,0
15,16640,0.0,0.0,0.4037966867087368,0,0
16,17680,0.0,0.0,0.6206691155286661,0,0
17,18720,0.0,0.0,0.7005813959920884,0,0
18,19760,0.0,0.0,0.7008317350254774,0,0
19,20800,0.0,0.0,0.7004261945879899,0,0
20,21840,0.0,0.0,0.7004261945879899,0,0
21,22880,0.0,0.0,0.7008317350254774,0,0
22,23920,0.0,0.0,0.7000803035935849,0,0
23,24960,0.0,0.0,0.7005014381049806,0,0
24,26000,0.0,0.0,0.700330919019862,0,0
25,27040,0.0,0.0,0.7005813959920884,0,0
26,28080,0.0,0.0,0.7008317350254774,0,0
27,29120,0.0,0.0,0.6636450823998248,0,0
28,30160,0.0,0.0,0.6152431340515262,0,0
29,31200,0.0,0.0,0.6690982802198597,0,0
30,32240,0.0,0.0,0.6396510037052687,0,0
31,33280,0.0,0.0,0.6816375441018923,0,0
32,34320,0.0,0.0,0.5363517264201719,0,0
33,35360,0.0,0.0,0.4945109723287499,0,0
34,36400,0.0,0.0,0.7008317350254774,0,0
35,37440,0.0,0.0,0.7006809596653347,0,0
36,38480,0.0,0.0,0.7006060025002057,0,0
37,39520,0.0,0.0,0.7006060025002057,0,0
38,40560,0.0,0.0,0.7006060025002057,0,0
39,41600,0.0,0.0,0.9327646652040611,0,0
40,42640,0.0,0.0,0.960995754132836,0,0
41,43680,0.0,0.0,0.964226756090844,0,0
42,44720,0.0,0.0,0.9893661580501587,0,0
43,45760,0.0,0.0,0.9833701494118764,0,0
44,46800,0.0,0.0,0.9612046783862453,0,0
45,47840,0.0,0.0,0.9973696976584205,0,0
46,48880,0.0,0.0,0.988972553129342,0,0
47,49920,0.0,0.0,0.9607804860280988,0,0
48,50960,0.0,0.0,0.996697285043245,0,0
49,52000,0.0,0.0,0.9969808748199115,0,0
