t,bytes_sent,utility,pheromone,f1_val,agg_count,rollback
0,1040,0.0,0.0,0.20281435579654014,0,0
1,2080,0.0,0.0,0.30380970798684975,0,0
2,3120,0.0,0.0,0.741971182076878,0,0
3,4160,0.0,0.0,0.5671021662904078,0,0
4,5200,0.0,0.0,0.4566010967482171,0,0
5,6240,0.0,0.0,0.4527585569471338,0,0
6,7280,0.0,0.0,0.5429471612465359,0,0
7,8320,0.0,0.0,0.5296920779359834,0,0
8,9360,0.0,0.0,0.4369096251170669,0,0
9,10400,0.0,0.0,0.578836711586793,0,0
10,11440,0.0,0.0,0.5834500408398983,0,0
11,12480,0.0,0.0,0.5797956451010288,0,0
12,13520,0.0,0.0,0.5800865894602446,0,0
13,14560,0.0,0.0,0.5569603964278564,0,0
14,15600,0.0,0.0,0.5778827092476964,0,0
15,16640,0.0,0.0,0.54427595048272,0,0
16,17680,0.0,0.0,0.5621733542164036,0,0
17,18720,0.0,0.0,0.5613482092920108,0,0
18,19760,0.0,0.0,0.543064761201281,0,0
19,20800,0.0,0.0,0.791154088008065,0,0
20,21840,0.0,0.0,0.8852582203247452,0,0
21,22880,0.0,0.0,0.8813800930763462,0,0
22,23920,0.0,0.0,0.8805483294668442,0,0
23,24960,0.0,0.0,0.876942308026181,0,0
24,26000,0.0,0.0,0.5451360069905807,0,0
25,27040,0.0,0.0,0.6242603659772813,0,0
26,28080,0.0,0.0,0.6161442041077079,0,0
27,29120,0.0,0.0,0.5986282772284698,0,0
28,30160,0.0,0.0,0.8999227799227799,0,0
29,31200,0.0,0.0,0.8932857730420595,0,0
30,32240,0.0,0.0,0.9137351030726382,0,0
31,33280,0.0,0.0,0.5954062144568725,0,0
32,34320,0.0,0.0,0.9269923608249306,0,0
33,35360,0.0,0.0,0.8387036469970606,0,0
34,36400,0.0,0.0,0.8824875868446289,0,0
35,37440,0.0,0.0,0.8838730827251486,0,0
36,38480,0.0,0.0,0.8822104432665488,0,0
37,39520,0.0,0.0,0.8880274846680314,0,0
38,40560,0.0,0.0,0.8894116433917592,0,0
39,41600,0.0,0.0,0.5883678757811333,0,0
40,42640,0.0,0.0,0.5925194566073608,0,0
41,43680,0.0,0.0,0.5981614912927992,0,0
42,44720,0.0,0.0,0.5954762138021957,0,0
43,45760,0.0,0.0,0.8930091185410334,0,0
44,46800,0.0,0.0,0.6083087296621777,0,0
45,47840,0.0,0.0,0.6055421173186962,0,0
46,48880,0.0,0.0,0.6105218881284902,0,0
47,49920,0.0,0.0,0.6182665080482713,0,0
48,50960,0.0,0.0,0.62186708576282,0,0
49,52000,0.0,0.0,0.6238964531838455,0,0
