t,bytes_sent,utility,pheromone,f1_val,agg_count,rollback
0,1040,0.0,0.0,0.0,0,0
1,2080,0.0,0.0,0.35976373724718097,0,0
2,3120,0.0,0.0,0.35976373724718097,0,0
3,4160,0.0,0.0,0.19874726585802346,0,0
4,5200,0.0,0.0,0.22314606741573034,0,0
5,6240,0.0,0.0,0.2488778054862843,0,0
6,7280,0.0,0.0,0.2657527520897592,0,0
7,8320,0.0,0.0,0.49805551118210867,0,0
8,9360,0.0,0.0,0.47914370649154103,0,0
9,10400,0.0,0.0,0.49761439547962927,0,0
10,11440,0.0,0.0,0.4790933740983301,0,0
11,12480,0.0,0.0,0.49805551118210867,0,0
12,13520,0.0,0.0,0.49685316762845194,0,0
13,14560,0.0,0.0,0.49824408849912083,0,0
14,15600,0.0,0.0,0.4976765031660766,0,0
15,16640,0.0,0.0,0.49799174460717743,0,0
16,17680,0.0,0.0,0.49912039168995026,0,0
17,18720,0.0,0.0,0.4986203964402778,0,0
18,19760,0.0,0.0,0.4977396146131129,0,0
19,20800,0.0,0.0,0.49799174460717743,0,0
20,21840,0.0,0.0,0.4983061983385304,0,0
21,22880,0.0,0.0,0.29150783418092585,0,0
22,23920,0.0,0.0,0.49868250719009266,0,0
23,24960,0.0,0.0,0.49836964975888765,0,0
24,26000,0.0,0.0,0.49805551118210867,0,0
25,27040,0.0,0.0,0.49805551118210867,0,0
26,28080,0.0,0.0,0.4981805111821086,0,0
27,29120,0.0,0.0,0.49843238337382106,0,0
28,30160,0.0,0.0,0.4983689948193807,0,0
29,31200,0.0,0.0,0.4983689948193807,0,0
30,32240,0.0,0.0,0.4983061983385304,0,0
31,33280,0.0,0.0,0.49843175993335737,0,0
32,34320,0.0,0.0,0.4983689948193807,0,0
33,35360,0.0,0.0,0.49786574272153294,0,0
34,36400,0.0,0.0,0.49799089916708983,0,0
35,37440,0.0,0.0,0.49799089916708983,0,0
36,38480,0.0,0.0,0.49855719615464983,0,0
37,39520,0.0,0.0,0.4980546982756554,0,0
38,40560,0.0,0.0,0.4980546982756554,0,0
39,41600,0.0,0.0,0.4983689948193807,0,0
40,42640,0.0,0.0,0.4979278822386935,0,0
41,43680,0.0,0.0,0.498053884555482,0,0
42,44720,0.0,0.0,0.49799089916708983,0,0
43,45760,0.0,0.0,0.49754911699956095,0,0
44,46800,0.0,0.0,0.49761232366644054,0,0
45,47840,0.0,0.0,0.4981805111821086,0,0
46,48880,0.0,0.0,0.49811683842754273,0,0
47,49920,0.0,0.0,0.498117620459428,0,0
48,50960,0.0,0.0,0.4994318786609748,0,0
49,52000,0.0,0.0,0.4985566350582325,0,0
