t,bytes_sent,utility,pheromone,f1_val,agg_count,rollback
0,1040,0.0,0.0,0.2587947777992154,0,0
1,2080,0.0,0.0,0.3641628959276018,0,0
2,3120,0.0,0.0,0.2575030396109298,0,0
3,4160,0.0,0.0,0.25824669490437685,0,0
4,5200,0.0,0.0,0.3641628959276018,0,0
5,6240,0.0,0.0,0.3641628959276018,0,0
6,7280,0.0,0.0,0.3641628959276018,0,0
7,8320,0.0,0.0,0.2432595816708983,0,0
8,9360,0.0,0.0,0.24752414344590024,0,0
9,10400,0.0,0.0,0.2509041027559546,0,0
10,11440,0.0,0.0,0.2541848272376982,0,0
11,12480,0.0,0.0,0.25593080200979457,0,0
12,13520,0.0,0.0,0.2562241324418975,0,0
13,14560,0.0,0.0,0.2570588986840424,0,0
14,15600,0.0,0.0,0.2573054543129356,0,0
15,16640,0.0,0.0,0.2593451920598092,0,0
16,17680,0.0,0.0,0.26645477420209246,0,0
17,18720,0.0,0.0,0.27103118475112814,0,0
18,19760,0.0,0.0,0.2729370249728556,0,0
19,20800,0.0,0.0,0.27352520922637275,0,0
20,21840,0.0,0.0,0.2737803216135187,0,0
21,22880,0.0,0.0,0.2739240160971284,0,0
22,23920,0.0,0.0,0.2741484060345416,0,0
23,24960,0.0,0.0,0.2744294109607763,0,0
24,26000,0.0,0.0,0.27465463000957463,0,0
25,27040,0.0,0.0,0.27465463000957463,0,0
26,28080,0.0,0.0,0.27476737821565406,0,0
27,29120,0.0,0.0,0.2751061789286204,0,0
28,30160,0.0,0.0,0.27538915175204004,0,0
29,31200,0.0,0.0,0.27561594948871043,0,0
30,32240,0.0,0.0,0.27567270730367927,0,0
31,33280,0.0,0.0,0.27572948849982837,0,0
32,34320,0.0,0.0,0.2759568473854188,0,0
33,35360,0.0,0.0,0.27601374570446735,0,0
34,36400,0.0,0.0,0.27601374570446735,0,0
35,37440,0.0,0.0,0.27601374570446735,0,0
36,38480,0.0,0.0,0.276070667491579,0,0
37,39520,0.0,0.0,0.276070667491579,0,0
38,40560,0.0,0.0,0.276070667491579,0,0
39,41600,0.0,0.0,0.27601374570446735,0,0
40,42640,0.0,0.0,0.27601374570446735,0,0
41,43680,0.0,0.0,0.276070667491579,0,0
42,44720,0.0,0.0,0.27601374570446735,0,0
43,45760,0.0,0.0,0.27601374570446735,0,0
44,46800,0.0,0.0,0.27601374570446735,0,0
45,47840,0.0,0.0,0.27601374570446735,0,0
46,48880,0.0,0.0,0.27589997251992304,0,0
47,49920,0.0,0.0,0.27572948849982837,0,0
48,50960,0.0,0.0,0.27601374570446735,0,0
49,52000,0.0,0.0,0.27601374570446735,0,0
