t,bytes_sent,utility,pheromone,f1_val,agg_count,rollback
0,1040,0.0,0.0,0.0921497856981728,0,0
1,2080,0.0,0.0,0.10373216245883644,0,0
2,3120,0.0,0.0,0.3996389591659364,0,0
3,4160,0.0,0.0,0.3951674907112138,0,0
4,5200,0.0,0.0,0.42273254389314063,0,0
5,6240,0.0,0.0,0.14041368337311058,0,0
6,7280,0.0,0.0,0.14041368337311058,0,0
7,8320,0.0,0.0,0.14041368337311058,0,0
8,9360,0.0,0.0,0.14041368337311058,0,0
9,10400,0.0,0.0,0.3694312584095013,0,0
10,11440,0.0,0.0,0.42273739039721175,0,0
11,12480,0.0,0.0,0.41439239810408857,0,0
12,13520,0.0,0.0,0.3998848669786352,0,0
13,14560,0.0,0.0,0.39996606480610053,0,0
14,15600,0.0,0.0,0.39992541946910537,0,0
15,16640,0.0,0.0,0.4005844218082196,0,0
16,17680,0.0,0.0,0.7018246587012323,0,0
17,18720,0.0,0.0,0.7019353166316534,0,0
18,19760,0.0,0.0,0.7019353166316534,0,0
19,20800,0.0,0.0,0.7016934795869249,0,0
20,21840,0.0,0.0,0.7016944140051031,0,0
21,22880,0.0,0.0,0.7845734785019225,0,0
22,23920,0.0,0.0,0.9549338538164186,0,0
23,24960,0.0,0.0,0.9568449083119597,0,0
24,26000,0.0,0.0,0.959446266417366,0,0
25,27040,0.0,0.0,0.9577957292568001,0,0
26,28080,0.0,0.0,0.9582699758185035,0,0
27,29120,0.0,0.0,0.958090897193183,0,0
28,30160,0.0,0.0,0.9586250088580135,0,0
29,31200,0.0,0.0,0.9966988539245482,0,0
30,32240,0.0,0.0,0.9966988539245482,0,0
31,33280,0.0,0.0,0.9966988539245482,0,0
32,34320,0.0,0.0,0.9962850284706224,0,0
33,35360,0.0,0.0,0.9962850284706224,0,0
34,36400,0.0,0.0,0.9962850284706224,0,0
35,37440,0.0,0.0,0.9962850284706224,0,0
36,38480,0.0,0.0,0.992881993202539,0,0
37,39520,0.0,0.0,0.9966988539245482,0,0
38,40560,0.0,0.0,0.996305167468861,0,0
39,41600,0.0,0.0,0.996305167468861,0,0
40,42640,0.0,0.0,0.996305167468861,0,0
41,43680,0.0,0.0,0.9658596448353662,0,0
42,44720,0.0,0.0,0.9967233539996936,0,0
43,45760,0.0,0.0,0.9931243966782941,0,0
44,46800,0.0,0.0,0.9967189926998994,0,0
45,47840,0.0,0.0,0.9967224195815153,0,0
46,48880,0.0,0.0,0.9967224195815153,0,0
47,49920,0.0,0.0,0.9967224195815153,0,0
48,50960,0.0,0.0,0.9967224195815153,0,0
49,52000,0.0,0.0,0.9967224195815153,0,0
