t,bytes_sent,utility,pheromone,f1_val,agg_count,rollback
0,4160,0.0,0.0,0.5185693488172497,0,0
1,8320,0.0,0.0,0.7357089398446395,0,0
2,12480,0.0,0.0,0.9317863896539553,0,0
3,16640,0.0,0.0,0.8371238463251269,0,0
4,20800,0.0,0.0,0.9816838519470642,0,0
5,24960,0.0,0.0,0.963386870550422,0,0
6,29120,0.0,0.0,0.9610352511054436,0,0
7,33280,0.0,0.0,0.9610750853994537,0,0
8,37440,0.0,0.0,0.9530819000623059,0,0
9,41600,0.0,0.0,0.9610352511054436,0,0
10,45760,0.0,0.0,0.7966746908079084,0,0
11,49920,0.0,0.0,0.98555620657673,0,0
12,54080,0.0,0.0,0.9610352511054436,0,0
13,58240,0.0,0.0,0.9611152572344858,0,0
14,62400,0.0,0.0,0.9284327570460927,0,0
15,66560,0.0,0.0,0.9611152572344858,0,0
16,70720,0.0,0.0,0.9610352511054436,0,0
17,74880,0.0,0.0,0.8572434297425471,0,0
18,79040,0.0,0.0,0.7765816989774382,0,0
19,83200,0.0,0.0,0.7956858503283036,0,0
20,87360,0.0,0.0,0.8037574042199628,0,0
21,91520,0.0,0.0,0.7943915856735437,0,0
22,95680,0.0,0.0,0.793958932972139,0,0
23,99840,0.0,0.0,0.7926572528016921,0,0
24,104000,0.0,0.0,0.7926572528016921,0,0
25,108160,0.0,0.0,0.7926572528016921,0,0
26,112320,0.0,0.0,0.7887182283455005,0,0
27,116480,0.0,0.0,0.7887182283455005,0,0
28,120640,0.0,0.0,0.7887182283455005,0,0
29,124800,0.0,0.0,0.7922221118595357,0,0
30,128960,0.0,0.0,0.7842802720353892,0,0
31,133120,0.0,0.0,0.7873937027802422,0,0
32,137280,0.0,0.0,0.7838328502843958,0,0
33,141440,0.0,0.0,0.7860633222111442,0,0
34,145600,0.0,0.0,0.7838328502843958,0,0
35,149760,0.0,0.0,0.782486567367204,0,0
36,153920,0.0,0.0,0.7829360001878541,0,0
37,158080,0.0,0.0,0.7761226096353533,0,0
38,162240,0.0,0.0,0.781585674930204,0,0
39,166400,0.0,0.0,0.7784110310873049,0,0
40,170560,0.0,0.0,0.7797757193320114,0,0
41,174720,0.0,0.0,0.7788666195516735,0,0
42,178880,0.0,0.0,0.7788666195516735,0,0
43,183040,0.0,0.0,0.7761226096353533,0,0
44,187200,0.0,0.0,0.7774977653700177,0,0
45,191360,0.0,0.0,0.7802292352775931,0,0
46,195520,0.0,0.0,0.7793215148601769,0,0
47,199680,0.0,0.0,0.775202306795429,0,0
48,203840,0.0,0.0,0.7724242323731769,0,0
49,208000,0.0,0.0,0.7705576835822979,0,0
