t,bytes_sent,utility,pheromone,f1_val,agg_count,rollback
0,1040,0.0,0.0,0.10265544041450778,0,0
1,2080,0.0,0.0,0.10265544041450778,0,0
2,3120,0.0,0.0,0.2977587115504619,0,0
3,4160,0.0,0.0,0.14455364455364456,0,0
4,5200,0.0,0.0,0.13862163754172394,0,0
5,6240,0.0,0.0,0.13862163754172394,0,0
6,7280,0.0,0.0,0.13862163754172394,0,0
7,8320,0.0,0.0,0.13862163754172394,0,0
8,9360,0.0,0.0,0.13862163754172394,0,0
9,10400,0.0,0.0,0.13862163754172394,0,0
10,11440,0.0,0.0,0.13862163754172394,0,0
11,12480,0.0,0.0,0.13862163754172394,0,0
12,13520,0.0,0.0,0.4170758964666951,0,0
13,14560,0.0,0.0,0.3795708569140783,0,0
14,15600,0.0,0.0,0.38649656737467936,0,0
15,16640,0.0,0.0,0.4649984393426034,0,0
16,17680,0.0,0.0,0.6978120116593869,0,0
17,18720,0.0,0.0,0.6944181376691385,0,0
18,19760,0.0,0.0,0.701236798752475,0,0
19,20800,0.0,0.0,0.701236798752475,0,0
20,21840,0.0,0.0,0.5530292488236895,0,0
21,22880,0.0,0.0,0.5130112914168368,0,0
22,23920,0.0,0.0,0.6948602129534236,0,0
23,24960,0.0,0.0,0.70100473150176,0,0
24,26000,0.0,0.0,0.6867310211550974,0,0
25,27040,0.0,0.0,0.699260083987036,0,0
26,28080,0.0,0.0,0.9429767688256541,0,0
27,29120,0.0,0.0,0.8097043274965708,0,0
28,30160,0.0,0.0,0.9924635875042858,0,0
29,31200,0.0,0.0,0.8222750310311668,0,0
30,32240,0.0,0.0,0.9845380655064986,0,0
31,33280,0.0,0.0,0.9944867328096639,0,0
32,34320,0.0,0.0,0.9959993230775146,0,0
33,35360,0.0,0.0,0.9890186542475493,0,0
34,36400,0.0,0.0,0.9956096535150197,0,0
35,37440,0.0,0.0,0.9947723700160056,0,0
36,38480,0.0,0.0,0.9956028077628096,0,0
37,39520,0.0,0.0,0.9951878390193748,0,0
38,40560,0.0,0.0,0.9951878390193748,0,0
39,41600,0.0,0.0,0.9951878390193748,0,0
40,42640,0.0,0.0,0.9951878390193748,0,0
41,43680,0.0,0.0,0.9951878390193748,0,0
42,44720,0.0,0.0,0.9957455607450773,0,0
43,45760,0.0,0.0,0.996575023033229,0,0
44,46800,0.0,0.0,0.9957455607450773,0,0
45,47840,0.0,0.0,0.9951878390193748,0,0
46,48880,0.0,0.0,0.9951878390193748,0,0
47,49920,0.0,0.0,0.9938648248016556,0,0
48,50960,0.0,0.0,0.9951878390193748,0,0
49,52000,0.0,0.0,0.9956028077628096,0,0
