t,bytes_sent,utility,pheromone,f1_val,agg_count,rollback
0,1040,0.0,0.0,0.1403857625770531,0,0
1,2080,0.0,0.0,0.1403857625770531,0,0
2,3120,0.0,0.0,0.1403857625770531,0,0
3,4160,0.0,0.0,0.1403857625770531,0,0
4,5200,0.0,0.0,0.1403857625770531,0,0
5,6240,0.0,0.0,0.1403857625770531,0,0
6,7280,0.0,0.0,0.1403857625770531,0,0
7,8320,0.0,0.0,0.1403857625770531,0,0
8,9360,0.0,0.0,0.1403857625770531,0,0
9,10400,0.0,0.0,0.1403857625770531,0,0
10,11440,0.0,0.0,0.1403857625770531,0,0
11,12480,0.0,0.0,0.29303837549305156,0,0
12,13520,0.0,0.0,0.41592377599636055,0,0
13,14560,0.0,0.0,0.37175581789750844,0,0
14,15600,0.0,0.0,0.43616327536074184,0,0
15,16640,0.0,0.0,0.3778170170321144,0,0
16,17680,0.0,0.0,0.7132262943575028,0,0
17,18720,0.0,0.0,0.7117368441932218,0,0
18,19760,0.0,0.0,0.33614300260029367,0,0
19,20800,0.0,0.0,0.7025486734083095,0,0
20,21840,0.0,0.0,0.688379962593672,0,0
21,22880,0.0,0.0,0.3362025017690686,0,0
22,23920,0.0,0.0,0.7113439180908447,0,0
23,24960,0.0,0.0,0.6653642835750755,0,0
24,26000,0.0,0.0,0.6106210995638506,0,0
25,27040,0.0,0.0,0.4305426199940774,0,0
26,28080,0.0,0.0,0.6868472832389834,0,0
27,29120,0.0,0.0,0.7064111698409723,0,0
28,30160,0.0,0.0,0.6298006357689029,0,0
29,31200,0.0,0.0,0.6869216388137811,0,0
30,32240,0.0,0.0,0.699805824684832,0,0
31,33280,0.0,0.0,0.6976886920893075,0,0
32,34320,0.0,0.0,0.6493642080291442,0,0
33,35360,0.0,0.0,0.6598404656756984,0,0
34,36400,0.0,0.0,0.6353829105421899,0,0
35,37440,0.0,0.0,0.628665230919227,0,0
36,38480,0.0,0.0,0.6276560142170853,0,0
37,39520,0.0,0.0,0.6960358890232361,0,0
38,40560,0.0,0.0,0.6320731279353105,0,0
39,41600,0.0,0.0,0.63106347375722,0,0
40,42640,0.0,0.0,0.6353354111424766,0,0
41,43680,0.0,0.0,0.6442917503004173,0,0
42,44720,0.0,0.0,0.6096359777853348,0,0
43,45760,0.0,0.0,0.6323587653284036,0,0
44,46800,0.0,0.0,0.5975315780343035,0,0
45,47840,0.0,0.0,0.6186795369865532,0,0
46,48880,0.0,0.0,0.6163770094600252,0,0
47,49920,0.0,0.0,0.6078801410038197,0,0
48,50960,0.0,0.0,0.6501432252159484,0,0
49,52000,0.0,0.0,0.5764851575541639,0,0
