t,bytes_sent,utility,pheromone,f1_val,agg_count,rollback
0,1040,0.0,0.0,0.14094896331738438,0,0
1,2080,0.0,0.0,0.14094896331738438,0,0
2,3120,0.0,0.0,0.14094896331738438,0,0
3,4160,0.0,0.0,0.14094896331738438,0,0
4,5200,0.0,0.0,0.14094896331738438,0,0
5,6240,0.0,0.0,0.14094896331738438,0,0
6,7280,0.0,0.0,0.14094896331738438,0,0
7,8320,0.0,0.0,0.14094896331738438,0,0
8,9360,0.0,0.0,0.14094896331738438,0,0
9,10400,0.0,0.0,0.14094896331738438,0,0
10,11440,0.0,0.0,0.14094896331738438,0,0
11,12480,0.0,0.0,0.36862855899685776,0,0
12,13520,0.0,0.0,0.3882478866762525,0,0
13,14560,0.0,0.0,0.35753425924386756,0,0
14,15600,0.0,0.0,0.3410015178852708,0,0
15,16640,0.0,0.0,0.3330608708080971,0,0
16,17680,0.0,0.0,0.3352026927906223,0,0
17,18720,0.0,0.0,0.33763428091201403,0,0
18,19760,0.0,0.0,0.33582271336482195,0,0
19,20800,0.0,0.0,0.33387508427236834,0,0
20,21840,0.0,0.0,0.33387508427236834,0,0
21,22880,0.0,0.0,0.33286673985437565,0,0
22,23920,0.0,0.0,0.33578271112971736,0,0
23,24960,0.0,0.0,0.3392796474040042,0,0
24,26000,0.0,0.0,0.3512152243639501,0,0
25,27040,0.0,0.0,0.33423148678739734,0,0
26,28080,0.0,0.0,0.3384563675290757,0,0
27,29120,0.0,0.0,0.33674390268523124,0,0
28,30160,0.0,0.0,0.34135350897247324,0,0
29,31200,0.0,0.0,0.4720211674543899,0,0
30,32240,0.0,0.0,0.5202815069757512,0,0
31,33280,0.0,0.0,0.6132719721513666,0,0
32,34320,0.0,0.0,0.7883211335481347,0,0
33,35360,0.0,0.0,0.6503050434039181,0,0
34,36400,0.0,0.0,0.6100328603670293,0,0
35,37440,0.0,0.0,0.668248898489615,0,0
36,38480,0.0,0.0,0.6389299438553572,0,0
37,39520,0.0,0.0,0.7210214370772524,0,0
38,40560,0.0,0.0,0.6148021418863222,0,0
39,41600,0.0,0.0,0.7233610658705245,0,0
40,42640,0.0,0.0,0.6275634540427364,0,0
41,43680,0.0,0.0,0.6489060568509533,0,0
42,44720,0.0,0.0,0.6418838079248096,0,0
43,45760,0.0,0.0,0.6390552550913322,0,0
44,46800,0.0,0.0,0.6754467001668011,0,0
45,47840,0.0,0.0,0.6495695668782048,0,0
46,48880,0.0,0.0,0.6412431787770767,0,0
47,49920,0.0,0.0,0.7309047373956254,0,0
48,50960,0.0,0.0,0.620336937593354,0,0
49,52000,0.0,0.0,0.7878572570977758,0,0
