t,bytes_sent,utility,pheromone,f1_val,agg_count,rollback
0,4160,0.0,0.0,0.8417240492171345,0,0
1,8320,0.0,0.0,0.9091263525985668,0,0
2,12480,0.0,0.0,0.9894960083747941,0,0
3,16640,0.0,0.0,0.9468647482019394,0,0
4,20800,0.0,0.0,0.9437266116483742,0,0
5,24960,0.0,0.0,0.9407720920752043,0,0
6,29120,0.0,0.0,0.9376393445481219,0,0
7,33280,0.0,0.0,0.9267555421086056,0,0
8,37440,0.0,0.0,0.903314846797427,0,0
9,41600,0.0,0.0,0.9087759278345117,0,0
10,45760,0.0,0.0,0.8972184734194797,0,0
11,49920,0.0,0.0,0.8931970754573686,0,0
12,54080,0.0,0.0,0.9257374908450812,0,0
13,58240,0.0,0.0,0.9485411206753118,0,0
14,62400,0.0,0.0,0.9917534065600054,0,0
15,66560,0.0,0.0,0.9932864677073737,0,0
16,70720,0.0,0.0,0.9949933907718239,0,0
17,74880,0.0,0.0,0.8579116028411031,0,0
18,79040,0.0,0.0,0.8678265574050936,0,0
19,83200,0.0,0.0,0.8687529702689188,0,0
20,87360,0.0,0.0,0.8696982351826641,0,0
21,91520,0.0,0.0,0.8701051254125323,0,0
22,95680,0.0,0.0,0.8699079750125557,0,0
23,99840,0.0,0.0,0.8674823944732947,0,0
24,104000,0.0,0.0,0.8682890960546487,0,0
25,108160,0.0,0.0,0.8443389151842633,0,0
26,112320,0.0,0.0,0.8578629598588506,0,0
27,116480,0.0,0.0,0.8584222341820902,0,0
28,120640,0.0,0.0,0.8838610103508617,0,0
29,124800,0.0,0.0,0.9386454309749994,0,0
30,128960,0.0,0.0,0.9912794277083031,0,0
31,133120,0.0,0.0,0.9930715106140834,0,0
32,137280,0.0,0.0,0.9924537970913208,0,0
33,141440,0.0,0.0,0.9937698714622452,0,0
34,145600,0.0,0.0,0.9953086614439351,0,0
35,149760,0.0,0.0,0.9953086614439351,0,0
36,153920,0.0,0.0,0.9953086614439351,0,0
37,158080,0.0,0.0,0.9953086614439351,0,0
38,162240,0.0,0.0,0.9953086614439351,0,0
39,166400,0.0,0.0,0.9953086614439351,0,0
40,170560,0.0,0.0,0.9953086614439351,0,0
41,174720,0.0,0.0,0.9953086614439351,0,0
42,178880,0.0,0.0,0.9953086614439351,0,0
43,183040,0.0,0.0,0.9950224949794758,0,0
44,187200,0.0,0.0,0.9950224949794758,0,0
45,191360,0.0,0.0,0.9950224949794758,0,0
46,195520,0.0,0.0,0.9950224949794758,0,0
47,199680,0.0,0.0,0.9950224949794758,0,0
48,203840,0.0,0.0,0.9950224949794758,0,0
49,208000,0.0,0.0,0.9950224949794758,0,0
