t,bytes_sent,utility,pheromone,f1_val,agg_count,rollback
0,1040,0.0,0.0,0.10386473429951691,0,0
1,2080,0.0,0.0,0.14063745019920318,0,0
2,3120,0.0,0.0,0.14063745019920318,0,0
3,4160,0.0,0.0,0.14063745019920318,0,0
4,5200,0.0,0.0,0.14063745019920318,0,0
5,6240,0.0,0.0,0.14063745019920318,0,0
6,7280,0.0,0.0,0.14063745019920318,0,0
7,8320,0.0,0.0,0.14063745019920318,0,0
8,9360,0.0,0.0,0.14063745019920318,0,0
9,10400,0.0,0.0,0.14063745019920318,0,0
10,11440,0.0,0.0,0.4138892987575528,0,0
11,12480,0.0,0.0,0.41727255530994717,0,0
12,13520,0.0,0.0,0.4171583814486223,0,0
13,14560,0.0,0.0,0.4053640233938247,0,0
14,15600,0.0,0.0,0.43706657113304814,0,0
15,16640,0.0,0.0,0.4667210567910858,0,0
16,17680,0.0,0.0,0.4373614138659261,0,0
17,18720,0.0,0.0,0.5724514806975575,0,0
18,19760,0.0,0.0,0.6272818699951531,0,0
19,20800,0.0,0.0,0.6366114129828966,0,0
20,21840,0.0,0.0,0.6586318617349671,0,0
21,22880,0.0,0.0,0.9925904954790102,0,0
22,23920,0.0,0.0,0.9932698836092784,0,0
23,24960,0.0,0.0,0.9919572714950646,0,0
24,26000,0.0,0.0,0.8641203201223714,0,0
25,27040,0.0,0.0,0.940519451994407,0,0
26,28080,0.0,0.0,0.9927391467671821,0,0
27,29120,0.0,0.0,0.9883501510240162,0,0
28,30160,0.0,0.0,0.9937314374740873,0,0
29,31200,0.0,0.0,0.9919616947598995,0,0
30,32240,0.0,0.0,0.9876686725318616,0,0
31,33280,0.0,0.0,0.9919616947598995,0,0
32,34320,0.0,0.0,0.9920316810222085,0,0
33,35360,0.0,0.0,0.99287178287108,0,0
34,36400,0.0,0.0,0.9929477896560494,0,0
35,37440,0.0,0.0,0.9927442452154585,0,0
36,38480,0.0,0.0,0.993364920138254,0,0
37,39520,0.0,0.0,0.9925059169626931,0,0
38,40560,0.0,0.0,0.9922926436453692,0,0
39,41600,0.0,0.0,0.9927442452154585,0,0
40,42640,0.0,0.0,0.9926614543338216,0,0
41,43680,0.0,0.0,0.9929001652683519,0,0
42,44720,0.0,0.0,0.9933180862722304,0,0
43,45760,0.0,0.0,0.9931629591930706,0,0
44,46800,0.0,0.0,0.9849145008896475,0,0
45,47840,0.0,0.0,0.9943743237160556,0,0
46,48880,0.0,0.0,0.9932138523114766,0,0
47,49920,0.0,0.0,0.9932138523114766,0,0
48,50960,0.0,0.0,0.9930784482674505,0,0
49,52000,0.0,0.0,0.9476513094687489,0,0
