t,bytes_sent,utility,pheromone,f1_val,agg_count,rollback
0,1040,0.0,0.0,0.13995598239295717,0,0
1,2080,0.0,0.0,0.13995598239295717,0,0
2,3120,0.0,0.0,0.13995598239295717,0,0
3,4160,0.0,0.0,0.13995598239295717,0,0
4,5200,0.0,0.0,0.13995598239295717,0,0
5,6240,0.0,0.0,0.13995598239295717,0,0
6,7280,0.0,0.0,0.13995598239295717,0,0
7,8320,0.0,0.0,0.13995598239295717,0,0
8,9360,0.0,0.0,0.13995598239295717,0,0
9,10400,0.0,0.0,0.13995598239295717,0,0
10,11440,0.0,0.0,0.13995598239295717,0,0
11,12480,0.0,0.0,0.3726652774371328,0,0
12,13520,0.0,0.0,0.37306606018310795,0,0
13,14560,0.0,0.0,0.37307134877987713,0,0
14,15600,0.0,0.0,0.37306606018310795,0,0
15,16640,0.0,0.0,0.37319932875242556,0,0
16,17680,0.0,0.0,0.3727983816295533,0,0
17,18720,0.0,0.0,0.40634604770167626,0,0
18,19760,0.0,0.0,0.3728649953480749,0,0
19,20800,0.0,0.0,0.4098258017672106,0,0
20,21840,0.0,0.0,0.7014222786066149,0,0
21,22880,0.0,0.0,0.7011506828958344,0,0
22,23920,0.0,0.0,0.7011482055830367,0,0
23,24960,0.0,0.0,0.7011506828958344,0,0
24,26000,0.0,0.0,0.9705682849885555,0,0
25,27040,0.0,0.0,0.7011506828958344,0,0
26,28080,0.0,0.0,0.9966398743144329,0,0
27,29120,0.0,0.0,0.9966398743144329,0,0
28,30160,0.0,0.0,0.9966398743144329,0,0
29,31200,0.0,0.0,0.9964900410640029,0,0
30,32240,0.0,0.0,0.9966398743144329,0,0
31,33280,0.0,0.0,0.9964900410640029,0,0
32,34320,0.0,0.0,0.9944311965207839,0,0
33,35360,0.0,0.0,0.9958165761649177,0,0
34,36400,0.0,0.0,0.7142391053978291,0,0
35,37440,0.0,0.0,0.991384145019477,0,0
36,38480,0.0,0.0,0.9964900410640029,0,0
37,39520,0.0,0.0,0.9955298311535434,0,0
38,40560,0.0,0.0,0.9936253371144965,0,0
39,41600,0.0,0.0,0.9946459649293765,0,0
40,42640,0.0,0.0,0.9946459649293765,0,0
41,43680,0.0,0.0,0.9928249955793521,0,0
42,44720,0.0,0.0,0.9955721395229753,0,0
43,45760,0.0,0.0,0.9946459649293765,0,0
44,46800,0.0,0.0,0.9928249955793521,0,0
45,47840,0.0,0.0,0.9942788405856967,0,0
46,48880,0.0,0.0,0.9948349509112366,0,0
47,49920,0.0,0.0,0.9888526342761694,0,0
48,50960,0.0,0.0,0.8990884563922193,0,0
49,52000,0.0,0.0,0.9163750695891791,0,0
