t,bytes_sent,utility,pheromone,f1_val,agg_count,rollback
0,4160,0.0,0.0,0.9694170842694392,0,0
1,8320,0.0,0.0,0.9921914782019379,0,0
2,12480,0.0,0.0,0.9932708059894149,0,0
3,16640,0.0,0.0,0.9928508455745393,0,0
4,20800,0.0,0.0,0.9932903468085824,0,0
5,24960,0.0,0.0,0.9934881091958612,0,0
6,29120,0.0,0.0,0.9941941385461113,0,0
7,33280,0.0,0.0,0.9943697939637438,0,0
8,37440,0.0,0.0,0.9934881091958612,0,0
9,41600,0.0,0.0,0.9933722050586828,0,0
10,45760,0.0,0.0,0.9931097380521848,0,0
11,49920,0.0,0.0,0.9931714104935487,0,0
12,54080,0.0,0.0,0.9929966809096888,0,0
13,58240,0.0,0.0,0.9936255272749861,0,0
14,62400,0.0,0.0,0.9939644997183172,0,0
15,66560,0.0,0.0,0.9683440333790686,0,0
16,70720,0.0,0.0,0.9941171579550795,0,0
17,74880,0.0,0.0,0.9941171579550795,0,0
18,79040,0.0,0.0,0.9946917433676448,0,0
19,83200,0.0,0.0,0.9953964290103878,0,0
20,87360,0.0,0.0,0.9946965241109467,0,0
21,91520,0.0,0.0,0.9951842649452634,0,0
22,95680,0.0,0.0,0.9952748840992222,0,0
23,99840,0.0,0.0,0.9954672676953332,0,0
24,104000,0.0,0.0,0.9954672676953332,0,0
25,108160,0.0,0.0,0.9954672676953332,0,0
26,112320,0.0,0.0,0.9950985980070302,0,0
27,116480,0.0,0.0,0.9954672676953332,0,0
28,120640,0.0,0.0,0.9947304979496232,0,0
29,124800,0.0,0.0,0.9947304979496232,0,0
30,128960,0.0,0.0,0.9947304979496232,0,0
31,133120,0.0,0.0,0.9943629653141163,0,0
32,137280,0.0,0.0,0.9943629653141163,0,0
33,141440,0.0,0.0,0.9943629653141163,0,0
34,145600,0.0,0.0,0.994605682461835,0,0
35,149760,0.0,0.0,0.9942387781462422,0,0
36,153920,0.0,0.0,0.9942387781462422,0,0
37,158080,0.0,0.0,0.9942387781462422,0,0
38,162240,0.0,0.0,0.9942387781462422,0,0
39,166400,0.0,0.0,0.9942387781462422,0,0
40,170560,0.0,0.0,0.9942387781462422,0,0
41,174720,0.0,0.0,0.9942387781462422,0,0
42,178880,0.0,0.0,0.9930101376342511,0,0
43,183040,0.0,0.0,0.9930101376342511,0,0
44,187200,0.0,0.0,0.9902049308800519,0,0
45,191360,0.0,0.0,0.9901927192851682,0,0
46,195520,0.0,0.0,0.9897871193892198,0,0
47,199680,0.0,0.0,0.9897871193892198,0,0
48,203840,0.0,0.0,0.9889773095352646,0,0
49,208000,0.0,0.0,0.9877660359561649,0,0
