t,bytes_sent,utility,pheromone,f1_val,agg_count,rollback
0,4160,0.0,0.0,0.09037372593431484,0,0
1,8320,0.0,0.0,0.10392028033289531,0,0
2,12480,0.0,0.0,0.10017574692442882,0,0
3,16640,0.0,0.0,0.4139022238588657,0,0
4,20800,0.0,0.0,0.1403857625770531,0,0
5,24960,0.0,0.0,0.1403857625770531,0,0
6,29120,0.0,0.0,0.1403857625770531,0,0
7,33280,0.0,0.0,0.1403857625770531,0,0
8,37440,0.0,0.0,0.1403857625770531,0,0
9,41600,0.0,0.0,0.1403857625770531,0,0
10,45760,0.0,0.0,0.4161203556905605,0,0
11,49920,0.0,0.0,0.41592377599636055,0,0
12,54080,0.0,0.0,0.4096021297271128,0,0
13,58240,0.0,0.0,0.3754187999514181,0,0
14,62400,0.0,0.0,0.41580726865236384,0,0
15,66560,0.0,0.0,0.5050103250406327,0,0
16,70720,0.0,0.0,0.41580726865236384,0,0
17,74880,0.0,0.0,0.6627677675304615,0,0
18,79040,0.0,0.0,0.638453703278699,0,0
19,83200,0.0,0.0,0.570608472947266,0,0
20,87360,0.0,0.0,0.5349169828147862,0,0
21,91520,0.0,0.0,0.55573673780801,0,0
22,95680,0.0,0.0,0.5475036664181009,0,0
23,99840,0.0,0.0,0.5526307846646182,0,0
24,104000,0.0,0.0,0.5625001224863377,0,0
25,108160,0.0,0.0,0.5654677044770801,0,0
26,112320,0.0,0.0,0.5795105064323769,0,0
27,116480,0.0,0.0,0.5034496099118811,0,0
28,120640,0.0,0.0,0.5989790047385113,0,0
29,124800,0.0,0.0,0.5788749172700323,0,0
30,128960,0.0,0.0,0.5513788057531817,0,0
31,133120,0.0,0.0,0.6197014242290135,0,0
32,137280,0.0,0.0,0.5078307642949208,0,0
33,141440,0.0,0.0,0.5268344377656118,0,0
34,145600,0.0,0.0,0.6138380662167918,0,0
35,149760,0.0,0.0,0.581372288988675,0,0
36,153920,0.0,0.0,0.5296642874614086,0,0
37,158080,0.0,0.0,0.5592004233285914,0,0
38,162240,0.0,0.0,0.5741644993049428,0,0
39,166400,0.0,0.0,0.5841293538997808,0,0
40,170560,0.0,0.0,0.6060129851698766,0,0
41,174720,0.0,0.0,0.5689629327210116,0,0
42,178880,0.0,0.0,0.5894697586464609,0,0
43,183040,0.0,0.0,0.6010874734238578,0,0
44,187200,0.0,0.0,0.6226067940536972,0,0
45,191360,0.0,0.0,0.6288463144435325,0,0
46,195520,0.0,0.0,0.6553777464923566,0,0
47,199680,0.0,0.0,0.5917142538522419,0,0
48,203840,0.0,0.0,0.6104916173580205,0,0
49,208000,0.0,0.0,0.6488938296527726,0,0
