t,bytes_sent,utility,pheromone,f1_val,agg_count,rollback
0,4160,0.0,0.0,0.1417771333885667,0,0
1,8320,0.0,0.0,0.1417771333885667,0,0
2,12480,0.0,0.0,0.1417771333885667,0,0
3,16640,0.0,0.0,0.1417771333885667,0,0
4,20800,0.0,0.0,0.1417771333885667,0,0
5,24960,0.0,0.0,0.1417771333885667,0,0
6,29120,0.0,0.0,0.1417771333885667,0,0
7,33280,0.0,0.0,0.1417771333885667,0,0
8,37440,0.0,0.0,0.1417771333885667,0,0
9,41600,0.0,0.0,0.4157110705713425,0,0
10,45760,0.0,0.0,0.4168502482334839,0,0
11,49920,0.0,0.0,0.6383483462731782,0,0
12,54080,0.0,0.0,0.6833807520018338,0,0
13,58240,0.0,0.0,0.5355098646682396,0,0
14,62400,0.0,0.0,0.6084842413090001,0,0
15,66560,0.0,0.0,0.6741874614945891,0,0
16,70720,0.0,0.0,0.7134358066051356,0,0
17,74880,0.0,0.0,0.7021523015373761,0,0
18,79040,0.0,0.0,0.7015537918882546,0,0
19,83200,0.0,0.0,0.7001414174200058,0,0
20,87360,0.0,0.0,0.6992468487673049,0,0
21,91520,0.0,0.0,0.6989657426131755,0,0
22,95680,0.0,0.0,0.7074902006032139,0,0
23,99840,0.0,0.0,0.6988111435318467,0,0
24,104000,0.0,0.0,0.695283033528696,0,0
25,108160,0.0,0.0,0.6989738033269354,0,0
26,112320,0.0,0.0,0.7112509045844986,0,0
27,116480,0.0,0.0,0.6969095061347768,0,0
28,120640,0.0,0.0,0.6967293698201629,0,0
29,124800,0.0,0.0,0.6990717968887176,0,0
30,128960,0.0,0.0,0.7015537918882546,0,0
31,133120,0.0,0.0,0.6984505360919966,0,0
32,137280,0.0,0.0,0.7049826529298006,0,0
33,141440,0.0,0.0,0.6818807279563475,0,0
34,145600,0.0,0.0,0.6967890921742188,0,0
35,149760,0.0,0.0,0.6964702183956215,0,0
36,153920,0.0,0.0,0.7075813647975924,0,0
37,158080,0.0,0.0,0.7092112284992504,0,0
38,162240,0.0,0.0,0.6696011596449325,0,0
39,166400,0.0,0.0,0.6616354484976195,0,0
40,170560,0.0,0.0,0.7121102902291248,0,0
41,174720,0.0,0.0,0.7044606612618902,0,0
42,178880,0.0,0.0,0.6905710228128807,0,0
43,183040,0.0,0.0,0.6755933111708177,0,0
44,187200,0.0,0.0,0.7002488029122251,0,0
45,191360,0.0,0.0,0.6100407877511493,0,0
46,195520,0.0,0.0,0.7018952040236816,0,0
47,199680,0.0,0.0,0.7027751870326875,0,0
48,203840,0.0,0.0,0.702986773035612,0,0
49,208000,0.0,0.0,0.6305965827658407,0,0
