t,bytes_sent,utility,pheromone,f1_val,agg_count,rollback
0,1040,0.0,0.0,0.0,0,0
1,2080,0.0,0.0,0.0,0,0
2,3120,0.0,0.0,0.0,0,0
3,4160,0.0,0.0,0.0,0,0
4,5200,0.0,0.0,0.0,0,0
5,6240,0.0,0.0,0.0,0,0
6,7280,0.0,0.0,0.0,0,0
7,8320,0.0,0.0,0.0,0,0
8,9360,0.0,0.0,0.0,0,0
9,10400,0.0,0.0,0.0,0,0
10,11440,0.0,0.0,0.0,0,0
11,12480,0.0,0.0,0.0,0,0
12,13520,0.0,0.0,0.0,0,0
13,14560,0.0,0.0,0.0,0,0
14,15600,0.0,0.0,0.0,0,0
15,16640,0.0,0.0,0.0,0,0
16,17680,0.0,0.0,0.0,0,0
17,18720,0.0,0.0,0.0,0,0
18,19760,0.0,0.0,0.0,0,0
19,20800,0.0,0.0,0.0,0,0
20,21840,0.0,0.0,0.0,0,0
21,22880,0.0,0.0,0.0,0,0
22,23920,0.0,0.0,0.0,0,0
23,24960,0.0,0.0,0.0,0,0
24,26000,0.0,0.0,0.0,0,0
25,27040,0.0,0.0,0.0,0,0
26,28080,0.0,0.0,0.17023959646910466,0,0
27,29120,0.0,0.0,0.18331819557977597,0,0
28,30160,0.0,0.0,0.20460321942953968,0,0
29,31200,0.0,0.0,0.21232123212321233,0,0
30,32240,0.0,0.0,0.21691474966170501,0,0
31,33280,0.0,0.0,0.28993336934990094,0,0
32,34320,0.0,0.0,0.22357293868921777,0,0
33,35360,0.0,0.0,0.22254641909814324,0,0
34,36400,0.0,0.0,0.224301528729573,0,0
35,37440,0.0,0.0,0.2172972972972973,0,0
36,38480,0.0,0.0,0.22480926072086294,0,0
37,39520,0.0,0.0,0.22002141327623126,0,0
38,40560,0.0,0.0,0.21881720430107526,0,0
39,41600,0.0,0.0,0.2195710455764075,0,0
40,42640,0.0,0.0,0.2887082204155375,0,0
41,43680,0.0,0.0,0.2881953867028494,0,0
42,44720,0.0,0.0,0.28529760277094157,0,0
43,45760,0.0,0.0,0.28498449188104363,0,0
44,46800,0.0,0.0,0.2177549919050189,0,0
45,47840,0.0,0.0,0.2821431853689918,0,0
46,48880,0.0,0.0,0.2897297297297297,0,0
47,49920,0.0,0.0,0.2823551024157252,0,0
48,50960,0.0,0.0,0.29044150705871774,0,0
49,52000,0.0,0.0,0.2841470104223807,0,0
