t,bytes_sent,utility,pheromone,f1_val,agg_count,rollback
0,1040,0.0,0.0,0.9965872316107504,0,0
1,2080,0.0,0.0,0.996124188334813,0,0
2,3120,0.0,0.0,0.9967325241656609,0,0
3,4160,0.0,0.0,0.9969755000837764,0,0
4,5200,0.0,0.0,0.9973862616479148,0,0
5,6240,0.0,0.0,0.9969755000837764,0,0
6,7280,0.0,0.0,0.9977998904431125,0,0
7,8320,0.0,0.0,0.9954807995464012,0,0
8,9360,0.0,0.0,0.9920265848883718,0,0
9,10400,0.0,0.0,0.9971404074438908,0,0
10,11440,0.0,0.0,0.9975545343417789,0,0
11,12480,0.0,0.0,0.9971404074438908,0,0
12,13520,0.0,0.0,0.9950745415728767,0,0
13,14560,0.0,0.0,0.9954789004650738,0,0
14,15600,0.0,0.0,0.9443308954104771,0,0
15,16640,0.0,0.0,0.9973891252095638,0,0
16,17680,0.0,0.0,0.997335677971471,0,0
17,18720,0.0,0.0,0.9931766172424394,0,0
18,19760,0.0,0.0,0.9933905885675921,0,0
19,20800,0.0,0.0,0.8734946178673351,0,0
20,21840,0.0,0.0,0.913359717095296,0,0
21,22880,0.0,0.0,0.9861365003819924,0,0
22,23920,0.0,0.0,0.8998348655199929,0,0
23,24960,0.0,0.0,0.8827313515684401,0,0
24,26000,0.0,0.0,0.8884131665290974,0,0
25,27040,0.0,0.0,0.87626678113719,0,0
26,28080,0.0,0.0,0.8841729757401251,0,0
27,29120,0.0,0.0,0.8742977056748126,0,0
28,30160,0.0,0.0,0.8736744392264346,0,0
29,31200,0.0,0.0,0.8759954914183682,0,0
30,32240,0.0,0.0,0.8269796949156107,0,0
31,33280,0.0,0.0,0.9406007976333618,0,0
32,34320,0.0,0.0,0.8394046957546328,0,0
33,35360,0.0,0.0,0.8833704338073601,0,0
34,36400,0.0,0.0,0.8523704561637742,0,0
35,37440,0.0,0.0,0.8638492593504371,0,0
36,38480,0.0,0.0,0.8724165722927559,0,0
37,39520,0.0,0.0,0.8660668337993871,0,0
38,40560,0.0,0.0,0.8736448484218817,0,0
39,41600,0.0,0.0,0.8654054092689032,0,0
40,42640,0.0,0.0,0.8618487501136212,0,0
41,43680,0.0,0.0,0.8596137708757292,0,0
42,44720,0.0,0.0,0.8562143991274591,0,0
43,45760,0.0,0.0,0.8541674297789688,0,0
44,46800,0.0,0.0,0.8534884996044242,0,0
45,47840,0.0,0.0,0.8532678964444371,0,0
46,48880,0.0,0.0,0.8525882076815685,0,0
47,49920,0.0,0.0,0.8521468679211228,0,0
48,50960,0.0,0.0,0.8525882076815685,0,0
49,52000,0.0,0.0,0.8521468679211228,0,0
