t,bytes_sent,utility,pheromone,f1_val,agg_count,rollback
0,1040,0.0,0.0,0.10408432147562582,0,0
1,2080,0.0,0.0,0.14226190476190476,0,0
2,3120,0.0,0.0,0.14226190476190476,0,0
3,4160,0.0,0.0,0.14226190476190476,0,0
4,5200,0.0,0.0,0.14226190476190476,0,0
5,6240,0.0,0.0,0.14226190476190476,0,0
6,7280,0.0,0.0,0.14226190476190476,0,0
7,8320,0.0,0.0,0.14226190476190476,0,0
8,9360,0.0,0.0,0.14226190476190476,0,0
9,10400,0.0,0.0,0.14226190476190476,0,0
10,11440,0.0,0.0,0.15474992453080708,0,0
11,12480,0.0,0.0,0.41694544507090897,0,0
12,13520,0.0,0.0,0.4183168337072081,0,0
13,14560,0.0,0.0,0.7148635441655908,0,0
14,15600,0.0,0.0,0.6457625012648268,0,0
15,16640,0.0,0.0,0.38153224524101587,0,0
16,17680,0.0,0.0,0.714986591715879,0,0
17,18720,0.0,0.0,0.7110903383087921,0,0
18,19760,0.0,0.0,0.6954733004234368,0,0
19,20800,0.0,0.0,0.7137825034036038,0,0
20,21840,0.0,0.0,0.7008168588441903,0,0
21,22880,0.0,0.0,0.6900800917766303,0,0
22,23920,0.0,0.0,0.7005691551769304,0,0
23,24960,0.0,0.0,0.6969903979186676,0,0
24,26000,0.0,0.0,0.7005691551769304,0,0
25,27040,0.0,0.0,0.6999652459594614,0,0
26,28080,0.0,0.0,0.700320598491359,0,0
27,29120,0.0,0.0,0.5661564076222335,0,0
28,30160,0.0,0.0,0.700320598491359,0,0
29,31200,0.0,0.0,0.5843728535714884,0,0
30,32240,0.0,0.0,0.7003213174339138,0,0
31,33280,0.0,0.0,0.4313623317425841,0,0
32,34320,0.0,0.0,0.6177727295450954,0,0
33,35360,0.0,0.0,0.6668220043468851,0,0
34,36400,0.0,0.0,0.6958068081948796,0,0
35,37440,0.0,0.0,0.5770734429944978,0,0
36,38480,0.0,0.0,0.700320598491359,0,0
37,39520,0.0,0.0,0.5603309585053895,0,0
38,40560,0.0,0.0,0.6447213622630602,0,0
39,41600,0.0,0.0,0.5334847188075411,0,0
40,42640,0.0,0.0,0.6429297961556457,0,0
41,43680,0.0,0.0,0.6910073772695425,0,0
42,44720,0.0,0.0,0.6441000969209493,0,0
43,45760,0.0,0.0,0.4366186318551277,0,0
44,46800,0.0,0.0,0.6751575044005812,0,0
45,47840,0.0,0.0,0.6161885631627803,0,0
46,48880,0.0,0.0,0.7607205910000794,0,0
47,49920,0.0,0.0,0.4562005783128462,0,0
48,50960,0.0,0.0,0.7004932948021524,0,0
49,52000,0.0,0.0,0.9484444030341567,0,0
