t,bytes_sent,utility,pheromone,f1_val,agg_count,rollback
0,1040,0.0,0.0,0.33316757831924415,0,0
1,2080,0.0,0.0,0.3330019880715706,0,0
2,3120,0.0,0.0,0.24962705121829937,0,0
3,4160,0.0,0.0,0.23930704898446833,0,0
4,5200,0.0,0.0,0.23861664572488483,0,0
5,6240,0.0,0.0,0.23946016959273855,0,0
6,7280,0.0,0.0,0.24806104578433824,0,0
7,8320,0.0,0.0,0.24956478487938324,0,0
8,9360,0.0,0.0,0.4822738280508249,0,0
9,10400,0.0,0.0,0.4832571313932464,0,0
10,11440,0.0,0.0,0.48868357943968577,0,0
11,12480,0.0,0.0,0.665161395565352,0,0
12,13520,0.0,0.0,0.6654110814434088,0,0
13,14560,0.0,0.0,0.6653278942555906,0,0
14,15600,0.0,0.0,0.6648279000586513,0,0
15,16640,0.0,0.0,0.664994730915791,0,0
16,17680,0.0,0.0,0.665161395565352,0,0
17,18720,0.0,0.0,0.6646609027451812,0,0
18,19760,0.0,0.0,0.6644937387261324,0,0
19,20800,0.0,0.0,0.6648279000586513,0,0
20,21840,0.0,0.0,0.6648279000586513,0,0
21,22880,0.0,0.0,0.6650780840009912,0,0
22,23920,0.0,0.0,0.6652446656398898,0,0
23,24960,0.0,0.0,0.6655773316590636,0,0
24,26000,0.0,0.0,0.665161395565352,0,0
25,27040,0.0,0.0,0.6655773316590636,0,0
26,28080,0.0,0.0,0.6656603947486558,0,0
27,29120,0.0,0.0,0.6658263970455293,0,0
28,30160,0.0,0.0,0.6658263970455293,0,0
29,31200,0.0,0.0,0.6657431691383339,0,0
30,32240,0.0,0.0,0.6657431691383339,0,0
31,33280,0.0,0.0,0.665660105976908,0,0
32,34320,0.0,0.0,0.6654938555866003,0,0
33,35360,0.0,0.0,0.6654106682959323,0,0
34,36400,0.0,0.0,0.6649941096489447,0,0
35,37440,0.0,0.0,0.665577001469956,0,0
36,38480,0.0,0.0,0.6655766709519749,0,0
37,39520,0.0,0.0,0.6649100095867903,0,0
38,40560,0.0,0.0,0.6657431691383339,0,0
39,41600,0.0,0.0,0.49905800122194927,0,0
40,42640,0.0,0.0,0.4988076932269964,0,0
41,43680,0.0,0.0,0.49912011267650463,0,0
42,44720,0.0,0.0,0.4984944937039563,0,0
43,45760,0.0,0.0,0.4984944937039563,0,0
44,46800,0.0,0.0,0.4963421387961172,0,0
45,47840,0.0,0.0,0.4981805111821086,0,0
46,48880,0.0,0.0,0.4984944937039563,0,0
47,49920,0.0,0.0,0.49868250719009266,0,0
48,50960,0.0,0.0,0.49855719615464983,0,0
49,52000,0.0,0.0,0.49717047102146605,0,0
