t,bytes_sent,utility,pheromone,f1_val,agg_count,rollback
0,1040,0.0,0.0,0.982001271692374,0,0
1,2080,0.0,0.0,0.9928243971176908,0,0
2,3120,0.0,0.0,0.9936566772467331,0,0
3,4160,0.0,0.0,0.9925289693239863,0,0
4,5200,0.0,0.0,0.9941000136901317,0,0
5,6240,0.0,0.0,0.9928249955793521,0,0
6,7280,0.0,0.0,0.9902896447684875,0,0
7,8320,0.0,0.0,0.9938554489473111,0,0
8,9360,0.0,0.0,0.9933673104406822,0,0
9,10400,0.0,0.0,0.993475700471586,0,0
10,11440,0.0,0.0,0.9907569661012158,0,0
11,12480,0.0,0.0,0.6423486696259122,0,0
12,13520,0.0,0.0,0.8309959426264124,0,0
13,14560,0.0,0.0,0.9600059213674609,0,0
14,15600,0.0,0.0,0.9918732288677238,0,0
15,16640,0.0,0.0,0.8553628877870608,0,0
16,17680,0.0,0.0,0.984006043491676,0,0
17,18720,0.0,0.0,0.9137941592173028,0,0
18,19760,0.0,0.0,0.9901910378704439,0,0
19,20800,0.0,0.0,0.9722973751159408,0,0
20,21840,0.0,0.0,0.9157206526266924,0,0
21,22880,0.0,0.0,0.8246719067430452,0,0
22,23920,0.0,0.0,0.9697937362751812,0,0
23,24960,0.0,0.0,0.9905073933087202,0,0
24,26000,0.0,0.0,0.9706385125620555,0,0
25,27040,0.0,0.0,0.8820531683683053,0,0
26,28080,0.0,0.0,0.8388983486591952,0,0
27,29120,0.0,0.0,0.875173631607247,0,0
28,30160,0.0,0.0,0.8420892989775479,0,0
29,31200,0.0,0.0,0.8425805674296315,0,0
30,32240,0.0,0.0,0.840125198022006,0,0
31,33280,0.0,0.0,0.8386530380915672,0,0
32,34320,0.0,0.0,0.8352204394691856,0,0
33,35360,0.0,0.0,0.8347302927817396,0,0
34,36400,0.0,0.0,0.8335051152118813,0,0
35,37440,0.0,0.0,0.8337501309426162,0,0
36,38480,0.0,0.0,0.8335051152118813,0,0
37,39520,0.0,0.0,0.8320169882629778,0,0
38,40560,0.0,0.0,0.8322618479428956,0,0
39,41600,0.0,0.0,0.831772134464867,0,0
40,42640,0.0,0.0,0.8322618479428956,0,0
41,43680,0.0,0.0,0.8307927690251115,0,0
42,44720,0.0,0.0,0.8322618479428956,0,0
43,45760,0.0,0.0,0.8320169882629778,0,0
44,46800,0.0,0.0,0.8320169882629778,0,0
45,47840,0.0,0.0,0.8320169882629778,0,0
46,48880,0.0,0.0,0.831772134464867,0,0
47,49920,0.0,0.0,0.8307927690251115,0,0
48,50960,0.0,0.0,0.831772134464867,0,0
49,52000,0.0,0.0,0.831772134464867,0,0
