t,bytes_sent,utility,pheromone,f1_val,agg_count,rollback
0,1040,0.0,0.0,0.10386473429951691,0,0
1,2080,0.0,0.0,0.41609894103363587,0,0
2,3120,0.0,0.0,0.14063745019920318,0,0
3,4160,0.0,0.0,0.14063745019920318,0,0
4,5200,0.0,0.0,0.14063745019920318,0,0
5,6240,0.0,0.0,0.14063745019920318,0,0
6,7280,0.0,0.0,0.14063745019920318,0,0
7,8320,0.0,0.0,0.14063745019920318,0,0
8,9360,0.0,0.0,0.41428462841297564,0,0
9,10400,0.0,0.0,0.4169255670501281,0,0
10,11440,0.0,0.0,0.3834725215517242,0,0
11,12480,0.0,0.0,0.3813474931025761,0,0
12,13520,0.0,0.0,0.3050660971454931,0,0
13,14560,0.0,0.0,0.3859095773520877,0,0
14,15600,0.0,0.0,0.3895130057886691,0,0
15,16640,0.0,0.0,0.4196823665682038,0,0
16,17680,0.0,0.0,0.47453925508636613,0,0
17,18720,0.0,0.0,0.49361946044887084,0,0
18,19760,0.0,0.0,0.5895446182655388,0,0
19,20800,0.0,0.0,0.5573290728026672,0,0
20,21840,0.0,0.0,0.5830868815644925,0,0
21,22880,0.0,0.0,0.6030075119503616,0,0
22,23920,0.0,0.0,0.8723611401007021,0,0
23,24960,0.0,0.0,0.6655997722229907,0,0
24,26000,0.0,0.0,0.8373957546144887,0,0
25,27040,0.0,0.0,0.8802679649874043,0,0
26,28080,0.0,0.0,0.8415216526555234,0,0
27,29120,0.0,0.0,0.8357755040227732,0,0
28,30160,0.0,0.0,0.8321761160366081,0,0
29,31200,0.0,0.0,0.9386569299359839,0,0
30,32240,0.0,0.0,0.8469143665643069,0,0
31,33280,0.0,0.0,0.9283363508309461,0,0
32,34320,0.0,0.0,0.8360047450001696,0,0
33,35360,0.0,0.0,0.8657855790475065,0,0
34,36400,0.0,0.0,0.9893631522701882,0,0
35,37440,0.0,0.0,0.9908703945785711,0,0
36,38480,0.0,0.0,0.9406575161283423,0,0
37,39520,0.0,0.0,0.9893214285133067,0,0
38,40560,0.0,0.0,0.9875972856582712,0,0
39,41600,0.0,0.0,0.8381485387664054,0,0
40,42640,0.0,0.0,0.9895618889012239,0,0
41,43680,0.0,0.0,0.8723054681911483,0,0
42,44720,0.0,0.0,0.9908722666733435,0,0
43,45760,0.0,0.0,0.9315017806058261,0,0
44,46800,0.0,0.0,0.8565385821041471,0,0
45,47840,0.0,0.0,0.8793394173751249,0,0
46,48880,0.0,0.0,0.8483455696964015,0,0
47,49920,0.0,0.0,0.9908767983000227,0,0
48,50960,0.0,0.0,0.9523880847867925,0,0
49,52000,0.0,0.0,0.8778604413270592,0,0
