t,bytes_sent,utility,pheromone,f1_val,agg_count,rollback
0,1040,0.0,0.0,0.3883930191988154,0,0
1,2080,0.0,0.0,0.13862163754172394,0,0
2,3120,0.0,0.0,0.13862163754172394,0,0
3,4160,0.0,0.0,0.13862163754172394,0,0
4,5200,0.0,0.0,0.13862163754172394,0,0
5,6240,0.0,0.0,0.13862163754172394,0,0
6,7280,0.0,0.0,0.13862163754172394,0,0
7,8320,0.0,0.0,0.13862163754172394,0,0
8,9360,0.0,0.0,0.13862163754172394,0,0
9,10400,0.0,0.0,0.13862163754172394,0,0
10,11440,0.0,0.0,0.4171553117234075,0,0
11,12480,0.0,0.0,0.43666436884104715,0,0
12,13520,0.0,0.0,0.6964069872465011,0,0
13,14560,0.0,0.0,0.6956644576145606,0,0
14,15600,0.0,0.0,0.43694924022297066,0,0
15,16640,0.0,0.0,0.639767884875684,0,0
16,17680,0.0,0.0,0.7011871034632476,0,0
17,18720,0.0,0.0,0.701464774226574,0,0
18,19760,0.0,0.0,0.4635162854896267,0,0
19,20800,0.0,0.0,0.7010620067420683,0,0
20,21840,0.0,0.0,0.6994070876643079,0,0
21,22880,0.0,0.0,0.5832330575798335,0,0
22,23920,0.0,0.0,0.7256825805144552,0,0
23,24960,0.0,0.0,0.8387719998462854,0,0
24,26000,0.0,0.0,0.8129082147281588,0,0
25,27040,0.0,0.0,0.9949140915418154,0,0
26,28080,0.0,0.0,0.9953300781987324,0,0
27,29120,0.0,0.0,0.9953300781987324,0,0
28,30160,0.0,0.0,0.9327924430875411,0,0
29,31200,0.0,0.0,0.9957455607450773,0,0
30,32240,0.0,0.0,0.9953300781987324,0,0
31,33280,0.0,0.0,0.9957455607450773,0,0
32,34320,0.0,0.0,0.9957455607450773,0,0
33,35360,0.0,0.0,0.9957455607450773,0,0
34,36400,0.0,0.0,0.9953231205637304,0,0
35,37440,0.0,0.0,0.9961605415649639,0,0
36,38480,0.0,0.0,0.9957455607450773,0,0
37,39520,0.0,0.0,0.9839565188635913,0,0
38,40560,0.0,0.0,0.9612041388918138,0,0
39,41600,0.0,0.0,0.927955004450485,0,0
40,42640,0.0,0.0,0.9390391766013301,0,0
41,43680,0.0,0.0,0.9274431964216155,0,0
42,44720,0.0,0.0,0.996575023033229,0,0
43,45760,0.0,0.0,0.8910347791186756,0,0
44,46800,0.0,0.0,0.9961605415649639,0,0
45,47840,0.0,0.0,0.9957455607450773,0,0
46,48880,0.0,0.0,0.9957455607450773,0,0
47,49920,0.0,0.0,0.9957455607450773,0,0
48,50960,0.0,0.0,0.9957455607450773,0,0
49,52000,0.0,0.0,0.905533514092316,0,0
