t,bytes_sent,utility,pheromone,f1_val,agg_count,rollback
0,1040,0.0,0.0,0.14226190476190476,0,0
1,2080,0.0,0.0,0.14226190476190476,0,0
2,3120,0.0,0.0,0.14226190476190476,0,0
3,4160,0.0,0.0,0.14226190476190476,0,0
4,5200,0.0,0.0,0.14226190476190476,0,0
5,6240,0.0,0.0,0.14226190476190476,0,0
6,7280,0.0,0.0,0.14226190476190476,0,0
7,8320,0.0,0.0,0.14226190476190476,0,0
8,9360,0.0,0.0,0.14226190476190476,0,0
9,10400,0.0,0.0,0.14226190476190476,0,0
10,11440,0.0,0.0,0.4177505557824055,0,0
11,12480,0.0,0.0,0.41778804395810054,0,0
12,13520,0.0,0.0,0.38577255630567503,0,0
13,14560,0.0,0.0,0.4175465518408786,0,0
14,15600,0.0,0.0,0.4179824847871287,0,0
15,16640,0.0,0.0,0.4311532698487806,0,0
16,17680,0.0,0.0,0.533298815425687,0,0
17,18720,0.0,0.0,0.4212623761803236,0,0
18,19760,0.0,0.0,0.7008175646132602,0,0
19,20800,0.0,0.0,0.4173446081896786,0,0
20,21840,0.0,0.0,0.7005699347162762,0,0
21,22880,0.0,0.0,0.4320047339715993,0,0
22,23920,0.0,0.0,0.7006090940057808,0,0
23,24960,0.0,0.0,0.6084585927678783,0,0
24,26000,0.0,0.0,0.5861113245826624,0,0
25,27040,0.0,0.0,0.6521305023697691,0,0
26,28080,0.0,0.0,0.7006099296049884,0,0
27,29120,0.0,0.0,0.5630893248367597,0,0
28,30160,0.0,0.0,0.7006099296049884,0,0
29,31200,0.0,0.0,0.7006090940057808,0,0
30,32240,0.0,0.0,0.5749820832613786,0,0
31,33280,0.0,0.0,0.7003213174339138,0,0
32,34320,0.0,0.0,0.5452844274862936,0,0
33,35360,0.0,0.0,0.7003213174339138,0,0
34,36400,0.0,0.0,0.5806242703248194,0,0
35,37440,0.0,0.0,0.700320598491359,0,0
36,38480,0.0,0.0,0.5854426671514044,0,0
37,39520,0.0,0.0,0.4451766782174581,0,0
38,40560,0.0,0.0,0.7003213174339138,0,0
39,41600,0.0,0.0,0.5388792850057005,0,0
40,42640,0.0,0.0,0.700320598491359,0,0
41,43680,0.0,0.0,0.6683902458879067,0,0
42,44720,0.0,0.0,0.44482332132699876,0,0
43,45760,0.0,0.0,0.7004069097142683,0,0
44,46800,0.0,0.0,0.6664559479854607,0,0
45,47840,0.0,0.0,0.7004069097142683,0,0
46,48880,0.0,0.0,0.7004069097142683,0,0
47,49920,0.0,0.0,0.6849138256327427,0,0
48,50960,0.0,0.0,0.7909837359433073,0,0
49,52000,0.0,0.0,0.42176921819215935,0,0
