t,bytes_sent,utility,pheromone,f1_val,agg_count,rollback
0,1040,0.0,0.0,0.14142628205128205,0,0
1,2080,0.0,0.0,0.14142628205128205,0,0
2,3120,0.0,0.0,0.14142628205128205,0,0
3,4160,0.0,0.0,0.14142628205128205,0,0
4,5200,0.0,0.0,0.14142628205128205,0,0
5,6240,0.0,0.0,0.14142628205128205,0,0
6,7280,0.0,0.0,0.14142628205128205,0,0
7,8320,0.0,0.0,0.14142628205128205,0,0
8,9360,0.0,0.0,0.14142628205128205,0,0
9,10400,0.0,0.0,0.14142628205128205,0,0
10,11440,0.0,0.0,0.4156481186360783,0,0
11,12480,0.0,0.0,0.3940021696299664,0,0
12,13520,0.0,0.0,0.4171358730402079,0,0
13,14560,0.0,0.0,0.4237975864452993,0,0
14,15600,0.0,0.0,0.4855730685195012,0,0
15,16640,0.0,0.0,0.6242557015988692,0,0
16,17680,0.0,0.0,0.5716977207553772,0,0
17,18720,0.0,0.0,0.7104948238208437,0,0
18,19760,0.0,0.0,0.6211361730754401,0,0
19,20800,0.0,0.0,0.7103678605477248,0,0
20,21840,0.0,0.0,0.709965291213394,0,0
21,22880,0.0,0.0,0.7103678605477248,0,0
22,23920,0.0,0.0,0.7103954876629905,0,0
23,24960,0.0,0.0,0.7047953496594235,0,0
24,26000,0.0,0.0,0.709965291213394,0,0
25,27040,0.0,0.0,0.699532703230869,0,0
26,28080,0.0,0.0,0.7100326635025365,0,0
27,29120,0.0,0.0,0.6976683182010968,0,0
28,30160,0.0,0.0,0.7098312559955096,0,0
29,31200,0.0,0.0,0.9621148439375136,0,0
30,32240,0.0,0.0,0.9081889347148925,0,0
31,33280,0.0,0.0,0.7091623273054227,0,0
32,34320,0.0,0.0,0.7085967463638432,0,0
33,35360,0.0,0.0,0.722426825407449,0,0
34,36400,0.0,0.0,0.9618486001064245,0,0
35,37440,0.0,0.0,0.9634173602789837,0,0
36,38480,0.0,0.0,0.6184237807584134,0,0
37,39520,0.0,0.0,0.9408668240588611,0,0
38,40560,0.0,0.0,0.7096267086640872,0,0
39,41600,0.0,0.0,0.9295564890861843,0,0
40,42640,0.0,0.0,0.8223878299508325,0,0
41,43680,0.0,0.0,0.8421151976493391,0,0
42,44720,0.0,0.0,0.9238524202841808,0,0
43,45760,0.0,0.0,0.8360040970452169,0,0
44,46800,0.0,0.0,0.9625245377458684,0,0
45,47840,0.0,0.0,0.8216883588877189,0,0
46,48880,0.0,0.0,0.7676426479670587,0,0
47,49920,0.0,0.0,0.9629231519126459,0,0
48,50960,0.0,0.0,0.5974436785191809,0,0
49,52000,0.0,0.0,0.6914932999680963,0,0
